N,P,K,temperature,humidity,ph,rainfall,label
42.71,24.78,31.78,25.2,42.92,6.48,116.25,Little Millet
34.5,29.52,36.9,33.23,52.15,7.24,62.36,Sesame
93.79,60.29,47.45,25.15,67.4,7.05,78.53,Tomato
32.44,32.45,30.03,12.05,54.47,6.31,60.59,Peas
81.52,21.42,36.93,23.35,58.29,6.82,81.18,Maize
62.32,26.19,70.76,24.46,59.21,6.22,69.55,Beetroot
73.78,46.26,32.95,20.19,50.38,6.18,78.89,Maize
33.85,33.45,29.5,24.91,60.58,7.05,87.71,Sesame
61.96,33.35,58.71,22.62,69.02,6.72,67.66,Carrot
56.26,31.1,64.97,22.2,55.72,6.05,62.02,Carrot
91.35,43.24,80.71,26.96,97.31,6.1,291.78,Rubber
93.51,49.93,118.16,24.62,68.73,6.57,98.44,Papaya
78.58,27.16,97.3,20.02,58.82,6.68,46.23,Carrot
51.25,31.06,29.49,26.33,54.72,6.66,72.13,Castor
55.6,27.88,30.94,27.78,51.56,6.21,120.93,Little Millet
115.1,56.82,59.97,25.22,64.37,6.87,72.26,Brinjal
59.41,37.4,25.34,24.17,71.17,6.63,116.61,Soybean
36.58,30.66,39.43,17.36,54.62,6.49,36.71,Rajma
28.82,29.95,31.42,29.74,42.48,6.43,53.27,Horse Gram
98.48,64.5,70.83,23.16,57.34,7.39,107.58,Brinjal
106.57,63.36,99.27,29.95,71.07,6.38,222.02,Mango
79.63,31.6,29.22,18.51,43.14,6.64,83.34,Wheat
31.52,32.2,35.19,28.57,69.87,6.67,92.74,Niger Seed
21.03,34.72,28.25,30.54,59.08,5.69,72.23,Cowpea
51.21,24.99,26.6,26.62,58.86,6.62,78.98,Foxtail Millet
112.98,63.92,60.19,18.14,71.74,6.88,73.78,Brinjal
98.15,56.26,108.98,26.9,67.19,6.26,152.98,Orange
104.02,50.75,75.2,31.58,81.71,6.03,177.74,Arecanut
36.65,39.47,32.03,18.76,52.3,6.45,62.51,Radish
93.57,49.21,99.35,23.71,57.37,6.43,57.02,Grapes
50.76,30.67,35.06,19.07,49.51,6.89,59.96,Mustard
58.03,27.73,26.82,19.66,34.55,6.71,55.7,Linseed
94.67,36.06,78.89,21.35,88.96,5.97,214.31,Pineapple
54.14,32.07,23.44,25.54,68.63,6.85,104.05,Finger Millet
79.74,28.76,75.54,31.58,57.92,6.9,126.41,Guava
80.87,52.32,63.79,22.18,56.48,6.7,32.97,Onion
62.02,25.09,36.55,21.99,38.89,6.24,35.79,Mustard
123.83,52.03,102.54,22.39,57.5,7.2,85.62,Grapes
57.48,36.8,62.83,18.17,62.12,6.61,40.3,Carrot
43.74,26.71,35.32,30.99,64.9,6.75,67.95,Sesame
34.21,32.77,27.64,20.11,37.43,6.09,80.65,Chickpea
39.08,24.63,16.53,32.59,48.49,7.0,116.93,Red Gram
77.06,38.75,60.82,23.96,67.48,6.2,75.13,Onion
45.42,34.77,35.84,20.83,51.31,7.65,73.58,Chickpea
107.55,54.78,92.92,27.15,81.01,6.1,296.01,Coconut
52.04,37.47,26.7,21.2,56.82,6.04,67.35,Radish
30.6,29.05,31.64,32.89,52.98,5.95,81.22,Cowpea
91.99,32.79,24.3,17.94,56.04,6.58,50.19,Wheat
44.45,27.52,29.63,19.41,45.63,6.56,61.43,Safflower
43.61,41.11,29.96,28.56,51.24,7.09,68.94,Sesame
28.25,35.02,31.33,21.24,57.89,6.54,89.28,Rajma
45.34,38.88,40.84,35.03,47.22,6.86,72.7,Sorghum
125.54,69.33,125.73,30.68,81.75,6.93,246.82,Banana
70.85,24.44,65.15,28.58,68.65,5.77,137.6,Cashew
75.55,43.92,80.64,25.04,54.91,7.11,75.22,Pomegranate
114.07,51.76,129.3,31.24,78.11,6.22,158.07,Banana
48.24,23.9,29.07,24.33,71.99,6.81,103.15,Kodo Millet
72.3,29.38,32.98,30.67,49.49,6.75,67.44,Castor
79.72,36.77,26.82,19.16,58.77,6.72,64.53,Barley
68.75,44.75,55.74,25.96,57.86,7.46,42.6,Okra
45.09,24.49,37.47,21.45,56.72,6.5,57.59,Peas
97.17,49.45,82.94,28.49,55.03,7.34,85.32,Grapes
25.94,25.66,26.26,26.93,52.14,5.4,76.64,Niger Seed
41.28,33.74,18.45,20.6,49.48,7.24,43.63,Radish
59.0,36.49,36.1,34.75,47.62,6.65,59.72,Pearl Millet
54.05,29.29,63.15,33.46,65.34,6.57,213.44,Cashew
96.39,50.28,93.24,33.74,53.03,6.57,63.18,Grapes
43.48,29.84,30.82,25.79,52.17,6.51,54.29,Safflower
60.36,29.33,37.14,15.46,48.55,6.55,60.79,Mustard
53.92,28.96,23.37,29.34,56.24,7.06,96.64,Black Gram
41.63,29.01,32.96,17.83,46.46,6.43,77.11,Rajma
71.13,62.49,52.05,23.71,66.29,7.67,70.17,Chilli
51.71,34.54,33.67,17.92,50.65,6.85,33.86,Mustard
21.17,35.35,31.37,23.86,47.27,7.01,55.04,Horse Gram
23.85,32.18,26.53,26.37,57.89,5.74,99.5,Niger Seed
44.54,25.9,24.4,21.48,55.52,7.5,114.8,Field Bean
66.64,48.87,59.78,23.86,56.99,6.35,62.47,Onion
33.19,27.63,29.94,27.49,42.21,6.61,68.01,Horse Gram
68.34,22.96,28.6,29.27,56.09,7.23,57.68,Castor
87.99,46.99,100.56,21.89,79.26,5.18,139.4,Pineapple
93.0,75.22,97.84,29.18,53.9,6.26,186.23,Mango
49.68,24.98,31.53,18.32,47.77,6.98,50.09,Linseed
88.51,45.39,104.87,25.22,57.2,6.27,61.85,Grapes
83.41,42.98,27.7,17.99,62.2,7.16,52.96,Barley
90.22,36.17,39.02,32.13,66.25,6.22,71.92,Maize
42.86,24.87,30.12,24.39,53.69,6.04,88.53,Cowpea
57.83,24.81,51.26,30.38,70.57,6.82,73.85,Bottle Gourd
58.08,50.42,55.57,20.61,57.19,6.22,56.89,Garlic
23.82,32.35,28.73,26.15,49.49,6.35,46.56,Horse Gram
56.13,20.01,23.65,36.64,49.69,6.63,87.32,Castor
37.65,20.71,31.4,20.35,47.94,6.68,58.54,Safflower
34.38,25.89,29.28,22.98,57.57,7.52,46.79,Chickpea
42.96,33.01,27.25,27.43,67.49,7.11,69.73,Groundnut
109.65,58.42,78.49,22.96,63.7,6.83,56.94,Cabbage
98.76,47.92,78.04,33.65,70.15,6.21,213.77,Arecanut
102.19,51.93,62.58,29.39,78.92,5.05,209.26,Tea
61.9,30.85,74.79,19.15,59.29,6.49,40.55,Beetroot
60.2,32.15,48.2,26.23,76.11,6.09,215.71,Cashew
57.6,29.62,30.31,8.45,51.52,7.1,46.38,Mustard
65.1,25.31,29.78,27.0,58.29,6.8,108.89,Soybean
39.5,24.55,33.88,21.5,53.58,7.93,48.91,Safflower
45.33,30.89,29.89,34.36,52.0,5.97,77.98,Cowpea
96.99,44.07,99.29,29.81,62.95,6.54,126.09,Papaya
39.57,26.08,27.89,20.36,47.92,6.28,64.51,Rajma
90.2,42.37,48.68,19.04,84.21,5.16,191.14,Coffee
110.41,49.85,115.76,24.99,84.9,6.77,131.22,Banana
51.26,25.02,31.32,27.79,52.79,5.92,110.7,Kodo Millet
96.62,48.88,93.13,34.41,67.97,6.63,160.36,Papaya
79.32,31.19,26.53,20.76,56.83,6.72,42.42,Barley
37.13,32.26,28.56,25.39,56.71,6.05,91.97,Niger Seed
93.07,49.49,75.5,20.32,77.03,4.7,249.01,Tea
81.1,56.84,70.98,25.42,54.89,6.4,55.97,Onion
93.47,55.12,88.87,25.16,58.25,6.2,111.24,Mango
51.83,32.32,46.73,19.32,58.28,6.63,62.83,Beetroot
51.76,29.16,32.49,21.42,47.46,6.78,57.05,Linseed
67.82,51.43,79.28,31.25,63.54,6.27,94.33,Guava
44.89,30.74,27.36,22.16,50.39,6.57,48.99,Linseed
90.09,42.3,78.66,31.57,63.2,6.31,182.17,Litchi
107.68,64.66,120.09,30.95,80.8,6.94,114.25,Banana
33.58,23.08,25.45,27.49,49.03,7.34,55.22,Horse Gram
91.14,46.93,53.04,29.23,77.81,5.33,220.3,Tea
92.62,51.09,78.21,24.07,81.61,6.24,215.28,Arecanut
70.32,25.71,46.38,21.22,65.12,6.53,69.9,Beetroot
86.58,49.83,96.0,25.37,63.33,5.27,73.4,Orange
98.8,54.94,120.03,26.32,58.82,6.65,47.18,Grapes
86.0,47.75,29.49,25.03,59.94,5.85,90.69,Maize
35.77,40.45,34.91,29.93,58.14,6.64,87.02,Red Gram
102.65,39.11,56.07,19.22,80.17,6.2,112.35,Pineapple
65.58,26.24,55.12,23.8,76.26,5.63,73.05,Pumpkin
67.24,41.88,49.05,27.75,60.82,6.76,85.7,Okra
106.8,63.13,122.81,23.66,65.16,6.69,164.79,Orange
83.73,40.11,43.2,20.93,56.36,6.82,43.24,Garlic
103.38,56.82,45.77,32.17,89.89,5.78,208.05,Rice
79.96,36.17,61.71,32.41,76.08,6.53,180.9,Cashew
99.84,47.91,70.85,23.71,81.13,5.16,259.49,Tea
43.64,32.14,28.83,24.66,61.4,6.81,101.28,Little Millet
40.72,26.86,28.62,29.88,50.33,7.28,78.14,Black Gram
63.59,35.51,37.95,26.36,57.75,6.68,62.88,Foxtail Millet
66.82,30.21,54.53,19.42,63.44,6.61,38.24,Beetroot
104.21,37.98,72.7,21.3,71.57,6.5,101.22,Cauliflower
57.39,28.1,30.72,24.44,56.34,7.28,78.63,Sunflower
64.49,28.94,32.46,25.1,63.17,7.18,73.49,Groundnut
36.07,38.81,24.16,23.77,43.66,5.54,50.65,Horse Gram
63.43,27.11,30.88,28.31,46.52,7.06,48.41,Sorghum
101.93,42.98,82.33,23.43,55.01,6.37,76.55,Pomegranate
50.87,28.38,29.99,26.49,58.31,6.73,77.68,Black Gram
25.55,37.76,31.21,13.76,60.05,7.24,41.71,Peas
38.63,32.2,32.35,28.09,64.94,7.13,65.7,Black Gram
70.69,35.46,57.84,22.61,59.46,6.44,53.0,Garlic
34.43,38.55,27.06,18.87,59.95,6.64,115.66,Rajma
61.46,30.23,36.39,30.37,45.99,6.86,68.5,Pearl Millet
48.39,24.02,31.0,25.92,50.38,7.34,36.58,Safflower
90.28,56.45,58.85,20.87,57.75,6.3,58.93,Onion
53.26,31.87,58.08,24.96,71.99,6.26,78.36,Cucumber
45.31,30.45,24.47,35.91,50.83,7.07,121.83,Red Gram
77.7,32.31,44.08,31.22,61.7,6.69,63.27,Okra
45.33,25.39,33.78,19.66,45.82,6.9,50.04,Linseed
91.12,52.45,68.58,13.63,66.02,6.45,138.91,Apple
37.5,28.56,26.57,29.9,49.64,6.36,84.33,Green Gram
60.23,27.64,27.26,28.37,48.74,6.8,102.15,Castor
31.42,37.54,34.73,19.09,54.94,6.17,90.12,Rajma
65.01,44.77,40.88,28.84,68.87,6.55,55.75,Cucumber
106.27,45.64,63.81,22.84,89.88,5.15,174.14,Tea
55.61,28.96,69.67,33.68,67.49,6.86,66.16,Bottle Gourd
97.48,43.89,45.83,33.48,78.65,5.61,232.32,Rice
31.11,25.2,26.48,28.46,52.42,6.54,89.98,Field Bean
48.51,26.89,60.05,27.95,64.04,6.79,98.72,Bottle Gourd
83.63,50.42,71.25,24.84,82.36,5.65,232.97,Coffee
54.63,40.51,60.74,23.19,60.56,6.26,56.69,Carrot
74.32,51.66,47.85,22.07,46.49,6.22,113.38,Apple
42.9,24.15,21.07,27.47,57.95,6.81,74.27,Field Bean
87.39,67.0,79.43,17.59,70.17,5.73,57.89,Potato
46.07,28.86,42.15,20.35,66.36,6.37,83.08,Rajma
67.34,34.82,26.31,13.35,48.78,7.09,45.96,Mustard
40.4,22.08,36.23,25.2,60.93,5.41,85.88,Kodo Millet
50.0,27.54,24.01,25.54,50.08,7.19,48.22,Safflower
27.87,25.72,18.3,28.72,58.74,6.63,52.48,Horse Gram
31.92,25.98,18.73,31.9,52.32,6.43,89.35,Red Gram
75.67,38.36,28.95,18.14,36.49,6.55,32.24,Barley
107.38,48.03,49.72,30.56,87.21,5.69,220.12,Rice
53.01,26.71,57.99,27.17,71.85,5.58,76.16,Pumpkin
77.52,45.76,68.9,20.02,74.76,6.33,77.65,Tomato
36.74,22.05,28.47,21.25,47.92,6.23,56.79,Safflower
59.05,34.24,41.32,23.42,57.56,6.51,96.85,Little Millet
49.65,22.92,31.0,35.02,57.75,7.01,56.64,Pearl Millet
112.99,50.98,48.77,26.13,69.47,6.52,265.17,Rice
88.42,53.47,62.98,27.89,70.75,6.57,71.54,Brinjal
27.81,27.98,25.92,31.32,45.96,7.55,58.3,Green Gram
39.29,27.49,32.74,24.5,47.88,7.04,59.34,Chickpea
63.35,34.16,50.01,20.0,64.22,6.71,63.43,Beetroot
78.16,49.47,70.15,27.22,63.07,5.98,50.72,Onion
53.94,50.4,55.44,27.62,66.48,6.7,81.94,Cucumber
61.49,30.08,64.24,25.0,68.16,5.49,67.66,Bottle Gourd
53.77,21.38,41.34,29.88,71.81,7.04,85.29,Pumpkin
32.69,26.85,30.97,21.18,58.65,7.08,64.52,Safflower
57.96,31.47,53.46,24.44,63.55,6.4,82.51,Cashew
92.69,55.84,97.89,26.15,74.49,6.61,221.78,Coconut
33.15,24.62,30.89,28.45,37.91,6.68,68.17,Safflower
43.85,33.58,25.84,13.45,49.99,6.51,55.1,Mustard
74.94,29.54,76.12,28.17,52.93,6.29,73.56,Pomegranate
83.51,57.72,63.34,23.32,77.16,6.24,191.56,Coffee
27.01,35.2,29.94,16.37,57.78,6.31,52.23,Rajma
55.18,31.63,19.55,25.09,62.74,6.33,80.75,Finger Millet
71.39,38.78,71.29,26.82,69.61,6.29,115.39,Guava
85.15,48.0,76.63,31.78,73.08,6.43,293.55,Arecanut
56.77,34.83,28.65,27.39,59.86,6.67,98.29,Kodo Millet
86.54,43.72,86.84,24.76,64.77,6.86,103.5,Guava
53.91,24.83,29.55,29.13,50.14,6.51,100.48,Sesame
60.83,33.35,25.75,30.93,65.39,6.58,94.55,Castor
36.18,33.3,33.66,31.39,47.62,6.12,85.86,Cowpea
89.31,41.81,107.12,32.41,55.8,6.34,141.0,Mango
79.74,46.73,62.01,29.19,55.67,6.16,159.41,Litchi
75.49,40.38,31.69,15.9,58.59,6.95,48.57,Barley
61.81,28.39,57.65,21.15,54.11,6.58,53.86,Carrot
62.89,36.29,27.53,21.1,45.36,7.22,74.49,Sunflower
56.61,29.65,67.35,28.74,69.34,7.23,80.57,Bottle Gourd
81.91,47.75,21.33,19.01,56.24,6.42,53.48,Wheat
83.93,44.81,96.44,35.71,76.32,7.78,213.04,Coconut
109.51,67.55,90.5,33.21,71.35,6.17,176.5,Mango
53.69,49.76,38.01,24.46,59.0,6.93,81.71,Okra
76.37,37.13,49.9,21.66,83.57,5.84,173.96,Coffee
86.89,47.9,57.88,20.09,60.57,6.59,89.99,Chilli
113.62,51.64,96.74,30.03,58.79,6.53,76.62,Grapes
61.59,38.42,58.47,25.78,61.25,6.14,77.17,Okra
67.02,23.51,66.38,27.28,63.78,6.35,54.25,Bottle Gourd
43.68,30.12,24.45,24.83,41.84,6.45,74.04,Kodo Millet
44.32,33.74,24.66,29.52,61.01,6.27,93.02,Groundnut
100.54,43.57,82.65,22.8,84.65,5.94,163.59,Coffee
81.1,63.18,104.41,26.25,48.88,6.42,198.88,Mango
33.57,28.8,30.12,29.97,55.86,5.76,66.84,Cowpea
46.82,32.95,26.72,19.95,49.27,7.15,52.85,Lentil
68.25,30.09,59.16,27.76,67.23,6.03,158.61,Cashew
45.87,33.39,27.24,24.08,57.16,6.38,99.68,Foxtail Millet
64.8,35.18,70.79,18.44,58.58,6.74,59.01,Beetroot
53.74,32.63,38.18,21.36,60.57,6.75,49.58,Radish
45.97,34.43,31.68,30.31,55.76,6.88,69.67,Green Gram
83.92,47.41,40.27,18.14,68.24,6.25,59.79,Cauliflower
92.55,39.13,66.03,30.01,87.89,5.81,307.05,Rubber
46.77,33.24,27.69,23.43,41.52,6.39,34.87,Safflower
78.42,25.61,31.96,15.0,49.56,6.43,63.41,Mustard
69.03,34.42,61.61,27.33,72.12,6.09,73.41,Bottle Gourd
91.3,62.81,107.86,23.09,69.97,6.58,130.35,Orange
41.51,24.28,36.66,26.17,62.2,7.04,115.22,Soybean
38.15,27.05,63.83,18.44,64.11,6.52,43.06,Beetroot
86.68,54.49,67.26,21.61,77.91,6.28,73.97,Cabbage
83.36,36.45,31.15,24.82,66.28,6.3,134.36,Maize
24.15,34.38,34.99,31.17,51.86,6.67,73.67,Cowpea
40.39,32.94,25.3,33.23,58.39,6.98,64.63,Groundnut
37.28,33.75,21.71,13.19,71.23,6.94,60.0,Peas
70.47,55.69,62.74,15.12,55.13,6.4,51.16,Garlic
76.57,45.95,96.52,28.62,91.89,5.55,279.2,Coconut
89.65,45.55,36.45,20.69,57.31,6.76,62.2,Barley
35.05,25.49,19.72,23.18,43.15,6.63,56.81,Peas
79.5,51.31,77.06,23.27,60.71,6.52,57.26,Pomegranate
68.62,30.13,26.44,27.66,62.18,6.64,49.59,Sunflower
64.34,32.22,61.36,29.52,73.34,7.32,145.15,Cashew
18.6,24.64,16.77,26.38,48.49,6.66,87.4,Field Bean
45.84,31.38,20.72,32.44,44.29,6.26,67.89,Cowpea
113.59,42.6,42.52,30.5,72.73,6.53,267.34,Rice
83.78,41.02,86.05,27.68,50.75,6.54,75.14,Pomegranate
42.42,29.8,26.98,14.26,51.36,6.23,74.91,Peas
104.03,60.06,62.34,27.45,89.86,5.4,216.84,Rubber
42.31,35.37,27.51,20.91,52.55,6.76,62.27,Peas
71.52,33.1,62.91,19.44,67.21,6.59,69.25,Beetroot
45.64,35.31,21.26,26.45,55.15,6.04,47.62,Kodo Millet
109.01,51.08,77.51,20.25,80.54,5.81,235.92,Arecanut
40.61,29.86,21.54,28.42,45.96,6.98,110.38,Field Bean
47.25,28.45,33.39,28.94,42.54,6.01,83.47,Kodo Millet
59.26,62.07,63.74,27.02,70.58,6.71,79.97,Brinjal
49.99,30.67,34.31,24.09,51.81,6.75,37.73,Safflower
72.17,25.35,67.22,31.65,69.68,6.88,90.37,Pumpkin
43.39,29.41,38.37,30.96,42.39,6.52,74.26,Sesame
93.37,37.29,59.9,24.75,74.36,5.49,187.89,Coffee
83.49,29.98,31.74,27.04,49.72,6.82,85.14,Sunflower
57.95,34.48,64.82,30.95,62.51,5.91,121.46,Cashew
53.01,30.31,31.14,28.5,47.26,6.71,76.52,Sunflower
38.69,27.6,41.93,16.38,55.11,6.62,46.33,Chickpea
62.76,45.81,43.94,24.26,67.98,6.44,38.89,Okra
71.33,26.96,22.38,32.9,60.58,6.16,73.16,Castor
108.32,55.97,83.16,26.23,86.54,5.55,262.74,Rubber
29.74,26.88,32.99,27.54,57.23,6.63,61.68,Cowpea
85.28,40.77,81.2,26.17,83.68,6.64,222.13,Pineapple
60.87,26.79,57.45,19.99,66.9,7.3,50.77,Beetroot
42.5,36.83,34.89,21.65,69.8,5.99,58.43,Peas
36.59,25.1,29.22,29.86,56.24,7.06,61.44,Green Gram
68.52,52.44,28.78,30.28,63.81,6.88,86.97,Maize
109.68,49.26,48.38,29.83,79.49,6.1,172.61,Rice
74.17,44.6,38.71,31.81,80.2,7.21,69.48,Cucumber
42.49,34.23,26.05,30.06,55.79,5.58,90.2,Cowpea
38.47,26.3,17.26,14.12,48.96,6.57,55.98,Peas
96.86,63.09,98.3,19.96,67.76,4.95,68.12,Potato
86.34,86.14,114.88,28.05,70.97,5.82,143.36,Papaya
66.39,52.73,72.91,28.71,56.77,6.75,75.1,Pomegranate
100.62,45.7,59.33,24.39,57.79,6.99,67.32,Chilli
96.8,77.14,51.09,27.77,63.17,6.77,75.6,Chilli
51.26,30.26,29.63,16.67,52.01,6.67,52.47,Mustard
28.73,36.37,27.84,29.12,54.86,7.03,63.35,Horse Gram
76.3,55.69,49.83,27.78,70.46,6.88,64.9,Chilli
41.32,35.0,32.32,23.13,52.63,6.43,88.53,Rajma
42.03,37.53,38.0,24.48,54.96,7.01,101.33,Foxtail Millet
22.82,25.89,21.89,21.7,62.05,6.21,78.73,Rajma
38.31,35.47,24.67,25.98,37.24,6.03,52.41,Horse Gram
77.19,48.18,78.58,24.88,59.26,6.66,56.08,Onion
111.01,50.3,42.2,26.03,94.53,4.56,239.14,Tea
106.77,56.45,72.89,27.69,77.36,4.91,243.51,Rubber
108.32,68.84,86.58,30.25,52.24,6.97,135.13,Mango
81.56,39.06,68.03,24.83,71.97,6.59,68.67,Onion
87.88,42.93,106.26,24.25,82.23,5.85,112.35,Litchi
37.92,29.72,37.44,30.46,62.22,6.37,98.56,Field Bean
50.52,23.71,25.47,26.36,67.45,6.48,125.82,Kodo Millet
132.0,51.76,138.38,31.63,86.38,7.12,204.53,Banana
34.48,27.03,39.32,20.73,48.22,6.6,70.83,Chickpea
63.49,35.33,24.05,30.5,51.59,7.05,65.94,Sorghum
66.02,26.13,30.49,31.43,54.35,6.61,71.35,Sorghum
59.8,33.09,67.68,27.66,73.61,6.46,84.27,Pumpkin
52.17,34.91,27.59,27.79,53.11,7.14,66.57,Field Bean
86.25,39.14,31.05,20.34,35.5,7.15,46.41,Barley
102.08,64.36,91.83,32.83,77.85,6.59,152.63,Papaya
36.93,26.8,30.97,24.17,53.78,6.16,72.17,Niger Seed
60.34,37.32,70.42,22.61,58.32,6.44,49.17,Carrot
76.72,47.65,52.3,20.96,72.33,6.57,69.26,Cabbage
93.16,75.84,93.81,20.97,59.3,5.88,53.11,Potato
32.55,30.89,27.01,25.61,48.51,6.67,102.99,Soybean
37.46,32.03,28.89,29.19,60.1,6.83,62.03,Green Gram
80.72,51.67,63.12,30.57,50.42,6.9,61.33,Onion
34.18,34.36,31.99,31.62,53.59,6.85,87.11,Sesame
53.44,24.29,24.9,31.46,53.9,7.18,66.84,Green Gram
43.7,23.85,32.25,31.7,51.0,7.87,90.71,Sorghum
29.61,35.63,30.76,29.75,51.04,6.75,72.54,Green Gram
42.61,32.59,28.31,29.31,52.5,6.43,85.12,Black Gram
49.16,28.86,33.41,30.81,60.48,6.79,63.46,Groundnut
73.29,56.28,73.91,21.64,70.24,6.7,82.65,Tomato
113.05,58.88,105.91,25.35,91.99,6.52,326.31,Coconut
86.78,58.31,81.6,26.18,74.12,6.3,122.6,Orange
48.82,38.16,37.04,19.72,74.75,6.61,62.95,Soybean
43.29,32.62,29.99,23.67,67.72,6.31,97.61,Finger Millet
83.56,52.01,74.09,21.08,77.67,6.46,109.61,Tomato
42.02,22.86,26.28,24.25,61.61,6.7,88.56,Kodo Millet
68.65,51.98,68.65,27.83,54.35,6.43,121.43,Guava
26.66,26.09,17.72,16.33,40.46,6.89,61.7,Peas
46.0,32.96,27.16,21.78,55.54,7.02,53.75,Chickpea
77.22,35.92,23.39,20.74,38.97,6.41,30.82,Wheat
30.46,13.82,21.38,24.43,53.04,6.9,46.9,Horse Gram
103.42,52.78,47.55,31.63,85.69,5.95,179.07,Rice
70.5,48.52,65.91,17.66,62.05,6.2,115.71,Apple
54.47,33.26,27.87,36.09,38.04,6.91,75.8,Sorghum
76.12,30.06,65.52,29.16,61.17,6.17,139.4,Cashew
31.29,29.3,25.02,21.82,41.6,6.81,51.68,Linseed
84.34,44.16,93.93,30.31,74.59,5.94,247.49,Pineapple
125.74,39.66,93.88,27.02,70.92,6.4,209.83,Papaya
50.59,22.79,26.9,31.56,42.53,6.68,87.83,Groundnut
101.66,63.83,47.08,20.69,66.8,6.73,85.53,Tomato
107.21,83.82,84.24,26.94,78.73,6.56,169.72,Banana
87.6,34.26,36.23,26.04,73.27,6.21,54.08,Okra
58.75,34.09,23.54,28.63,57.11,6.25,63.76,Sunflower
52.45,30.62,34.36,24.85,50.78,6.21,52.28,Kodo Millet
69.73,27.37,25.45,19.94,53.94,6.44,50.38,Mustard
29.23,27.92,28.75,27.95,62.63,6.86,60.46,Green Gram
86.73,53.75,91.32,31.78,85.46,6.88,260.22,Coconut
108.03,52.7,101.23,23.24,72.74,5.43,63.96,Potato
43.84,34.05,26.59,32.16,32.19,7.33,79.29,Sesame
96.88,26.69,32.83,22.55,59.67,6.38,58.59,Barley
87.63,45.84,77.97,27.28,64.55,6.57,223.04,Mango
49.44,35.79,29.2,20.75,46.39,7.14,28.89,Chickpea
84.76,37.12,29.15,12.41,55.48,6.4,48.67,Wheat
105.57,58.08,89.58,23.24,62.55,6.06,62.2,Potato
118.37,44.96,54.26,27.25,91.98,6.25,243.67,Rice
62.13,32.15,24.66,19.22,52.34,6.85,90.24,Castor
74.15,52.23,72.01,27.72,59.32,6.47,65.67,Pomegranate
94.55,75.05,87.26,18.49,66.88,5.7,64.3,Potato
86.71,63.28,91.99,30.56,66.04,6.3,103.95,Papaya
56.63,30.92,20.63,18.68,60.08,7.13,58.76,Radish
72.87,41.55,87.47,17.78,53.81,6.42,130.67,Apple
82.69,41.38,88.21,11.28,56.56,6.52,143.98,Apple
96.67,61.35,143.75,25.89,75.03,6.92,105.59,Banana
88.11,58.6,53.84,28.62,72.57,6.67,186.85,Rice
46.37,33.24,23.04,23.22,53.03,6.73,95.15,Sesame
54.28,27.06,24.1,23.81,64.96,6.32,103.96,Little Millet
81.33,29.11,75.69,32.26,66.01,6.39,186.52,Cashew
111.61,71.94,137.81,26.98,87.01,6.31,155.15,Banana
58.82,34.67,61.92,19.54,49.9,6.68,49.24,Beetroot
80.56,33.43,21.92,18.25,38.06,6.9,90.1,Wheat
26.84,30.53,26.29,26.91,52.28,6.79,85.57,Horse Gram
103.43,54.66,97.66,27.02,85.84,6.27,275.04,Rubber
71.31,73.01,91.92,30.96,69.8,6.41,107.99,Tomato
42.39,28.9,36.84,27.5,60.07,6.12,89.84,Little Millet
84.23,55.47,68.2,29.02,63.05,6.64,77.82,Onion
105.33,52.94,81.71,25.75,58.36,5.59,95.25,Orange
30.41,30.93,28.9,19.37,51.01,7.32,53.21,Chickpea
37.74,24.37,30.64,28.7,52.37,6.37,97.03,Niger Seed
40.31,33.69,33.14,28.25,48.46,6.31,72.91,Sunflower
36.01,40.41,23.34,23.35,39.8,6.47,43.38,Lentil
44.66,30.78,33.42,24.49,45.92,7.38,71.01,Linseed
51.02,31.49,32.73,22.54,69.59,6.38,113.22,Soybean
87.03,59.72,90.02,27.64,70.8,6.26,101.32,Papaya
104.81,51.38,47.71,27.52,95.02,5.83,166.45,Rice
106.16,49.41,87.82,31.54,87.36,7.63,280.43,Coconut
90.15,37.33,26.21,15.45,59.46,7.18,65.75,Barley
39.54,36.47,29.79,22.25,58.58,6.72,54.94,Radish
100.23,69.56,97.91,23.12,70.01,6.77,151.62,Papaya
45.92,15.48,34.88,23.68,37.72,6.87,35.32,Safflower
71.44,27.2,27.09,25.87,66.68,6.64,72.4,Soybean
87.66,61.96,44.35,24.84,81.87,5.36,216.76,Coffee
94.8,32.86,26.32,23.54,53.73,7.37,49.82,Wheat
59.29,23.87,57.09,33.77,68.71,7.36,62.37,Pumpkin
97.98,86.39,105.86,31.89,55.08,5.16,191.85,Orange
106.98,63.38,55.14,21.42,69.16,6.5,81.23,Tomato
78.41,62.78,80.55,24.21,70.85,5.53,133.75,Pineapple
102.9,52.98,61.52,26.69,84.52,4.77,249.33,Tea
41.26,29.86,27.33,27.57,45.53,6.3,93.17,Groundnut
59.72,32.7,36.54,34.73,41.52,8.12,61.16,Sorghum
36.93,34.8,34.87,26.82,61.7,6.06,84.97,Groundnut
96.45,50.67,108.08,23.93,83.16,6.17,106.2,Papaya
88.02,45.75,56.64,18.08,63.12,6.97,51.73,Garlic
108.66,55.7,59.82,25.55,63.33,6.66,80.93,Chilli
58.99,30.27,56.15,24.27,67.84,6.28,93.78,Pumpkin
38.02,28.93,29.75,23.18,46.26,7.52,55.93,Chickpea
52.51,25.86,23.71,24.09,55.26,6.41,119.59,Finger Millet
49.39,35.4,28.26,32.18,56.72,5.97,81.13,Castor
83.13,38.28,40.38,20.69,79.58,5.91,178.53,Coffee
53.9,35.57,27.98,26.68,57.34,5.4,97.73,Little Millet
62.23,36.66,37.85,19.92,48.27,6.81,140.22,Red Gram
58.03,34.02,22.6,28.0,68.6,5.97,106.02,Finger Millet
68.71,48.56,66.08,28.96,62.74,5.84,127.98,Cashew
113.03,64.05,96.65,21.45,63.98,5.87,67.31,Potato
23.93,38.98,33.34,30.44,52.44,6.24,44.14,Horse Gram
82.5,47.71,43.08,30.39,67.4,6.42,101.87,Maize
38.08,31.52,26.19,31.14,65.61,6.23,60.83,Horse Gram
83.49,40.74,77.67,10.91,57.24,6.45,110.55,Apple
35.88,27.71,33.05,25.08,59.94,6.86,80.2,Niger Seed
65.0,50.25,74.88,19.48,57.19,6.61,95.54,Pomegranate
98.8,47.25,65.82,20.63,67.84,6.8,78.66,Cabbage
107.5,51.32,72.87,17.62,62.89,6.9,63.82,Cabbage
86.62,38.17,34.34,22.04,49.4,6.88,64.06,Barley
76.21,44.98,64.64,26.67,50.58,6.4,43.63,Garlic
119.41,48.31,60.04,21.79,74.2,6.02,214.43,Arecanut
94.45,62.54,70.06,27.51,75.99,6.35,177.22,Arecanut
83.79,70.51,100.53,29.64,71.66,7.22,208.27,Mango
56.74,23.5,21.98,35.45,58.99,5.51,63.06,Sorghum
100.03,43.77,107.15,18.81,72.9,5.26,57.44,Potato
83.54,32.44,26.52,23.99,48.35,6.58,98.1,Castor
82.19,36.92,22.95,14.39,44.53,6.46,61.61,Barley
84.72,66.06,58.01,23.86,62.83,6.54,80.41,Tomato
62.54,35.52,53.95,30.85,65.92,6.25,58.16,Bottle Gourd
28.79,24.32,32.7,17.62,46.76,6.46,50.9,Peas
42.28,32.06,28.34,20.66,70.12,6.5,99.87,Rajma
40.61,24.48,25.51,23.31,55.4,6.99,63.24,Mustard
29.98,33.47,24.54,30.25,69.05,6.64,95.71,Black Gram
76.63,30.5,51.08,19.08,73.49,5.94,204.95,Coffee
75.47,51.2,30.69,16.41,50.94,7.32,81.04,Barley
81.94,53.25,54.49,17.47,66.63,6.2,94.04,Cauliflower
98.55,52.23,89.61,29.42,64.76,6.34,81.83,Grapes
113.25,76.56,139.21,29.23,81.65,6.81,231.79,Banana
25.12,21.15,23.11,14.5,40.81,6.92,49.03,Peas
42.06,27.1,30.17,29.69,62.68,6.07,111.29,Red Gram
76.56,48.15,73.55,33.88,67.39,5.85,159.88,Litchi
45.48,35.02,37.84,21.34,59.7,6.77,108.92,Red Gram
33.51,26.12,30.35,28.25,71.07,6.95,115.79,Little Millet
69.96,44.06,23.79,20.5,57.0,6.46,40.82,Barley
74.8,60.26,67.15,23.3,53.29,6.36,52.7,Onion
63.8,30.24,29.64,21.16,48.91,6.75,46.99,Sunflower
127.42,67.92,138.62,30.58,75.95,7.3,188.05,Banana
111.63,63.23,67.65,27.75,89.34,5.45,288.2,Rubber
43.99,23.75,35.55,26.03,58.71,7.26,93.37,Niger Seed
71.36,43.68,76.44,36.5,59.24,6.13,148.38,Guava
36.52,32.16,32.6,31.58,53.3,7.44,71.25,Green Gram
53.54,33.09,31.27,17.41,47.55,6.79,51.4,Linseed
88.93,44.5,76.93,23.18,85.5,6.22,211.21,Coffee
55.13,31.55,26.37,31.6,43.49,6.54,103.55,Kodo Millet
88.95,40.29,105.79,29.53,71.86,5.85,125.84,Mango
68.0,34.26,26.64,29.61,52.11,6.72,83.22,Groundnut
89.9,37.42,77.78,25.8,78.37,4.92,133.13,Pineapple
74.48,56.89,48.35,24.88,70.7,7.04,68.54,Tomato
40.98,27.81,34.45,26.14,63.25,6.26,68.09,Soybean
56.62,28.4,34.34,29.11,52.71,5.92,94.93,Red Gram
39.51,23.42,25.44,24.76,71.92,6.04,91.45,Foxtail Millet
20.24,40.55,26.24,30.45,62.02,6.66,86.42,Black Gram
51.35,35.57,75.75,25.82,71.48,6.29,227.82,Cashew
92.17,48.0,104.07,24.08,73.04,5.44,235.6,Rubber
55.13,46.29,30.75,29.18,59.63,6.7,65.06,Okra
58.57,35.25,26.1,22.85,45.8,7.53,78.92,Sunflower
62.16,29.29,26.85,27.41,69.15,6.35,52.87,Sunflower
50.17,26.87,52.68,29.75,72.08,6.45,73.88,Bottle Gourd
42.96,22.46,21.04,18.38,53.41,6.49,98.57,Rajma
35.92,36.91,31.02,22.7,58.9,6.83,69.99,Niger Seed
32.71,24.96,21.74,26.3,66.19,6.62,67.04,Green Gram
51.02,30.38,29.77,24.74,51.03,6.48,66.88,Castor
40.23,29.06,21.2,23.85,45.81,7.27,70.1,Peas
75.06,46.22,37.23,33.58,62.55,6.84,69.28,Okra
100.07,52.16,83.18,31.36,69.9,6.63,154.79,Papaya
99.6,51.0,49.43,26.1,82.4,4.86,174.13,Tea
121.22,49.62,110.67,18.14,72.8,6.34,51.3,Grapes
51.17,34.28,23.03,25.75,71.15,6.96,103.23,Finger Millet
85.89,42.26,79.59,29.62,73.78,6.81,114.25,Guava
87.02,40.57,64.62,17.74,67.85,6.34,69.31,Cauliflower
108.05,60.86,73.69,33.17,70.75,6.2,102.06,Litchi
54.08,33.93,31.92,25.59,48.71,6.11,63.5,Safflower
95.17,55.43,89.94,28.19,57.23,7.66,68.95,Grapes
99.12,78.8,75.42,26.07,95.54,5.74,297.03,Rubber
99.59,45.19,58.41,28.25,88.5,5.92,254.87,Rice
34.28,28.17,36.34,28.11,47.97,6.58,70.91,Cowpea
77.64,38.43,74.8,35.14,83.07,6.61,165.61,Litchi
48.11,19.3,72.94,26.83,68.0,6.08,104.22,Cashew
70.57,27.38,35.46,30.0,47.8,6.66,48.92,Sorghum
128.06,68.13,129.58,29.98,78.74,6.37,194.89,Banana
51.47,27.25,36.69,24.23,65.99,7.07,116.06,Soybean
66.18,34.64,78.72,28.1,78.1,6.39,203.08,Litchi
29.34,28.13,25.74,28.29,68.81,6.67,79.91,Black Gram
112.37,59.25,68.14,21.47,84.77,5.05,250.34,Tea
112.27,53.72,67.28,20.26,77.17,6.36,99.16,Tomato
25.61,24.22,25.06,17.93,45.03,6.54,49.97,Peas
56.05,54.05,40.09,30.62,69.52,6.11,91.88,Okra
45.51,34.33,37.72,29.05,47.82,7.33,78.42,Groundnut
72.49,32.2,85.55,26.27,58.13,5.22,118.38,Guava
78.83,46.22,61.25,29.0,53.81,6.21,61.26,Onion
93.81,52.08,55.4,24.79,78.07,6.23,96.94,Tomato
111.25,48.57,100.78,27.97,62.05,6.19,89.2,Papaya
76.35,56.75,73.85,23.57,66.73,5.65,80.91,Brinjal
26.76,23.55,31.63,20.41,46.38,6.63,60.73,Horse Gram
45.69,39.3,21.47,19.71,64.75,6.93,56.65,Radish
37.9,28.52,33.89,27.4,37.04,6.19,58.29,Safflower
92.82,35.59,62.47,23.84,58.38,6.47,57.64,Onion
48.68,23.8,64.41,15.22,49.26,7.37,71.4,Beetroot
46.54,29.09,31.18,25.89,52.1,6.58,81.48,Little Millet
36.67,22.72,29.83,29.08,59.97,7.28,80.3,Black Gram
75.63,48.61,39.98,27.49,74.32,5.9,64.4,Cucumber
111.62,47.16,116.37,28.6,81.29,7.27,166.95,Coconut
51.23,18.65,29.35,23.56,74.08,7.39,76.14,Sunflower
36.2,21.1,26.72,25.64,59.42,6.43,116.75,Niger Seed
103.2,46.06,67.23,20.82,87.54,4.24,193.56,Tea
45.52,28.24,30.79,34.95,44.76,6.86,51.04,Pearl Millet
51.51,25.3,49.33,30.92,69.34,5.65,198.06,Cashew
52.26,31.41,28.6,18.54,53.28,6.71,53.02,Lentil
54.11,27.1,36.84,23.36,53.63,6.4,81.49,Kodo Millet
108.25,68.51,94.39,30.07,67.97,6.2,176.91,Mango
93.76,51.34,92.46,6.05,64.76,6.0,123.3,Apple
57.88,41.25,48.89,28.3,71.64,6.15,67.57,Cucumber
92.2,45.42,67.36,29.85,78.01,6.72,73.61,Brinjal
43.83,36.79,33.21,13.13,49.97,7.67,54.48,Linseed
62.6,49.49,39.38,23.73,66.89,6.24,84.77,Cucumber
28.09,19.53,40.2,25.2,63.74,6.14,91.85,Field Bean
66.94,39.32,41.69,27.86,64.08,6.41,74.76,Okra
58.51,48.51,68.85,35.58,49.71,6.98,76.42,Pomegranate
27.58,28.77,22.48,19.01,60.2,6.2,74.39,Chickpea
23.6,30.2,27.1,20.06,64.51,6.38,91.59,Rajma
47.29,34.8,15.8,23.09,44.39,6.79,66.71,Linseed
44.57,36.41,26.02,28.69,49.03,6.66,83.96,Kodo Millet
38.47,36.79,23.69,19.61,49.45,6.97,28.08,Lentil
60.81,38.15,55.43,23.59,69.8,7.43,67.54,Bottle Gourd
58.56,16.61,74.43,23.84,78.83,6.38,65.39,Bottle Gourd
44.0,20.37,32.81,23.31,66.33,6.79,99.91,Field Bean
106.01,38.36,73.71,33.95,79.0,6.48,260.3,Arecanut
55.41,24.15,25.64,26.21,67.84,6.81,100.4,Groundnut
83.54,56.89,56.87,21.59,64.88,6.72,81.03,Cabbage
87.15,44.55,100.72,27.21,70.29,6.39,74.42,Guava
79.06,43.46,81.09,24.33,66.65,6.17,157.4,Litchi
69.72,55.41,36.39,23.67,73.79,6.19,183.77,Coffee
27.52,28.03,32.4,37.65,50.23,6.16,64.31,Sesame
71.37,45.46,86.92,18.99,58.86,6.47,118.38,Apple
95.13,69.95,91.86,28.32,58.99,5.67,95.37,Mango
106.29,55.55,76.91,22.37,78.69,6.35,222.01,Arecanut
75.77,39.14,40.35,28.39,68.35,6.11,101.15,Maize
55.03,27.87,24.4,30.35,51.08,6.08,78.26,Little Millet
69.82,41.75,74.01,29.97,73.87,6.59,72.15,Okra
61.8,32.09,32.28,27.3,34.08,6.09,95.73,Sorghum
107.89,53.54,96.65,29.51,76.99,6.03,231.09,Coconut
69.28,51.14,79.44,22.3,67.43,6.55,147.78,Guava
86.39,54.69,53.25,24.28,73.49,7.4,72.9,Brinjal
71.66,31.42,47.59,19.72,57.95,6.45,42.44,Carrot
121.27,69.38,88.57,32.03,62.16,6.77,70.01,Orange
38.84,31.04,28.53,27.79,38.83,7.11,85.87,Field Bean
91.95,60.14,73.15,30.61,50.45,7.29,63.9,Pomegranate
95.2,44.98,97.23,20.09,74.26,5.72,58.72,Potato
48.6,17.13,27.7,29.15,61.01,6.29,97.06,Cowpea
92.91,71.38,91.18,15.75,71.98,5.27,45.07,Potato
41.01,23.21,38.65,19.53,52.99,7.01,61.94,Chickpea
109.88,47.09,100.54,27.62,72.2,6.35,154.0,Papaya
52.52,26.56,21.17,29.48,53.9,6.57,70.47,Kodo Millet
33.75,27.44,28.2,24.46,56.73,6.57,87.88,Little Millet
47.92,31.41,37.15,36.02,50.73,7.25,53.94,Sorghum
35.66,33.66,32.02,23.84,63.25,6.83,84.68,Niger Seed
17.25,30.54,30.08,27.36,45.58,6.6,97.87,Kodo Millet
51.05,33.79,30.85,26.15,52.39,5.75,81.32,Foxtail Millet
100.62,59.02,110.31,29.65,74.96,5.8,124.79,Papaya
23.63,25.18,27.78,15.47,55.01,6.3,50.58,Lentil
90.37,64.48,80.76,26.51,78.56,7.06,121.27,Guava
36.35,37.13,29.78,25.84,52.43,6.54,69.44,Sesame
46.31,22.89,25.56,19.82,36.15,6.68,65.97,Safflower
43.62,28.22,31.16,20.85,66.11,7.17,65.02,Linseed
108.62,68.67,99.97,32.11,71.25,6.44,139.39,Papaya
47.28,29.72,31.7,25.01,58.41,7.05,55.29,Linseed
89.57,43.01,68.76,15.83,54.97,6.2,103.34,Apple
26.45,27.38,29.77,26.25,52.57,6.31,66.47,Horse Gram
110.53,54.95,104.67,17.0,60.9,5.97,182.29,Orange
50.35,30.15,31.84,20.12,50.77,6.98,52.83,Lentil
51.05,21.97,67.03,27.47,66.05,6.41,202.63,Cashew
26.42,25.82,26.84,23.4,53.68,7.62,53.89,Chickpea
76.78,25.35,30.44,21.73,64.41,7.05,75.46,Sunflower
30.5,24.53,39.88,26.61,43.43,6.7,68.94,Horse Gram
71.2,46.18,80.71,26.31,56.17,5.85,66.33,Pomegranate
67.97,32.79,19.58,21.47,66.48,6.34,100.52,Soybean
85.81,50.7,63.77,23.42,65.88,6.28,63.0,Onion
96.15,50.6,49.08,28.73,58.12,6.16,66.04,Chilli
70.37,44.39,89.83,18.18,57.49,6.24,96.81,Apple
51.47,26.43,29.73,32.26,77.82,7.07,59.26,Black Gram
139.63,57.4,126.48,35.92,78.15,6.3,233.71,Banana
46.91,32.35,28.78,20.16,66.79,6.55,38.6,Radish
97.58,45.75,45.28,17.58,78.87,6.51,65.86,Cabbage
60.99,33.86,59.02,18.88,63.75,6.28,44.81,Carrot
85.51,55.08,64.06,20.9,70.73,4.08,281.31,Tea
61.14,44.96,65.65,22.72,79.92,6.0,167.49,Pineapple
84.52,32.42,89.6,26.21,46.95,5.95,61.09,Pomegranate
47.19,28.41,24.77,25.09,58.84,6.0,81.16,Little Millet
75.67,39.92,33.49,25.75,58.47,6.61,95.98,Maize
53.91,35.45,28.28,17.94,50.31,6.61,78.08,Sunflower
92.02,43.33,107.69,26.37,83.15,6.1,162.34,Coconut
55.8,29.89,67.25,27.01,70.87,6.57,95.15,Pumpkin
101.34,51.16,74.68,19.2,70.85,6.48,71.78,Cauliflower
69.67,35.51,36.8,35.42,53.36,7.92,38.23,Okra
58.05,21.09,32.98,28.15,35.53,6.64,48.67,Pearl Millet
102.14,82.22,89.8,33.38,87.25,6.82,267.95,Rubber
44.34,34.32,23.1,24.37,60.68,5.83,107.56,Niger Seed
78.18,20.87,99.22,28.43,70.47,6.61,99.56,Guava
36.87,23.15,28.1,25.29,62.66,6.69,106.59,Foxtail Millet
37.99,30.86,30.8,10.81,55.24,6.71,86.98,Peas
40.8,27.29,35.37,26.13,47.77,6.91,66.39,Linseed
54.96,25.23,37.87,22.87,51.27,6.51,55.85,Carrot
52.15,28.08,26.47,18.48,53.93,6.15,58.45,Safflower
86.97,39.61,69.54,22.61,81.88,5.7,162.23,Coffee
42.07,27.44,54.69,25.95,67.29,6.4,42.4,Bottle Gourd
50.39,22.01,29.46,25.91,57.03,5.53,84.79,Little Millet
45.82,28.02,27.69,19.19,38.23,6.15,104.07,Rajma
90.45,27.78,86.44,22.8,87.24,5.84,168.79,Litchi
113.7,54.93,107.94,27.22,82.3,7.32,231.59,Coconut
80.54,59.53,65.77,26.62,62.03,6.52,64.94,Onion
93.0,63.9,39.81,22.08,64.68,6.92,62.13,Chilli
34.2,23.52,33.97,27.37,35.34,6.64,104.21,Little Millet
59.8,43.98,33.25,28.21,55.75,6.28,97.38,Castor
102.55,48.35,80.14,33.39,59.6,7.28,75.94,Grapes
56.68,31.58,35.07,27.44,61.6,6.09,111.02,Foxtail Millet
99.5,44.11,57.26,22.39,90.78,5.52,215.22,Rice
56.18,30.01,32.86,26.2,56.56,6.57,112.46,Soybean
52.28,31.97,25.46,20.05,44.04,6.55,36.58,Safflower
91.44,50.95,107.82,33.59,66.22,5.38,167.98,Mango
81.46,48.79,79.1,30.8,83.12,6.98,181.95,Litchi
71.82,36.27,79.53,27.63,75.74,6.28,226.57,Litchi
102.42,52.4,102.96,33.23,84.72,7.11,172.24,Coconut
78.11,47.44,41.19,27.58,70.06,6.71,90.09,Maize
86.8,61.05,64.59,30.22,76.35,6.62,77.38,Brinjal
69.48,28.94,59.41,25.88,72.87,6.35,90.5,Pumpkin
86.71,56.1,100.01,28.3,61.82,6.21,69.76,Grapes
62.1,27.16,25.55,28.57,36.4,6.32,117.83,Foxtail Millet
69.67,31.8,46.94,21.13,68.63,6.72,43.31,Carrot
28.45,31.01,37.13,26.38,73.05,6.27,41.71,Horse Gram
77.87,55.56,58.51,23.97,44.46,6.3,48.75,Onion
109.72,57.14,101.77,36.11,76.15,7.71,205.95,Coconut
19.63,27.55,29.09,24.69,52.42,6.73,89.34,Horse Gram
45.48,26.74,27.59,28.73,57.25,5.94,79.63,Kodo Millet
80.0,46.42,44.3,25.3,57.91,6.37,108.93,Maize
90.38,45.63,63.9,19.77,72.2,5.97,200.58,Coffee
66.69,40.52,27.49,34.99,50.2,7.51,73.83,Sorghum
43.88,29.91,33.71,32.11,67.8,6.88,84.16,Black Gram
84.62,47.73,27.92,21.91,50.66,7.23,65.92,Barley
49.42,35.38,32.76,29.29,59.83,6.14,79.28,Kodo Millet
78.67,36.09,39.54,20.94,70.54,6.37,74.31,Cucumber
42.31,21.31,40.87,32.89,58.36,6.06,96.99,Cowpea
46.95,24.64,36.79,28.29,66.08,7.34,102.25,Red Gram
37.55,38.9,28.32,25.61,59.61,6.62,72.52,Kodo Millet
61.89,45.1,66.78,25.12,62.32,6.91,70.33,Brinjal
79.53,48.92,81.57,29.75,71.29,6.9,122.2,Guava
60.79,30.18,30.83,17.58,53.71,6.87,40.12,Mustard
53.41,36.85,74.2,32.34,70.06,6.19,165.28,Cashew
41.69,40.04,28.23,28.71,56.24,6.91,79.05,Groundnut
166.82,74.36,137.49,31.48,87.65,6.33,187.49,Banana
92.09,43.97,99.31,32.64,80.83,6.11,259.03,Arecanut
39.63,36.24,31.36,32.14,57.2,6.52,77.2,Green Gram
109.09,53.92,58.88,21.82,73.14,4.91,160.07,Tea
48.4,37.11,29.16,25.62,40.24,7.64,51.91,Safflower
75.96,74.2,40.44,20.16,65.09,6.87,80.14,Tomato
33.44,21.14,21.35,27.04,55.93,6.66,52.7,Green Gram
31.1,35.1,22.48,18.83,45.83,7.57,66.88,Chickpea
91.18,48.47,30.17,27.48,74.56,6.43,81.33,Maize
78.87,73.94,68.2,17.96,74.39,6.65,89.74,Tomato
51.16,23.68,44.44,27.32,62.69,7.09,63.07,Pumpkin
39.39,29.03,34.26,26.5,56.04,6.43,101.98,Cowpea
53.63,30.09,33.09,21.38,59.61,6.39,55.24,Linseed
34.29,32.87,30.34,31.18,67.58,6.78,99.75,Sesame
69.04,55.49,64.18,26.64,64.69,6.5,60.0,Onion
101.2,42.57,37.13,20.68,59.81,6.68,46.01,Barley
47.97,29.78,30.68,30.45,54.77,6.7,64.6,Green Gram
104.81,74.25,68.53,24.01,63.17,6.95,79.09,Tomato
80.54,47.56,60.08,19.64,67.43,6.89,56.9,Cauliflower
64.56,39.08,51.53,21.17,69.55,6.68,39.0,Beetroot
44.98,19.46,31.9,27.97,56.13,5.69,102.66,Little Millet
67.4,26.24,22.12,29.82,55.01,6.57,60.1,Castor
41.68,41.43,30.26,18.85,52.01,6.73,51.85,Linseed
85.88,59.51,73.34,23.88,54.18,6.71,87.3,Chilli
37.31,34.92,30.25,25.2,51.74,6.34,70.35,Chickpea
31.43,30.68,24.26,27.44,50.99,6.65,92.43,Field Bean
114.71,50.7,105.76,31.91,87.41,4.71,255.66,Coconut
38.03,27.39,33.77,28.4,66.12,7.29,76.55,Green Gram
71.28,48.15,56.22,30.83,72.53,6.68,78.37,Cucumber
119.07,59.72,82.05,29.16,86.0,5.81,277.26,Rubber
65.38,37.31,58.29,20.75,62.33,6.38,58.09,Garlic
106.83,59.57,76.49,28.88,55.08,6.59,75.93,Chilli
29.87,27.48,31.02,28.1,80.32,7.67,86.35,Black Gram
101.41,52.77,113.23,28.92,64.42,7.27,174.21,Orange
98.27,69.33,85.62,28.54,68.91,7.13,159.87,Papaya
79.16,25.36,77.76,35.26,74.55,6.3,86.61,Pomegranate
121.17,54.51,101.72,33.89,61.19,6.71,78.94,Grapes
48.85,28.14,27.45,28.72,47.92,7.01,59.77,Green Gram
49.3,22.19,31.26,15.05,43.7,7.03,61.08,Chickpea
80.86,36.66,78.66,24.78,80.98,5.52,165.24,Coffee
89.0,43.67,45.16,19.05,76.47,6.51,64.37,Cauliflower
98.98,47.81,57.58,21.25,79.94,6.78,74.76,Cabbage
62.7,34.1,27.76,28.41,57.72,6.21,100.3,Sunflower
79.0,49.47,30.05,18.41,76.11,6.71,56.69,Wheat
34.21,18.06,41.18,25.89,58.66,6.92,60.25,Kodo Millet
67.77,48.93,61.82,31.35,70.75,6.83,168.97,Litchi
40.97,27.75,25.63,28.74,51.3,6.65,47.38,Pearl Millet
94.05,39.62,55.18,16.84,75.45,6.76,68.23,Cabbage
61.16,40.18,26.04,27.36,50.7,6.78,64.63,Sorghum
80.8,37.61,73.23,18.5,78.45,6.14,260.88,Coffee
68.95,38.05,39.61,29.68,49.61,6.82,78.79,Castor
52.57,26.82,26.55,27.5,76.92,7.28,77.92,Kodo Millet
82.98,40.3,64.27,19.08,65.91,6.57,45.05,Garlic
43.52,30.56,28.57,22.93,46.57,6.64,81.87,Little Millet
63.94,26.7,53.65,24.33,73.67,7.18,79.25,Bottle Gourd
42.21,34.21,25.04,23.32,51.2,7.31,44.69,Linseed
67.57,34.69,91.59,32.69,70.37,6.4,142.93,Litchi
31.34,33.37,23.37,23.13,42.36,6.58,83.44,Field Bean
91.39,63.12,89.22,28.45,68.58,6.09,137.13,Papaya
99.85,51.17,50.08,25.43,68.18,6.92,77.8,Brinjal
72.71,43.33,56.5,34.31,53.59,6.75,86.96,Chilli
32.75,29.79,36.43,15.01,57.73,6.69,42.47,Linseed
89.38,51.91,94.42,30.52,51.92,7.55,118.31,Mango
36.56,28.27,38.17,27.15,59.68,6.86,55.56,Black Gram
69.2,25.2,29.61,30.51,56.34,6.55,71.13,Sorghum
53.93,27.79,26.53,25.54,57.69,6.59,86.02,Little Millet
75.49,31.68,51.79,33.47,77.84,6.58,60.63,Bottle Gourd
124.7,47.34,88.19,32.01,71.09,5.71,121.1,Papaya
78.19,46.92,84.23,25.22,58.78,6.4,233.33,Litchi
75.23,33.8,28.42,32.48,50.55,6.52,66.95,Castor
92.51,45.31,45.23,29.27,60.48,6.61,57.6,Chilli
101.27,52.91,108.14,27.92,85.23,6.87,279.61,Coconut
53.25,21.29,34.11,19.69,56.4,7.36,64.57,Radish
107.44,49.65,93.81,19.27,60.31,4.8,44.22,Potato
68.66,38.93,30.98,17.03,42.35,6.46,38.05,Barley
74.4,44.68,33.79,29.16,64.51,7.0,126.45,Maize
97.97,45.45,81.58,22.68,80.22,5.85,216.37,Arecanut
34.3,24.09,35.94,27.91,65.2,6.78,79.2,Niger Seed
53.18,29.31,36.58,28.08,47.94,6.41,68.72,Kodo Millet
104.11,50.63,76.15,28.3,79.75,5.55,299.19,Rubber
44.32,34.34,32.99,23.18,53.31,6.73,50.27,Radish
46.66,26.45,30.86,19.16,47.77,7.08,49.12,Lentil
52.41,35.11,39.99,21.56,58.9,6.16,47.85,Carrot
97.59,54.12,61.61,30.74,70.48,6.12,78.21,Brinjal
41.58,36.65,25.78,34.37,56.18,6.48,73.3,Sesame
107.07,55.88,90.15,25.67,66.3,6.52,143.72,Papaya
70.48,34.52,63.42,33.45,71.33,6.42,68.05,Pumpkin
37.52,35.04,27.6,26.54,51.75,6.82,69.73,Kodo Millet
54.73,40.82,32.44,29.06,66.77,6.93,87.89,Cucumber
37.19,34.87,32.9,19.19,57.97,7.1,83.6,Peas
77.34,58.67,35.41,29.04,76.32,6.78,80.86,Cucumber
69.6,49.83,45.89,36.64,64.43,6.58,68.32,Cucumber
45.01,25.81,64.99,27.48,72.3,7.5,66.24,Bottle Gourd
99.63,48.24,88.78,31.52,85.03,8.02,209.83,Coconut
101.78,54.19,68.6,18.95,61.21,5.99,50.49,Cauliflower
64.7,62.64,38.87,28.53,66.58,6.99,55.42,Okra
75.88,45.15,76.2,21.3,66.62,6.77,115.35,Guava
59.89,29.92,36.65,28.57,53.93,6.7,86.43,Groundnut
43.69,27.52,36.63,26.46,63.76,6.8,113.35,Niger Seed
65.62,27.01,39.27,26.5,54.31,6.31,81.71,Okra
26.52,33.68,27.1,25.22,57.96,6.17,59.27,Niger Seed
32.5,40.73,27.56,27.71,59.42,6.43,84.03,Cowpea
26.4,41.82,31.32,21.26,62.04,6.42,81.96,Rajma
46.3,47.73,53.13,27.11,69.96,7.11,81.56,Okra
88.21,57.09,68.56,29.02,60.35,6.43,67.41,Chilli
54.89,28.42,26.62,28.13,52.22,6.4,55.83,Green Gram
46.13,31.94,37.31,25.08,54.2,7.04,55.02,Green Gram
62.76,37.9,26.25,24.76,61.12,6.46,93.69,Finger Millet
42.94,34.52,32.27,19.16,50.71,7.05,54.03,Safflower
51.16,43.96,51.75,30.63,77.08,6.27,71.58,Cucumber
30.62,39.57,25.63,21.39,53.55,7.07,85.58,Field Bean
28.87,28.78,30.22,27.21,55.48,6.19,61.7,Sesame
36.35,30.92,26.58,34.32,49.01,6.18,57.21,Green Gram
57.22,28.47,24.07,26.03,54.35,7.06,80.86,Castor
80.01,61.58,95.99,30.82,73.62,5.35,144.36,Pineapple
35.85,41.35,32.76,34.58,49.48,6.38,89.65,Red Gram
51.3,28.27,22.17,29.9,56.62,6.13,65.51,Sesame
67.46,33.1,62.17,31.6,75.71,7.16,116.24,Pumpkin
44.86,37.01,35.07,20.56,48.55,6.58,84.62,Rajma
34.56,32.16,29.71,24.4,57.21,7.01,69.57,Groundnut
100.37,67.93,90.97,24.31,67.86,6.41,135.6,Papaya
35.14,31.03,27.67,22.01,60.73,6.59,64.7,Radish
125.32,68.25,90.86,21.12,71.95,5.64,67.14,Potato
37.5,43.53,22.03,17.37,52.29,6.85,46.77,Peas
42.42,29.8,48.39,29.91,68.99,6.72,162.4,Cashew
118.74,53.64,120.98,32.26,77.04,7.42,150.67,Banana
76.1,42.9,38.05,15.42,63.14,6.53,57.9,Barley
41.63,34.28,33.82,24.01,47.65,7.56,63.89,Sunflower
50.2,27.59,25.22,30.03,63.98,6.68,88.42,Soybean
46.81,28.17,29.22,26.2,62.16,7.19,77.76,Groundnut
85.93,44.01,92.74,28.31,44.74,6.1,135.93,Guava
59.14,36.37,30.95,30.81,54.24,6.35,53.67,Sunflower
50.82,32.1,20.14,31.28,38.84,7.21,54.78,Pearl Millet
89.11,30.44,19.91,32.68,59.03,7.03,84.67,Castor
78.81,54.72,71.23,19.83,76.39,6.45,79.99,Cabbage
63.39,29.71,25.74,15.69,47.91,6.96,51.88,Linseed
74.65,32.6,26.52,18.08,54.63,6.59,40.79,Mustard
66.29,54.92,63.07,17.1,59.42,6.72,52.86,Garlic
94.87,40.43,78.14,30.17,56.73,6.27,57.3,Pomegranate
83.22,60.73,96.33,30.16,83.4,6.9,258.19,Coconut
58.56,33.94,52.85,29.99,63.59,6.71,96.11,Bottle Gourd
34.8,27.93,33.51,31.25,61.71,6.33,73.79,Horse Gram
65.14,48.72,60.92,23.95,59.02,6.86,50.9,Onion
37.59,32.93,37.05,22.21,54.59,6.36,80.33,Rajma
73.49,34.78,26.43,20.48,43.83,6.84,60.81,Chickpea
68.14,51.08,40.42,27.84,64.47,7.14,62.94,Okra
49.1,43.54,33.03,29.99,47.77,6.89,71.33,Groundnut
102.19,48.49,68.31,19.37,70.62,6.09,73.39,Cabbage
90.39,45.05,48.8,24.41,68.23,6.92,58.54,Cauliflower
43.94,21.64,28.54,21.12,59.68,6.34,65.49,Peas
79.39,54.29,67.38,23.6,49.22,6.37,86.03,Pomegranate
51.64,37.2,32.41,32.98,62.58,7.14,72.24,Sunflower
79.64,47.58,30.62,10.18,60.61,6.74,39.33,Barley
105.96,57.59,95.2,27.64,70.43,6.49,121.89,Orange
88.21,52.73,114.72,29.27,68.76,6.22,174.01,Papaya
37.38,33.13,28.38,28.31,51.8,7.08,47.86,Foxtail Millet
89.26,47.51,77.12,24.33,68.01,6.28,128.07,Guava
59.3,26.57,48.91,25.08,70.5,6.42,206.82,Cashew
54.72,33.73,31.8,29.43,50.91,7.45,85.56,Castor
105.89,80.96,71.2,28.64,89.38,5.71,241.47,Rubber
36.83,23.63,36.02,21.96,48.4,6.35,60.68,Chickpea
77.33,43.21,74.37,26.54,88.71,5.15,248.52,Pineapple
103.29,67.5,84.6,30.76,86.76,5.62,257.79,Rubber
86.52,54.91,53.27,16.58,63.0,6.56,46.66,Onion
51.1,25.16,26.7,28.27,54.75,6.48,59.32,Green Gram
52.09,28.33,29.42,17.92,56.61,6.7,60.99,Radish
35.39,27.43,29.17,30.91,57.53,5.87,75.98,Groundnut
47.45,34.29,42.79,25.46,58.2,6.6,67.98,Foxtail Millet
44.61,31.17,28.24,26.85,55.33,6.78,73.76,Red Gram
27.1,32.37,30.52,24.39,49.87,6.85,123.24,Little Millet
41.75,31.06,27.95,20.1,63.2,6.57,92.76,Rajma
31.89,35.08,30.94,30.72,61.53,6.78,82.07,Cowpea
58.22,33.67,58.29,22.04,53.32,6.3,36.91,Carrot
85.21,47.29,76.25,22.6,57.23,6.53,56.66,Onion
73.64,58.77,54.68,26.12,50.09,6.18,62.0,Pomegranate
45.02,31.4,27.79,21.85,52.55,7.01,71.28,Chickpea
38.54,21.75,32.39,21.62,58.74,6.83,86.02,Rajma
42.88,28.56,35.74,24.7,58.95,6.7,145.45,Finger Millet
90.02,53.53,89.09,22.88,74.04,6.39,80.22,Cabbage
64.82,63.44,91.26,29.98,78.15,6.51,111.43,Orange
97.68,56.49,72.6,18.59,61.21,6.39,40.04,Cauliflower
59.9,38.68,55.19,18.39,44.88,6.23,56.29,Beetroot
43.66,19.68,12.85,21.02,52.33,6.74,46.04,Linseed
99.33,40.65,95.17,28.29,70.75,6.53,181.36,Mango
92.99,43.68,96.77,27.38,52.37,6.81,187.2,Mango
92.0,54.13,54.14,24.14,81.14,5.07,220.17,Tea
89.69,56.97,65.8,18.06,72.24,6.25,63.69,Cauliflower
97.76,58.78,81.94,30.86,79.75,5.22,274.47,Rubber
53.32,32.48,32.88,29.35,59.78,7.23,138.57,Finger Millet
53.87,26.21,32.06,32.62,49.34,7.29,84.51,Groundnut
58.17,28.88,40.38,25.52,47.95,7.2,46.14,Mustard
97.78,80.32,79.25,32.62,70.5,5.2,317.75,Rubber
113.37,46.56,51.22,27.33,88.72,5.98,200.24,Rice
87.09,37.68,59.5,18.56,57.81,6.58,53.35,Garlic
81.61,44.98,48.23,19.78,63.59,6.9,78.54,Cabbage
74.15,53.93,83.25,26.59,53.32,7.15,74.52,Pomegranate
85.31,35.97,94.37,20.7,69.2,5.34,46.35,Potato
87.91,43.98,94.28,25.48,59.87,5.85,108.11,Guava
101.31,58.23,64.87,24.42,82.3,5.87,251.73,Arecanut
40.25,26.39,30.9,26.08,55.41,7.0,86.86,Black Gram
100.75,51.57,93.71,33.12,62.53,6.71,86.89,Grapes
96.04,43.08,102.02,27.75,61.63,6.89,72.05,Grapes
77.69,42.0,63.79,24.55,77.32,5.37,211.88,Coffee
62.41,65.47,64.77,18.52,59.38,6.71,53.44,Garlic
85.43,47.39,29.96,21.73,56.0,6.78,66.57,Maize
90.28,53.18,46.47,17.89,72.05,6.4,101.55,Cauliflower
53.33,37.77,32.59,26.27,58.89,7.12,81.43,Kodo Millet
41.01,22.61,31.11,30.39,61.61,7.39,114.75,Red Gram
80.23,57.09,76.46,17.3,55.88,5.95,131.2,Apple
35.45,39.13,33.56,23.71,61.47,7.03,79.23,Kodo Millet
44.41,29.72,47.78,31.19,77.01,7.26,71.02,Bottle Gourd
73.54,57.65,92.92,23.95,69.7,5.51,74.85,Potato
90.08,59.84,55.95,27.16,55.09,6.47,85.84,Chilli
82.27,53.22,57.26,24.78,74.4,7.25,81.7,Chilli
109.16,47.34,60.7,18.16,66.87,6.13,81.21,Cauliflower
33.57,34.43,19.55,23.37,61.7,6.51,55.27,Peas
97.3,30.56,71.85,22.1,72.63,6.78,68.69,Cabbage
91.49,64.94,95.39,30.24,40.0,7.03,177.0,Mango
39.97,28.35,30.28,23.45,44.7,6.66,61.88,Chickpea
127.9,64.43,127.11,32.39,73.14,6.61,152.21,Banana
82.66,50.93,68.6,13.96,61.48,6.44,108.67,Apple
43.7,23.43,34.67,33.01,53.32,6.25,58.82,Groundnut
54.9,31.82,38.62,28.75,53.07,6.14,79.02,Sunflower
74.0,26.55,27.9,27.4,42.09,7.69,77.89,Pearl Millet
50.97,27.38,26.03,19.88,44.08,8.1,79.45,Linseed
56.45,54.38,96.47,29.52,77.28,6.25,177.93,Litchi
49.94,28.9,32.13,28.33,81.71,6.9,130.44,Finger Millet
39.13,26.48,26.15,30.96,53.46,6.79,53.7,Sesame
36.7,30.8,36.15,32.31,53.67,6.27,96.07,Sesame
61.86,45.02,49.82,19.48,58.6,6.21,59.7,Garlic
112.46,63.87,81.95,23.99,67.39,6.6,71.55,Chilli
33.95,29.83,26.72,24.09,60.3,7.33,129.52,Red Gram
41.82,39.8,20.89,31.22,42.46,6.22,85.6,Red Gram
104.78,55.81,86.83,25.92,61.85,6.84,64.1,Pomegranate
62.29,37.25,42.92,25.06,64.72,6.31,100.26,Maize
56.3,34.12,72.93,22.32,58.4,6.4,55.26,Beetroot
86.25,50.52,103.0,29.82,68.92,6.62,174.36,Papaya
111.08,71.83,133.71,30.08,87.28,7.03,113.15,Banana
68.91,58.85,66.63,18.89,59.13,6.39,51.72,Onion
65.13,37.56,38.44,20.94,78.64,7.01,88.32,Okra
89.18,39.31,101.23,32.56,60.07,6.69,68.08,Grapes
47.72,33.44,34.11,27.54,61.85,6.51,99.41,Finger Millet
91.96,55.11,59.93,19.47,71.76,6.85,69.65,Cauliflower
70.45,38.82,71.43,25.72,70.37,6.48,142.69,Guava
55.51,22.83,23.35,25.47,59.11,6.32,98.34,Little Millet
46.57,25.18,31.92,24.46,47.92,6.96,53.45,Safflower
102.12,57.87,105.92,17.43,68.09,7.32,145.44,Orange
40.0,28.72,56.53,16.13,63.26,6.74,75.02,Beetroot
89.72,49.91,61.92,25.87,77.97,5.41,282.45,Tea
29.51,32.1,33.68,24.79,48.06,6.25,90.0,Field Bean
90.3,65.28,99.63,19.77,71.56,5.36,49.66,Potato
25.55,31.98,32.06,24.7,34.49,6.94,62.71,Horse Gram
30.03,25.94,29.47,28.13,46.32,6.45,156.85,Soybean
72.51,40.52,61.13,24.63,59.63,6.85,56.74,Onion
58.48,38.44,36.58,29.09,61.31,7.12,61.14,Little Millet
58.95,24.54,22.87,31.31,44.43,6.99,79.78,Castor
56.42,28.19,55.49,33.2,78.64,5.95,145.07,Cashew
59.4,35.17,58.21,30.19,71.99,6.4,92.38,Cucumber
55.38,54.95,58.0,16.89,57.17,7.27,30.77,Garlic
39.3,35.76,30.34,17.0,52.28,6.86,51.99,Peas
71.87,40.76,69.38,23.63,86.41,5.71,152.74,Litchi
70.6,26.09,60.6,24.93,70.95,7.34,108.01,Bottle Gourd
54.94,30.0,58.27,19.03,60.65,6.41,45.54,Carrot
62.02,45.12,78.55,28.02,74.82,5.9,269.82,Pineapple
78.72,27.86,81.98,21.86,56.89,7.41,38.52,Garlic
92.27,38.92,47.49,25.07,65.62,6.94,118.74,Guava
56.61,25.49,32.67,22.64,62.48,6.93,54.61,Radish
47.6,39.52,72.8,32.01,68.5,5.89,186.92,Cashew
41.15,20.97,35.54,13.21,54.08,5.97,64.3,Peas
84.4,48.18,80.78,25.36,44.28,6.75,56.58,Pomegranate
37.65,34.98,32.87,18.48,42.67,6.11,82.45,Rajma
75.8,42.96,57.52,21.65,73.85,5.45,203.3,Coffee
68.87,40.22,20.1,26.14,58.86,6.04,49.71,Groundnut
85.26,61.34,74.59,29.27,46.82,6.25,83.35,Chilli
91.7,48.55,68.57,30.29,66.59,6.75,74.08,Chilli
70.22,36.49,50.92,28.45,57.66,6.02,201.13,Cashew
84.39,53.2,62.24,28.01,69.28,6.77,50.0,Onion
77.28,34.19,33.16,19.17,49.52,6.93,65.8,Mustard
93.53,50.21,87.91,29.2,83.39,5.63,283.58,Arecanut
68.22,55.46,63.6,20.79,79.15,5.26,158.86,Coffee
59.85,49.38,89.82,27.68,61.68,6.86,98.96,Pomegranate
74.93,26.82,61.71,20.77,50.27,6.38,58.7,Carrot
50.93,32.99,25.86,23.13,61.61,6.47,145.89,Finger Millet
51.89,20.35,27.97,26.29,49.73,6.44,58.6,Kodo Millet
25.46,29.29,31.99,31.91,47.71,7.03,90.15,Red Gram
70.45,39.58,35.04,26.76,52.97,6.57,64.21,Chilli
93.58,28.62,72.2,25.38,75.24,5.81,187.67,Litchi
40.76,30.38,34.8,30.26,60.74,6.63,88.65,Red Gram
48.94,29.48,31.35,25.43,61.64,7.22,121.21,Finger Millet
115.24,53.65,102.39,20.77,69.05,4.9,64.61,Potato
49.14,35.47,34.32,32.25,54.96,6.24,96.09,Foxtail Millet
48.71,19.66,29.68,29.94,32.59,7.64,73.87,Pearl Millet
75.15,47.9,89.26,23.76,66.92,4.74,207.56,Pineapple
69.83,30.23,26.03,24.61,53.1,6.97,61.31,Sunflower
105.28,82.63,117.6,17.98,72.36,6.27,66.99,Potato
46.88,23.24,70.5,17.39,50.77,6.66,32.04,Carrot
67.81,40.9,57.43,21.27,65.01,6.89,39.65,Garlic
61.44,33.52,20.03,23.54,64.77,6.96,61.06,Foxtail Millet
62.75,23.01,49.96,19.57,55.54,6.71,76.9,Beetroot
90.68,37.82,30.9,14.64,60.84,7.14,79.99,Wheat
68.64,26.88,44.0,28.56,43.98,6.79,88.04,Groundnut
72.61,51.46,55.27,26.21,58.84,6.47,38.42,Onion
44.73,36.19,33.65,20.77,55.37,7.14,54.01,Linseed
89.21,63.89,58.53,19.03,62.41,6.86,58.93,Chilli
61.31,20.91,29.74,27.66,68.31,7.31,116.64,Finger Millet
32.76,32.72,36.25,23.47,52.24,6.62,52.94,Lentil
99.74,57.69,109.93,30.42,72.95,7.12,222.66,Mango
72.0,45.29,87.26,8.33,50.35,6.85,96.9,Apple
50.27,29.41,38.96,27.38,49.79,6.98,68.4,Sesame
76.54,39.71,30.2,20.99,48.99,6.9,67.82,Barley
38.1,26.42,34.08,27.71,61.86,6.84,96.71,Soybean
92.89,45.63,53.28,26.28,79.13,4.89,166.8,Tea
53.25,27.72,27.21,27.99,32.05,6.91,47.94,Sorghum
27.77,23.93,31.81,24.05,55.82,6.04,76.62,Field Bean
61.49,32.68,58.08,25.84,77.51,6.21,230.2,Cashew
60.65,26.85,28.71,21.59,42.49,7.32,118.6,Castor
32.33,36.4,41.36,21.04,55.59,6.28,93.81,Field Bean
71.9,31.28,63.04,33.05,64.71,6.42,205.49,Cashew
64.21,36.0,40.1,31.25,56.72,6.81,67.95,Castor
58.09,28.19,32.07,26.11,43.72,6.34,40.15,Safflower
60.25,38.28,29.48,26.56,81.05,6.27,151.15,Soybean
70.09,27.61,17.33,30.95,56.77,6.38,57.87,Pearl Millet
72.11,41.45,43.96,26.63,67.54,6.38,84.7,Cucumber
30.35,31.55,33.72,28.41,54.24,6.33,128.15,Red Gram
90.76,49.83,18.22,18.74,58.1,6.34,47.82,Barley
112.21,73.08,84.83,22.29,78.13,6.63,102.6,Orange
42.07,28.08,21.7,21.53,44.49,6.85,36.66,Chickpea
92.82,37.83,66.57,22.31,60.71,7.51,43.54,Garlic
77.49,70.04,94.6,18.3,72.82,7.22,196.0,Orange
93.37,47.35,58.25,24.78,75.9,4.49,259.05,Tea
86.14,50.57,87.5,34.3,71.93,6.72,183.54,Arecanut
132.28,50.57,93.03,25.43,70.27,6.47,217.93,Arecanut
81.81,17.86,25.28,30.38,38.98,6.08,52.7,Pearl Millet
74.77,49.09,46.73,18.5,71.26,6.28,69.64,Cauliflower
92.5,53.59,64.01,21.78,75.25,6.6,71.63,Cabbage
83.43,47.05,81.83,11.03,59.89,6.01,135.06,Apple
67.5,28.88,65.99,28.69,76.37,7.03,91.33,Pumpkin
39.61,26.57,33.54,25.72,51.07,6.64,123.6,Kodo Millet
53.96,35.43,30.84,21.38,48.98,6.53,70.33,Mustard
15.88,27.7,31.29,28.71,62.37,5.8,58.39,Niger Seed
67.89,32.82,34.49,17.1,58.78,6.48,44.48,Mustard
81.44,47.91,59.67,22.46,74.52,5.79,197.67,Litchi
67.25,55.29,57.28,23.26,56.35,6.61,93.2,Chilli
35.87,32.58,28.15,21.31,53.41,6.95,50.96,Peas
88.59,57.03,84.26,27.24,79.5,5.86,198.97,Arecanut
43.08,31.13,25.22,23.31,64.25,5.83,78.39,Niger Seed
112.32,51.8,98.52,31.66,86.68,7.16,233.55,Coconut
35.4,37.13,32.53,30.82,35.9,6.21,80.14,Sesame
54.55,27.71,68.9,25.84,68.67,6.66,83.71,Bottle Gourd
65.41,48.33,75.37,26.84,62.75,6.29,147.03,Guava
53.74,31.62,68.35,26.59,73.98,6.93,44.49,Pumpkin
114.09,61.84,122.25,26.53,77.19,6.64,195.68,Banana
81.64,54.56,89.62,30.68,89.88,8.33,248.5,Coconut
39.27,34.42,31.57,20.78,58.65,6.45,61.24,Linseed
43.7,31.27,23.96,22.8,65.13,6.88,75.97,Soybean
45.41,29.84,27.71,26.84,51.52,6.26,89.55,Field Bean
98.52,52.77,60.92,20.46,61.02,6.25,101.22,Cauliflower
23.58,25.16,21.94,27.31,51.96,6.53,115.67,Niger Seed
45.83,29.01,32.1,24.34,65.11,6.12,101.34,Little Millet
54.27,23.86,19.87,28.93,52.05,5.97,94.08,Finger Millet
82.7,56.64,76.1,14.35,60.21,5.99,102.68,Apple
28.45,22.78,28.77,28.81,56.59,5.56,56.91,Sesame
58.38,21.3,29.14,26.37,53.01,6.78,89.69,Foxtail Millet
96.37,61.98,76.43,27.45,83.39,5.91,291.21,Rubber
52.69,54.81,52.51,28.14,60.31,6.4,87.11,Cucumber
39.92,35.06,33.95,23.02,51.56,6.36,60.03,Safflower
30.68,21.91,38.84,23.54,55.73,6.21,64.44,Foxtail Millet
46.04,34.73,31.33,18.74,62.97,7.3,52.47,Radish
63.56,43.05,96.87,23.2,66.42,6.74,88.32,Guava
85.44,56.64,77.49,30.27,90.48,5.69,300.55,Rubber
55.52,37.13,21.82,32.39,45.58,7.22,57.22,Pearl Millet
96.23,50.01,101.75,29.55,86.91,6.66,249.88,Coconut
70.85,41.68,56.99,26.2,60.1,6.22,73.49,Onion
102.24,67.61,114.85,29.12,69.37,6.38,112.22,Papaya
47.02,33.51,38.56,27.68,51.74,6.84,110.75,Red Gram
79.41,48.45,67.91,16.97,50.2,6.75,56.22,Onion
44.2,30.91,51.02,23.75,61.67,6.74,57.06,Beetroot
28.47,28.58,34.64,27.51,56.59,7.25,71.61,Horse Gram
35.5,29.27,32.15,15.61,54.44,7.75,43.08,Safflower
16.82,28.41,32.72,16.61,64.24,7.22,48.45,Peas
59.8,28.71,26.04,31.25,60.36,6.93,72.09,Castor
82.16,61.95,55.59,22.5,66.96,6.63,78.09,Tomato
44.31,24.62,31.37,22.13,44.33,7.04,54.51,Mustard
105.25,52.0,81.08,28.15,77.57,5.93,244.18,Arecanut
39.57,31.79,23.73,21.08,51.11,6.78,77.94,Field Bean
67.4,34.27,55.09,17.48,66.71,6.96,59.14,Beetroot
111.62,46.45,107.04,29.81,69.16,6.26,166.18,Mango
124.55,70.29,102.21,30.18,71.04,7.19,188.14,Banana
38.21,32.65,32.51,29.41,51.07,7.03,89.41,Green Gram
63.83,34.83,29.02,18.99,51.02,6.4,63.6,Radish
92.39,43.12,57.79,21.55,66.77,6.65,79.96,Cabbage
89.06,49.56,75.29,24.37,71.43,5.96,171.99,Pineapple
67.85,28.59,29.04,11.2,45.25,6.56,46.79,Mustard
50.05,29.57,29.93,22.0,64.89,7.21,43.45,Radish
103.42,52.71,106.81,22.69,61.83,6.35,83.66,Grapes
37.77,35.21,36.54,26.6,36.33,7.19,69.33,Safflower
86.24,49.36,65.98,18.13,63.88,6.61,114.72,Apple
49.53,22.16,29.59,32.02,64.45,6.42,81.51,Castor
96.88,75.49,96.41,32.68,61.93,6.68,97.92,Mango
86.85,38.01,32.66,17.68,54.83,6.94,53.0,Barley
77.27,55.88,67.99,23.62,64.4,6.17,88.51,Cabbage
100.81,50.21,105.24,27.62,89.05,7.49,204.84,Coconut
62.07,36.17,30.48,34.23,43.04,6.95,48.12,Pearl Millet
62.01,53.25,64.89,19.18,67.73,6.62,74.37,Cabbage
103.65,44.84,100.74,22.97,66.8,6.66,56.19,Grapes
59.32,33.45,42.85,30.86,80.01,6.69,66.86,Bottle Gourd
87.98,61.28,55.47,26.42,68.87,7.41,48.08,Brinjal
38.76,24.85,32.05,23.74,68.98,6.73,49.73,Field Bean
89.96,48.13,43.57,23.76,68.51,6.6,97.28,Okra
58.38,27.25,30.6,30.76,60.25,6.76,53.52,Castor
57.68,26.09,18.65,35.83,56.95,7.1,82.82,Sorghum
53.13,21.97,30.53,29.59,62.12,5.98,148.91,Finger Millet
94.77,76.85,68.33,30.24,68.83,6.85,78.13,Chilli
72.16,39.17,29.69,14.39,55.68,6.8,46.27,Mustard
40.54,32.63,27.5,26.56,46.73,6.97,72.56,Chickpea
85.94,57.35,56.01,24.29,56.82,6.92,62.27,Chilli
101.09,36.14,66.9,28.97,66.52,6.58,148.95,Guava
90.11,43.72,24.77,14.48,56.85,6.8,52.6,Barley
80.37,36.9,75.7,24.23,69.04,6.01,121.44,Guava
91.96,85.84,125.53,30.96,71.97,6.41,134.61,Papaya
75.79,45.34,63.05,20.29,61.15,6.2,67.94,Garlic
80.24,33.37,26.4,16.7,61.39,7.16,61.22,Barley
80.97,42.31,78.75,28.24,51.1,6.98,57.7,Pomegranate
57.81,42.97,26.43,17.52,61.85,6.49,68.0,Radish
60.51,25.61,62.77,27.55,66.52,7.42,86.14,Pumpkin
71.29,31.08,23.78,29.48,49.03,6.86,69.11,Sorghum
39.28,34.62,25.8,21.36,43.12,6.44,78.27,Chickpea
116.26,45.64,56.12,18.47,74.35,6.35,69.68,Cauliflower
101.52,75.83,100.09,35.69,72.56,6.75,213.53,Mango
52.19,37.63,26.73,29.29,61.63,6.31,67.02,Foxtail Millet
71.81,24.86,48.82,20.03,58.08,6.4,67.29,Carrot
52.8,26.04,75.86,30.41,73.03,6.8,89.04,Bottle Gourd
69.25,42.11,43.41,22.66,73.28,6.39,79.78,Cucumber
42.22,35.22,29.53,26.44,56.13,6.12,104.82,Little Millet
98.09,51.89,82.02,19.71,65.06,6.24,112.01,Orange
63.04,20.02,32.77,30.76,46.88,6.4,80.8,Foxtail Millet
65.34,28.59,35.91,15.55,52.16,6.85,36.66,Mustard
44.95,33.93,38.94,28.63,56.05,6.17,95.26,Kodo Millet
35.34,29.62,26.01,21.57,44.91,6.48,63.29,Lentil
59.69,54.02,87.5,26.14,83.5,5.27,244.18,Pineapple
52.42,37.1,63.48,26.63,73.6,6.54,68.62,Bottle Gourd
60.41,31.54,30.94,24.21,54.72,6.61,90.03,Soybean
102.05,69.11,106.68,28.65,77.14,5.87,68.59,Mango
89.38,42.43,71.87,22.65,69.43,7.03,137.65,Guava
50.26,27.71,42.76,21.7,60.72,6.73,53.69,Linseed
98.88,61.85,95.08,17.98,81.68,6.03,84.75,Potato
68.28,48.17,53.59,23.27,64.09,6.48,52.4,Onion
70.8,25.26,70.03,21.26,64.27,6.69,57.59,Beetroot
71.26,45.71,78.67,24.65,76.81,5.89,180.08,Litchi
91.95,71.01,100.71,30.08,69.74,6.75,107.54,Papaya
59.48,39.74,27.45,15.39,55.07,6.77,43.08,Mustard
80.16,48.5,61.16,13.96,63.65,5.78,104.21,Apple
107.76,51.0,86.33,23.08,77.36,5.95,234.35,Arecanut
80.64,46.99,107.56,26.94,57.77,6.33,65.89,Grapes
66.95,44.87,49.21,23.32,66.34,6.4,80.39,Cucumber
60.24,32.46,28.25,13.98,48.92,6.27,46.33,Mustard
57.31,35.88,66.87,27.36,78.83,6.54,52.9,Bottle Gourd
47.47,29.15,23.98,15.31,56.59,6.88,55.46,Mustard
69.45,28.76,30.73,31.68,69.76,6.34,92.37,Castor
101.57,57.78,57.05,24.96,75.28,7.25,72.41,Brinjal
102.64,51.43,72.56,26.87,57.85,6.57,62.38,Onion
64.45,28.43,29.44,25.82,58.77,6.83,119.16,Castor
30.94,32.39,20.29,25.78,53.31,6.31,93.16,Niger Seed
90.55,44.72,71.76,26.22,58.29,6.3,69.59,Onion
60.32,20.96,49.58,34.25,75.83,6.04,143.85,Cashew
59.22,29.73,25.15,20.41,71.23,6.89,97.71,Soybean
77.89,33.87,56.15,29.59,70.77,6.76,81.6,Bottle Gourd
59.33,33.27,57.83,32.73,65.99,5.51,157.04,Cashew
59.55,41.56,49.45,21.03,63.85,6.91,42.77,Beetroot
26.17,35.8,31.21,28.43,70.42,6.02,81.32,Black Gram
40.92,31.87,28.61,25.97,51.37,6.63,85.52,Cowpea
40.25,32.14,40.64,18.05,53.64,7.08,44.89,Radish
50.12,28.92,33.42,17.77,48.49,6.62,61.67,Linseed
43.55,29.24,30.16,30.16,59.67,6.15,76.7,Cowpea
38.56,38.17,37.22,24.7,68.28,6.56,44.96,Peas
73.91,34.54,61.57,24.02,65.53,6.12,37.09,Carrot
100.0,50.85,109.93,26.21,67.46,6.38,96.32,Grapes
80.52,60.77,55.4,22.21,72.17,6.63,83.59,Cabbage
29.74,24.36,27.91,23.61,48.88,6.4,71.33,Horse Gram
96.98,44.07,51.75,31.17,70.23,7.07,67.32,Okra
46.62,41.41,36.97,21.51,60.95,6.55,54.94,Radish
80.09,66.53,65.57,25.57,66.1,6.66,71.61,Chilli
77.62,43.21,26.33,20.25,50.84,6.7,39.9,Barley
102.19,57.17,49.6,28.01,64.58,5.82,203.98,Rice
91.35,67.57,109.89,31.95,68.65,6.83,181.64,Mango
88.76,35.87,84.54,25.78,83.77,5.55,217.99,Pineapple
85.19,69.76,92.92,26.36,68.59,6.51,115.92,Orange
94.56,48.74,72.2,19.85,75.07,6.74,86.34,Cabbage
35.31,36.89,26.91,28.26,38.4,6.86,129.2,Red Gram
87.04,39.45,87.16,15.33,57.08,5.58,44.18,Pomegranate
67.24,28.44,25.85,23.26,49.21,7.83,101.02,Finger Millet
38.33,32.05,23.84,28.22,41.82,5.67,70.45,Horse Gram
96.7,42.26,46.05,22.0,75.74,6.03,206.3,Coffee
85.78,52.78,83.94,21.63,85.05,6.03,167.47,Pineapple
36.03,31.77,27.24,18.82,58.23,6.9,67.28,Peas
30.15,36.49,27.32,28.77,61.72,6.82,55.68,Sesame
92.42,39.75,85.19,20.51,62.93,6.3,107.35,Apple
102.89,51.84,59.24,22.9,88.55,5.64,200.94,Rice
64.53,22.91,39.32,24.37,60.91,7.26,63.96,Bottle Gourd
109.28,50.65,120.57,35.05,90.12,5.55,253.57,Coconut
138.53,64.58,129.51,33.49,80.25,7.03,201.62,Banana
20.75,34.65,24.61,23.44,56.94,7.14,69.49,Peas
97.25,69.15,59.12,31.62,54.38,6.19,82.06,Chilli
44.17,33.77,28.74,29.08,71.01,6.92,90.38,Black Gram
97.9,36.99,26.83,18.38,38.54,6.93,75.42,Wheat
51.99,24.71,35.28,25.49,55.26,6.9,77.56,Foxtail Millet
39.18,31.58,31.96,23.52,38.48,6.75,38.46,Safflower
35.3,33.82,29.45,29.08,55.04,6.55,75.55,Sesame
48.48,28.28,29.45,29.33,57.52,6.63,132.98,Red Gram
108.25,67.48,77.31,32.11,75.73,5.08,302.11,Rubber
29.18,35.3,36.29,24.5,62.83,6.44,104.74,Niger Seed
49.4,24.0,22.35,28.57,54.58,6.63,66.48,Green Gram
28.02,33.04,22.11,18.07,58.43,7.28,66.61,Peas
73.02,26.32,63.45,29.02,67.19,6.87,58.23,Bottle Gourd
108.38,44.65,54.04,26.69,86.61,6.47,181.43,Rice
108.49,45.19,71.17,31.78,84.59,6.02,295.53,Rubber
46.56,31.09,28.29,27.55,50.03,7.47,53.14,Sorghum
61.86,29.8,50.16,24.39,71.99,6.36,68.51,Pumpkin
87.58,44.46,41.36,25.25,66.74,6.31,126.94,Maize
95.83,58.16,56.91,24.46,83.46,5.23,235.33,Tea
88.68,41.92,29.77,21.45,63.85,6.25,51.67,Barley
80.31,36.55,45.46,26.13,82.2,7.24,51.72,Okra
60.28,27.04,60.34,29.31,70.26,6.47,56.59,Bottle Gourd
50.72,27.43,32.69,20.78,48.39,5.99,77.41,Linseed
78.39,35.0,44.74,20.22,81.45,5.55,174.35,Coffee
101.36,48.43,100.29,30.58,67.58,6.75,171.52,Mango
126.99,77.43,116.41,27.9,77.19,7.15,184.1,Banana
75.64,38.93,49.09,29.16,60.65,7.31,73.99,Okra
81.39,55.63,92.82,33.04,84.95,6.05,253.07,Coconut
71.96,26.22,70.38,25.5,72.7,6.62,103.58,Pumpkin
78.84,50.11,64.63,22.48,56.38,6.32,62.64,Onion
82.33,50.53,72.04,22.54,71.56,7.08,72.04,Cauliflower
42.19,22.9,27.06,29.85,51.22,5.03,67.04,Cowpea
45.22,22.05,33.7,27.1,56.93,6.96,64.44,Safflower
80.6,45.63,72.37,12.46,59.89,5.75,134.41,Apple
53.38,43.57,47.48,23.42,69.05,5.59,137.74,Coffee
52.82,40.0,61.11,17.85,57.36,6.9,56.59,Beetroot
79.24,42.12,76.69,21.74,62.94,6.38,129.64,Guava
36.98,32.33,39.48,17.2,43.24,7.64,60.49,Chickpea
79.22,42.71,34.9,14.99,65.53,7.01,63.08,Wheat
93.63,44.97,31.52,12.37,63.11,6.29,69.7,Wheat
90.21,56.78,97.65,23.26,86.66,5.99,212.66,Arecanut
106.18,51.92,45.21,22.81,94.87,4.86,250.2,Tea
60.22,34.45,23.04,31.57,49.35,7.53,66.89,Pearl Millet
35.83,26.11,20.92,25.84,48.52,7.31,67.02,Horse Gram
106.94,49.42,77.53,19.57,79.48,4.98,179.44,Tea
69.63,51.91,44.66,28.88,72.25,6.53,56.0,Cucumber
87.46,38.16,52.41,27.81,72.76,6.42,76.62,Cucumber
72.82,22.1,35.66,31.93,52.43,6.77,65.68,Sunflower
31.21,28.85,26.8,32.24,56.34,6.32,60.63,Horse Gram
116.06,50.08,97.09,32.59,81.02,5.9,260.26,Arecanut
86.31,51.96,101.16,30.13,71.01,6.77,264.79,Coconut
31.55,28.48,40.17,27.86,49.63,6.55,60.05,Horse Gram
35.8,27.89,24.86,24.03,55.6,7.27,76.96,Foxtail Millet
55.24,24.26,32.32,20.72,50.39,6.37,58.68,Mustard
80.59,45.51,40.33,30.58,57.55,5.63,111.34,Maize
94.19,34.98,23.54,15.14,56.8,7.04,57.48,Barley
92.79,55.24,78.31,26.17,80.78,6.32,162.62,Pineapple
74.63,55.5,73.77,23.39,79.86,4.14,313.47,Pineapple
88.0,61.26,83.8,23.91,63.67,7.08,151.83,Orange
93.35,63.14,59.05,26.12,67.36,6.93,93.05,Chilli
83.24,48.62,67.16,24.98,74.82,6.4,87.64,Guava
121.25,51.3,60.06,18.51,70.37,6.19,87.01,Cauliflower
96.54,60.16,101.63,31.71,60.55,6.35,129.26,Papaya
102.2,55.16,92.66,20.55,52.32,6.18,68.98,Grapes
91.22,35.78,93.12,14.26,64.98,6.3,94.76,Apple
102.24,52.95,41.35,18.98,71.2,5.89,183.06,Rice
76.21,46.62,85.0,28.35,64.32,6.23,210.84,Litchi
46.7,33.08,29.42,23.32,67.1,7.06,115.26,Foxtail Millet
47.8,32.23,30.99,24.36,56.91,7.53,59.91,Safflower
69.39,51.55,94.87,7.28,58.72,5.88,101.3,Apple
45.18,34.26,22.95,21.12,56.99,6.6,50.2,Lentil
62.76,22.17,23.97,31.34,49.34,7.21,68.42,Pearl Millet
19.47,31.38,35.6,18.03,54.99,6.55,37.3,Lentil
45.4,29.4,34.99,19.66,49.64,7.68,59.58,Linseed
30.88,37.26,22.76,28.66,55.02,6.78,83.86,Green Gram
49.41,28.46,46.74,30.53,61.67,6.7,157.83,Cashew
95.71,44.42,24.67,21.25,62.02,6.96,70.59,Barley
63.8,40.39,37.21,19.74,58.16,7.2,63.06,Barley
85.82,50.59,49.17,26.26,73.01,6.91,65.69,Okra
106.49,49.27,95.21,32.03,57.04,7.09,80.14,Grapes
90.01,53.17,113.48,19.79,79.56,6.15,72.68,Potato
51.73,33.54,24.06,23.1,52.91,7.02,56.27,Safflower
61.2,32.11,35.83,19.3,50.66,6.98,80.48,Chickpea
70.13,38.11,94.91,27.76,82.66,6.03,263.09,Pineapple
106.97,50.76,120.32,23.65,60.95,6.49,59.24,Grapes
90.76,65.38,66.87,26.42,69.9,7.39,92.96,Brinjal
104.62,56.9,74.57,19.21,81.12,4.83,201.66,Tea
47.74,30.9,16.39,29.71,62.66,6.72,67.76,Sesame
71.59,30.95,29.04,15.12,57.93,7.14,52.52,Barley
75.78,47.76,51.35,24.02,81.93,4.94,203.15,Coffee
98.54,52.38,47.08,15.93,71.03,6.46,75.92,Cabbage
33.71,36.52,34.44,18.9,46.95,6.93,64.72,Peas
109.41,48.36,46.86,33.66,81.86,6.26,209.64,Rice
106.08,51.78,131.51,23.52,69.46,5.68,118.1,Orange
110.99,48.39,99.52,19.49,59.89,7.13,65.71,Grapes
38.46,29.06,28.64,24.04,62.0,6.32,98.71,Niger Seed
70.82,46.26,82.2,30.37,59.42,7.09,82.33,Pomegranate
88.55,47.48,49.23,19.38,69.6,5.43,207.63,Tea
52.33,39.24,29.09,24.67,59.7,6.37,84.28,Little Millet
52.66,29.61,65.21,25.54,63.04,6.67,51.81,Beetroot
56.95,51.23,38.48,30.3,69.34,6.44,69.22,Cucumber
30.46,43.58,30.17,16.93,51.11,6.09,66.84,Peas
39.01,25.39,33.62,29.32,56.86,6.79,91.12,Sorghum
29.69,35.47,25.43,23.59,66.25,5.85,102.35,Niger Seed
70.17,33.12,68.0,24.52,61.02,6.79,35.7,Garlic
26.45,26.02,28.97,32.07,61.44,6.45,59.26,Sesame
79.71,38.62,76.2,18.2,62.95,5.95,52.14,Garlic
58.85,26.41,19.58,27.58,59.51,6.09,59.09,Groundnut
52.2,29.98,48.64,31.38,66.13,6.38,63.14,Bottle Gourd
53.85,27.57,64.01,27.62,73.84,5.96,147.4,Cashew
61.29,31.19,43.82,27.8,56.72,6.4,76.66,Kodo Millet
53.85,22.07,74.53,22.22,54.0,6.21,38.83,Carrot
45.58,25.75,28.79,33.77,49.1,8.41,98.92,Sorghum
27.09,29.35,39.44,31.72,46.13,6.77,46.62,Horse Gram
36.58,28.11,37.55,29.71,62.63,6.48,94.58,Sesame
101.93,62.47,83.69,32.48,84.43,6.48,151.38,Arecanut
79.56,52.46,73.79,28.36,72.99,6.96,105.24,Guava
108.05,49.61,60.68,23.44,71.07,6.47,89.01,Cabbage
40.34,34.38,37.81,23.94,62.85,6.19,112.67,Finger Millet
56.53,28.37,33.13,15.76,46.81,6.11,52.14,Linseed
65.69,55.52,86.03,13.22,57.61,5.97,149.62,Apple
47.77,32.01,34.48,29.49,47.27,6.57,103.0,Little Millet
26.63,24.98,31.72,33.63,52.32,6.65,35.95,Horse Gram
61.4,40.17,29.65,22.18,59.36,6.73,95.3,Sunflower
90.14,41.98,62.53,25.45,66.87,6.43,104.05,Brinjal
58.79,29.99,67.3,24.55,76.71,6.63,58.85,Bottle Gourd
76.5,31.14,42.88,18.81,62.12,6.74,59.66,Beetroot
52.63,23.17,34.91,27.11,58.9,5.6,90.83,Kodo Millet
51.44,24.44,58.89,23.49,71.84,7.73,69.97,Bottle Gourd
81.29,37.73,43.06,18.98,46.69,6.7,62.17,Barley
79.14,38.2,62.45,28.31,72.5,6.32,182.77,Litchi
29.86,32.17,26.46,23.24,55.53,6.38,98.48,Sesame
80.57,38.12,35.23,19.32,56.92,7.28,89.62,Wheat
74.52,51.63,73.97,32.12,65.0,6.34,83.15,Pomegranate
72.76,27.43,30.27,32.8,55.29,7.7,84.22,Sorghum
36.15,34.04,31.64,20.03,54.12,6.36,102.26,Rajma
78.0,66.88,79.02,16.08,70.27,6.29,56.95,Potato
49.65,33.34,36.12,25.68,61.88,6.08,105.88,Finger Millet
31.39,34.38,35.49,28.66,52.61,6.55,95.59,Black Gram
81.87,40.49,78.18,27.95,55.05,6.21,53.33,Pomegranate
56.24,29.75,49.98,27.9,74.3,6.91,50.0,Bottle Gourd
47.09,26.96,24.61,26.92,68.3,6.72,69.88,Kodo Millet
76.81,28.96,37.49,17.57,49.43,7.47,46.55,Mustard
104.51,42.74,127.72,20.24,69.33,5.89,33.81,Potato
90.97,46.44,79.07,17.22,75.25,5.47,165.35,Coffee
62.25,33.25,66.29,25.67,62.68,6.84,70.01,Beetroot
96.44,54.1,44.85,27.15,86.34,6.56,247.61,Rice
70.14,25.71,26.83,37.53,29.33,6.51,57.03,Sorghum
32.13,28.6,28.72,20.67,50.43,6.99,71.59,Peas
103.37,50.35,84.29,31.46,82.71,6.28,180.56,Arecanut
72.1,35.9,19.13,24.48,65.34,6.8,65.09,Sunflower
76.74,40.83,86.1,29.65,73.54,5.93,155.74,Litchi
70.56,26.36,32.19,28.35,54.98,7.09,62.78,Castor
43.93,24.81,31.2,27.07,53.77,7.13,74.36,Groundnut
67.64,36.84,32.19,18.76,63.06,6.4,58.24,Barley
102.5,82.79,102.41,29.41,57.65,6.08,137.72,Mango
20.98,24.82,26.98,23.2,55.2,6.19,110.83,Rajma
51.45,32.6,29.11,22.0,56.76,6.45,40.52,Lentil
56.44,36.78,35.03,16.73,49.65,6.53,60.94,Linseed
47.32,34.04,31.43,16.25,51.56,6.56,53.45,Mustard
76.23,58.07,102.96,30.51,70.03,6.59,111.38,Papaya
41.12,29.98,57.64,18.15,56.83,6.65,62.92,Beetroot
48.15,27.59,25.91,30.61,44.06,7.34,61.71,Pearl Millet
106.16,50.16,48.45,29.51,84.54,6.8,246.7,Rice
28.95,39.37,28.33,26.09,56.95,7.18,84.27,Field Bean
103.41,67.81,103.04,23.74,71.23,6.55,98.26,Papaya
26.16,25.31,30.15,27.96,54.62,5.77,80.21,Cowpea
74.2,36.07,26.7,22.41,53.39,6.92,28.51,Mustard
39.56,22.73,34.7,23.91,66.97,6.47,103.11,Kodo Millet
49.39,35.52,28.54,14.87,60.43,7.14,54.67,Mustard
41.3,33.34,26.16,25.6,45.79,6.46,95.96,Red Gram
66.38,40.99,27.26,18.63,57.44,7.22,63.45,Barley
88.2,39.39,32.8,22.48,48.22,6.49,85.17,Wheat
77.99,43.17,79.52,5.6,47.02,6.24,89.0,Apple
80.37,39.49,77.99,24.37,85.11,5.37,149.37,Pineapple
90.91,62.66,82.22,29.09,60.34,6.67,121.54,Guava
36.71,30.05,30.65,19.76,50.35,6.84,62.4,Peas
66.55,59.05,39.1,25.48,56.53,6.6,67.37,Okra
130.31,62.58,117.41,22.25,84.07,6.58,241.56,Banana
74.14,34.72,46.4,22.33,76.02,7.28,65.42,Bottle Gourd
39.83,31.7,36.74,29.93,61.77,6.66,53.73,Green Gram
68.2,50.13,72.63,18.03,64.16,6.96,60.32,Garlic
62.06,31.93,93.37,18.51,61.22,6.57,46.26,Carrot
96.64,52.67,59.91,23.63,71.86,6.5,98.41,Tomato
63.13,36.75,62.12,19.89,64.97,6.53,67.61,Beetroot
89.61,56.3,44.88,16.97,66.97,6.61,70.14,Cabbage
52.36,34.87,37.23,20.26,45.32,7.77,66.15,Peas
67.9,23.27,37.77,32.78,35.05,6.81,41.58,Pearl Millet
41.08,35.83,25.65,19.95,58.1,6.21,98.13,Rajma
102.39,55.12,99.17,34.94,96.06,6.36,269.49,Coconut
54.97,22.26,26.69,28.53,33.74,6.46,62.01,Pearl Millet
74.4,34.47,29.56,17.97,43.6,6.8,65.51,Barley
26.55,32.53,30.34,25.28,56.83,7.16,75.73,Foxtail Millet
70.4,48.25,98.91,16.62,60.3,6.28,57.78,Garlic
95.67,44.65,51.81,27.52,91.82,4.99,267.54,Tea
96.58,77.63,70.32,33.32,81.81,4.71,295.42,Rubber
55.44,37.93,24.33,26.13,60.08,6.92,114.38,Soybean
49.29,22.77,24.33,17.4,46.39,6.56,77.24,Linseed
77.36,52.47,76.36,18.07,66.09,6.86,73.96,Cauliflower
45.42,27.91,21.28,26.55,61.97,6.65,108.74,Soybean
74.26,43.67,100.33,32.86,50.58,6.17,66.73,Pomegranate
62.16,32.28,56.2,26.72,74.12,6.18,185.64,Cashew
59.38,27.23,35.3,33.54,68.4,7.13,84.88,Groundnut
49.51,24.97,31.73,15.17,55.59,6.61,38.4,Radish
64.04,34.42,27.26,26.94,58.65,7.21,92.77,Red Gram
70.25,23.05,28.43,28.19,43.72,6.52,71.32,Sunflower
60.96,29.14,29.65,35.16,48.45,6.42,70.05,Pearl Millet
54.44,25.9,36.92,20.44,45.62,7.0,59.71,Linseed
42.35,27.68,26.24,33.1,51.98,6.6,85.38,Castor
67.84,53.67,47.08,29.79,67.44,6.7,63.97,Okra
56.28,41.94,63.46,18.0,69.76,6.27,54.7,Garlic
114.19,41.51,88.51,33.09,78.12,5.73,198.64,Arecanut
96.1,44.8,52.24,32.36,70.76,5.75,160.53,Rice
115.74,51.88,106.36,26.87,54.88,6.63,87.23,Grapes
30.13,36.82,25.42,28.65,46.94,6.64,70.39,Green Gram
101.35,48.67,94.05,22.46,90.98,5.78,224.81,Arecanut
92.41,59.52,91.59,20.33,72.35,5.48,54.69,Potato
50.86,28.43,27.48,27.1,58.93,6.88,55.88,Little Millet
54.77,24.34,36.72,12.61,49.02,6.53,47.79,Mustard
53.45,28.28,26.45,26.33,42.89,6.19,114.29,Little Millet
74.27,29.78,25.53,24.7,52.48,6.73,48.83,Sunflower
57.88,22.65,24.4,25.69,62.38,6.37,110.02,Soybean
49.47,35.96,22.47,26.61,59.27,7.44,91.83,Kodo Millet
63.15,38.12,40.66,27.53,68.97,6.33,81.15,Cucumber
115.14,48.98,75.05,18.28,72.16,6.49,58.11,Cauliflower
43.1,32.26,30.83,18.29,44.01,7.4,77.05,Chickpea
90.74,65.24,86.24,35.2,88.94,5.69,354.92,Rubber
90.35,52.53,100.03,26.7,72.49,5.82,60.79,Potato
83.26,42.49,86.42,20.34,53.59,6.4,120.33,Apple
79.37,48.34,78.3,33.95,60.95,6.84,113.77,Guava
34.9,33.9,26.43,12.54,48.75,6.63,51.78,Peas
64.11,36.31,29.97,31.14,56.95,6.53,106.27,Castor
60.54,51.89,38.4,29.32,71.93,6.24,85.6,Cucumber
68.84,27.3,59.82,20.52,56.98,6.76,55.63,Garlic
106.05,56.74,85.2,28.86,76.49,7.31,241.97,Coconut
34.04,32.14,37.24,26.7,40.75,5.94,78.72,Cowpea
61.76,32.14,58.03,28.08,73.68,6.36,78.05,Pumpkin
61.45,55.02,83.34,26.91,57.08,6.84,127.76,Guava
47.69,71.37,59.2,25.26,64.74,6.17,101.01,Tomato
89.81,57.18,44.09,23.37,69.28,6.58,119.5,Maize
48.67,30.08,31.07,25.85,57.3,6.52,64.43,Little Millet
67.51,31.61,29.63,35.96,39.09,6.97,64.41,Pearl Millet
49.42,25.91,26.15,22.3,65.11,6.39,43.82,Radish
140.3,60.99,120.12,29.4,79.76,7.15,120.38,Banana
43.73,32.66,25.53,19.5,53.89,6.22,25.57,Lentil
38.46,29.02,26.11,24.37,56.14,6.87,71.87,Castor
53.8,35.13,30.43,21.43,45.89,6.93,33.65,Lentil
79.24,43.8,36.93,20.57,46.68,6.42,66.5,Barley
55.1,35.62,35.07,27.35,65.94,6.38,107.75,Castor
33.94,28.74,20.66,20.31,67.85,6.67,76.09,Peas
61.93,27.81,20.24,22.7,47.43,6.55,49.89,Lentil
73.28,38.33,58.68,18.97,71.54,6.2,71.4,Cauliflower
43.45,19.22,28.76,19.85,41.0,7.45,74.8,Safflower
88.75,52.84,92.74,22.45,71.16,6.45,46.96,Potato
54.63,25.59,32.32,26.93,55.75,7.64,60.58,Sorghum
39.73,35.25,21.66,13.34,52.45,6.48,50.96,Peas
40.79,30.92,31.17,25.38,61.7,6.68,92.92,Cowpea
103.85,42.16,43.03,23.54,64.81,7.0,87.55,Tomato
21.41,33.88,29.61,26.6,44.55,7.56,55.68,Horse Gram
75.91,55.35,48.6,22.68,64.03,6.36,59.18,Onion
50.23,32.35,37.65,34.76,60.99,6.51,94.12,Castor
90.85,46.04,16.3,19.55,44.98,6.86,60.86,Wheat
89.56,49.43,105.94,23.83,67.59,6.43,88.52,Grapes
89.5,48.76,61.88,21.66,70.93,6.3,119.74,Tomato
38.09,26.24,28.98,25.17,50.8,5.85,59.64,Foxtail Millet
43.12,38.26,31.62,22.45,55.02,6.15,54.01,Radish
133.86,56.34,120.44,28.76,81.38,6.6,239.96,Coconut
88.31,54.3,101.16,30.01,65.78,6.68,55.88,Grapes
80.09,58.09,63.48,17.27,74.0,6.19,68.38,Cauliflower
52.91,34.66,36.5,28.61,63.03,6.64,71.96,Black Gram
48.53,27.38,34.72,24.18,62.76,6.45,116.55,Finger Millet
47.64,34.31,33.37,30.75,49.23,7.38,56.5,Pearl Millet
62.51,31.45,54.72,21.29,69.27,6.43,74.0,Bottle Gourd
59.67,52.3,47.98,19.72,75.76,6.57,66.82,Cauliflower
65.37,46.45,76.18,14.33,54.42,6.14,116.86,Apple
49.84,58.47,54.23,30.51,76.63,6.49,91.01,Cucumber
77.04,45.74,48.89,24.04,75.06,5.62,203.22,Coffee
35.07,28.0,22.21,22.06,51.72,6.56,67.74,Safflower
46.48,27.42,20.81,27.34,72.35,6.3,74.2,Soybean
62.12,43.36,72.66,23.85,59.1,6.28,33.62,Garlic
94.67,48.6,64.73,18.06,65.69,6.68,81.78,Cauliflower
29.43,24.85,33.18,29.32,49.3,7.54,46.22,Horse Gram
107.76,47.25,75.53,20.33,66.32,6.84,87.33,Cabbage
48.19,38.65,34.46,34.63,51.28,6.16,88.56,Green Gram
64.03,38.84,72.33,16.04,66.94,6.29,41.77,Garlic
63.66,58.01,82.41,35.23,59.48,7.51,51.57,Chilli
80.65,65.53,62.45,19.0,76.91,6.66,78.18,Tomato
84.65,45.33,66.63,23.0,61.61,6.99,36.19,Garlic
106.43,40.84,54.98,33.63,86.27,6.0,236.39,Rice
112.34,36.14,24.9,25.88,55.09,7.34,59.4,Wheat
51.54,22.15,47.81,20.28,63.1,6.27,49.93,Carrot
24.8,29.11,29.44,27.25,47.82,6.03,59.52,Horse Gram
42.45,36.14,32.12,23.59,57.29,7.31,35.36,Safflower
88.23,41.24,34.85,15.54,61.19,6.42,83.43,Wheat
110.68,62.82,117.06,30.51,84.68,7.37,70.66,Banana
99.93,49.65,70.18,22.45,76.39,6.88,183.0,Arecanut
35.12,33.51,36.5,24.49,50.81,6.79,56.0,Horse Gram
114.95,51.35,50.89,35.79,82.26,6.4,264.14,Rice
33.76,33.92,28.91,27.32,65.6,6.77,84.34,Black Gram
20.14,23.57,27.87,32.11,41.41,6.2,72.32,Sesame
47.79,36.28,26.87,23.02,58.46,6.86,100.52,Kodo Millet
72.44,54.88,87.77,30.61,62.21,6.6,108.69,Orange
27.8,43.15,34.12,27.23,54.72,6.25,90.25,Cowpea
40.2,33.98,34.08,31.16,56.48,6.86,62.29,Sesame
76.23,61.85,59.65,22.47,64.56,7.62,87.31,Brinjal
38.29,22.81,35.15,26.68,44.51,6.65,79.52,Groundnut
113.67,53.8,97.25,16.64,62.67,6.66,102.78,Orange
32.55,29.11,30.12,25.35,40.43,6.65,56.43,Little Millet
34.63,21.95,26.21,21.93,45.79,7.08,59.2,Chickpea
37.49,29.04,27.19,23.74,59.96,7.18,54.02,Chickpea
78.3,59.37,101.46,26.97,83.83,4.34,205.21,Pineapple
126.13,75.35,53.48,19.11,60.57,6.45,57.24,Tomato
60.46,31.27,22.56,27.14,46.67,6.48,84.8,Castor
90.95,46.48,48.99,31.18,76.47,5.8,184.66,Rice
74.83,44.52,70.44,18.11,78.45,5.96,198.47,Coffee
79.93,39.54,86.71,27.02,71.51,6.28,112.09,Guava
62.48,20.28,28.5,37.43,51.56,7.3,48.86,Sorghum
34.23,29.26,30.35,15.53,61.31,7.66,48.48,Chickpea
61.84,26.4,37.8,24.88,56.8,6.27,49.51,Mustard
69.87,41.83,80.22,20.04,84.27,6.26,168.15,Litchi
81.06,42.11,57.46,22.86,54.87,6.28,60.34,Onion
97.55,49.56,51.39,30.77,91.67,6.51,238.74,Rice
24.82,25.77,30.38,15.59,42.86,7.31,56.36,Lentil
52.46,29.05,26.2,30.5,49.45,6.26,39.66,Pearl Millet
53.22,31.41,34.75,26.02,43.04,6.07,78.8,Little Millet
72.78,33.67,70.64,25.21,80.12,6.97,134.97,Litchi
109.3,52.89,74.22,19.62,78.2,5.0,211.93,Tea
95.29,41.28,65.68,18.03,64.73,6.3,60.98,Cabbage
42.23,37.41,26.31,18.85,44.14,6.62,95.77,Rajma
74.36,36.27,71.63,18.23,88.25,5.74,216.09,Coffee
57.4,26.91,23.06,31.71,49.98,6.32,95.39,Foxtail Millet
70.89,24.02,32.9,31.57,64.19,7.26,94.34,Finger Millet
49.81,30.22,25.98,24.61,80.49,7.15,102.04,Soybean
109.81,50.23,66.17,19.02,72.3,6.86,91.75,Cauliflower
71.82,59.43,35.84,29.74,54.43,6.22,52.75,Okra
54.06,32.76,32.37,25.35,62.23,6.83,74.17,Groundnut
49.77,27.16,30.41,31.29,80.17,6.88,52.54,Black Gram
105.11,53.61,65.72,25.98,63.15,6.44,28.83,Onion
55.07,30.14,28.89,22.54,66.35,5.6,108.79,Finger Millet
37.88,31.13,25.93,16.61,53.66,7.4,45.84,Linseed
31.53,37.71,32.06,17.36,60.06,6.41,67.55,Rajma
46.91,25.91,20.64,20.71,52.84,7.12,40.63,Radish
75.65,38.75,28.85,20.25,58.16,6.68,71.51,Barley
51.29,29.95,27.75,24.35,51.93,6.68,74.24,Safflower
27.36,21.23,20.03,28.41,57.72,7.35,94.77,Field Bean
71.96,38.03,79.99,31.93,70.79,7.23,64.44,Pumpkin
48.74,21.12,28.48,21.15,50.3,6.6,53.23,Linseed
42.65,31.86,33.19,35.76,46.12,6.41,59.44,Sorghum
74.91,36.54,32.91,21.66,48.4,6.6,66.77,Sunflower
105.63,52.1,66.24,22.44,92.33,5.42,250.67,Tea
95.41,46.39,48.89,20.02,78.21,6.3,44.36,Cauliflower
78.62,36.61,67.5,24.68,81.4,6.81,121.71,Guava
93.83,75.19,99.55,30.79,61.68,5.46,68.11,Mango
47.22,25.72,25.78,18.67,48.37,6.83,55.28,Sunflower
51.82,35.77,32.47,25.53,47.76,6.57,75.91,Sunflower
35.1,34.5,22.64,26.44,65.69,5.65,86.93,Niger Seed
107.48,49.87,82.06,24.09,76.32,6.14,292.44,Arecanut
85.13,52.28,90.22,23.83,88.47,5.81,222.47,Litchi
101.43,68.68,98.18,23.59,63.48,7.05,225.28,Mango
84.78,72.67,69.51,31.45,59.62,6.84,68.16,Chilli
45.72,39.35,26.37,22.71,44.7,6.76,52.39,Lentil
36.45,27.99,19.01,25.94,37.76,6.86,61.58,Sesame
53.41,27.32,30.67,25.49,46.84,6.83,60.53,Lentil
82.05,33.02,33.84,21.2,57.47,6.12,77.2,Barley
114.24,92.37,87.4,31.1,78.82,6.39,203.28,Mango
44.9,26.02,26.66,29.58,45.6,6.48,66.72,Safflower
51.36,28.48,63.37,21.3,60.41,6.51,56.85,Beetroot
102.28,66.77,54.32,26.56,66.82,6.58,80.41,Tomato
37.61,30.31,31.16,28.62,46.15,6.54,88.3,Kodo Millet
39.91,31.57,31.61,30.75,55.26,6.68,73.43,Groundnut
114.21,64.38,58.08,24.21,54.94,6.83,78.47,Chilli
85.66,38.46,23.12,14.45,54.7,6.65,87.49,Wheat
92.66,32.7,34.16,12.68,48.48,7.42,64.63,Barley
53.16,25.05,26.85,26.26,61.5,6.88,72.01,Little Millet
49.88,28.33,32.73,19.96,49.52,6.67,70.79,Linseed
71.85,46.49,77.22,14.07,53.64,6.22,115.36,Apple
77.03,35.97,32.06,26.22,66.42,6.6,73.64,Okra
105.41,63.87,101.11,29.57,65.16,5.98,191.71,Mango
36.13,33.7,29.99,25.52,58.6,5.9,89.35,Niger Seed
95.44,54.94,85.12,22.78,78.12,5.92,273.09,Arecanut
32.77,29.9,29.09,29.58,52.75,6.24,78.04,Niger Seed
66.38,26.99,32.43,13.75,48.05,6.39,40.9,Mustard
52.67,28.13,27.39,16.16,58.94,6.59,60.76,Radish
78.6,33.74,42.69,22.06,71.73,6.64,69.9,Pumpkin
70.19,66.01,76.15,25.04,73.73,5.71,102.89,Guava
92.15,37.92,77.99,28.14,83.25,6.3,226.29,Pineapple
52.65,43.99,30.51,27.7,54.78,6.21,66.57,Little Millet
51.59,31.88,30.58,17.79,52.04,6.66,54.58,Linseed
34.08,26.5,35.91,21.3,49.49,6.83,44.62,Peas
69.49,54.7,68.67,21.27,82.94,5.67,212.01,Coffee
110.36,52.53,95.26,23.49,66.05,6.96,150.28,Mango
52.93,31.53,27.27,25.93,64.18,6.74,77.61,Finger Millet
91.37,56.05,66.12,17.43,70.94,6.61,81.47,Cabbage
73.29,48.76,28.47,23.28,57.69,6.38,141.96,Maize
107.93,71.88,114.91,22.88,66.06,5.84,67.96,Potato
117.66,54.77,99.36,31.59,75.73,6.3,166.09,Banana
78.21,63.33,75.21,29.65,72.34,6.56,158.19,Litchi
66.12,37.25,32.69,26.27,54.51,6.85,88.94,Okra
34.61,31.74,25.88,23.76,53.83,7.15,70.0,Peas
83.07,42.67,58.81,22.59,74.96,6.25,69.61,Brinjal
98.61,56.49,50.97,23.21,83.59,5.02,221.21,Tea
49.68,31.5,29.92,18.85,72.41,5.96,94.76,Finger Millet
31.04,32.2,30.58,26.27,51.08,6.49,65.61,Horse Gram
103.39,48.47,92.23,31.28,82.54,6.8,249.69,Coconut
74.92,47.14,79.45,28.72,71.94,5.78,88.53,Guava
62.45,22.31,56.98,34.85,69.78,5.76,172.5,Cashew
36.37,36.85,34.98,22.36,62.97,5.75,104.9,Foxtail Millet
70.39,51.41,54.03,19.72,85.17,6.75,90.05,Cauliflower
79.69,49.09,97.94,32.28,61.49,7.38,54.03,Grapes
75.31,61.19,67.37,26.94,68.08,6.72,83.6,Tomato
100.34,41.95,25.89,15.22,65.96,6.66,78.58,Wheat
51.06,28.96,61.27,13.78,58.04,6.03,49.87,Carrot
85.32,44.24,29.72,14.1,51.25,6.91,76.6,Wheat
54.03,29.81,37.17,24.57,69.9,6.47,62.69,Soybean
19.48,29.99,34.25,19.66,45.92,6.67,100.11,Rajma
44.7,37.97,32.35,29.65,42.12,6.25,69.13,Cowpea
91.31,48.98,83.42,28.31,62.39,6.63,50.11,Grapes
81.69,43.6,97.17,31.92,64.91,6.42,207.69,Litchi
88.8,53.56,60.18,25.55,62.63,6.66,71.7,Onion
44.83,18.58,38.74,28.7,56.91,6.07,70.86,Cowpea
42.95,22.43,35.82,24.55,82.76,6.24,117.42,Finger Millet
48.8,34.52,52.18,20.94,55.93,6.47,55.33,Beetroot
33.61,35.48,30.05,30.04,52.73,5.77,51.34,Horse Gram
44.89,30.71,31.24,29.07,53.0,5.92,89.86,Foxtail Millet
107.03,49.3,55.3,18.98,67.93,6.37,68.29,Cauliflower
57.74,29.68,26.31,35.76,43.74,6.36,54.87,Pearl Millet
68.25,31.21,58.15,18.71,61.44,7.37,53.05,Garlic
73.82,53.79,76.45,25.0,55.26,7.66,101.31,Guava
95.11,44.51,95.78,19.69,56.45,6.38,141.3,Orange
119.03,50.22,44.77,18.47,65.46,6.43,87.57,Cauliflower
35.84,31.64,34.0,25.09,50.2,6.41,46.28,Horse Gram
111.99,67.83,100.98,26.28,75.58,6.37,135.83,Papaya
99.75,46.0,55.32,29.67,88.56,4.58,173.61,Tea
77.68,47.76,72.61,16.36,84.71,5.52,153.72,Coffee
68.05,39.48,77.18,29.23,69.29,6.28,171.09,Cashew
34.15,26.68,35.13,21.44,53.25,7.9,45.81,Safflower
86.25,45.56,53.33,23.89,84.73,6.17,184.02,Rice
77.13,42.0,45.62,31.14,56.26,6.84,80.83,Okra
99.31,41.02,123.83,26.92,70.72,6.09,104.61,Papaya
105.0,59.83,91.36,17.14,73.01,6.03,29.67,Potato
86.07,46.37,79.74,1.32,62.29,5.77,86.42,Apple
69.34,42.15,43.19,27.13,74.68,6.59,84.0,Cucumber
54.54,31.2,34.4,26.03,49.14,7.01,88.34,Sorghum
61.16,36.38,59.74,18.2,55.6,6.65,61.59,Beetroot
139.65,72.62,144.96,34.51,81.3,7.07,155.32,Banana
107.57,59.8,50.51,19.04,61.84,6.53,58.45,Cabbage
80.31,52.93,36.41,25.45,64.96,6.77,153.0,Maize
84.35,55.06,76.5,30.45,64.4,6.83,71.07,Pomegranate
27.61,26.95,29.62,23.99,57.2,6.97,56.51,Green Gram
57.58,28.97,32.75,28.04,51.47,6.95,67.51,Groundnut
19.95,32.52,30.52,35.19,59.04,6.98,84.36,Green Gram
99.48,44.07,111.25,30.13,60.76,6.27,176.92,Mango
96.47,64.62,49.3,23.14,61.43,6.63,73.19,Chilli
40.9,31.1,28.1,24.57,46.54,6.53,89.92,Field Bean
75.44,55.62,79.89,28.96,69.99,5.76,152.33,Litchi
55.16,29.23,27.92,29.27,32.74,7.53,45.37,Pearl Millet
99.65,49.72,70.18,28.73,83.65,6.23,230.25,Arecanut
56.24,34.33,42.45,23.88,55.48,7.41,50.94,Beetroot
34.01,29.61,27.58,29.61,58.47,6.41,114.74,Red Gram
84.99,49.88,92.68,28.92,57.26,7.06,70.05,Grapes
112.44,53.58,83.56,32.72,52.67,6.53,141.34,Orange
25.79,30.78,25.01,19.73,40.86,6.52,77.24,Safflower
117.81,57.14,113.46,20.96,77.5,6.02,42.32,Potato
89.45,43.81,86.73,30.01,90.59,5.62,278.08,Rubber
90.15,69.67,108.97,31.92,60.64,6.12,96.62,Mango
103.26,63.11,58.34,28.89,77.53,7.32,64.57,Brinjal
50.52,27.3,33.81,19.76,42.25,6.89,51.95,Safflower
143.96,60.3,118.31,31.25,80.4,6.86,179.98,Banana
78.43,51.99,59.07,20.76,68.53,6.13,72.4,Cauliflower
107.95,59.42,105.49,25.29,64.07,6.15,151.85,Mango
87.23,47.88,77.44,25.76,67.97,7.05,69.42,Pomegranate
93.07,71.66,75.75,31.13,68.98,6.59,110.33,Tomato
94.68,36.96,62.82,26.88,64.7,6.48,61.47,Chilli
87.53,34.97,30.83,18.01,56.28,6.2,53.21,Barley
91.22,38.12,30.74,25.22,56.86,6.56,100.76,Maize
28.7,27.72,30.43,25.23,66.33,6.27,93.43,Niger Seed
91.91,50.32,94.31,18.58,65.29,6.4,70.3,Potato
97.03,57.08,73.48,28.08,76.93,6.61,187.68,Arecanut
70.66,35.72,69.23,22.66,61.59,6.57,41.7,Carrot
35.52,29.41,25.55,22.61,55.66,6.61,92.12,Niger Seed
102.69,60.43,85.74,34.62,65.04,6.71,165.9,Mango
86.23,49.95,108.37,21.16,69.9,5.96,46.74,Potato
36.95,29.41,27.13,29.09,55.85,6.67,101.85,Field Bean
40.07,36.32,33.29,28.51,57.86,6.48,54.59,Green Gram
94.61,47.54,108.36,28.42,80.77,6.15,174.58,Coconut
92.49,55.43,54.98,18.19,76.6,6.68,63.37,Cauliflower
84.73,54.1,95.03,29.61,58.76,6.45,142.51,Mango
55.62,20.6,66.84,17.05,57.25,6.47,47.73,Carrot
66.31,17.06,67.65,19.13,72.31,5.95,64.15,Carrot
75.32,47.87,73.8,27.07,80.03,5.01,159.57,Pineapple
30.13,34.69,28.38,24.62,52.52,7.38,70.18,Field Bean
64.56,23.56,24.76,22.4,62.83,6.71,89.43,Sunflower
92.39,36.11,19.24,17.86,45.01,7.03,59.99,Barley
26.59,25.35,39.03,30.1,54.37,6.86,78.04,Green Gram
98.88,46.44,80.66,30.05,73.0,6.75,164.08,Litchi
99.54,47.66,59.63,19.5,66.8,6.45,75.68,Cabbage
31.05,29.06,24.45,16.73,55.15,6.64,106.92,Rajma
58.76,26.62,21.37,22.49,64.64,7.11,83.52,Castor
62.96,31.08,18.54,26.9,47.28,6.71,77.62,Castor
41.22,30.73,27.86,29.66,83.6,6.14,97.82,Finger Millet
96.92,56.52,53.09,18.5,69.93,6.34,66.54,Cabbage
58.89,26.53,23.69,23.29,57.42,7.41,111.39,Soybean
100.73,56.42,65.08,27.03,68.13,6.22,75.64,Tomato
36.22,24.77,27.7,29.89,59.51,6.84,82.9,Green Gram
64.87,49.11,69.18,27.39,59.18,6.35,59.91,Onion
26.84,31.76,25.99,27.81,72.18,7.24,79.18,Black Gram
41.84,34.93,28.45,27.97,68.93,6.39,74.49,Cowpea
59.43,28.99,48.56,32.42,56.91,5.74,92.58,Cucumber
29.91,28.02,21.54,18.96,53.09,7.42,53.94,Peas
95.08,41.06,27.68,11.03,52.91,6.98,66.19,Wheat
81.91,36.98,31.66,15.72,51.07,7.47,84.75,Wheat
103.51,54.07,75.5,31.35,76.9,6.56,126.77,Mango
45.74,27.47,27.98,20.04,43.4,5.72,77.93,Linseed
136.29,54.96,148.8,28.42,84.03,7.04,127.03,Banana
33.62,29.37,28.85,26.43,69.31,6.45,112.92,Niger Seed
60.12,33.84,47.21,28.37,76.62,5.86,137.8,Cashew
60.52,33.83,57.8,27.29,75.52,6.6,101.6,Bottle Gourd
69.29,44.07,45.54,28.22,59.68,6.43,69.48,Onion
77.32,29.64,33.07,30.15,43.11,7.42,85.73,Pearl Millet
100.29,48.95,111.31,29.89,75.79,7.04,241.52,Coconut
30.15,33.09,37.35,20.54,46.47,5.95,49.42,Lentil
50.37,18.3,28.62,23.03,59.41,6.69,38.24,Radish
64.1,45.13,86.14,27.84,83.32,5.2,229.46,Pineapple
93.7,59.75,83.52,26.03,56.29,6.1,108.64,Guava
82.46,37.68,29.86,21.51,49.07,7.31,117.39,Castor
64.83,50.22,66.8,23.61,59.25,6.57,123.22,Guava
102.46,47.71,86.42,29.33,82.37,5.85,181.63,Arecanut
35.21,28.64,31.38,27.46,51.43,6.79,63.21,Green Gram
81.67,43.1,74.28,24.65,51.91,7.97,47.72,Pomegranate
52.43,22.57,32.74,12.07,45.38,6.83,51.79,Mustard
70.75,57.43,80.6,27.7,87.09,6.49,97.81,Litchi
39.22,33.24,34.98,22.26,58.43,6.31,75.64,Rajma
70.28,32.57,42.58,22.85,76.07,6.41,74.26,Cucumber
90.85,44.51,92.21,29.14,89.53,5.45,202.04,Rubber
64.5,41.47,48.67,30.88,69.68,6.2,51.04,Okra
39.8,21.25,26.13,29.96,48.65,7.06,91.48,Foxtail Millet
42.5,36.96,27.9,21.12,45.67,8.02,61.06,Chickpea
26.65,34.5,34.75,21.45,61.87,6.18,63.79,Rajma
65.47,25.1,29.38,30.07,52.29,7.14,65.17,Groundnut
92.79,55.82,83.23,33.5,61.15,6.95,103.54,Guava
82.1,56.07,91.03,15.51,64.02,6.32,108.6,Apple
40.41,42.17,21.84,24.76,57.96,6.85,55.6,Foxtail Millet
53.07,26.55,36.64,34.68,55.1,7.2,60.95,Sesame
68.84,48.8,68.31,23.33,65.67,6.31,53.14,Garlic
101.5,67.03,95.21,30.79,51.77,7.35,156.4,Mango
59.83,38.77,53.65,19.68,54.78,7.24,60.17,Beetroot
50.65,31.6,40.49,26.69,63.06,6.53,268.76,Cashew
74.62,30.87,57.96,19.79,58.43,6.31,54.4,Garlic
74.99,49.73,67.03,15.63,57.62,5.97,98.31,Apple
41.21,23.41,30.68,18.47,42.8,6.8,80.85,Field Bean
29.32,34.95,27.95,16.58,63.56,6.91,59.75,Peas
94.38,59.28,85.58,25.53,81.9,6.23,119.45,Arecanut
42.9,28.74,29.43,24.63,47.32,5.51,96.09,Little Millet
26.31,30.13,28.21,27.17,52.54,5.96,117.2,Little Millet
71.36,41.0,63.24,21.26,66.31,7.21,51.02,Garlic
73.78,43.05,79.31,23.18,68.34,6.54,94.8,Guava
101.77,56.68,44.19,26.06,84.94,5.93,229.87,Rice
55.56,28.65,19.04,26.85,74.59,6.83,122.96,Finger Millet
41.64,31.4,28.54,29.28,52.12,6.67,91.83,Foxtail Millet
141.17,53.17,145.84,28.71,78.12,6.99,234.73,Banana
97.76,75.23,112.24,27.12,74.97,6.53,182.34,Banana
19.67,39.0,27.6,30.68,71.31,5.13,83.69,Kodo Millet
65.16,25.2,21.64,16.96,50.4,6.77,58.4,Lentil
31.94,29.25,34.16,19.8,55.81,6.7,35.31,Lentil
90.62,54.11,62.18,19.82,60.35,6.84,56.2,Onion
61.62,32.47,53.36,29.82,71.98,6.95,42.0,Pumpkin
53.05,30.44,51.7,30.83,70.34,6.56,59.88,Pumpkin
52.85,27.12,29.91,29.05,59.37,5.85,100.79,Cowpea
64.56,59.35,76.98,21.53,78.56,5.81,150.52,Coffee
85.54,53.75,49.94,23.12,85.02,6.18,115.61,Rice
25.29,27.42,28.3,30.16,61.94,6.39,64.55,Cowpea
54.06,29.94,22.1,19.62,44.58,6.94,55.14,Sunflower
80.62,48.59,63.03,21.33,73.86,6.36,80.35,Cabbage
81.14,38.13,53.59,21.74,82.07,6.43,196.53,Coffee
36.38,20.01,28.02,32.96,59.88,6.62,70.66,Black Gram
97.19,59.26,107.65,32.57,59.24,6.62,131.13,Mango
62.96,34.78,27.81,8.71,45.94,7.12,33.21,Mustard
110.78,47.73,56.14,17.43,62.01,6.78,58.48,Cauliflower
36.49,29.09,23.44,26.41,53.19,7.48,42.34,Chickpea
78.25,47.8,68.07,21.2,79.08,7.27,56.98,Cauliflower
81.27,49.05,48.6,27.78,58.86,6.5,89.17,Cucumber
55.44,27.56,28.17,23.8,42.63,6.09,72.62,Little Millet
104.81,46.98,40.8,20.61,63.72,6.48,66.96,Cauliflower
44.38,29.34,31.72,30.36,62.14,6.26,72.35,Cowpea
46.76,28.69,37.9,29.39,53.01,6.9,68.97,Sesame
87.94,45.4,52.41,18.15,64.56,6.86,61.97,Garlic
39.53,38.38,31.82,13.48,44.95,6.52,64.27,Peas
85.72,57.91,77.2,19.53,69.25,6.15,46.83,Cabbage
46.44,16.51,35.76,27.3,49.16,6.05,90.79,Green Gram
33.81,30.72,26.49,29.63,62.63,6.13,51.19,Cowpea
90.25,52.25,60.91,27.91,71.83,6.19,62.25,Cucumber
82.24,41.71,76.62,27.34,74.33,6.57,120.48,Guava
61.15,26.53,38.32,28.18,58.66,7.05,68.68,Groundnut
79.77,52.16,66.67,24.49,74.0,4.99,194.08,Pineapple
38.09,26.75,23.98,31.56,64.33,6.53,68.48,Cowpea
27.41,27.85,30.07,36.23,51.45,6.45,73.23,Horse Gram
42.89,26.87,30.4,32.88,47.57,7.06,70.94,Groundnut
114.58,73.42,111.28,31.22,79.47,7.33,170.31,Banana
32.73,34.48,35.36,24.19,47.08,6.91,64.47,Chickpea
72.69,39.53,80.02,25.96,80.99,6.43,186.52,Litchi
25.37,33.95,31.58,17.58,39.46,6.96,54.82,Peas
88.44,43.19,29.54,26.71,75.95,6.6,55.68,Cucumber
98.06,54.42,67.09,25.05,80.94,6.49,188.53,Arecanut
36.18,25.74,19.54,22.98,65.22,6.72,85.52,Niger Seed
115.85,46.27,51.31,24.24,81.88,5.03,247.19,Tea
77.93,42.89,59.38,30.34,86.53,6.02,217.72,Pineapple
101.17,71.26,109.31,28.24,74.26,6.58,191.97,Papaya
42.23,36.05,28.49,24.56,76.96,7.31,111.41,Soybean
62.37,28.91,49.57,18.74,63.83,6.59,70.9,Beetroot
12.99,35.47,29.39,30.54,63.63,7.45,53.53,Green Gram
56.07,31.02,30.09,29.18,44.25,6.15,79.82,Foxtail Millet
87.56,54.13,104.82,20.63,69.01,6.7,47.18,Potato
96.72,68.0,97.01,30.45,72.15,7.06,245.77,Mango
93.37,50.23,68.15,19.51,71.98,5.25,215.92,Pineapple
104.04,45.54,62.55,21.55,57.36,6.35,78.76,Cauliflower
54.96,38.88,26.81,22.47,43.33,6.28,97.71,Foxtail Millet
43.98,26.37,25.35,30.44,63.54,6.58,65.78,Black Gram
40.4,20.17,26.79,27.29,60.25,7.24,126.98,Castor
53.07,25.59,25.87,30.25,71.01,6.84,82.41,Groundnut
42.82,26.21,23.54,21.53,46.63,6.39,55.4,Linseed
33.78,27.16,33.67,36.03,42.58,5.78,66.1,Horse Gram
91.6,66.5,107.51,18.37,71.7,5.72,75.66,Potato
42.03,30.52,29.42,19.21,51.29,6.87,73.09,Linseed
60.91,20.24,24.82,33.49,50.32,7.08,74.98,Groundnut
44.86,28.04,24.85,34.35,51.4,6.86,77.25,Green Gram
56.93,30.45,33.45,29.92,68.22,5.98,86.21,Foxtail Millet
85.83,46.52,74.82,31.11,74.93,5.47,250.19,Rubber
88.13,47.62,51.8,21.55,60.35,6.83,57.11,Onion
96.45,55.08,117.18,26.03,55.06,6.99,62.09,Grapes
44.22,33.04,27.84,21.4,48.74,6.77,101.3,Field Bean
51.2,39.37,77.78,17.37,63.16,5.82,116.42,Apple
112.41,41.95,100.42,29.65,89.67,7.1,246.93,Coconut
53.34,39.11,29.78,26.68,47.83,7.06,83.66,Little Millet
70.03,27.78,54.29,23.19,60.64,6.56,61.02,Garlic
91.08,52.69,82.21,21.65,55.72,6.25,66.99,Onion
52.04,25.36,29.25,27.84,60.8,6.05,116.74,Red Gram
36.84,28.93,36.85,20.52,50.99,7.0,55.64,Chickpea
90.41,57.33,70.95,20.87,75.81,5.14,193.33,Tea
57.41,26.45,34.47,29.86,40.58,6.57,69.12,Green Gram
84.59,50.97,59.14,21.34,65.42,6.63,56.84,Cauliflower
93.66,46.16,49.73,21.24,73.68,6.47,87.69,Tomato
23.33,26.01,30.27,25.46,63.83,7.11,127.75,Soybean
16.33,28.23,25.72,23.23,59.13,6.96,103.29,Red Gram
92.77,41.7,35.7,19.62,64.83,7.26,64.44,Wheat
51.9,31.31,35.92,27.72,68.18,6.53,84.46,Cucumber
77.29,50.73,78.16,9.58,52.07,6.16,91.17,Apple
105.78,44.23,79.53,31.98,76.0,6.42,263.88,Arecanut
46.82,31.38,29.36,21.84,46.42,7.67,59.2,Chickpea
37.51,28.25,32.01,25.91,64.19,5.85,97.21,Niger Seed
100.8,51.76,70.55,15.92,81.48,5.1,216.41,Tea
89.05,48.77,42.15,23.98,72.49,4.72,226.07,Tea
76.03,38.91,75.41,29.17,80.77,5.64,199.77,Pineapple
30.95,29.8,35.56,34.26,62.91,6.48,65.96,Black Gram
105.72,48.65,102.99,31.44,82.21,7.7,219.1,Coconut
100.04,55.81,56.69,19.91,90.57,4.8,289.86,Tea
31.96,29.85,28.45,23.68,63.38,6.53,77.37,Niger Seed
91.7,37.07,33.32,17.2,59.16,6.91,47.89,Barley
48.82,41.77,32.95,27.92,54.42,6.83,95.48,Little Millet
57.22,25.99,37.98,27.82,55.5,5.64,46.19,Sesame
81.62,25.84,70.96,26.94,71.33,7.42,71.98,Pumpkin
44.79,17.5,30.87,30.73,55.89,7.71,55.42,Green Gram
79.44,62.42,53.22,24.46,65.9,7.41,61.42,Chilli
76.82,39.48,32.11,22.31,59.21,7.37,73.79,Barley
89.0,50.18,43.48,24.57,57.82,6.26,72.4,Onion
113.99,60.52,71.23,27.31,70.64,6.88,66.35,Brinjal
82.0,51.23,56.53,26.52,65.45,6.88,69.56,Onion
55.48,24.57,35.26,27.13,57.51,7.24,108.08,Foxtail Millet
116.01,61.31,96.2,20.69,71.64,5.84,148.25,Orange
91.56,24.41,29.17,28.08,84.01,6.42,138.42,Maize
55.48,23.38,29.24,17.55,68.02,6.63,51.11,Radish
65.69,31.14,48.59,26.08,70.6,6.32,93.32,Pumpkin
78.43,56.99,36.08,30.8,77.11,6.54,86.13,Brinjal
60.72,41.24,22.53,12.81,49.58,6.43,47.41,Barley
101.53,51.25,47.21,31.77,82.36,6.15,248.6,Rice
52.7,28.58,42.63,23.55,62.88,6.87,55.41,Carrot
37.1,19.41,24.67,29.42,50.26,6.13,68.31,Cowpea
61.63,47.69,21.78,30.06,57.28,6.9,149.76,Maize
94.69,60.67,66.07,24.8,69.08,7.19,91.75,Brinjal
97.47,29.54,75.58,5.66,61.25,6.33,102.74,Apple
88.08,69.4,100.03,37.55,51.21,5.76,179.86,Mango
30.77,32.9,33.7,22.14,46.06,7.1,59.04,Lentil
90.91,53.26,93.0,9.51,63.51,5.99,104.95,Apple
110.86,62.93,49.55,18.51,73.8,6.75,53.8,Tomato
89.3,45.33,73.56,30.79,78.24,6.01,152.06,Litchi
41.78,24.58,31.03,30.4,47.04,6.84,104.79,Red Gram
47.81,33.72,27.83,17.26,41.44,7.55,60.94,Safflower
37.79,32.29,39.22,19.91,52.99,7.12,62.23,Chickpea
66.22,22.13,60.92,32.31,64.8,6.7,226.34,Cashew
94.39,41.69,22.99,17.4,52.62,7.53,44.79,Barley
113.15,72.78,146.6,30.0,73.84,7.02,196.98,Banana
74.22,56.95,44.83,19.5,60.48,6.49,61.02,Onion
60.93,19.94,68.97,32.34,72.28,6.25,72.12,Cashew
92.98,71.79,98.81,20.5,66.9,6.23,60.32,Potato
108.52,61.44,97.35,24.56,73.75,5.92,61.74,Potato
120.43,53.56,87.98,20.64,67.33,6.26,47.31,Potato
69.73,36.45,28.91,31.37,57.91,6.96,62.91,Groundnut
91.84,79.92,94.43,30.31,71.24,6.16,158.45,Orange
57.86,40.75,40.77,24.89,63.65,7.35,69.07,Okra
28.2,35.99,29.6,24.13,57.22,6.55,75.61,Niger Seed
70.68,54.01,62.15,25.18,71.32,6.8,88.0,Cabbage
84.29,31.24,80.86,29.89,69.06,5.94,231.57,Litchi
105.75,66.11,100.23,26.04,78.53,6.08,212.64,Orange
33.2,33.31,24.79,29.93,51.93,7.47,86.33,Black Gram
31.34,39.01,20.25,30.1,52.74,6.22,59.49,Horse Gram
84.75,25.37,59.28,16.27,50.1,7.04,46.96,Garlic
67.69,46.95,84.96,15.14,58.84,5.76,114.8,Apple
40.6,31.43,23.75,24.71,44.42,7.65,92.36,Soybean
72.26,58.29,68.81,25.45,65.4,7.22,130.78,Guava
81.93,50.74,87.42,32.99,69.27,6.62,120.59,Orange
60.12,52.37,57.37,21.52,56.75,6.97,36.47,Garlic
37.07,35.87,31.76,17.75,48.13,7.48,41.67,Lentil
42.55,31.57,34.13,16.13,48.25,6.56,68.68,Chickpea
40.34,29.49,23.86,19.24,55.24,6.32,69.27,Foxtail Millet
32.11,27.51,35.97,17.13,56.66,6.4,92.08,Rajma
49.18,23.73,24.2,22.27,58.85,6.04,60.35,Radish
105.43,51.52,53.5,31.38,76.24,6.42,225.41,Rice
103.28,49.49,78.68,27.77,74.54,6.0,228.65,Arecanut
92.31,64.36,101.0,18.81,76.31,5.71,67.89,Potato
99.21,61.58,70.18,21.17,97.18,5.41,244.58,Tea
48.4,25.26,21.98,24.38,51.54,6.38,92.15,Little Millet
65.4,36.5,38.2,39.44,45.15,6.82,65.68,Pearl Millet
90.86,47.26,27.68,31.77,63.02,7.06,97.75,Maize
29.36,34.8,27.62,20.09,56.69,6.52,79.94,Peas
38.74,29.66,30.88,25.48,43.01,6.17,50.56,Horse Gram
47.84,35.6,25.11,24.5,45.87,7.07,56.03,Safflower
38.04,25.17,40.1,26.67,55.19,6.52,107.53,Little Millet
46.15,36.32,32.67,35.07,67.68,6.84,76.87,Groundnut
71.66,25.96,28.53,25.85,53.96,6.54,69.73,Sunflower
41.02,28.65,32.88,31.75,68.23,7.1,80.59,Foxtail Millet
97.31,37.98,28.03,14.0,58.15,6.85,105.76,Wheat
57.98,30.02,30.86,18.78,59.94,6.4,48.28,Radish
73.29,34.4,39.32,33.92,69.66,6.16,141.39,Cashew
72.29,30.57,36.1,17.67,58.07,7.19,62.44,Mustard
59.68,20.22,32.18,24.29,59.65,5.9,81.45,Little Millet
40.73,26.3,32.44,34.43,61.28,6.74,94.4,Groundnut
117.17,50.93,56.93,29.73,85.94,4.7,179.72,Tea
37.77,31.99,40.44,28.23,66.12,7.31,90.69,Sesame
99.62,52.7,84.23,19.78,74.26,6.42,198.39,Orange
101.19,38.0,37.05,7.19,60.38,6.91,52.94,Wheat
39.19,32.06,23.88,30.64,54.04,6.2,62.66,Sesame
18.82,25.62,33.3,35.17,59.6,6.38,60.83,Sesame
55.23,27.59,36.76,25.93,50.3,7.35,65.24,Linseed
65.81,27.64,28.42,34.46,63.32,6.82,66.93,Sorghum
64.85,37.68,67.9,21.89,65.38,6.48,58.92,Beetroot
80.84,51.27,39.73,29.71,72.07,6.11,62.43,Cucumber
31.31,31.45,31.6,20.63,63.0,6.41,47.77,Radish
36.8,32.59,30.92,23.01,51.75,6.42,88.8,Rajma
28.22,36.46,29.23,21.18,51.52,6.37,59.51,Chickpea
53.58,32.44,34.37,25.35,56.06,7.76,126.22,Red Gram
60.5,38.32,32.1,25.72,46.96,7.03,71.92,Pearl Millet
38.48,30.84,24.3,29.66,64.36,6.93,65.34,Black Gram
47.11,28.27,28.63,26.86,57.35,6.53,79.7,Castor
53.25,40.18,38.13,22.76,57.48,6.57,53.2,Radish
35.85,32.86,30.11,24.69,63.97,6.96,73.51,Niger Seed
46.05,26.79,32.69,15.64,44.03,7.39,79.07,Mustard
91.5,50.68,73.2,21.86,79.24,6.61,88.95,Cauliflower
36.04,29.75,30.4,20.35,49.13,6.88,75.61,Rajma
80.65,53.1,60.14,22.99,76.58,5.59,163.0,Coffee
82.06,43.38,23.93,22.84,54.67,6.47,51.3,Barley
65.52,57.62,79.0,25.15,52.86,6.86,66.23,Pomegranate
76.76,59.41,91.64,11.9,54.55,6.33,94.19,Apple
64.24,51.58,44.91,20.59,61.66,6.67,41.43,Garlic
112.07,50.53,25.48,20.26,59.39,6.77,81.85,Wheat
93.03,50.84,75.33,28.22,81.27,7.14,192.83,Arecanut
41.42,24.6,33.44,25.44,54.45,6.02,98.63,Kodo Millet
73.75,60.72,52.29,25.28,74.79,7.45,84.44,Brinjal
95.3,55.34,52.94,26.19,77.97,5.7,242.82,Rice
43.45,35.43,32.15,21.27,66.55,6.22,54.1,Peas
31.32,29.33,39.12,29.54,57.5,7.17,93.97,Groundnut
84.02,41.15,57.16,29.56,67.38,6.43,97.29,Okra
28.01,40.73,25.57,30.93,78.47,7.03,78.06,Black Gram
53.67,35.01,32.99,26.54,57.18,6.0,92.23,Little Millet
81.26,55.78,69.62,26.34,72.9,6.17,52.18,Onion
133.79,55.5,130.35,29.26,81.18,7.31,166.86,Banana
149.13,55.54,138.45,32.55,74.12,6.6,220.61,Banana
46.1,30.65,27.72,18.23,47.88,6.67,60.64,Lentil
64.86,32.45,32.53,24.87,67.58,6.82,70.71,Castor
71.45,36.0,29.99,25.28,56.34,5.81,104.54,Maize
35.97,26.31,28.3,30.62,56.58,6.7,110.59,Red Gram
36.63,36.46,23.81,23.05,48.29,7.12,137.87,Red Gram
67.42,37.88,40.96,31.06,68.41,6.39,53.39,Cucumber
98.34,56.59,101.64,22.28,69.34,5.91,58.3,Potato
69.81,23.72,31.41,30.19,54.09,7.28,56.38,Sunflower
93.68,54.28,100.42,28.79,59.46,6.0,87.13,Mango
72.84,36.71,32.47,28.78,70.09,6.37,149.97,Maize
32.25,44.8,23.82,28.16,54.36,6.94,62.58,Horse Gram
49.05,31.97,29.63,24.57,49.6,6.55,90.71,Kodo Millet
39.78,40.54,27.23,30.86,64.92,6.39,64.03,Black Gram
52.06,30.45,59.27,28.67,60.37,6.31,86.89,Pumpkin
91.51,39.65,39.21,17.34,57.86,6.84,60.34,Wheat
35.07,40.0,32.35,28.43,71.2,6.24,65.44,Black Gram
54.47,28.45,31.72,10.86,43.83,6.48,46.59,Mustard
93.81,46.89,64.6,20.55,71.45,6.52,70.33,Cabbage
60.89,34.47,53.27,22.81,74.87,7.62,79.78,Beetroot
27.26,32.39,32.23,19.03,68.16,6.58,69.22,Rajma
80.53,82.14,93.27,33.72,60.1,7.35,98.61,Orange
80.7,36.72,68.21,27.86,60.77,6.95,27.95,Pomegranate
50.17,33.62,30.12,27.13,55.23,7.41,51.34,Foxtail Millet
93.91,60.16,101.53,18.88,73.08,5.76,61.01,Potato
108.19,62.22,81.63,32.45,68.9,6.18,117.25,Papaya
48.3,32.86,31.47,26.9,76.19,6.03,131.84,Finger Millet
55.87,26.49,22.29,18.76,56.86,7.68,57.19,Radish
98.55,49.99,107.15,22.3,65.58,7.02,97.98,Grapes
94.29,56.04,70.5,23.62,65.45,6.79,83.95,Tomato
88.68,69.2,100.34,34.21,59.96,6.61,169.45,Mango
90.93,38.92,22.3,18.75,55.06,6.77,72.93,Wheat
56.01,35.45,46.13,26.74,63.4,6.09,50.28,Okra
88.9,53.57,44.53,28.47,87.36,6.37,263.34,Rice
88.65,50.18,91.76,32.21,73.1,6.92,195.12,Coconut
44.78,27.08,20.33,29.98,49.25,6.28,71.24,Green Gram
50.36,31.3,39.58,24.99,59.37,6.24,64.19,Sunflower
49.5,30.42,25.0,26.51,53.64,6.31,42.3,Kodo Millet
86.27,38.6,24.95,21.43,52.91,6.78,81.63,Wheat
55.05,27.87,28.55,23.44,50.91,6.34,100.92,Little Millet
70.67,56.28,96.14,26.2,64.9,5.88,72.86,Pomegranate
89.36,47.35,73.55,33.4,67.14,6.26,135.54,Guava
97.58,45.95,22.73,15.72,54.39,6.97,55.01,Barley
50.41,34.11,34.23,27.62,47.43,5.29,50.74,Safflower
87.8,52.88,107.16,22.25,59.14,7.3,60.57,Grapes
49.82,24.9,30.57,15.75,53.03,6.17,53.27,Chickpea
42.68,28.13,30.49,23.87,41.8,6.34,70.2,Safflower
41.59,28.4,34.27,27.57,47.12,6.57,66.79,Safflower
82.97,58.36,76.83,31.0,86.12,5.39,271.06,Rubber
90.21,36.55,66.49,26.28,64.11,7.12,81.37,Pumpkin
86.64,57.23,71.59,30.12,58.86,6.48,104.1,Guava
104.61,52.68,65.61,17.49,67.37,6.06,57.13,Cauliflower
59.91,37.27,44.83,30.26,68.36,6.49,235.99,Cashew
31.66,28.82,29.7,27.86,39.89,7.76,81.61,Safflower
63.83,31.95,28.93,23.84,65.05,7.0,145.78,Soybean
35.45,33.18,29.99,30.09,68.22,6.66,91.08,Sesame
30.65,28.87,33.76,29.22,67.85,6.74,51.33,Green Gram
37.0,30.49,30.07,16.28,56.56,6.11,49.96,Peas
58.43,27.61,31.47,19.3,54.25,6.46,36.7,Mustard
61.91,42.37,50.3,22.78,87.51,6.22,171.87,Coffee
105.02,52.02,76.51,24.84,71.09,6.43,211.92,Arecanut
70.56,25.42,26.25,26.0,52.27,6.77,29.32,Castor
25.13,29.41,27.24,29.91,55.84,5.95,78.94,Horse Gram
35.7,28.68,30.78,26.56,58.99,6.31,89.0,Field Bean
55.63,27.55,30.95,27.41,52.47,6.45,83.3,Soybean
38.06,32.1,39.56,20.94,42.96,6.0,72.71,Chickpea
67.83,29.68,67.87,30.51,72.69,5.98,173.36,Cashew
56.17,35.14,44.76,25.75,69.85,6.43,86.76,Soybean
106.17,54.81,56.43,18.85,61.1,6.38,79.63,Cabbage
40.26,33.97,40.89,27.04,57.1,6.48,78.29,Rajma
137.3,77.34,107.44,29.36,80.07,6.59,210.1,Banana
126.61,64.16,106.24,32.43,84.12,6.92,197.62,Banana
55.29,23.78,32.22,28.19,51.66,6.45,96.89,Kodo Millet
48.32,23.82,25.03,17.15,69.23,7.02,35.96,Radish
60.67,34.84,39.66,23.08,82.59,6.19,83.87,Bottle Gourd
54.2,31.85,34.02,27.25,64.41,6.23,91.8,Soybean
55.6,24.31,32.86,28.57,55.51,7.16,137.53,Red Gram
110.26,53.87,63.28,20.64,64.03,6.62,93.85,Tomato
56.57,54.02,84.12,30.62,82.0,6.0,168.15,Litchi
75.78,29.76,72.3,23.53,58.26,5.89,76.78,Pomegranate
77.16,38.37,61.99,14.3,60.92,6.76,57.29,Garlic
50.05,29.98,30.17,24.8,64.03,6.83,69.4,Sunflower
47.29,35.35,35.63,26.09,52.7,6.66,91.17,Red Gram
46.94,32.05,25.06,29.38,64.18,5.9,100.85,Black Gram
84.07,49.32,95.16,30.49,57.25,6.65,66.59,Grapes
67.92,35.57,21.0,31.76,50.58,7.04,46.04,Sorghum
103.22,40.37,86.31,31.09,75.55,5.52,245.96,Arecanut
89.61,43.63,39.52,22.23,56.08,6.38,53.02,Onion
102.19,64.64,87.19,32.1,83.35,5.63,356.0,Rubber
60.57,35.96,65.86,24.76,73.21,6.25,169.79,Cashew
40.91,43.77,31.2,29.71,42.05,7.14,73.71,Green Gram
71.18,32.75,70.12,22.14,65.46,6.67,67.11,Beetroot
35.43,33.47,35.82,24.59,50.41,7.0,71.33,Lentil
102.42,45.56,57.19,28.51,81.19,5.7,195.38,Rice
85.38,43.4,85.15,25.2,72.83,6.49,196.28,Litchi
29.97,31.55,29.93,28.12,53.29,6.96,72.11,Horse Gram
53.61,25.19,32.41,20.6,53.84,6.59,125.77,Finger Millet
50.09,36.12,22.41,26.94,63.54,6.86,113.89,Soybean
38.63,39.74,29.37,33.33,59.22,7.63,55.55,Groundnut
88.11,58.45,64.52,29.4,61.94,6.55,96.73,Chilli
95.14,50.57,65.9,26.39,69.22,6.69,58.79,Onion
91.84,52.71,58.17,22.11,74.87,6.78,98.39,Tomato
42.7,26.46,34.33,25.82,38.26,6.88,89.76,Kodo Millet
98.22,44.26,59.48,18.23,68.92,6.47,89.54,Cauliflower
47.41,31.57,31.76,26.36,52.81,6.97,60.96,Sunflower
35.35,29.22,23.41,31.83,44.04,6.34,84.13,Kodo Millet
40.53,34.43,34.07,27.49,52.68,6.59,64.64,Chickpea
87.51,33.05,76.41,27.18,65.67,6.59,131.86,Guava
69.73,35.48,22.86,37.49,52.1,6.41,69.66,Sorghum
48.85,38.62,26.04,26.18,52.59,7.14,75.34,Little Millet
87.92,46.44,47.54,18.67,83.33,5.05,232.94,Tea
62.03,33.09,24.63,29.96,48.18,6.94,86.75,Pearl Millet
55.53,28.6,35.5,25.43,42.37,6.63,92.28,Castor
91.16,31.94,95.4,28.53,61.8,7.06,160.17,Mango
27.19,30.04,28.31,21.83,57.1,7.5,54.46,Linseed
79.85,52.13,70.96,32.07,83.68,6.51,250.46,Litchi
51.54,35.75,22.88,21.01,61.61,7.03,128.64,Soybean
61.19,33.81,60.11,21.07,56.5,6.81,43.02,Beetroot
29.08,36.95,32.55,20.81,65.49,6.32,92.7,Rajma
103.96,54.85,105.73,21.34,73.69,5.63,56.09,Potato
61.13,30.0,34.21,19.22,56.16,6.94,59.48,Radish
36.76,23.34,38.66,27.77,60.39,6.66,93.76,Cowpea
87.39,59.46,72.82,25.95,92.17,4.93,279.16,Rubber
37.82,23.79,34.72,27.29,63.74,7.29,130.96,Black Gram
63.69,55.26,39.62,27.7,71.12,6.76,73.37,Cucumber
63.98,49.36,91.65,27.56,75.6,5.71,73.3,Litchi
58.42,44.16,28.82,26.6,51.04,5.98,104.25,Maize
76.23,50.89,55.59,22.79,75.97,6.34,62.88,Cabbage
41.05,31.98,31.86,28.06,62.03,6.72,106.64,Castor
76.78,64.97,116.66,24.95,69.83,6.21,67.15,Potato
71.93,52.78,77.79,26.65,64.95,6.52,59.7,Onion
32.53,25.31,24.96,26.23,66.65,6.91,105.48,Field Bean
36.27,31.18,26.41,28.83,45.38,6.02,84.46,Kodo Millet
62.22,26.0,24.95,31.18,43.47,6.34,45.67,Sorghum
42.5,32.73,32.12,24.56,49.72,7.18,38.84,Safflower
69.12,37.57,71.17,22.8,56.83,6.56,50.95,Pomegranate
45.57,34.62,30.69,25.33,42.98,7.07,52.2,Green Gram
61.15,45.79,36.66,26.63,69.72,6.08,76.46,Cucumber
82.55,50.1,26.9,17.07,62.34,7.09,61.51,Wheat
115.83,49.32,99.34,31.51,62.83,6.14,153.76,Mango
42.16,35.96,37.34,28.29,65.59,6.46,93.67,Foxtail Millet
50.6,31.93,35.76,28.43,49.08,6.91,63.09,Safflower
129.43,64.61,84.61,17.79,70.78,6.22,59.34,Potato
34.63,31.98,20.98,31.42,67.38,6.59,61.06,Groundnut
27.36,31.01,36.38,28.63,50.41,6.48,90.96,Green Gram
73.24,58.29,61.81,19.29,67.37,6.26,87.47,Cabbage
49.87,24.71,20.98,33.34,47.45,6.74,83.04,Castor
46.08,40.59,31.27,17.54,54.43,6.67,69.86,Chickpea
79.72,42.84,89.17,24.04,59.76,6.52,122.74,Apple
39.58,34.21,20.49,29.54,68.99,5.51,87.82,Cowpea
117.09,60.57,53.28,22.53,75.96,6.19,94.29,Brinjal
77.81,47.0,81.28,27.25,58.14,6.3,53.47,Onion
98.9,69.78,73.83,27.93,68.92,6.3,57.3,Tomato
36.46,29.79,32.62,31.61,54.81,6.47,51.07,Sesame
79.62,41.84,87.52,27.82,72.51,6.18,105.12,Guava
58.7,27.84,26.88,31.19,60.17,6.6,75.42,Pearl Millet
93.52,74.25,63.96,30.35,65.01,5.53,62.23,Brinjal
23.75,26.47,30.13,30.86,57.54,7.05,60.86,Sesame
73.77,43.44,52.83,22.29,68.35,6.82,49.96,Carrot
41.29,36.49,20.52,24.57,43.66,6.66,87.6,Rajma
61.19,34.73,64.18,29.66,75.91,7.02,199.02,Cashew
37.22,32.84,28.62,27.4,63.06,6.86,87.99,Sesame
82.36,36.62,82.7,9.64,59.89,5.74,114.34,Apple
39.21,34.45,29.61,22.85,43.83,7.33,55.55,Safflower
59.14,37.79,51.74,27.47,63.6,6.99,116.74,Pumpkin
141.85,66.94,59.73,17.18,60.32,6.25,89.53,Tomato
110.31,50.62,82.59,32.35,86.24,5.72,255.96,Rubber
106.55,73.35,85.52,25.5,73.95,6.59,75.3,Tomato
43.05,37.75,25.61,22.4,54.69,6.75,43.99,Lentil
111.79,46.35,65.87,24.03,73.54,5.37,232.36,Tea
73.49,49.87,68.02,16.91,75.94,6.7,75.08,Cabbage
122.71,47.54,58.23,26.43,78.86,4.88,275.65,Tea
86.49,60.03,92.51,22.06,71.69,5.76,64.85,Potato
86.87,56.29,64.02,28.82,60.39,6.19,110.48,Brinjal
100.93,45.67,51.64,19.35,66.24,6.37,48.34,Cauliflower
72.87,59.24,53.67,28.48,61.48,6.64,80.58,Okra
82.42,47.58,42.81,25.16,64.93,6.46,75.87,Cucumber
79.56,47.76,46.31,25.17,71.49,5.66,223.6,Coffee
99.13,67.77,94.32,29.16,58.93,6.62,155.96,Mango
101.57,51.92,45.53,29.92,81.82,5.92,300.04,Rice
88.17,44.09,50.1,21.09,73.98,6.67,89.63,Cabbage
83.13,53.51,45.87,28.14,84.11,6.27,215.01,Rice
60.63,34.55,26.07,26.15,49.05,6.48,75.64,Sunflower
80.69,47.44,45.08,32.88,61.48,6.81,84.18,Cucumber
36.85,28.93,38.91,27.91,36.64,6.78,91.56,Kodo Millet
74.8,25.78,30.13,11.81,42.49,6.64,51.14,Mustard
68.34,39.54,50.8,33.93,51.65,6.89,56.76,Okra
55.21,23.39,25.25,24.73,45.64,7.15,42.06,Safflower
71.67,21.79,29.98,38.48,44.05,7.44,55.13,Pearl Millet
103.05,58.64,52.58,29.77,74.23,5.97,223.51,Rice
76.67,28.69,59.86,29.53,71.26,7.08,220.25,Cashew
79.78,74.47,48.78,26.91,76.9,6.33,67.55,Brinjal
95.2,41.42,103.77,29.8,81.53,6.22,153.33,Coconut
96.6,48.69,77.81,34.69,79.14,6.12,242.76,Rubber
76.84,49.14,68.38,19.32,58.44,6.68,45.28,Garlic
50.59,30.11,70.13,25.05,73.41,7.22,90.74,Pumpkin
30.74,29.29,18.26,30.95,56.99,6.07,67.6,Green Gram
103.36,63.86,60.3,26.53,72.86,6.39,83.19,Tomato
78.59,48.41,68.92,24.3,80.99,5.42,212.21,Coffee
126.8,76.64,123.84,28.9,75.66,6.73,126.96,Banana
76.27,48.64,70.33,30.76,72.71,6.94,101.26,Brinjal
77.13,46.66,88.19,25.2,54.18,6.74,56.53,Pomegranate
58.11,25.69,57.75,28.45,74.04,6.27,164.56,Cashew
77.78,33.04,21.21,21.17,55.16,7.06,41.78,Radish
33.36,31.22,24.35,25.9,51.74,6.48,64.94,Safflower
78.23,37.4,73.08,25.63,58.1,7.09,77.07,Pomegranate
45.59,28.53,29.81,16.12,52.52,6.27,45.94,Lentil
112.02,46.82,85.94,29.67,87.94,5.25,306.62,Rubber
44.05,33.02,30.81,29.54,63.24,6.71,90.09,Green Gram
104.86,46.04,103.3,31.64,79.41,5.39,208.2,Coconut
88.89,47.83,53.88,19.15,73.86,6.8,69.5,Cauliflower
49.82,37.85,34.41,32.05,59.11,6.54,82.85,Castor
98.95,54.96,89.45,30.55,65.61,5.12,130.61,Guava
60.17,30.42,28.18,28.6,46.71,6.93,78.68,Sorghum
90.86,47.68,65.15,29.9,82.06,6.78,229.63,Arecanut
42.06,30.83,38.71,27.28,67.39,6.42,93.3,Cowpea
86.83,78.05,115.04,26.28,61.07,6.4,136.63,Papaya
73.18,41.24,77.61,10.41,55.62,6.49,104.53,Apple
62.21,27.01,29.14,37.51,56.31,6.27,74.51,Pearl Millet
22.2,41.82,25.36,22.73,58.17,6.08,100.82,Niger Seed
46.56,29.64,32.52,24.82,54.35,7.64,85.3,Foxtail Millet
74.23,44.12,93.93,25.62,85.33,6.47,142.25,Litchi
72.03,37.19,25.4,30.73,56.46,6.97,91.67,Pearl Millet
88.64,58.42,68.12,21.47,61.34,7.1,48.76,Onion
31.55,32.83,26.94,30.64,61.98,6.53,68.94,Cowpea
51.13,32.31,25.14,19.98,60.89,6.57,58.17,Safflower
50.34,36.59,30.6,23.12,67.99,6.71,86.64,Soybean
52.36,34.53,36.02,25.02,58.52,5.77,72.99,Foxtail Millet
53.24,24.38,28.29,21.4,60.62,6.35,100.69,Soybean
52.12,32.84,29.36,28.93,54.95,7.15,76.46,Groundnut
52.48,31.13,20.89,28.67,45.3,6.48,72.84,Sunflower
48.62,24.18,28.66,15.67,63.48,7.51,46.27,Peas
47.46,31.15,45.7,19.48,62.74,6.61,27.76,Carrot
91.66,67.34,55.37,28.67,76.29,6.5,107.97,Brinjal
46.66,24.56,73.16,26.49,83.61,7.0,57.26,Bottle Gourd
43.26,35.93,32.0,26.96,66.75,6.36,77.24,Black Gram
42.74,29.69,29.49,26.83,59.6,6.8,90.58,Little Millet
108.03,65.17,104.13,17.62,71.08,5.38,63.33,Potato
36.38,36.36,28.2,16.7,34.59,6.72,55.31,Peas
87.98,49.99,56.29,29.77,75.55,6.56,59.28,Okra
43.84,37.46,62.08,29.36,66.67,6.41,90.77,Bottle Gourd
61.66,32.28,34.91,30.54,68.31,6.78,118.43,Castor
59.12,39.48,30.7,20.13,47.76,7.08,51.06,Mustard
50.26,37.4,46.54,23.74,78.22,6.72,58.32,Bottle Gourd
66.06,30.69,65.35,29.13,70.78,6.95,222.07,Cashew
126.1,47.3,87.66,29.3,76.37,5.62,232.1,Arecanut
119.0,56.08,106.4,26.78,83.61,6.57,260.27,Coconut
100.03,54.79,95.33,22.76,84.77,5.84,57.56,Potato
38.18,33.62,39.83,20.45,66.66,6.39,123.93,Rajma
94.27,47.29,63.42,19.96,69.36,6.48,82.05,Cauliflower
60.07,26.71,29.83,26.56,62.59,6.9,59.8,Sunflower
52.63,36.84,23.31,16.84,45.7,6.29,70.44,Safflower
41.73,30.83,34.95,19.97,44.37,6.45,55.2,Chickpea
53.53,25.83,32.76,26.28,46.69,6.32,114.4,Red Gram
104.04,62.06,70.15,30.3,69.25,6.29,67.05,Chilli
97.16,47.64,62.46,23.39,65.15,6.28,68.88,Cabbage
85.78,46.64,112.01,21.95,75.31,6.54,61.12,Potato
63.71,30.27,31.14,29.94,68.56,6.93,102.1,Black Gram
39.24,31.9,31.78,19.91,47.59,7.04,51.07,Linseed
36.39,28.77,35.42,31.58,54.94,6.66,60.28,Sesame
48.14,31.91,33.09,31.37,56.43,5.92,96.31,Green Gram
58.03,29.06,40.05,26.33,45.46,6.2,65.0,Castor
75.08,33.47,36.01,23.77,48.25,6.23,66.82,Sunflower
106.11,72.07,83.33,29.82,76.88,5.83,265.83,Rubber
95.85,47.44,74.71,24.76,76.96,6.26,84.98,Cabbage
39.38,30.76,28.83,28.77,48.95,6.12,69.48,Foxtail Millet
18.55,31.25,33.94,24.82,54.99,6.5,76.97,Field Bean
58.83,23.44,28.82,17.38,46.14,6.94,35.22,Mustard
74.07,39.91,30.72,36.34,47.14,6.0,92.85,Sorghum
93.89,33.52,77.34,33.62,66.94,5.75,107.09,Guava
27.2,22.67,35.75,31.9,46.55,6.51,91.75,Cowpea
48.66,32.19,26.94,22.55,59.52,6.65,61.23,Rajma
16.89,31.4,31.5,32.74,49.4,7.22,73.64,Green Gram
82.99,64.53,72.41,34.55,49.92,6.58,123.31,Orange
52.7,31.38,30.96,24.59,48.04,6.09,44.98,Mustard
31.14,30.04,31.5,15.87,49.23,7.03,50.06,Chickpea
66.28,49.02,44.71,21.92,64.45,6.62,36.39,Garlic
46.17,35.59,28.76,19.4,56.3,6.45,37.44,Chickpea
31.09,23.11,29.77,21.39,59.51,6.07,100.64,Niger Seed
38.38,34.13,22.42,25.16,48.86,7.09,86.27,Field Bean
73.25,51.91,64.16,19.09,68.4,6.38,63.7,Onion
45.79,35.37,34.46,24.54,70.56,7.14,126.48,Soybean
93.39,59.49,65.99,24.92,59.54,7.54,60.15,Chilli
69.18,62.27,74.01,22.33,66.13,6.67,58.6,Brinjal
57.49,28.79,30.48,26.0,62.7,6.22,133.61,Finger Millet
62.63,31.94,32.57,27.26,49.75,6.84,64.74,Chickpea
100.42,42.45,107.45,29.27,68.63,6.48,77.52,Grapes
92.85,77.23,106.42,19.83,75.99,5.55,59.94,Potato
60.88,30.74,36.8,22.44,59.94,6.94,129.67,Finger Millet
27.8,29.06,29.68,29.59,58.12,6.13,68.93,Horse Gram
74.92,20.85,58.02,23.97,74.88,6.36,238.98,Cashew
26.22,24.55,27.39,28.84,48.16,6.31,67.49,Horse Gram
56.97,36.18,29.0,33.2,59.59,6.51,52.78,Pearl Millet
37.93,32.98,28.75,30.86,55.07,6.59,63.23,Groundnut
107.61,55.66,67.47,24.06,85.5,6.23,251.98,Arecanut
56.97,45.03,29.1,28.01,66.07,6.52,63.07,Cucumber
78.04,42.13,48.81,26.81,78.0,6.2,85.14,Cucumber
64.33,29.78,57.46,21.49,56.53,6.89,68.97,Beetroot
66.9,39.34,77.06,25.4,83.04,4.96,240.92,Pineapple
98.0,56.08,97.29,23.8,57.41,6.38,86.23,Grapes
68.64,33.24,71.32,26.76,80.18,6.01,158.42,Litchi
77.23,52.82,57.31,22.29,62.79,7.23,61.23,Garlic
29.66,28.25,21.59,22.79,51.66,6.88,38.63,Lentil
35.91,31.36,32.32,18.7,65.95,6.82,81.14,Rajma
44.49,27.96,38.2,26.4,54.8,5.61,107.19,Little Millet
111.71,60.68,115.59,32.54,58.34,6.0,109.53,Mango
104.56,63.69,103.55,21.67,72.12,5.56,44.81,Potato
75.04,55.5,86.84,25.65,48.95,7.06,60.85,Pomegranate
50.24,34.39,38.23,16.46,54.59,7.01,57.86,Peas
45.92,36.79,37.49,18.69,53.53,7.89,49.35,Chickpea
75.57,50.57,19.38,26.76,61.3,6.34,97.7,Maize
25.79,21.13,23.17,33.04,48.58,6.47,72.52,Green Gram
31.16,41.32,26.21,26.89,57.47,5.58,74.77,Kodo Millet
61.24,26.66,59.59,32.37,67.54,7.05,84.91,Bottle Gourd
69.27,38.79,34.67,40.15,49.86,6.59,44.93,Pearl Millet
42.0,30.54,36.8,32.78,59.37,6.75,123.96,Red Gram
77.59,21.21,51.52,16.84,64.63,6.34,58.11,Carrot
102.35,50.27,56.04,21.59,70.08,6.51,45.2,Cabbage
23.5,26.44,36.34,31.11,53.41,6.68,57.55,Horse Gram
116.26,56.72,59.47,22.98,85.94,4.71,190.21,Tea
69.91,38.27,76.84,25.13,43.98,6.63,64.07,Pomegranate
110.22,52.59,58.55,30.37,85.78,6.5,270.93,Rubber
81.22,45.44,52.41,29.1,60.95,7.08,57.97,Onion
64.13,28.21,69.12,31.04,72.82,6.59,101.86,Pumpkin
25.16,22.58,27.02,30.1,54.34,6.33,70.66,Horse Gram
83.83,44.1,38.55,15.35,57.07,6.99,59.9,Barley
81.71,42.59,34.09,32.07,68.02,6.46,104.32,Maize
37.83,38.97,26.6,26.6,47.37,6.97,102.0,Safflower
115.73,50.95,40.54,28.22,81.31,6.51,227.12,Rice
78.74,57.56,63.73,29.12,70.0,6.27,102.6,Brinjal
83.32,43.0,39.82,18.69,54.51,6.87,71.4,Barley
90.87,54.49,112.9,19.52,55.2,6.23,136.68,Orange
78.56,53.06,78.06,27.91,82.36,5.21,192.0,Pineapple
31.27,32.52,33.37,33.93,52.86,6.36,80.71,Sesame
83.43,42.15,80.87,23.35,63.99,6.55,58.06,Onion
104.74,50.78,53.19,17.93,64.29,6.85,67.58,Cabbage
62.06,49.3,48.13,28.68,82.59,6.54,68.27,Cucumber
45.56,38.43,27.98,29.73,45.99,6.78,70.05,Green Gram
28.6,31.96,34.09,21.28,47.0,6.65,64.63,Chickpea
65.41,28.82,61.93,31.32,77.12,7.15,68.18,Bottle Gourd
87.2,35.67,31.05,16.5,78.16,6.78,45.73,Wheat
36.68,33.09,24.79,20.19,54.42,6.53,72.35,Linseed
21.03,31.98,30.98,27.23,49.12,6.18,39.2,Horse Gram
105.65,47.75,59.17,21.34,69.6,6.49,62.15,Cauliflower
33.75,30.85,27.8,29.06,56.35,6.72,76.12,Little Millet
31.56,25.53,35.56,17.43,38.77,6.47,63.73,Safflower
38.0,34.32,60.21,28.74,73.47,6.76,155.6,Cashew
76.55,46.86,87.67,29.12,83.29,5.13,180.47,Pineapple
22.62,26.4,28.69,34.23,43.76,6.23,61.05,Sesame
52.86,34.81,30.17,27.93,63.65,6.28,80.61,Sunflower
77.61,42.08,49.63,17.34,67.53,6.3,78.76,Cauliflower
92.79,44.12,39.44,17.27,44.55,6.64,78.38,Wheat
76.83,42.24,100.46,32.39,49.68,5.75,105.5,Pomegranate
108.06,59.01,68.66,30.89,77.56,5.95,88.02,Orange
101.63,72.83,127.33,28.61,82.58,6.73,140.9,Banana
31.37,34.89,20.8,28.8,37.34,6.45,70.04,Horse Gram
108.61,56.47,98.51,34.02,54.54,6.41,121.74,Papaya
103.6,57.48,49.27,19.7,96.54,5.07,227.81,Tea
72.52,53.83,64.54,16.87,67.43,6.35,83.77,Cabbage
59.97,26.96,58.69,29.02,64.93,7.15,81.85,Bottle Gourd
75.79,45.17,70.11,18.51,65.97,7.08,53.58,Garlic
89.18,50.56,65.02,26.45,77.02,6.06,191.97,Arecanut
107.12,41.47,93.56,28.68,84.23,7.44,222.8,Coconut
79.19,51.61,33.02,28.37,69.52,6.5,149.15,Maize
48.93,22.02,29.24,26.46,42.42,6.96,72.51,Kodo Millet
39.99,31.79,25.56,22.25,55.98,6.85,104.88,Niger Seed
34.34,31.32,28.6,14.41,50.29,6.99,47.8,Peas
56.59,28.16,27.14,23.97,47.68,6.77,70.84,Mustard
83.44,47.75,95.05,32.36,81.21,6.27,210.87,Coconut
82.64,54.62,83.03,32.68,58.12,6.97,93.66,Guava
59.52,19.05,60.76,29.63,67.7,6.08,117.16,Cashew
65.36,72.05,42.51,33.26,77.87,6.06,92.95,Brinjal
60.11,53.14,39.07,30.82,70.49,6.9,103.8,Maize
103.48,53.77,46.32,27.73,84.62,4.92,268.37,Tea
68.76,34.2,71.75,21.99,65.11,6.49,61.07,Carrot
65.23,36.07,50.29,22.36,68.05,6.51,60.15,Carrot
107.76,55.37,47.57,28.47,62.89,6.3,86.41,Brinjal
92.34,35.59,26.69,13.34,57.44,6.96,66.17,Wheat
85.45,42.85,106.08,27.04,54.71,5.81,103.88,Orange
43.28,40.97,23.77,15.59,45.73,6.67,30.73,Lentil
65.46,39.32,60.65,20.55,63.62,5.99,62.46,Carrot
71.03,30.13,27.91,27.28,51.01,6.88,54.06,Groundnut
52.83,36.74,28.48,31.95,76.84,7.21,77.85,Black Gram
74.44,54.76,87.98,29.91,85.51,5.22,241.55,Rubber
37.97,32.06,24.87,25.94,52.17,5.41,137.89,Soybean
63.42,28.33,53.97,15.71,60.04,6.28,69.3,Beetroot
93.93,48.91,58.31,18.03,63.65,6.83,82.54,Cauliflower
61.19,39.15,32.35,28.3,51.31,6.98,84.86,Castor
77.92,40.14,87.65,33.64,74.46,4.89,228.84,Pineapple
41.35,29.34,33.49,34.85,51.54,7.29,79.31,Groundnut
105.23,73.58,93.65,28.95,74.43,6.27,126.97,Papaya
37.34,31.93,34.51,18.88,55.7,6.47,83.69,Rajma
110.74,47.44,63.76,23.9,84.63,5.11,183.68,Tea
52.76,17.53,65.45,29.85,63.57,6.48,71.33,Pumpkin
40.32,20.62,31.02,33.13,41.44,7.18,39.44,Pearl Millet
37.31,26.29,32.15,24.5,57.78,6.96,89.9,Niger Seed
86.95,43.16,30.38,24.9,69.44,6.57,67.39,Wheat
104.3,65.76,76.27,30.9,87.65,5.8,185.53,Rubber
69.38,57.21,47.45,30.3,69.68,6.66,83.11,Cucumber
65.55,32.72,28.58,29.47,36.89,6.65,76.27,Castor
88.07,57.17,84.96,30.45,58.4,6.75,76.97,Grapes
101.71,58.94,96.08,18.61,72.46,6.0,46.55,Potato
121.52,46.4,64.61,19.43,76.81,6.44,35.08,Cauliflower
97.13,64.65,96.13,16.07,68.68,6.09,54.46,Potato
45.47,26.89,40.68,23.94,65.62,6.46,71.81,Niger Seed
55.41,26.93,44.32,16.33,42.52,7.31,55.72,Lentil
102.59,39.35,36.96,17.23,42.79,6.25,92.21,Wheat
82.04,51.59,108.2,26.28,53.15,7.27,68.62,Grapes
45.05,25.63,27.78,19.33,61.29,6.11,57.7,Radish
39.28,28.36,30.11,24.86,50.78,6.6,65.13,Chickpea
36.89,30.35,31.63,28.44,71.55,5.97,90.92,Niger Seed
78.72,38.69,71.67,19.57,56.69,6.44,55.03,Onion
25.91,26.43,35.89,30.87,61.94,6.75,71.28,Green Gram
109.43,52.82,103.62,32.14,80.08,6.06,254.53,Coconut
64.17,38.25,34.56,32.58,68.78,6.35,93.37,Cucumber
98.67,66.77,100.8,21.75,64.68,5.67,70.68,Potato
72.29,46.52,79.65,18.03,64.73,6.19,145.97,Apple
69.2,41.11,32.33,18.74,54.59,6.23,71.72,Barley
93.28,38.96,91.13,28.15,46.79,6.44,100.49,Guava
37.58,31.24,29.87,23.93,48.07,6.42,77.82,Foxtail Millet
47.8,28.67,30.77,19.88,42.81,6.97,65.98,Lentil
24.49,24.86,25.35,28.99,69.16,6.28,96.59,Sesame
39.27,28.2,27.7,20.01,65.21,7.1,61.81,Radish
72.0,72.2,50.89,30.28,57.8,6.16,118.91,Brinjal
74.03,35.38,86.73,29.21,40.38,7.13,53.94,Pomegranate
65.76,41.09,36.02,29.86,45.17,6.77,65.89,Sorghum
118.13,37.8,20.89,18.46,55.23,6.75,55.08,Wheat
41.78,27.65,30.43,21.29,59.09,6.65,87.85,Linseed
43.95,22.73,28.66,12.25,56.45,6.7,51.28,Peas
36.93,31.47,20.06,28.1,40.43,6.91,68.48,Foxtail Millet
81.0,30.56,23.18,31.04,45.59,6.6,77.16,Castor
82.69,73.86,31.31,24.24,72.78,6.37,63.03,Tomato
98.33,61.63,95.67,21.22,75.84,6.45,67.56,Potato
29.28,31.19,23.34,30.56,51.57,7.14,74.06,Horse Gram
55.4,40.7,28.69,32.4,40.54,7.16,72.27,Groundnut
93.73,50.32,90.06,30.93,81.06,7.01,219.28,Coconut
102.01,50.15,69.32,33.64,75.22,5.95,200.54,Arecanut
39.29,37.05,54.53,24.77,64.7,6.11,73.28,Bottle Gourd
95.38,47.48,77.07,29.83,69.19,6.68,177.73,Litchi
68.77,30.71,35.7,17.54,51.14,6.72,45.9,Mustard
105.72,50.06,95.15,26.97,60.99,6.16,98.66,Grapes
60.03,28.75,28.58,26.92,56.59,6.98,85.87,Green Gram
71.12,28.53,33.62,30.85,67.94,6.35,64.23,Cucumber
95.86,58.08,96.09,29.75,87.87,6.65,180.6,Arecanut
91.84,45.6,54.4,25.16,76.91,6.92,64.01,Brinjal
55.27,30.79,61.36,31.2,73.53,6.72,157.16,Cashew
52.95,25.92,40.14,23.21,52.28,7.01,44.3,Mustard
28.56,30.99,27.8,28.46,55.51,7.08,50.08,Red Gram
54.71,29.93,35.7,29.32,60.38,6.42,91.56,Castor
93.27,64.97,64.54,35.49,69.18,7.01,56.43,Brinjal
70.1,33.12,83.35,25.55,72.01,6.76,220.8,Litchi
75.52,55.27,44.75,26.15,68.2,6.23,61.47,Cucumber
104.87,46.03,47.6,30.55,84.07,5.62,235.0,Rice
103.85,59.69,47.22,29.98,90.8,6.15,221.68,Rice
79.18,42.55,81.43,32.52,44.25,6.7,57.21,Pomegranate
108.05,46.66,70.33,28.38,84.38,5.55,361.65,Rubber
94.51,51.92,84.28,20.72,56.8,6.15,107.56,Apple
80.55,38.29,48.16,29.92,72.79,6.23,110.16,Cucumber
60.57,28.92,30.75,32.87,42.95,8.12,24.93,Pearl Millet
103.69,46.76,108.3,27.27,64.66,6.49,65.39,Grapes
34.83,28.76,32.06,30.88,50.75,7.0,92.79,Sesame
75.24,49.46,52.95,19.89,62.31,6.25,37.66,Garlic
77.23,51.56,74.95,26.97,59.08,6.47,47.97,Onion
108.71,47.04,53.08,29.59,79.92,5.57,226.23,Rice
101.55,54.27,101.73,29.41,56.14,6.48,67.58,Grapes
94.87,38.72,99.98,27.45,51.33,6.06,132.92,Mango
70.26,57.8,45.04,27.12,81.72,6.88,85.77,Cucumber
40.13,29.67,31.58,24.55,57.19,6.62,104.46,Kodo Millet
76.14,48.27,52.05,16.16,76.9,6.58,97.2,Cabbage
43.75,37.86,22.69,24.72,47.97,5.95,113.13,Finger Millet
63.71,29.95,28.46,36.47,43.62,7.37,70.19,Sorghum
48.12,30.95,27.9,25.7,52.76,5.82,43.18,Chickpea
57.95,33.89,70.02,27.43,80.58,6.62,81.83,Pumpkin
52.49,36.2,28.62,23.14,67.1,6.3,81.64,Soybean
89.13,69.19,80.91,16.53,59.18,7.08,124.49,Orange
74.56,33.83,25.44,14.12,51.98,7.04,63.9,Barley
53.25,31.21,32.95,28.86,57.5,5.23,97.84,Foxtail Millet
20.5,34.47,26.51,23.68,52.11,6.46,73.06,Field Bean
73.11,52.79,40.69,24.47,70.37,6.55,74.93,Maize
53.08,27.98,25.76,23.51,68.34,6.99,81.76,Soybean
68.11,24.63,60.12,22.84,79.62,6.92,91.32,Pumpkin
38.16,41.95,27.99,26.66,68.72,6.26,73.17,Green Gram
84.9,41.22,71.12,33.27,70.71,6.26,170.65,Litchi
47.02,32.62,34.34,23.02,58.85,5.99,41.55,Radish
64.94,45.24,83.17,25.33,74.39,5.58,197.72,Litchi
84.58,38.71,74.45,24.21,77.29,6.62,76.57,Guava
85.96,51.4,55.98,21.67,63.52,6.42,55.56,Tomato
90.97,52.33,77.84,25.7,45.23,6.09,68.12,Pomegranate
94.33,48.88,97.9,21.77,63.7,6.26,49.33,Potato
36.4,28.21,27.62,18.58,62.66,7.19,64.14,Peas
56.8,57.59,42.85,25.94,70.1,6.41,78.08,Okra
49.46,28.7,33.56,29.53,57.14,6.42,106.65,Kodo Millet
92.34,43.41,29.42,19.59,57.81,7.27,55.53,Wheat
43.79,22.05,34.18,18.15,61.31,5.84,57.82,Radish
107.69,42.52,69.02,24.46,79.45,6.28,75.35,Cauliflower
52.03,31.61,21.66,26.99,52.6,6.3,109.3,Soybean
87.65,58.14,69.99,22.0,79.33,6.08,82.13,Brinjal
25.94,26.21,40.14,18.94,45.83,6.39,79.1,Rajma
34.22,23.18,29.42,23.3,45.16,5.88,85.15,Little Millet
89.38,53.57,83.96,26.5,82.44,6.56,280.38,Arecanut
69.2,36.95,57.74,22.34,61.0,6.9,50.7,Garlic
58.55,21.86,31.37,20.28,59.05,6.53,43.54,Chickpea
82.71,49.44,77.89,24.99,74.71,6.11,152.64,Litchi
27.68,23.23,21.22,29.56,58.71,7.17,103.9,Black Gram
43.7,33.51,29.93,26.53,42.37,6.17,75.37,Little Millet
48.03,30.01,31.39,31.98,65.61,7.27,69.52,Sorghum
53.08,40.74,67.5,31.29,72.34,6.18,102.09,Pumpkin
62.38,33.48,74.22,15.88,61.37,6.21,59.05,Carrot
51.7,26.3,25.35,31.4,53.69,7.31,59.03,Castor
43.3,29.09,25.16,29.12,48.8,6.49,63.46,Sesame
53.51,30.88,34.83,27.84,39.17,6.19,120.91,Finger Millet
32.52,22.71,38.57,20.31,51.05,6.72,90.01,Field Bean
72.81,52.99,85.6,27.7,79.6,5.5,161.9,Pineapple
52.58,28.65,68.0,26.52,74.4,5.94,163.75,Cashew
43.79,22.99,37.46,20.19,54.58,7.13,43.04,Lentil
95.13,48.46,106.48,28.03,60.36,6.48,77.35,Grapes
92.38,54.9,58.53,18.74,71.6,6.6,54.55,Cauliflower
37.88,33.14,34.04,17.24,49.0,5.7,60.44,Safflower
57.79,29.67,25.0,14.48,42.66,7.35,34.82,Safflower
144.49,72.18,122.09,31.95,80.05,6.43,195.71,Banana
80.55,46.21,106.15,27.85,64.24,6.24,112.65,Papaya
53.84,30.16,32.85,27.36,59.08,6.96,85.44,Red Gram
89.05,54.0,78.82,19.34,55.34,6.62,124.58,Guava
69.04,42.96,75.21,25.64,47.6,6.15,76.22,Pomegranate
57.97,33.56,30.05,32.91,31.6,6.75,49.49,Pearl Millet
47.63,36.71,37.06,26.07,55.48,5.21,63.88,Little Millet
57.11,44.43,80.05,11.08,56.32,6.02,122.57,Apple
69.45,32.61,29.49,21.38,54.0,7.14,57.85,Sunflower
86.22,55.66,62.04,18.59,58.13,6.98,53.49,Garlic
44.93,25.81,36.45,23.88,53.18,6.17,103.54,Foxtail Millet
86.33,33.69,94.51,31.72,59.03,6.9,49.61,Pomegranate
31.31,24.36,35.51,15.5,61.61,6.73,47.9,Radish
97.53,31.16,96.68,34.37,55.08,7.27,181.22,Mango
34.68,33.64,31.03,25.28,40.08,6.81,52.94,Safflower
62.3,33.84,26.91,30.26,74.59,6.86,87.96,Groundnut
65.86,37.77,23.31,32.89,52.44,6.61,66.9,Sorghum
97.22,38.64,74.73,31.55,86.47,5.66,288.07,Pineapple
42.65,23.97,24.71,19.01,47.22,6.36,67.93,Linseed
141.16,72.89,94.51,34.22,78.52,7.31,207.11,Banana
114.53,48.7,97.31,28.51,85.41,7.06,200.71,Coconut
64.68,41.71,68.41,16.89,56.49,6.47,60.53,Carrot
73.12,48.71,62.82,25.81,83.75,4.68,182.69,Coffee
110.73,62.35,86.69,19.78,57.41,7.14,147.82,Orange
68.42,29.87,68.32,31.09,66.96,6.53,84.16,Pumpkin
99.15,59.88,57.32,27.74,72.46,6.21,58.46,Cabbage
72.41,47.41,46.49,33.25,61.13,6.6,75.42,Chilli
18.41,22.19,29.05,20.57,54.11,6.83,44.15,Lentil
67.17,42.78,46.33,23.61,78.35,6.27,151.6,Coffee
48.25,25.64,24.52,26.98,45.25,7.02,97.51,Kodo Millet
97.01,54.55,71.13,18.18,73.93,6.75,74.1,Cabbage
56.46,38.71,28.0,20.78,59.53,7.0,33.93,Radish
50.58,30.93,26.72,23.16,60.07,7.29,114.91,Finger Millet
53.31,23.18,21.48,33.95,42.74,7.36,55.36,Pearl Millet
62.34,20.45,28.27,27.45,58.93,6.47,44.57,Sunflower
98.21,48.81,94.33,27.52,62.6,7.41,82.67,Grapes
40.27,34.14,30.65,20.62,43.59,6.87,57.24,Linseed
27.58,36.98,29.81,19.5,48.0,7.11,68.87,Chickpea
75.17,32.32,26.9,28.75,61.74,7.4,73.9,Sorghum
40.74,22.2,41.24,23.05,43.79,6.65,44.67,Chickpea
79.49,51.87,74.61,24.42,79.08,5.68,107.58,Coffee
102.87,49.08,53.81,18.84,71.4,6.55,90.87,Cabbage
91.57,70.24,100.94,23.31,59.36,6.5,164.8,Papaya
91.51,39.95,66.24,25.25,70.87,6.35,69.07,Tomato
33.06,38.24,28.75,28.19,63.76,6.92,93.82,Niger Seed
50.84,25.21,42.07,27.14,61.24,6.02,100.52,Little Millet
84.34,44.04,65.05,29.6,76.83,4.9,203.56,Pineapple
98.45,54.49,51.37,29.64,88.57,6.35,246.82,Rice
31.88,28.61,17.92,25.05,51.27,6.59,63.71,Lentil
67.6,27.75,41.88,24.3,68.36,6.51,245.42,Cashew
81.47,41.54,76.41,32.53,76.42,6.52,147.72,Mango
62.31,27.84,53.99,26.62,68.79,6.69,76.83,Pumpkin
39.09,26.88,35.67,33.37,69.0,6.2,46.79,Black Gram
64.71,31.49,43.88,32.01,67.25,6.83,93.38,Pumpkin
102.53,49.24,110.54,28.55,70.19,6.97,86.93,Grapes
45.07,33.04,22.26,26.89,56.18,6.17,67.97,Kodo Millet
37.43,30.68,28.95,9.27,45.73,6.87,39.64,Peas
92.86,35.52,50.73,32.9,62.09,5.81,90.96,Brinjal
107.52,46.47,93.14,19.19,57.27,6.86,86.44,Grapes
45.34,29.0,28.09,26.26,55.97,6.73,110.71,Little Millet
45.52,34.49,32.18,23.02,38.56,7.55,58.09,Safflower
107.05,53.54,64.73,25.75,69.86,6.01,76.79,Brinjal
66.62,27.27,32.93,23.02,57.6,5.93,131.73,Finger Millet
61.4,34.02,49.52,17.56,59.71,6.37,49.23,Carrot
55.35,31.85,28.77,21.84,63.67,6.09,77.9,Finger Millet
65.66,30.1,26.13,23.5,69.76,6.46,78.72,Sunflower
35.8,37.66,25.56,19.25,54.44,6.58,80.22,Rajma
44.72,35.16,34.03,29.29,64.95,6.98,81.46,Groundnut
118.34,72.23,58.98,25.92,81.58,6.39,35.18,Tomato
60.47,34.91,23.26,30.38,53.54,6.24,62.48,Green Gram
41.5,32.08,34.5,25.73,50.04,6.63,59.88,Red Gram
75.75,61.69,73.4,23.76,70.33,6.76,100.88,Tomato
40.52,30.83,24.12,22.03,51.99,5.81,96.81,Niger Seed
38.37,26.0,52.14,31.21,68.06,6.95,70.72,Bottle Gourd
102.69,54.14,89.87,25.87,60.87,6.5,108.85,Guava
67.57,60.68,48.75,24.71,68.12,7.09,62.0,Okra
93.49,57.83,51.76,22.67,67.62,6.59,69.55,Tomato
77.86,35.93,80.11,29.16,65.88,5.98,123.04,Guava
80.78,38.23,37.9,18.37,50.93,7.29,55.45,Barley
48.05,77.14,56.84,22.45,75.22,5.97,73.93,Brinjal
82.39,60.32,59.94,24.02,84.9,6.06,176.77,Coffee
39.14,31.29,30.78,28.43,49.48,7.24,80.3,Field Bean
79.8,51.58,69.94,26.98,56.62,7.19,88.21,Pomegranate
32.19,20.86,28.69,17.69,50.66,7.18,105.91,Rajma
66.88,28.04,25.33,34.15,53.36,7.67,76.25,Sorghum
35.17,20.66,30.97,22.27,58.55,5.9,83.72,Niger Seed
112.8,53.69,96.75,30.63,80.5,6.21,234.32,Coconut
85.69,49.0,64.55,25.12,87.03,5.1,170.76,Pineapple
44.06,25.06,31.25,27.96,47.2,7.7,55.56,Safflower
43.82,30.3,38.77,30.28,51.91,7.58,91.32,Red Gram
86.73,50.93,74.68,19.73,70.97,6.63,60.57,Cabbage
44.07,35.69,60.28,26.93,58.51,6.76,146.23,Cashew
35.41,28.13,31.71,28.85,64.87,7.17,88.37,Field Bean
50.29,32.77,35.39,31.92,66.34,6.77,64.18,Green Gram
78.15,35.53,87.4,24.87,82.01,5.0,119.79,Pineapple
105.11,50.98,68.28,26.76,80.93,4.91,219.17,Tea
101.67,55.13,79.75,25.49,81.55,6.11,290.97,Arecanut
109.0,43.86,83.77,27.19,81.86,5.96,254.89,Arecanut
102.68,56.01,73.91,17.9,62.03,6.14,54.34,Cabbage
49.51,28.53,27.75,23.86,66.6,6.65,51.88,Radish
78.74,33.54,30.67,13.46,54.9,6.96,39.15,Barley
88.46,49.59,53.46,25.0,83.24,5.26,190.72,Coffee
45.11,26.38,33.47,25.0,60.35,6.14,84.28,Foxtail Millet
17.65,27.39,31.47,31.02,61.72,6.44,109.09,Soybean
110.06,48.59,67.62,27.65,65.11,5.86,81.95,Cauliflower
84.57,41.2,74.73,22.04,79.03,4.78,158.01,Pineapple
92.17,72.69,83.72,20.4,63.48,5.7,48.66,Potato
71.21,52.66,47.33,20.51,63.18,6.75,72.48,Cabbage
98.41,49.34,50.06,24.46,80.92,5.99,227.12,Rice
94.95,49.69,65.39,24.67,71.69,6.14,96.62,Cauliflower
74.29,28.83,38.32,35.56,74.73,7.79,49.72,Sorghum
65.13,37.81,80.6,16.29,56.28,5.94,129.15,Apple
64.06,29.95,52.77,22.87,62.23,6.87,77.73,Beetroot
80.44,24.24,27.39,31.85,50.46,6.66,48.92,Pearl Millet
74.33,39.89,37.1,29.36,73.57,6.74,85.94,Okra
40.53,26.64,26.2,24.03,55.54,6.29,75.37,Foxtail Millet
60.84,33.29,32.25,30.3,53.61,6.29,98.16,Castor
67.2,25.18,25.11,37.2,71.54,6.86,74.69,Sorghum
105.57,52.06,51.31,25.27,84.62,5.08,184.14,Tea
102.52,45.55,82.37,30.86,89.33,6.59,215.86,Arecanut
38.22,31.02,28.1,19.13,51.1,6.15,53.04,Linseed
37.74,25.46,32.95,35.82,51.74,6.08,66.94,Sesame
49.63,36.65,31.18,22.49,53.39,6.51,53.37,Lentil
90.43,31.13,26.95,14.63,59.18,6.26,38.5,Wheat
61.36,28.63,35.6,13.92,49.22,6.87,51.41,Mustard
23.09,30.0,27.12,20.03,49.66,6.66,62.07,Lentil
82.01,38.79,29.87,21.59,55.42,6.69,75.95,Wheat
43.87,30.04,24.92,29.01,63.51,7.32,67.44,Black Gram
38.51,30.48,28.4,30.03,47.52,5.99,74.4,Cowpea
107.09,41.69,108.75,31.62,67.32,6.76,49.42,Grapes
67.07,27.37,65.75,24.35,76.59,7.15,91.12,Pumpkin
110.54,57.04,59.3,16.95,73.94,6.33,79.72,Cauliflower
66.8,35.48,66.79,20.42,54.51,6.81,59.9,Carrot
81.8,56.55,84.54,26.61,84.67,5.85,172.83,Pineapple
60.91,31.81,38.42,14.8,46.9,6.41,42.35,Mustard
109.36,69.93,92.87,31.5,72.18,6.27,164.14,Mango
87.66,38.26,42.03,32.35,58.39,6.54,151.25,Maize
75.65,37.55,21.97,19.55,53.75,6.97,40.95,Barley
87.41,58.52,104.54,31.32,55.66,6.19,121.16,Orange
23.81,29.92,39.13,28.68,53.51,7.09,142.42,Red Gram
51.09,25.9,30.2,32.95,61.97,6.75,121.03,Red Gram
71.8,27.19,70.47,31.23,68.91,6.64,65.39,Bottle Gourd
110.59,59.12,101.71,13.28,71.54,5.67,74.21,Potato
86.58,40.27,57.12,19.81,82.01,5.23,153.23,Coffee
79.25,55.8,104.45,31.15,82.28,6.07,195.43,Litchi
101.9,56.13,99.8,19.57,65.63,5.49,61.01,Potato
35.87,38.41,39.71,32.8,70.77,7.15,65.27,Black Gram
41.9,35.96,34.24,19.07,41.88,6.24,122.62,Red Gram
28.17,33.96,30.08,26.68,54.26,6.45,98.75,Niger Seed
88.02,61.13,46.34,29.96,68.86,7.08,75.87,Brinjal
55.96,35.68,63.77,33.87,62.87,6.83,67.99,Bottle Gourd
63.76,40.41,39.77,25.77,67.37,6.49,77.87,Cucumber
51.48,32.15,31.83,21.44,49.43,6.91,69.32,Chickpea
77.76,44.22,66.41,18.24,63.06,6.11,118.52,Apple
50.81,27.87,60.64,18.14,61.41,6.8,49.79,Beetroot
77.43,51.86,35.34,27.97,52.78,6.99,55.14,Okra
91.65,58.19,96.85,20.3,67.15,6.13,74.65,Potato
41.65,37.96,33.88,30.13,49.05,6.78,40.68,Pearl Millet
74.2,34.53,33.53,18.17,60.03,6.12,68.71,Barley
72.18,28.31,28.62,26.04,51.96,6.57,71.08,Castor
47.49,28.34,32.59,25.85,62.31,7.01,70.45,Soybean
58.89,25.29,26.79,20.62,55.47,6.24,63.33,Radish
58.83,28.37,36.76,26.58,56.11,5.88,116.68,Soybean
97.71,46.54,84.71,21.02,77.6,5.57,225.18,Pineapple
43.87,31.79,30.49,23.34,68.35,6.33,97.96,Niger Seed
44.8,32.96,29.85,26.12,60.71,7.45,95.94,Little Millet
96.08,41.01,32.55,14.21,65.22,7.1,57.64,Wheat
52.36,28.97,30.81,29.64,78.69,6.34,74.0,Finger Millet
89.66,40.03,35.28,20.76,57.64,6.46,68.93,Wheat
95.44,64.0,44.24,22.95,61.17,6.57,78.27,Chilli
33.22,29.08,38.01,31.75,54.52,6.27,71.92,Cowpea
77.5,43.87,41.18,21.68,59.86,7.03,46.02,Garlic
98.8,76.9,82.34,29.17,82.06,4.76,288.43,Rubber
53.68,35.39,34.58,23.87,67.6,7.27,116.76,Finger Millet
106.73,47.06,91.87,26.21,61.14,6.52,73.21,Grapes
27.91,31.82,31.08,30.06,59.22,6.2,53.47,Sesame
29.08,29.98,27.84,30.55,50.05,5.57,66.0,Cowpea
68.0,52.38,103.67,28.77,50.88,6.79,87.24,Grapes
97.72,58.27,99.29,20.38,61.98,5.48,51.97,Potato
61.5,30.29,57.33,26.74,66.23,6.36,73.54,Pumpkin
79.21,36.7,44.0,24.26,67.42,5.88,86.84,Maize
22.88,32.31,34.36,27.37,52.19,7.26,84.81,Green Gram
52.12,32.17,34.52,35.35,39.19,7.26,67.96,Pearl Millet
83.94,52.48,94.14,32.09,80.72,6.46,197.75,Coconut
97.2,79.59,51.32,24.11,51.97,6.9,74.18,Chilli
48.28,35.19,28.06,31.1,67.35,7.23,70.73,Black Gram
63.31,22.85,22.4,19.07,60.13,6.71,50.18,Mustard
65.07,25.66,53.72,27.83,65.68,6.28,88.68,Pumpkin
54.14,37.93,29.33,30.37,56.06,6.45,78.26,Sorghum
36.21,30.94,30.43,31.43,54.67,6.13,88.05,Sesame
73.69,39.55,74.7,22.74,72.6,6.02,162.66,Litchi
54.82,64.39,55.95,21.82,56.83,6.86,57.58,Garlic
158.1,68.18,136.06,29.92,79.87,6.54,134.77,Banana
67.28,31.84,47.18,32.53,52.16,6.81,58.81,Pearl Millet
99.8,48.53,28.18,22.06,39.83,7.0,73.85,Wheat
43.97,33.06,27.96,22.28,54.73,6.45,57.55,Linseed
58.29,33.6,23.26,27.47,48.62,6.23,50.7,Sorghum
73.58,39.67,32.35,37.41,35.78,7.5,50.49,Pearl Millet
34.1,30.01,28.62,26.74,43.62,6.36,69.56,Horse Gram
72.02,29.21,26.48,31.28,58.85,7.31,123.52,Red Gram
89.7,36.18,78.92,28.28,71.81,6.36,125.75,Guava
71.21,27.61,21.71,25.52,44.06,7.45,80.4,Sorghum
31.8,24.84,26.93,28.27,49.98,6.09,60.8,Horse Gram
34.53,25.12,36.91,33.75,60.87,6.31,70.99,Black Gram
78.7,32.2,33.71,26.33,57.61,6.25,145.77,Maize
76.46,28.5,47.44,29.86,71.92,6.35,93.88,Bottle Gourd
39.07,26.45,35.2,27.15,68.63,6.14,93.32,Soybean
57.85,26.4,27.35,27.42,31.79,6.47,41.08,Sorghum
27.87,35.62,28.71,34.06,38.83,6.2,82.37,Horse Gram
45.17,33.41,36.86,27.98,69.45,6.67,81.03,Black Gram
59.57,21.55,34.58,32.71,44.77,6.27,111.74,Castor
90.69,57.63,109.74,29.79,55.93,6.82,103.23,Grapes
104.1,38.17,92.9,29.43,73.07,7.52,114.04,Orange
74.87,50.91,83.82,32.45,41.44,5.96,70.37,Pomegranate
55.53,60.3,59.02,28.36,54.51,5.5,101.73,Pomegranate
106.13,49.75,89.41,25.55,54.08,6.31,120.75,Guava
31.22,41.07,53.24,32.61,72.44,6.26,189.29,Cashew
65.02,47.41,50.99,14.44,55.57,6.69,49.91,Garlic
92.69,49.0,89.61,31.94,64.31,6.93,72.73,Grapes
104.04,48.91,102.53,28.07,77.52,7.08,122.65,Coconut
51.52,27.84,33.19,23.99,56.1,5.96,86.89,Little Millet
74.41,27.87,27.18,24.67,57.72,6.81,61.46,Sunflower
56.05,29.58,54.01,32.4,63.92,5.53,200.85,Cashew
86.59,74.51,104.49,30.54,77.04,5.72,159.18,Mango
86.08,45.3,31.76,19.15,39.5,6.56,63.43,Barley
35.11,30.44,17.63,29.0,62.24,6.9,74.4,Field Bean
49.17,40.9,28.56,22.05,49.28,6.8,80.39,Castor
41.36,28.87,30.38,26.57,41.44,6.68,85.03,Foxtail Millet
98.81,33.93,110.48,21.07,67.17,7.27,171.06,Orange
80.71,48.0,66.67,19.94,63.86,6.12,86.94,Pomegranate
96.75,52.63,66.42,31.49,69.79,6.38,69.68,Onion
27.48,30.85,27.4,21.69,41.8,6.86,102.47,Field Bean
77.67,50.09,47.51,29.01,66.31,7.11,66.8,Cucumber
72.2,50.78,45.94,24.95,68.48,6.5,67.5,Cucumber
71.78,41.11,74.5,31.24,70.92,6.07,59.34,Pumpkin
51.66,26.77,28.35,34.0,42.06,6.36,80.01,Foxtail Millet
121.42,57.56,58.05,28.52,79.07,6.33,253.02,Rice
56.83,44.7,67.88,21.2,61.16,6.47,68.11,Onion
55.92,36.29,69.21,21.6,62.4,6.24,85.97,Carrot
39.85,32.45,29.34,26.16,45.79,6.54,63.92,Field Bean
65.19,28.48,65.56,21.96,54.97,6.76,33.71,Carrot
51.92,32.87,24.66,28.77,51.17,6.24,75.36,Cowpea
108.6,46.16,42.45,21.18,78.33,6.09,66.07,Cauliflower
49.48,26.97,28.58,34.3,39.28,5.46,84.19,Groundnut
51.66,37.17,45.4,25.65,67.34,6.93,61.8,Soybean
64.05,41.29,45.87,21.53,73.4,5.59,200.61,Coffee
54.1,42.3,51.23,24.98,78.08,5.65,120.93,Cucumber
43.14,27.0,21.88,19.9,49.25,6.87,27.26,Lentil
46.39,33.27,40.35,28.76,75.49,6.88,74.52,Cucumber
80.86,43.9,56.65,19.82,62.99,6.53,72.81,Cabbage
49.93,21.04,60.7,20.45,63.9,6.35,39.59,Carrot
97.54,39.95,51.51,28.18,51.79,6.63,65.66,Chilli
102.81,51.4,106.68,30.31,74.99,7.91,231.68,Coconut
64.98,27.35,46.82,29.98,70.94,6.67,44.94,Bottle Gourd
69.78,25.28,32.19,20.59,55.37,6.82,59.54,Radish
87.99,45.51,55.76,22.11,77.27,6.54,79.82,Cauliflower
81.09,53.07,60.62,20.23,69.41,6.6,74.88,Cabbage
47.64,31.15,30.47,28.91,52.83,6.14,37.88,Sorghum
91.77,45.99,70.41,23.44,80.75,5.07,144.87,Tea
65.63,49.74,64.05,19.27,68.2,6.82,90.52,Cauliflower
84.89,54.14,77.45,35.65,61.99,7.42,71.22,Pomegranate
58.25,33.29,42.28,20.8,57.98,6.72,43.2,Radish
98.22,60.5,78.25,23.78,77.79,6.32,70.88,Tomato
62.41,47.46,80.54,19.27,60.33,6.4,116.95,Orange
63.26,30.67,28.07,29.15,66.19,6.47,49.38,Pearl Millet
87.91,26.75,56.77,24.22,64.24,7.14,62.85,Beetroot
70.86,35.63,54.24,14.92,55.57,6.52,38.32,Garlic
20.74,28.44,27.47,30.44,58.77,6.53,75.09,Sesame
42.61,33.45,28.64,23.15,50.22,6.51,46.15,Lentil
32.31,29.86,25.32,23.15,46.8,6.46,49.09,Linseed
44.51,33.66,35.84,33.1,44.06,5.95,58.51,Cowpea
91.4,44.75,81.46,26.67,78.92,5.08,246.23,Pineapple
41.8,38.75,16.87,30.2,58.07,6.84,55.63,Black Gram
109.83,45.77,54.28,29.84,79.33,5.58,179.9,Rice
86.32,45.74,44.59,30.62,84.6,6.1,194.76,Rice
89.97,44.44,86.25,26.22,69.61,6.18,131.49,Litchi
36.34,31.74,30.82,28.28,61.5,6.35,63.64,Cowpea
81.38,54.74,50.22,26.34,58.73,6.17,48.53,Onion
61.4,44.67,49.12,22.61,63.18,7.19,68.64,Cucumber
105.01,53.26,59.13,27.04,86.77,5.15,215.69,Tea
64.08,34.22,54.22,30.46,75.99,6.32,220.36,Cashew
38.49,37.43,35.8,28.9,51.21,7.61,57.68,Red Gram
105.29,75.02,126.86,32.57,81.33,6.57,169.24,Banana
91.83,70.03,97.54,29.97,79.04,5.58,255.74,Rubber
58.9,25.71,24.07,26.73,65.6,6.27,80.74,Sunflower
32.14,29.28,35.12,27.82,53.48,7.23,70.76,Horse Gram
74.33,41.74,50.19,30.94,75.8,6.05,255.7,Rice
40.63,32.26,28.63,15.48,44.75,6.7,59.54,Chickpea
79.04,28.45,60.78,20.23,64.27,6.2,48.13,Carrot
43.02,29.21,35.25,25.17,54.13,5.89,91.5,Little Millet
22.07,35.69,28.62,31.16,65.22,6.11,63.3,Horse Gram
37.55,27.96,25.83,33.31,39.23,7.25,79.66,Groundnut
98.97,51.51,107.53,24.12,81.99,6.66,193.11,Coconut
97.71,54.4,115.99,30.63,80.62,6.25,217.5,Coconut
61.42,46.45,31.75,25.93,62.07,6.73,50.39,Okra
57.7,34.58,25.12,18.42,59.68,7.19,47.4,Radish
32.94,31.9,28.37,20.62,47.0,6.9,48.49,Lentil
36.99,29.5,25.39,20.45,58.77,7.0,43.35,Peas
106.48,53.36,56.25,23.6,75.22,6.09,93.05,Brinjal
104.91,47.76,102.06,23.88,70.03,6.47,127.65,Papaya
107.52,50.58,60.88,22.2,72.23,6.29,71.72,Cabbage
61.35,17.84,28.26,31.36,63.08,5.96,81.45,Sorghum
95.59,80.36,88.91,20.59,71.49,6.87,112.98,Orange
60.45,27.89,39.68,30.26,73.32,5.63,104.88,Cashew
100.42,55.67,111.87,18.43,71.5,6.92,149.11,Orange
26.81,40.83,31.53,29.58,48.03,5.98,48.53,Sesame
50.87,28.44,31.74,22.54,74.54,6.56,90.22,Soybean
91.42,58.0,46.06,18.87,70.16,6.74,65.32,Cabbage
54.51,37.63,25.84,28.09,45.03,6.55,82.18,Castor
84.79,46.11,66.45,22.07,75.79,5.67,187.59,Coffee
54.6,43.44,57.76,26.36,83.42,6.22,107.7,Okra
20.96,30.2,27.03,19.39,60.29,6.2,36.28,Radish
64.49,29.41,34.56,27.58,49.94,6.47,61.79,Sunflower
85.12,38.66,24.56,13.42,63.37,6.32,53.44,Barley
48.56,46.37,37.81,28.49,61.45,6.18,66.77,Brinjal
40.68,29.14,23.53,28.58,58.13,6.14,97.37,Foxtail Millet
98.44,48.28,26.01,23.13,62.1,6.89,111.53,Maize
95.29,47.58,49.71,31.56,62.55,6.8,89.85,Chilli
40.66,30.7,34.4,22.33,54.44,7.48,70.92,Safflower
28.36,27.35,21.77,23.89,45.52,7.39,112.02,Field Bean
124.79,42.59,77.34,18.33,65.07,6.97,99.11,Cabbage
47.91,25.65,37.42,26.83,65.14,6.75,79.52,Kodo Millet
75.52,48.55,76.66,22.55,64.22,7.03,41.9,Cauliflower
47.71,24.39,33.26,19.58,55.56,6.65,67.49,Lentil
37.29,28.42,34.19,26.72,62.68,6.39,119.4,Kodo Millet
31.34,36.88,32.64,24.8,42.19,7.18,78.13,Field Bean
83.21,41.84,86.09,25.31,73.89,4.83,246.25,Pineapple
31.68,38.46,22.24,20.23,52.11,6.85,44.72,Chickpea
122.15,77.73,120.19,27.34,78.1,7.01,116.81,Banana
40.31,28.83,23.17,27.86,62.11,7.58,69.91,Red Gram
53.25,28.06,54.4,28.28,66.25,7.12,106.93,Pumpkin
90.17,39.43,30.47,20.27,58.2,6.85,60.67,Wheat
34.14,29.58,39.61,19.38,60.23,6.87,91.22,Rajma
68.06,33.19,35.39,33.79,73.7,7.1,62.56,Okra
105.42,52.14,48.88,20.08,83.29,5.17,142.09,Tea
31.78,29.08,34.1,32.03,48.12,6.32,72.23,Sesame
98.19,77.11,90.8,32.42,86.44,6.13,293.51,Rubber
29.49,37.58,29.75,29.74,46.88,6.55,56.07,Horse Gram
43.31,39.85,35.91,24.27,46.75,6.58,58.57,Linseed
36.79,34.23,28.06,36.24,61.99,6.72,56.91,Sorghum
84.92,46.21,64.58,17.42,60.67,6.29,120.7,Apple
33.25,24.61,32.48,29.97,58.82,7.12,39.29,Green Gram
76.39,54.85,65.3,26.24,85.66,5.17,216.04,Coffee
92.74,45.03,86.94,32.38,69.22,7.2,65.08,Grapes
91.19,39.53,87.68,25.78,49.24,5.85,85.22,Pomegranate
79.56,45.23,29.46,13.28,58.95,6.58,72.42,Wheat
89.01,52.58,106.0,21.62,65.4,5.71,67.19,Potato
79.86,68.17,78.99,21.07,52.12,6.9,71.66,Chilli
39.79,28.85,25.15,33.89,65.41,6.04,85.05,Cowpea
86.49,71.32,76.64,31.72,82.18,5.93,319.94,Rubber
56.91,41.45,27.88,23.82,66.02,6.67,96.79,Little Millet
35.93,32.59,35.12,23.01,58.86,7.16,88.41,Castor
30.86,30.59,20.27,24.12,47.29,7.62,57.31,Niger Seed
48.42,24.76,30.1,29.78,60.41,6.42,119.8,Little Millet
54.45,36.76,32.21,27.01,43.65,5.85,60.26,Little Millet
87.85,37.26,32.87,25.05,41.06,6.35,60.26,Wheat
56.34,30.68,35.16,29.21,62.97,5.63,107.0,Finger Millet
75.13,34.02,30.77,28.15,52.21,6.52,74.36,Groundnut
106.49,52.69,42.24,18.3,68.64,6.51,79.51,Cauliflower
53.6,34.08,34.02,25.66,61.22,7.1,125.15,Soybean
59.96,33.89,68.7,27.97,63.31,6.62,61.21,Bottle Gourd
30.96,26.03,22.72,28.83,58.91,6.65,72.2,Cowpea
37.44,36.53,23.68,27.92,57.37,7.12,89.91,Kodo Millet
58.02,38.23,35.52,35.02,31.55,5.95,55.1,Pearl Millet
133.58,71.29,154.73,30.47,89.05,6.99,178.46,Banana
32.62,22.79,24.7,26.14,65.93,7.31,73.94,Black Gram
101.79,45.81,55.64,29.53,79.0,6.17,263.51,Rice
106.0,48.13,84.37,29.87,92.81,6.16,274.5,Rubber
32.34,38.63,29.43,21.13,55.42,7.16,54.62,Chickpea
90.53,43.35,79.84,28.69,51.21,6.82,41.32,Pomegranate
96.21,56.99,116.53,16.54,73.17,6.12,67.81,Potato
126.94,54.35,60.28,21.86,84.51,4.84,168.24,Tea
24.18,25.67,27.57,19.14,47.42,7.72,71.44,Chickpea
56.12,24.43,57.53,30.56,71.98,7.07,49.0,Bottle Gourd
69.08,44.17,62.74,18.46,54.85,7.26,39.02,Garlic
130.26,67.13,113.04,32.46,84.53,6.8,210.63,Banana
89.99,45.16,63.5,25.24,88.69,5.3,202.07,Tea
53.14,26.7,32.76,25.95,69.94,6.47,76.32,Niger Seed
35.53,27.0,26.42,18.1,53.73,6.05,50.0,Linseed
35.84,32.9,32.11,28.61,66.89,7.13,127.37,Red Gram
85.48,41.12,92.28,25.68,60.06,5.84,80.74,Pomegranate
70.32,18.96,57.87,15.72,52.78,5.96,38.92,Carrot
61.2,31.96,19.77,23.65,55.12,6.52,83.57,Sunflower
104.8,37.95,51.13,24.21,85.31,6.41,240.27,Rice
29.8,30.63,19.16,29.8,41.73,6.94,78.06,Sesame
103.83,41.42,65.68,26.53,76.95,6.64,222.82,Arecanut
88.39,52.77,44.24,20.68,68.44,6.44,65.23,Cauliflower
41.65,31.46,31.18,18.06,56.91,6.32,82.87,Rajma
29.1,22.94,39.86,28.77,42.64,6.88,71.08,Horse Gram
94.68,72.14,72.86,20.94,65.52,6.43,82.13,Tomato
28.81,30.67,30.94,27.88,44.97,6.07,74.07,Cowpea
35.22,41.58,30.33,27.49,53.15,6.61,76.17,Cowpea
98.39,69.98,54.26,24.12,64.42,7.01,99.95,Chilli
54.7,29.98,27.33,22.06,53.67,6.71,107.69,Soybean
48.86,27.57,34.14,22.96,71.99,6.39,141.28,Finger Millet
40.01,25.66,26.57,25.5,52.64,6.62,85.83,Cowpea
75.34,31.54,56.46,22.74,68.38,6.37,59.17,Carrot
79.68,53.37,54.85,23.45,56.79,6.62,57.06,Onion
80.36,56.16,70.76,31.89,60.36,6.71,89.92,Chilli
97.12,42.2,85.24,11.32,60.87,6.43,129.56,Apple
74.1,45.58,79.67,26.98,75.83,4.97,212.05,Pineapple
58.22,28.3,63.03,30.66,72.94,7.21,84.66,Bottle Gourd
74.27,45.2,79.17,15.61,69.38,5.53,122.72,Apple
28.55,32.24,29.81,22.93,53.62,6.1,78.32,Niger Seed
115.42,53.24,92.07,24.85,77.49,6.16,268.21,Arecanut
28.01,26.03,29.15,26.5,49.21,7.5,99.73,Field Bean
65.61,41.83,31.59,13.26,40.77,6.9,62.34,Wheat
36.61,23.67,36.05,23.91,64.46,6.11,105.66,Niger Seed
56.95,24.05,24.59,40.3,50.42,6.41,34.18,Pearl Millet
75.86,34.75,87.9,18.94,65.81,6.2,104.67,Apple
95.8,75.9,124.46,33.01,58.86,6.51,142.05,Mango
63.4,34.74,69.93,18.28,64.51,6.96,79.25,Carrot
88.81,50.91,102.0,23.44,68.55,5.58,59.01,Potato
56.55,43.09,85.01,25.12,63.74,6.23,93.94,Guava
97.05,48.51,99.07,19.26,75.89,5.9,55.16,Potato
81.78,52.29,82.87,27.89,65.06,6.25,157.13,Guava
85.07,35.51,30.21,16.21,67.36,5.77,81.64,Wheat
53.86,26.9,35.73,28.54,69.96,6.15,67.04,Kodo Millet
77.04,22.22,52.5,22.21,67.6,6.58,71.98,Beetroot
67.0,34.12,42.52,28.75,47.37,7.42,73.35,Sunflower
77.26,52.16,84.11,19.87,76.93,6.57,78.86,Cabbage
46.75,35.44,17.38,27.34,58.14,6.85,69.64,Groundnut
29.04,36.46,24.14,25.56,48.06,7.35,80.55,Horse Gram
40.81,35.54,31.88,30.31,60.18,5.77,70.88,Foxtail Millet
18.89,35.65,30.26,30.38,61.95,6.49,97.68,Red Gram
24.95,40.47,37.72,29.23,51.31,6.43,82.77,Horse Gram
39.32,28.77,20.1,25.7,50.46,6.63,73.85,Field Bean
90.43,50.94,103.11,23.27,67.67,6.65,107.21,Guava
32.15,39.97,29.27,31.5,45.6,6.17,62.09,Horse Gram
32.07,28.32,33.56,21.13,56.91,5.66,52.57,Horse Gram
103.4,70.44,96.39,24.12,72.12,6.19,61.24,Potato
82.75,47.01,71.03,26.24,69.24,7.15,74.92,Brinjal
111.75,64.2,81.22,30.12,82.28,6.34,326.29,Rubber
107.51,51.31,113.33,28.09,70.5,6.24,163.3,Papaya
51.26,33.81,28.21,10.49,56.57,6.74,66.16,Peas
96.1,50.5,108.95,29.45,83.58,6.16,244.26,Coconut
62.54,47.5,87.02,24.95,79.13,6.0,272.33,Pineapple
45.11,28.82,29.71,29.44,56.8,6.58,75.14,Green Gram
109.55,65.98,111.22,32.9,52.6,5.47,132.44,Mango
41.33,30.91,31.05,20.03,68.4,6.57,42.03,Radish
44.15,28.41,31.48,29.39,50.26,7.35,88.79,Castor
34.61,33.15,33.25,26.52,54.64,6.84,47.74,Sesame
36.92,30.57,36.71,22.94,60.94,6.87,83.82,Niger Seed
75.48,51.9,77.28,25.78,74.77,5.54,181.46,Coffee
92.71,69.73,104.37,28.8,69.21,6.24,115.45,Mango
43.38,37.13,30.08,31.56,55.46,6.63,72.46,Green Gram
57.14,18.68,26.92,34.61,69.56,6.62,62.57,Green Gram
46.59,31.67,33.94,19.08,66.47,7.48,46.44,Radish
99.1,68.85,70.81,25.16,53.7,6.23,64.62,Tomato
31.02,33.6,30.13,24.61,60.8,5.75,63.14,Cowpea
90.3,49.83,81.58,26.46,75.19,6.49,285.6,Arecanut
103.06,55.32,90.65,34.41,59.27,6.62,127.5,Orange
101.18,61.76,107.45,18.15,70.08,5.54,57.52,Potato
35.8,23.07,29.92,15.26,45.66,7.1,59.77,Chickpea
95.57,56.55,99.51,27.61,82.16,5.41,285.0,Rubber
43.38,31.91,63.61,32.89,68.19,6.64,223.1,Cashew
35.92,31.99,29.35,23.43,59.46,6.88,79.63,Field Bean
105.69,46.34,101.77,27.08,54.26,7.07,87.31,Grapes
107.22,52.02,78.03,20.3,76.11,4.82,216.99,Tea
57.96,28.49,34.46,25.25,42.44,6.71,69.1,Green Gram
83.68,56.79,92.92,28.26,72.11,8.11,112.97,Guava
35.12,31.83,30.35,21.74,54.38,5.34,108.68,Niger Seed
53.35,24.95,66.49,22.5,74.3,6.11,86.63,Pumpkin
101.23,54.47,88.98,23.09,81.14,6.19,230.01,Arecanut
61.32,40.26,43.35,31.69,58.03,6.98,72.42,Okra
76.48,42.32,65.93,28.99,80.11,5.92,186.06,Litchi
35.13,25.84,22.78,30.16,63.38,6.59,80.49,Horse Gram
42.39,26.03,33.09,29.11,60.12,6.56,56.0,Green Gram
88.85,70.64,65.11,33.54,63.53,6.94,73.68,Chilli
88.57,61.33,47.61,34.72,51.83,7.71,53.28,Chilli
48.07,31.91,37.31,29.04,53.47,6.31,89.63,Foxtail Millet
37.99,36.95,29.96,29.62,71.28,7.27,82.33,Red Gram
44.06,29.33,29.91,31.38,62.15,6.65,53.09,Groundnut
32.91,30.83,28.06,16.2,49.44,6.73,51.47,Peas
83.76,27.21,25.99,17.42,66.17,7.09,57.98,Barley
50.68,37.49,29.37,31.12,64.96,6.33,84.08,Black Gram
53.16,27.71,32.37,16.58,45.21,6.34,55.18,Mustard
71.27,37.56,30.91,30.69,36.03,7.18,113.85,Sorghum
38.55,33.94,36.74,31.19,52.15,6.48,76.94,Green Gram
71.59,51.16,51.07,29.1,63.43,7.07,57.8,Okra
63.7,47.59,49.99,29.95,68.11,6.56,73.98,Cucumber
26.17,33.13,29.64,22.64,60.44,6.79,96.26,Field Bean
43.42,26.37,32.15,31.17,68.81,6.68,96.01,Black Gram
78.44,48.3,47.98,30.38,61.85,6.77,73.8,Okra
88.4,48.61,65.16,17.29,69.07,6.07,66.83,Cabbage
49.82,35.47,32.04,25.2,69.07,5.48,121.42,Finger Millet
102.31,74.26,108.31,25.01,63.24,6.1,201.61,Mango
67.93,28.57,70.37,20.7,61.86,6.26,67.56,Carrot
78.67,24.41,65.84,19.44,73.12,6.91,52.18,Garlic
54.53,35.92,64.69,27.61,64.72,6.63,57.46,Pumpkin
37.9,37.36,26.75,26.52,61.18,6.45,105.08,Niger Seed
58.84,23.69,73.1,30.29,76.68,7.15,54.37,Bottle Gourd
66.99,28.65,24.1,20.05,43.49,7.33,59.6,Chickpea
61.45,30.66,60.53,22.82,69.86,6.8,48.31,Pomegranate
76.13,51.1,68.4,19.35,60.26,6.74,62.32,Cauliflower
32.01,31.62,24.37,29.11,72.86,6.88,93.65,Castor
30.06,21.67,25.26,9.79,61.34,6.26,60.03,Peas
72.02,45.43,37.17,36.02,74.52,6.7,61.4,Okra
42.94,27.69,29.28,11.27,50.18,6.93,55.04,Peas
43.35,22.4,27.95,25.03,57.18,6.8,88.42,Groundnut
25.08,32.99,31.81,21.73,53.44,6.44,79.3,Horse Gram
49.08,30.27,27.56,19.58,45.8,6.52,49.55,Mustard
60.01,45.89,69.61,28.04,52.66,6.88,103.9,Guava
85.13,63.25,68.95,28.27,70.0,5.73,94.61,Brinjal
84.77,43.8,33.9,25.4,72.19,6.34,71.0,Maize
99.45,48.04,81.77,32.03,96.8,6.03,280.68,Rubber
50.82,30.5,38.81,26.59,64.84,7.07,66.1,Sunflower
38.89,36.44,33.66,22.38,40.09,6.9,58.6,Horse Gram
53.8,21.4,36.83,26.92,47.2,6.59,77.19,Groundnut
64.54,27.97,74.02,29.09,64.01,6.33,120.81,Cashew
33.8,24.98,30.11,15.48,41.84,5.9,67.92,Linseed
54.22,23.63,26.55,28.21,51.75,6.72,95.62,Castor
64.03,29.96,56.57,30.83,69.73,6.82,76.2,Bottle Gourd
91.22,38.93,63.91,24.91,76.58,6.51,83.57,Tomato
73.53,32.67,30.1,13.78,59.53,6.54,48.02,Mustard
26.31,27.9,30.28,16.47,53.4,7.3,43.24,Safflower
70.48,28.36,18.95,24.93,43.57,6.43,49.94,Pearl Millet
101.6,44.29,51.98,37.63,83.61,6.27,233.15,Rice
71.4,48.76,57.12,22.45,64.02,6.77,60.24,Onion
53.59,28.08,64.13,22.96,74.83,6.53,84.36,Bottle Gourd
101.52,62.08,100.52,19.79,69.61,6.02,78.03,Potato
42.7,28.6,28.51,25.95,54.15,7.3,121.62,Field Bean
120.57,62.67,120.99,30.34,78.71,6.31,135.28,Banana
29.01,25.18,31.52,25.57,51.8,6.63,75.13,Horse Gram
62.13,34.54,33.75,25.69,62.67,6.54,62.48,Radish
74.1,27.75,54.19,26.71,76.32,6.41,74.33,Bottle Gourd
51.29,32.75,46.11,23.6,74.13,6.71,88.75,Bottle Gourd
98.23,53.68,53.1,20.86,58.89,6.74,64.37,Onion
69.05,41.78,34.16,16.08,46.46,7.75,49.77,Barley
65.06,42.55,20.85,27.68,79.39,6.56,102.16,Maize
76.79,53.33,38.63,33.06,66.87,6.85,82.87,Okra
32.19,29.81,38.52,28.92,39.98,5.69,77.72,Cowpea
62.94,20.07,27.97,29.94,41.22,7.04,76.71,Castor
111.29,43.92,48.57,30.42,77.55,5.84,228.3,Rice
99.08,40.91,20.52,17.65,59.13,6.95,91.24,Wheat
93.79,50.99,86.51,19.64,62.8,6.5,69.22,Cauliflower
34.94,28.96,28.26,20.57,50.01,7.59,44.39,Peas
42.88,39.12,21.21,25.99,75.61,6.8,83.92,Soybean
103.42,49.73,80.11,26.49,81.1,4.87,190.99,Tea
29.89,35.09,21.08,12.24,37.65,6.99,85.46,Peas
101.39,54.74,61.92,27.59,87.23,6.59,220.44,Arecanut
34.35,21.37,26.45,16.84,52.82,6.72,59.06,Peas
77.02,50.17,61.36,19.88,60.28,6.08,63.9,Onion
42.39,29.39,30.62,17.67,58.17,6.24,79.38,Rajma
55.66,25.85,29.77,25.7,64.19,6.84,97.49,Soybean
93.79,49.59,106.45,30.55,79.43,6.75,248.2,Coconut
84.75,33.5,29.84,32.47,54.23,6.2,54.63,Pearl Millet
48.7,37.39,26.71,25.43,40.29,6.62,85.88,Sorghum
114.15,52.37,84.78,32.65,92.99,5.82,277.18,Rubber
107.6,39.09,99.29,20.6,53.66,6.75,122.56,Orange
60.33,21.97,44.93,29.5,69.32,6.93,49.66,Bottle Gourd
105.66,69.21,59.84,25.24,67.15,6.56,85.48,Tomato
62.17,40.59,51.0,20.31,77.22,6.71,63.37,Cabbage
79.86,29.32,28.05,32.93,33.58,6.26,53.76,Sorghum
60.3,23.25,33.15,42.63,40.77,7.38,64.05,Pearl Millet
46.47,18.57,32.48,27.28,62.11,5.85,63.09,Cowpea
101.51,43.24,51.35,27.26,79.78,5.13,189.0,Coffee
42.56,26.05,26.6,30.25,64.2,6.28,79.94,Foxtail Millet
43.6,34.99,49.7,20.41,58.1,6.93,51.41,Beetroot
21.25,19.95,30.02,17.91,45.26,7.14,48.94,Safflower
51.05,29.88,32.35,39.39,35.85,7.34,85.23,Pearl Millet
45.34,27.57,26.83,30.64,69.24,7.0,103.63,Black Gram
38.3,37.2,26.33,23.36,75.44,6.54,114.72,Soybean
105.76,45.93,63.93,22.34,66.77,6.33,80.37,Cauliflower
74.2,44.72,74.06,27.55,88.74,6.28,147.33,Litchi
24.79,28.69,25.11,24.3,49.64,6.77,96.92,Field Bean
73.28,43.55,57.76,36.96,63.17,6.62,69.52,Okra
40.98,34.42,29.63,21.32,49.14,7.12,37.61,Lentil
37.44,20.12,31.87,29.72,47.2,6.5,73.61,Cowpea
103.28,41.13,42.32,25.06,75.12,6.01,282.88,Rice
81.08,36.21,31.72,16.61,46.28,6.45,62.85,Barley
60.22,58.05,61.6,19.32,59.48,6.87,55.94,Garlic
30.42,23.5,33.69,29.32,76.02,6.7,110.02,Black Gram
72.19,36.09,41.54,26.48,63.79,6.09,83.44,Okra
59.04,30.08,27.73,25.33,70.85,6.77,98.28,Soybean
40.3,29.48,24.46,31.89,52.1,5.81,57.42,Foxtail Millet
45.73,29.34,29.51,20.7,57.45,5.92,34.31,Radish
126.19,59.87,57.4,30.68,72.99,6.1,83.2,Brinjal
42.44,27.43,38.46,25.35,54.42,6.72,72.19,Niger Seed
64.26,29.17,33.82,29.56,56.65,7.69,59.62,Sorghum
99.43,50.96,95.89,31.99,52.86,6.26,91.05,Grapes
27.08,25.8,36.73,26.97,50.34,7.06,152.11,Red Gram
35.96,30.2,30.17,21.54,53.12,6.07,60.12,Chickpea
74.19,40.34,55.75,17.48,61.48,6.93,62.91,Garlic
99.83,52.91,41.57,28.73,96.76,6.8,226.49,Rice
73.81,31.32,38.96,29.11,72.79,6.87,95.48,Pumpkin
104.81,61.25,111.66,32.43,71.92,6.85,101.07,Mango
87.75,46.04,84.57,27.32,71.02,6.56,125.9,Guava
56.56,39.53,75.69,20.23,62.41,6.79,38.17,Garlic
74.8,36.36,86.76,27.22,73.91,6.45,156.59,Litchi
45.61,32.38,23.61,28.52,44.43,7.45,70.4,Green Gram
90.78,55.68,70.32,25.14,64.9,6.3,47.16,Garlic
64.87,52.22,81.22,22.38,61.44,6.83,64.98,Garlic
87.13,43.47,73.38,16.24,63.78,5.51,113.99,Apple
95.6,62.48,77.35,25.54,75.09,6.37,98.42,Brinjal
92.15,36.48,71.17,26.3,75.72,7.05,203.44,Litchi
86.97,49.36,56.36,26.05,66.62,6.39,49.28,Cucumber
74.67,52.81,50.68,17.86,59.78,6.69,50.63,Garlic
88.37,39.99,33.54,17.07,60.6,7.03,50.6,Barley
34.13,29.91,30.04,19.2,43.37,6.52,65.41,Peas
97.83,58.95,99.93,31.85,86.68,5.94,293.98,Rubber
100.69,43.17,95.85,32.86,76.33,7.61,264.43,Coconut
63.66,30.85,18.01,26.91,73.08,6.57,19.27,Soybean
44.56,24.85,35.7,33.22,61.68,6.38,69.23,Groundnut
57.86,34.35,29.05,18.34,53.23,6.59,71.91,Radish
139.35,62.93,116.27,33.55,77.11,6.63,175.42,Banana
42.69,35.09,33.88,26.71,63.27,7.27,102.62,Niger Seed
75.86,47.13,46.82,22.35,62.41,6.6,44.99,Onion
65.04,46.38,86.16,16.44,63.18,5.49,93.99,Apple
78.0,37.92,43.47,25.71,70.39,6.85,90.56,Maize
83.83,34.74,27.36,14.17,51.58,7.21,50.5,Barley
107.47,38.39,52.04,26.47,82.75,4.92,272.05,Tea
23.11,28.37,31.67,27.22,66.83,7.26,94.32,Field Bean
42.84,26.79,29.41,31.09,69.23,7.22,74.5,Black Gram
83.11,54.96,84.28,22.51,80.19,6.45,217.58,Litchi
83.01,47.67,70.6,24.86,80.65,4.47,271.29,Pineapple
104.03,46.48,113.67,22.84,76.66,6.66,112.34,Papaya
90.06,51.15,114.2,31.69,79.77,7.31,212.54,Coconut
104.72,56.87,77.19,22.52,77.06,4.83,268.31,Tea
55.77,32.24,58.01,27.31,68.74,7.13,100.24,Pumpkin
35.34,33.19,51.83,22.85,62.36,7.4,79.67,Beetroot
34.81,32.91,32.95,30.3,67.82,6.34,76.13,Sesame
36.02,28.84,30.92,18.49,64.97,6.73,47.57,Radish
86.45,56.8,61.71,24.86,63.56,6.52,81.01,Guava
83.11,42.31,31.17,29.99,64.23,6.55,90.11,Maize
44.61,31.54,26.41,31.16,76.48,6.32,88.19,Black Gram
36.54,30.07,32.64,21.06,50.86,6.61,95.6,Field Bean
48.27,27.39,32.72,28.61,32.38,7.43,57.58,Pearl Millet
48.88,32.46,27.42,7.19,51.72,6.98,58.81,Mustard
30.31,35.73,25.57,29.94,61.38,6.64,71.51,Sesame
79.7,26.4,74.74,16.87,53.87,5.95,69.52,Beetroot
43.29,28.52,32.39,23.48,57.47,6.29,72.71,Groundnut
91.69,66.49,82.83,23.06,56.45,6.36,152.7,Orange
101.55,48.15,97.25,25.91,82.38,6.6,141.37,Papaya
41.69,32.61,29.2,21.74,43.29,6.48,68.71,Chickpea
74.31,34.27,76.64,28.0,66.18,5.86,152.75,Cashew
38.9,31.99,28.35,21.7,59.58,6.19,86.35,Rajma
91.32,43.16,99.49,18.2,63.77,5.97,40.55,Potato
55.32,30.82,19.22,24.84,45.86,6.41,58.78,Chickpea
52.91,29.84,27.07,21.76,72.46,5.73,79.48,Little Millet
83.4,53.84,59.33,18.94,74.46,6.18,113.22,Cabbage
84.88,67.84,75.53,21.89,77.07,6.47,54.21,Tomato
45.38,33.46,35.13,25.0,56.8,6.33,91.36,Field Bean
52.08,23.99,47.58,24.24,68.38,6.47,68.51,Bottle Gourd
54.34,29.68,28.91,29.89,65.99,7.3,75.77,Sunflower
23.17,27.81,38.4,23.23,46.44,6.74,45.74,Peas
95.87,45.73,53.65,20.53,74.1,6.29,62.34,Cabbage
58.9,35.11,19.63,25.44,61.83,6.58,104.93,Little Millet
47.27,26.46,21.88,21.91,63.5,6.33,110.71,Finger Millet
94.14,51.72,111.41,29.21,63.97,6.57,86.95,Grapes
43.06,21.38,33.92,21.04,51.37,6.64,49.8,Lentil
28.72,39.26,33.36,27.69,62.05,6.68,82.41,Black Gram
82.05,50.53,56.85,16.6,59.87,7.13,39.38,Garlic
63.95,45.93,93.68,4.67,76.94,6.16,70.25,Apple
94.45,46.17,50.42,23.6,85.37,5.81,239.24,Rice
105.67,54.13,95.33,32.0,64.52,6.56,143.69,Mango
34.87,31.38,36.95,30.67,69.18,6.61,77.67,Black Gram
61.87,26.87,25.29,16.81,50.71,6.79,37.81,Mustard
99.01,73.28,80.31,32.6,77.73,6.77,184.27,Orange
82.81,44.1,35.1,18.25,43.99,6.65,88.56,Wheat
83.04,40.23,86.29,13.95,63.61,6.03,109.97,Apple
66.19,31.6,36.04,25.67,67.24,6.91,71.49,Sunflower
52.79,23.43,27.16,37.0,60.55,5.92,56.07,Sorghum
88.78,50.79,62.76,21.49,67.8,6.57,73.89,Cabbage
105.26,67.04,110.81,20.04,77.93,5.92,52.32,Potato
84.76,70.23,60.96,23.63,60.21,6.41,92.56,Tomato
69.81,39.02,22.82,16.85,44.76,6.29,49.81,Mustard
40.3,40.65,36.18,31.05,47.43,6.68,69.58,Groundnut
58.47,29.95,36.47,24.24,65.12,5.46,114.9,Finger Millet
126.11,68.52,111.95,30.06,85.7,7.23,210.66,Banana
63.49,42.97,52.8,19.25,59.13,6.51,55.8,Garlic
49.35,37.23,24.71,34.95,53.48,7.37,66.0,Pearl Millet
36.02,28.99,31.78,26.17,46.46,6.83,52.83,Green Gram
102.91,72.86,104.77,26.09,45.59,7.18,170.83,Mango
33.35,31.41,35.87,28.16,55.42,6.87,74.1,Field Bean
29.3,31.18,29.24,35.51,55.79,5.85,67.48,Sesame
35.44,22.91,28.2,27.2,59.26,6.79,107.5,Niger Seed
102.09,39.1,30.92,14.21,59.36,6.6,85.79,Wheat
90.09,48.96,57.53,17.05,71.84,6.76,75.88,Cauliflower
110.64,76.52,102.87,31.6,72.66,6.94,205.98,Mango
89.0,48.66,58.06,19.49,71.49,6.63,57.14,Cabbage
93.34,50.36,60.26,30.09,93.02,6.23,257.96,Rice
95.94,53.19,62.75,29.96,75.48,6.25,227.15,Rice
72.06,26.98,25.76,9.74,58.43,7.03,54.02,Mustard
46.52,26.16,27.45,31.82,67.63,6.91,74.91,Groundnut
31.16,33.24,29.18,27.45,65.24,6.7,72.37,Red Gram
45.1,24.73,33.58,21.4,45.42,6.38,43.3,Lentil
98.71,58.69,59.56,23.66,52.58,7.95,78.88,Chilli
94.38,50.33,71.98,13.4,63.66,6.8,116.16,Apple
78.68,37.51,59.8,19.67,51.93,6.36,120.88,Apple
51.09,26.03,24.85,27.55,68.18,7.05,108.6,Finger Millet
63.88,31.42,35.24,29.27,45.72,6.69,91.96,Sunflower
45.02,37.16,30.42,21.02,67.67,6.68,74.39,Rajma
28.02,28.52,22.95,31.88,60.65,6.57,44.01,Horse Gram
86.19,46.63,85.56,29.28,70.31,6.9,91.77,Guava
37.45,35.29,32.94,26.26,64.63,6.93,43.93,Radish
104.35,60.71,102.27,26.95,57.98,6.66,163.78,Mango
69.27,26.01,78.53,29.02,69.86,6.8,102.34,Pumpkin
50.55,24.75,33.98,23.72,67.12,6.57,116.46,Finger Millet
100.84,39.66,62.51,27.02,49.42,7.44,73.74,Pomegranate
108.14,47.33,98.84,27.42,60.46,6.51,68.7,Grapes
83.02,46.59,107.66,33.53,85.25,7.13,231.87,Coconut
51.57,32.16,77.46,26.22,66.53,6.46,58.13,Bottle Gourd
86.9,45.05,81.66,21.54,63.18,6.56,64.28,Grapes
63.49,27.41,24.26,31.82,56.5,6.86,48.38,Sorghum
80.03,37.72,74.69,21.24,73.96,6.46,170.84,Coffee
60.04,33.96,53.85,28.45,69.49,6.91,142.54,Cashew
36.73,30.13,27.96,18.06,50.87,7.11,37.97,Linseed
41.88,28.08,32.87,26.45,54.74,7.21,89.92,Black Gram
45.12,39.37,29.14,33.98,68.02,6.94,79.33,Black Gram
56.27,25.02,33.82,32.71,37.16,6.96,80.77,Pearl Millet
91.87,63.2,57.35,19.91,85.08,6.69,76.31,Cabbage
47.44,28.27,33.46,17.0,37.78,6.94,54.78,Safflower
44.48,39.7,26.14,19.8,52.57,6.72,44.37,Lentil
92.22,54.87,67.76,27.01,68.85,7.12,76.66,Chilli
79.09,45.58,74.34,26.51,59.86,6.57,52.05,Onion
45.77,27.25,19.5,28.29,62.56,7.01,57.12,Groundnut
28.96,34.16,34.05,22.25,56.61,7.95,51.55,Horse Gram
57.02,25.73,31.17,30.33,54.88,6.68,125.73,Red Gram
57.06,27.23,38.03,24.86,48.32,6.21,81.21,Sunflower
87.33,44.81,74.15,17.13,75.51,6.08,96.5,Cabbage
35.7,33.43,28.37,19.42,50.84,6.94,87.12,Field Bean
69.45,35.15,30.12,18.47,53.84,6.86,74.28,Wheat
35.08,27.83,29.34,26.98,53.53,6.78,46.2,Sesame
94.44,60.84,106.47,22.11,64.5,5.57,66.04,Potato
82.49,50.36,34.81,20.47,64.25,6.92,60.74,Barley
29.86,20.02,29.71,25.54,58.15,6.68,65.23,Niger Seed
64.99,60.92,55.31,26.32,53.48,6.34,61.46,Chilli
106.93,54.79,60.47,19.74,69.65,6.51,66.52,Cauliflower
73.97,37.98,31.98,27.22,50.09,7.64,55.35,Sorghum
76.26,57.67,58.54,30.92,74.25,6.11,67.0,Brinjal
29.86,36.95,31.19,32.46,52.26,6.78,95.67,Kodo Millet
105.22,44.23,59.76,17.55,66.85,6.46,98.9,Cauliflower
88.43,49.43,67.05,31.75,60.15,7.36,90.02,Brinjal
29.49,32.12,27.89,22.43,52.65,6.82,33.83,Chickpea
39.39,27.21,29.72,31.85,57.38,5.99,102.65,Foxtail Millet
36.04,32.21,21.87,28.23,66.36,7.1,104.8,Black Gram
84.72,42.32,77.03,24.11,74.07,6.59,145.43,Litchi
65.99,52.16,76.99,21.95,90.42,6.24,171.9,Coffee
34.42,35.24,28.49,31.42,71.9,6.61,52.4,Cowpea
63.42,27.2,69.08,20.52,60.96,6.19,48.83,Carrot
99.46,53.54,94.01,23.31,61.2,6.46,83.23,Grapes
44.9,33.63,40.03,24.19,60.93,6.7,123.82,Finger Millet
84.96,31.05,79.3,34.94,82.64,6.8,165.57,Litchi
48.16,27.02,35.76,27.57,48.22,6.53,77.65,Foxtail Millet
43.71,33.8,30.26,19.04,48.4,7.08,70.2,Linseed
80.73,37.98,26.97,23.79,51.96,6.65,53.1,Barley
57.17,34.49,31.9,15.67,57.41,6.7,48.97,Radish
100.1,67.87,135.15,30.44,78.03,6.04,177.6,Banana
67.48,36.73,69.05,21.31,62.61,6.7,38.31,Carrot
78.34,46.29,70.63,17.0,69.76,5.91,101.95,Apple
45.55,33.73,34.85,17.03,54.4,6.38,60.11,Radish
101.9,65.4,87.53,25.39,60.8,6.6,134.41,Orange
72.7,27.63,54.31,20.17,60.31,7.15,68.58,Beetroot
108.78,56.5,118.58,27.23,75.38,6.13,169.2,Papaya
60.63,34.8,24.98,17.29,44.2,6.88,48.7,Chickpea
79.23,77.15,52.23,23.44,73.21,6.59,106.31,Brinjal
82.79,54.87,92.91,23.68,51.33,6.35,54.2,Pomegranate
104.79,52.29,53.01,17.2,73.27,6.46,47.15,Cauliflower
25.59,30.87,27.32,24.36,46.89,7.16,90.29,Field Bean
43.3,42.59,32.67,26.5,61.0,6.56,88.33,Field Bean
29.11,28.72,37.28,16.38,54.63,6.74,73.1,Rajma
46.38,39.87,36.36,23.44,57.89,6.73,108.57,Finger Millet
58.98,33.94,48.75,27.3,67.97,6.49,168.61,Cashew
36.46,36.45,32.59,24.76,41.98,7.02,71.2,Linseed
72.66,44.03,106.43,24.22,69.02,5.74,168.39,Orange
91.27,39.63,30.58,20.41,45.18,7.16,51.76,Wheat
59.35,32.68,32.37,22.58,62.94,5.54,96.52,Finger Millet
97.61,48.42,21.85,15.4,62.2,6.51,64.09,Barley
67.23,42.67,46.72,31.73,68.47,6.33,81.17,Cucumber
77.33,39.17,64.82,20.86,77.19,6.55,75.0,Tomato
105.39,47.54,74.02,32.71,74.69,6.16,204.52,Arecanut
40.93,31.66,23.27,29.18,58.95,6.58,71.83,Cowpea
82.08,66.54,45.84,23.21,79.17,5.67,121.55,Coffee
86.81,40.88,83.87,23.51,82.3,5.58,179.48,Pineapple
49.46,29.56,32.71,32.32,71.67,7.24,74.76,Black Gram
46.7,35.36,35.8,14.73,47.23,6.81,60.45,Linseed
57.03,38.44,28.04,17.5,53.71,6.97,52.35,Mustard
90.99,58.36,91.99,27.9,61.77,6.69,145.23,Papaya
45.26,25.14,56.93,25.73,79.91,6.6,53.96,Bottle Gourd
68.97,44.58,82.58,24.93,60.82,6.47,64.03,Pomegranate
51.96,36.26,48.47,28.28,66.04,6.87,63.97,Cucumber
45.5,30.37,25.79,27.77,54.11,6.27,96.37,Kodo Millet
86.52,57.27,73.97,24.08,77.57,5.96,215.48,Coffee
78.42,32.98,70.83,8.46,68.7,6.35,100.34,Apple
75.96,57.67,76.03,21.49,59.18,6.32,44.29,Onion
35.05,30.72,30.94,17.76,42.9,6.78,48.78,Lentil
69.5,38.08,27.28,32.46,60.35,7.1,72.83,Castor
122.56,68.54,112.17,26.31,80.43,6.63,170.34,Banana
83.61,53.89,68.76,27.19,66.17,6.37,83.76,Brinjal
118.79,67.02,125.96,28.43,87.44,6.9,173.15,Banana
50.98,31.79,30.04,17.87,62.29,7.31,46.84,Radish
46.76,33.76,25.05,16.16,57.81,6.32,61.39,Lentil
63.63,25.89,36.83,15.95,52.12,6.54,34.76,Mustard
52.02,21.36,61.56,30.09,74.59,7.08,110.85,Pumpkin
48.78,27.93,27.9,32.87,39.22,6.68,66.91,Groundnut
74.65,40.85,83.32,21.44,77.89,5.94,217.39,Pineapple
45.29,30.2,33.58,19.96,60.06,6.71,56.98,Linseed
108.29,49.37,69.47,34.86,71.54,6.57,270.15,Arecanut
81.08,44.21,88.19,24.01,72.95,6.84,70.57,Pomegranate
48.07,37.87,37.85,32.99,40.13,7.07,88.47,Pearl Millet
44.86,27.97,41.77,27.5,38.53,6.69,125.88,Red Gram
77.1,39.06,42.55,27.5,70.62,6.8,51.8,Cucumber
37.34,24.86,36.88,22.98,64.86,6.84,78.77,Red Gram
93.09,57.28,61.21,28.72,85.21,6.64,86.27,Tomato
45.01,35.55,32.69,26.89,43.52,6.69,64.95,Sorghum
42.02,27.6,25.73,24.05,64.97,6.51,117.7,Soybean
39.83,32.63,27.46,20.16,61.36,7.01,53.53,Radish
61.67,33.05,27.29,30.17,46.71,6.23,88.77,Groundnut
50.85,30.45,33.28,31.6,56.77,7.22,65.44,Pearl Millet
90.72,51.73,21.77,20.28,59.12,7.03,31.81,Barley
58.84,23.86,32.56,24.69,45.77,6.72,63.52,Sunflower
38.23,24.7,32.92,29.91,46.18,6.71,45.45,Green Gram
109.6,51.44,43.91,19.45,71.24,6.26,49.31,Cauliflower
88.04,41.99,47.82,29.72,82.88,6.11,149.7,Rice
60.46,36.55,32.63,35.15,24.58,6.82,60.4,Pearl Millet
40.63,31.91,50.51,27.26,64.96,7.58,87.94,Bottle Gourd
100.05,72.63,94.84,34.87,63.1,7.57,177.54,Mango
49.81,29.83,30.34,23.62,65.11,6.1,56.24,Radish
60.74,33.38,35.72,21.01,44.72,6.6,50.55,Lentil
70.88,39.31,53.31,29.75,70.03,6.4,91.26,Cucumber
102.7,58.11,99.43,32.44,88.4,5.38,198.3,Coconut
115.67,47.1,84.35,28.21,80.09,6.3,275.33,Coconut
88.14,53.48,75.49,22.64,63.2,5.98,164.42,Orange
102.6,55.89,82.36,25.08,66.51,6.92,62.66,Grapes
59.02,46.54,43.6,26.17,65.42,6.17,66.28,Okra
88.31,41.23,87.83,25.51,49.74,6.95,62.61,Pomegranate
38.38,30.43,33.65,19.18,53.64,6.83,69.4,Radish
28.14,28.68,42.0,26.38,57.88,6.99,89.95,Horse Gram
54.66,33.2,34.32,22.42,57.18,7.02,68.6,Safflower
59.01,33.54,30.3,32.73,52.48,7.02,71.68,Sorghum
77.89,57.88,60.29,25.6,58.65,5.81,60.42,Onion
70.41,27.23,66.78,25.29,67.76,6.64,72.82,Carrot
77.81,52.53,38.26,24.82,77.95,7.14,76.7,Okra
92.44,58.95,70.75,28.59,89.27,5.67,264.27,Rubber
42.73,34.5,31.22,26.3,57.15,6.35,59.44,Black Gram
115.79,55.32,44.53,32.79,85.98,6.47,154.01,Rice
112.05,49.87,65.41,18.85,71.92,6.73,93.6,Cabbage
44.63,26.22,30.05,29.95,64.67,5.93,126.05,Foxtail Millet
24.51,23.66,27.47,30.96,59.78,7.22,83.31,Sesame
43.91,35.33,31.73,27.47,55.2,6.76,50.29,Foxtail Millet
108.28,52.93,98.39,26.43,56.45,6.8,68.17,Grapes
71.9,51.1,67.08,29.59,72.37,5.84,200.33,Coffee
43.15,32.54,64.81,20.65,65.3,7.77,71.08,Beetroot
103.75,43.91,52.22,22.39,63.46,6.36,67.96,Cabbage
38.6,26.02,31.39,25.05,55.7,7.2,64.24,Green Gram
100.99,60.02,96.26,26.92,66.82,6.65,150.87,Papaya
95.28,59.95,42.75,21.42,67.29,5.83,80.71,Brinjal
31.16,25.66,27.18,26.99,51.64,7.75,65.3,Horse Gram
50.55,28.85,31.1,28.25,52.9,6.88,101.43,Little Millet
61.81,34.44,32.16,33.37,42.4,7.26,75.67,Pearl Millet
64.99,29.28,25.83,29.68,73.26,6.89,88.31,Sorghum
102.4,39.34,105.35,15.53,71.73,5.66,60.41,Potato
65.4,35.78,65.95,32.68,73.87,7.23,96.59,Bottle Gourd
29.75,30.74,37.32,21.83,50.58,6.23,35.13,Lentil
45.86,28.86,30.8,27.09,56.42,6.43,74.82,Sesame
108.56,51.26,87.01,31.17,83.04,5.2,297.63,Rubber
112.51,64.55,60.19,28.69,55.48,7.23,75.23,Chilli
100.57,48.7,99.15,22.11,60.95,6.1,153.04,Orange
112.45,65.92,139.38,29.42,79.88,6.5,138.76,Banana
92.78,42.64,69.3,28.43,62.92,6.25,77.52,Pomegranate
42.41,27.06,25.41,31.08,52.71,6.52,59.81,Green Gram
96.37,40.03,53.45,27.34,55.06,6.77,102.78,Chilli
69.59,51.92,82.18,24.61,70.67,6.09,166.8,Papaya
40.95,29.45,32.15,24.59,49.37,6.89,78.28,Kodo Millet
81.18,64.52,53.8,25.45,66.35,6.47,71.17,Tomato
68.5,51.83,59.82,29.63,60.47,6.82,58.88,Okra
35.44,37.33,31.03,26.43,53.43,6.57,101.18,Little Millet
56.51,29.59,31.92,28.31,59.09,7.26,103.16,Kodo Millet
89.38,45.67,55.57,23.68,78.9,5.13,242.55,Tea
32.34,38.25,28.16,24.47,54.24,6.29,78.99,Cowpea
72.9,29.25,49.81,29.19,68.13,6.29,101.19,Bottle Gourd
80.09,35.79,35.38,28.89,52.18,7.04,42.98,Pearl Millet
98.11,60.99,85.45,27.43,68.54,6.73,198.44,Mango
103.3,71.6,141.56,31.81,76.51,7.02,181.12,Banana
91.98,35.87,17.42,21.12,42.22,6.62,57.42,Wheat
90.59,45.51,62.81,30.72,61.45,6.26,74.83,Onion
52.23,28.09,24.97,29.92,55.14,6.87,70.58,Groundnut
91.31,65.95,82.09,25.77,79.78,5.62,108.48,Orange
51.78,30.24,47.38,24.41,63.43,7.1,74.82,Field Bean
87.36,48.52,50.95,32.98,71.07,6.72,79.93,Cucumber
31.61,32.74,32.85,29.58,57.4,6.38,94.94,Horse Gram
147.79,62.7,124.23,31.67,89.01,6.84,153.62,Banana
68.27,32.13,58.32,22.45,66.46,6.8,66.32,Beetroot
99.17,54.26,69.13,21.51,68.84,6.69,48.92,Cauliflower
60.88,38.24,48.74,19.58,53.25,6.43,55.69,Carrot
38.57,32.6,29.38,15.77,52.2,7.27,55.53,Chickpea
80.77,39.13,32.47,15.53,45.41,6.78,59.13,Wheat
66.68,30.39,33.61,27.63,42.42,6.65,85.86,Castor
82.48,41.85,47.32,22.87,80.29,6.95,73.1,Cucumber
103.65,63.58,77.77,22.93,65.59,6.14,133.85,Orange
62.59,38.76,23.52,27.54,55.28,7.0,79.26,Castor
90.9,46.79,80.64,27.58,65.34,5.5,109.71,Guava
95.51,33.18,72.92,14.73,65.85,5.99,104.35,Apple
47.79,27.17,38.86,32.34,57.91,7.1,80.6,Groundnut
48.63,37.97,22.89,28.52,54.46,6.35,74.52,Foxtail Millet
77.83,51.68,70.02,37.03,76.72,6.39,139.84,Litchi
35.65,22.99,26.18,24.25,55.96,6.62,83.11,Rajma
61.94,37.16,33.18,28.83,45.31,8.04,72.56,Pearl Millet
49.46,22.95,33.81,20.15,52.06,6.91,81.44,Peas
92.61,33.35,32.72,15.44,47.23,6.9,70.45,Wheat
59.88,26.97,37.07,26.93,70.1,6.54,112.81,Soybean
50.66,30.05,68.5,22.64,61.9,6.8,52.33,Beetroot
76.91,28.03,50.79,20.65,62.43,6.68,38.92,Carrot
38.76,27.87,23.41,35.24,49.18,7.34,78.21,Sorghum
31.22,38.77,25.45,16.29,63.76,6.79,64.83,Peas
42.19,24.8,35.99,31.51,66.47,7.06,121.7,Red Gram
115.14,55.58,94.01,26.47,57.86,6.67,110.72,Grapes
95.6,44.48,118.88,28.56,83.7,6.54,249.61,Coconut
72.77,47.05,63.93,19.78,62.16,6.56,98.89,Tomato
92.21,74.35,69.34,23.59,62.59,7.0,42.75,Brinjal
103.13,44.06,47.6,22.95,84.69,5.22,235.93,Tea
142.75,72.37,103.8,27.17,78.35,6.67,118.41,Banana
73.72,46.98,51.44,18.42,52.94,6.69,46.92,Garlic
95.03,51.19,66.21,28.64,69.52,6.55,83.12,Cauliflower
18.34,29.43,33.34,21.66,53.77,7.01,100.61,Rajma
47.45,24.25,18.83,32.38,57.56,6.74,76.17,Groundnut
61.23,25.37,29.57,26.51,62.94,5.7,126.95,Soybean
72.98,47.78,33.2,19.27,73.59,5.41,185.02,Coffee
53.01,38.28,74.6,22.85,60.75,6.51,58.71,Carrot
71.3,35.45,54.14,28.02,68.36,6.89,113.14,Pumpkin
48.58,32.73,57.01,35.99,69.4,7.07,92.29,Bottle Gourd
28.63,38.21,35.85,25.15,48.73,6.99,50.49,Chickpea
77.52,37.73,30.58,14.85,43.76,6.86,38.81,Barley
34.35,29.02,27.24,24.46,55.8,7.59,101.53,Niger Seed
90.06,50.1,55.79,20.18,61.76,6.46,48.86,Cauliflower
105.09,55.61,99.78,20.38,68.43,5.37,72.62,Potato
70.43,47.3,70.37,19.68,74.56,5.27,175.63,Coffee
83.79,38.39,26.37,23.92,78.38,6.26,41.88,Barley
95.96,61.58,102.15,27.92,71.22,7.09,190.84,Mango
82.21,44.06,113.51,29.92,78.07,6.44,259.18,Coconut
76.81,47.16,34.98,31.99,63.18,6.42,88.25,Cucumber
79.9,43.12,30.17,19.76,51.85,6.53,48.02,Barley
84.56,35.02,84.95,31.92,74.9,4.4,88.6,Pineapple
95.06,59.97,64.88,19.56,70.09,6.37,95.55,Cauliflower
50.33,27.4,35.66,29.68,48.1,7.08,83.89,Pearl Millet
75.59,39.35,38.02,31.52,68.17,6.34,97.71,Cucumber
89.86,54.52,59.18,24.03,76.36,5.88,177.28,Arecanut
67.3,31.54,30.52,29.14,33.75,7.25,77.09,Sorghum
42.88,29.65,37.78,30.15,54.89,6.85,122.06,Red Gram
39.13,36.61,32.85,22.07,49.76,6.19,69.94,Little Millet
35.12,32.17,29.88,19.54,43.18,6.99,35.1,Safflower
68.06,28.26,29.52,13.36,45.89,6.47,34.33,Mustard
61.95,28.26,32.78,30.74,56.35,6.92,84.68,Castor
45.37,28.96,21.74,23.76,45.45,7.1,69.52,Chickpea
73.92,44.83,58.6,25.4,83.4,5.5,208.24,Coffee
89.93,48.71,101.07,26.62,74.66,6.83,158.02,Mango
41.54,34.22,29.71,21.78,36.94,6.63,44.47,Lentil
59.89,32.08,32.4,28.51,47.39,6.54,85.45,Sesame
28.87,23.86,34.99,27.55,69.25,5.78,78.15,Cowpea
79.24,35.86,30.57,17.22,48.96,7.02,63.88,Wheat
79.09,37.96,77.27,21.44,55.7,7.66,77.35,Pomegranate
70.55,56.2,71.97,21.42,80.36,5.59,184.79,Coffee
66.64,25.87,60.03,19.61,63.78,7.77,62.77,Garlic
37.95,22.97,27.0,17.8,49.44,7.59,71.91,Chickpea
98.25,63.79,83.91,31.89,87.07,5.33,338.1,Rubber
43.29,41.98,19.77,29.82,76.64,6.77,96.61,Finger Millet
95.47,47.01,38.21,29.57,67.84,6.55,100.65,Maize
87.55,53.54,96.37,30.67,65.81,5.83,91.98,Guava
97.93,53.78,101.52,29.07,71.92,6.47,145.03,Papaya
92.39,51.78,73.83,27.61,80.8,5.8,220.66,Rubber
71.37,38.25,80.76,27.21,72.65,5.78,235.95,Litchi
69.01,49.57,57.01,20.23,81.09,5.77,157.38,Coffee
63.38,32.91,27.2,24.1,52.63,7.19,62.62,Chickpea
98.03,69.19,78.76,21.51,67.71,5.47,75.16,Brinjal
70.76,50.21,91.24,30.44,70.33,6.35,126.0,Guava
54.0,35.73,78.56,21.61,56.13,7.13,66.23,Beetroot
107.49,75.01,96.34,24.97,71.05,6.24,60.82,Potato
41.86,25.82,24.16,23.87,63.82,7.13,70.57,Castor
54.73,29.13,74.17,28.69,71.96,7.23,73.74,Bottle Gourd
72.08,49.13,52.7,27.44,75.18,6.28,83.38,Cucumber
83.11,45.93,108.17,30.19,71.72,5.68,222.52,Coconut
14.14,37.75,29.23,19.64,51.88,6.88,58.21,Lentil
62.52,28.43,29.75,17.66,68.17,6.96,48.11,Radish
36.66,39.96,28.75,28.99,45.15,6.51,103.57,Kodo Millet
28.08,26.94,23.79,25.66,48.0,6.41,46.88,Horse Gram
64.16,25.64,31.08,27.21,52.68,7.06,53.31,Sorghum
42.96,28.85,66.19,29.74,69.12,5.8,148.99,Cashew
43.41,37.41,29.02,20.71,54.72,7.23,45.92,Radish
89.7,38.06,26.56,17.18,61.76,6.17,58.16,Barley
49.88,32.75,27.46,36.75,48.91,6.12,50.84,Pearl Millet
68.35,45.4,109.07,29.98,55.17,7.1,57.54,Pomegranate
64.31,49.68,82.03,25.48,82.73,5.19,131.07,Pineapple
89.4,71.76,65.55,26.77,59.15,6.93,85.45,Chilli
23.06,30.33,32.55,30.08,42.75,5.66,94.69,Sesame
25.67,33.67,24.16,29.59,58.07,6.97,53.45,Sesame
72.08,38.93,86.29,14.78,59.56,5.6,109.66,Apple
102.03,59.17,83.46,32.72,78.35,6.16,194.32,Coconut
56.36,34.06,30.94,20.64,58.98,6.83,45.73,Radish
58.65,29.25,29.8,28.54,60.62,6.29,41.82,Groundnut
54.51,26.51,49.54,20.27,46.37,6.92,68.56,Beetroot
46.56,29.0,24.05,27.61,74.44,6.26,101.51,Soybean
30.03,34.32,40.55,19.8,43.04,6.39,93.98,Rajma
81.79,63.4,99.5,17.65,73.1,5.6,43.96,Potato
46.09,26.57,32.0,34.45,48.69,6.66,91.54,Groundnut
43.8,24.38,31.97,26.53,47.39,7.23,45.69,Safflower
95.98,82.86,106.71,27.8,52.74,6.35,164.3,Mango
82.72,37.58,88.35,11.84,53.15,5.79,147.73,Apple
45.95,29.8,28.23,24.28,40.95,6.79,106.18,Foxtail Millet
55.58,29.94,68.28,25.49,69.79,5.64,206.82,Cashew
79.91,49.2,37.35,24.1,63.57,7.08,74.34,Okra
65.45,27.52,29.22,31.67,49.81,7.04,100.62,Castor
38.88,23.3,28.23,34.25,52.93,6.7,74.51,Sesame
49.13,29.17,39.96,14.62,45.0,6.58,56.32,Mustard
96.89,57.83,53.95,27.67,68.55,6.3,53.75,Tomato
111.87,65.28,103.62,30.65,62.87,6.59,118.59,Mango
31.16,32.49,34.87,19.37,46.08,6.85,56.63,Linseed
86.73,49.36,34.68,17.07,54.0,6.68,71.72,Barley
51.37,28.51,32.14,23.77,74.89,7.02,83.09,Soybean
105.56,49.79,104.72,23.26,63.34,7.15,79.33,Grapes
97.2,74.91,84.57,27.53,88.83,4.8,298.92,Rubber
42.15,27.28,25.46,25.57,51.79,7.35,60.31,Safflower
79.63,44.21,37.82,26.36,70.19,6.73,94.1,Maize
37.52,22.98,25.01,25.77,58.27,5.71,96.13,Kodo Millet
53.38,26.99,25.13,23.53,48.48,6.38,64.99,Chickpea
56.73,29.43,31.27,19.37,40.85,6.58,53.87,Safflower
87.7,58.09,61.8,20.75,48.27,6.75,52.99,Onion
52.99,35.86,29.87,25.78,48.86,6.2,105.83,Finger Millet
104.85,35.12,90.46,33.26,72.59,6.3,116.32,Litchi
85.65,41.02,27.31,21.64,46.07,6.86,97.76,Wheat
51.22,25.25,32.0,20.69,63.57,6.89,78.71,Foxtail Millet
55.36,23.02,22.32,28.68,59.45,6.69,67.04,Green Gram
48.3,47.03,69.94,23.31,70.02,6.93,49.65,Garlic
96.96,44.92,43.81,21.94,77.01,6.85,71.51,Cabbage
31.58,39.51,33.08,27.18,72.08,6.21,58.39,Cowpea
25.8,30.77,43.07,31.86,57.35,6.53,87.73,Cowpea
98.43,55.53,43.6,33.2,90.29,6.24,208.86,Rice
61.02,32.84,61.84,22.01,62.72,6.86,69.57,Carrot
82.96,47.57,73.36,31.98,83.88,6.41,224.64,Arecanut
41.0,28.26,28.67,32.89,48.28,6.72,67.79,Green Gram
45.04,34.26,37.72,20.44,49.69,7.05,55.2,Linseed
43.91,27.89,23.97,27.64,57.55,6.84,81.85,Field Bean
57.73,25.58,72.09,27.08,70.8,6.09,233.31,Cashew
22.87,24.98,31.39,22.84,58.42,6.7,102.83,Rajma
115.49,48.76,107.02,29.09,65.45,6.6,90.15,Grapes
35.88,28.79,32.69,20.88,46.88,6.31,92.4,Rajma
78.98,40.38,87.7,28.01,71.5,6.04,122.77,Guava
86.41,50.99,73.68,24.01,56.52,5.79,76.27,Pomegranate
67.49,33.95,22.82,32.78,39.13,6.98,62.93,Pearl Millet
61.01,28.24,28.99,22.85,45.37,6.28,89.19,Kodo Millet
92.07,62.0,97.19,33.27,80.83,4.94,255.53,Coconut
27.58,34.71,38.47,23.9,55.37,6.31,97.34,Field Bean
47.38,29.41,32.82,27.34,68.66,6.7,154.26,Soybean
104.68,54.14,45.97,31.71,65.93,5.6,231.38,Rice
32.78,33.6,28.97,31.24,55.54,6.61,97.87,Sesame
87.98,46.12,30.29,25.82,65.12,6.09,113.15,Maize
78.69,30.42,83.7,24.01,52.68,6.22,88.87,Pomegranate
50.02,25.86,45.11,19.35,55.36,6.51,53.29,Beetroot
54.38,24.53,34.37,28.35,56.16,6.36,85.3,Kodo Millet
72.71,68.48,83.04,28.3,43.8,6.23,63.32,Pomegranate
26.27,29.14,27.49,13.32,49.59,6.96,71.17,Peas
64.17,35.2,66.7,28.18,79.63,6.35,190.87,Pineapple
63.55,21.0,60.34,29.42,74.9,6.44,192.7,Cashew
102.23,47.98,73.12,27.21,70.84,6.53,182.5,Litchi
28.7,30.47,40.32,25.62,45.16,6.96,92.11,Field Bean
80.89,44.17,69.34,26.44,84.8,5.07,170.52,Coffee
97.64,60.94,87.65,26.77,59.36,5.79,110.13,Mango
102.21,44.19,54.09,24.42,84.08,4.97,210.01,Tea
92.54,50.12,56.05,22.4,85.95,4.71,233.19,Tea
74.17,32.06,45.3,29.77,68.55,6.28,145.74,Cashew
108.59,49.46,102.6,25.13,63.39,7.17,68.3,Grapes
41.59,24.99,40.18,22.05,62.47,7.22,89.57,Kodo Millet
61.63,31.74,28.53,35.45,64.52,7.39,80.28,Sorghum
40.65,29.96,28.33,26.03,51.05,5.45,145.71,Red Gram
64.59,27.89,62.14,22.7,74.59,6.59,72.7,Bottle Gourd
35.7,26.67,23.17,23.02,52.59,7.26,58.33,Linseed
86.98,44.74,52.71,35.2,78.29,6.31,152.97,Rice
38.79,29.27,30.34,30.72,59.33,7.6,70.09,Little Millet
56.76,27.14,74.77,23.53,65.99,6.75,72.61,Bottle Gourd
39.96,37.1,24.56,20.25,53.21,6.62,49.83,Peas
63.02,30.35,36.12,29.52,52.05,7.39,56.56,Sorghum
98.39,62.69,97.0,30.7,75.98,6.74,79.74,Papaya
99.07,55.26,50.76,18.31,71.22,6.61,89.47,Cabbage
37.49,25.97,26.38,21.16,55.84,6.34,61.86,Rajma
59.12,32.47,26.96,31.86,60.56,6.39,86.83,Groundnut
43.01,19.74,38.04,28.13,69.36,6.67,84.19,Niger Seed
45.91,31.17,38.92,23.43,64.25,6.3,89.43,Soybean
49.57,31.27,33.55,21.91,64.42,6.95,94.81,Sunflower
115.56,43.74,104.62,29.36,75.01,6.49,71.73,Papaya
82.17,67.5,91.31,29.81,63.02,6.67,118.04,Orange
112.77,47.05,30.71,14.79,56.99,6.77,44.26,Wheat
47.28,23.34,26.96,29.29,50.35,6.01,91.48,Black Gram
106.45,43.53,116.38,26.94,76.59,6.35,102.27,Papaya
97.61,56.77,44.89,30.51,89.94,5.9,170.02,Rice
53.41,43.26,37.31,35.42,66.3,6.5,54.59,Okra
91.55,53.57,85.11,26.28,86.59,5.61,310.44,Rubber
110.43,51.91,102.7,28.22,81.16,6.09,266.66,Coconut
44.78,31.26,35.29,27.4,56.59,6.49,99.5,Red Gram
31.5,36.84,24.62,26.89,49.63,6.69,106.04,Field Bean
69.58,50.09,38.2,29.19,70.71,6.53,63.24,Cucumber
73.51,51.81,62.91,25.31,56.05,6.45,50.41,Onion
63.49,50.82,71.97,17.59,64.79,6.27,51.17,Garlic
83.34,58.1,74.36,20.68,66.83,7.2,85.58,Orange
49.62,34.06,72.83,19.49,58.62,6.24,55.57,Beetroot
73.25,38.12,50.16,31.08,60.25,7.51,79.82,Okra
98.5,58.73,95.21,27.19,89.68,4.96,279.89,Rubber
38.9,33.67,28.98,27.88,51.34,6.91,75.88,Sunflower
54.44,22.87,28.45,27.92,47.9,6.89,55.95,Pearl Millet
45.3,19.04,28.09,22.6,45.77,6.82,65.76,Linseed
88.68,37.82,94.38,15.01,63.82,6.15,126.11,Apple
41.78,26.86,36.12,17.19,54.11,5.76,80.6,Rajma
107.95,65.1,42.1,27.64,62.22,6.65,98.94,Chilli
80.79,34.35,76.74,20.09,56.93,7.11,45.47,Garlic
64.87,39.07,65.54,22.63,65.4,6.4,65.25,Garlic
102.64,44.12,56.22,27.47,87.99,6.51,221.43,Rice
106.99,47.37,56.58,21.23,91.79,5.11,219.34,Tea
32.12,29.1,29.15,20.15,55.28,6.54,66.13,Chickpea
59.8,33.43,38.67,27.17,64.26,6.95,114.88,Soybean
64.0,59.91,67.36,31.66,76.2,5.89,76.26,Brinjal
108.91,52.62,105.98,28.63,45.84,6.83,68.6,Grapes
72.49,53.56,92.31,28.17,94.26,6.01,232.54,Litchi
69.11,49.56,95.63,27.58,72.89,6.67,114.74,Mango
36.13,28.75,30.34,21.18,40.49,7.01,58.44,Chickpea
30.25,36.9,38.7,23.34,59.2,6.88,84.5,Horse Gram
24.37,22.49,21.29,24.07,58.08,6.81,81.91,Field Bean
81.17,39.9,40.16,16.33,58.68,6.87,68.59,Wheat
33.37,26.72,29.94,14.53,39.1,6.85,45.57,Peas
100.77,49.38,87.57,30.65,76.59,5.71,235.33,Litchi
58.4,32.28,68.16,29.27,66.27,6.5,196.33,Cashew
113.19,57.5,82.49,25.14,57.08,6.94,149.14,Papaya
46.45,31.11,23.96,20.32,58.54,6.27,147.42,Finger Millet
35.71,34.65,36.52,29.41,50.24,6.66,95.52,Red Gram
85.35,42.36,57.8,23.03,80.19,5.87,201.0,Coffee
116.42,66.08,47.01,25.02,60.7,6.85,83.49,Chilli
68.8,52.72,97.44,30.57,68.95,5.23,194.49,Pineapple
78.13,39.4,77.88,26.16,59.29,5.27,93.32,Guava
77.64,48.24,31.26,16.63,56.68,7.22,77.48,Barley
33.42,32.35,35.58,27.31,56.99,6.39,93.52,Niger Seed
77.68,33.13,60.34,19.82,56.21,6.68,51.08,Garlic
90.08,49.76,66.67,20.71,69.75,6.69,52.66,Tomato
87.19,46.84,75.64,15.74,57.35,6.55,114.18,Apple
114.01,80.35,107.62,27.21,84.08,6.36,109.5,Banana
45.92,31.4,51.69,25.38,74.12,6.14,178.27,Cashew
46.54,32.84,39.65,26.13,75.39,6.94,89.45,Finger Millet
31.29,26.87,30.73,14.37,45.78,6.3,80.91,Rajma
48.49,26.66,34.52,25.24,60.79,6.71,84.53,Little Millet
38.85,32.35,29.01,21.0,58.06,6.29,48.75,Radish
107.08,56.73,69.55,27.9,75.22,5.1,221.04,Tea
57.35,26.58,28.05,28.5,46.18,6.8,74.02,Sunflower
59.77,28.96,32.79,29.03,67.01,6.9,99.29,Little Millet
85.41,38.69,79.11,28.13,78.84,5.84,163.87,Pineapple
54.6,24.99,29.12,34.08,62.81,7.75,51.97,Sorghum
104.25,38.63,87.65,11.22,57.33,5.89,120.44,Apple
39.26,34.24,39.07,21.99,47.57,6.4,70.12,Linseed
99.48,56.91,39.4,15.97,75.74,7.05,51.06,Cauliflower
40.11,30.59,30.65,32.32,70.13,7.2,86.39,Castor
91.71,43.59,73.17,20.72,68.43,6.45,86.12,Cabbage
50.85,31.05,24.1,31.93,43.08,5.69,69.45,Foxtail Millet
31.69,36.63,20.53,27.22,61.67,6.59,110.72,Sesame
108.0,38.4,89.45,24.46,71.66,6.63,228.83,Arecanut
68.94,27.61,27.04,18.81,47.13,6.83,24.63,Mustard
52.53,31.3,39.15,20.45,47.33,6.69,49.53,Lentil
63.21,26.08,64.88,28.19,73.04,6.84,83.65,Pumpkin
88.26,55.01,57.63,35.97,66.54,6.63,82.76,Chilli
53.28,35.56,32.99,28.86,49.24,6.34,101.4,Castor
56.33,36.1,18.68,24.65,55.95,7.09,98.34,Soybean
50.81,36.96,22.12,25.52,62.42,7.32,102.85,Little Millet
44.59,31.13,30.5,18.13,43.92,6.85,44.89,Safflower
87.9,57.19,102.69,32.36,73.25,6.45,156.73,Papaya
60.14,39.47,65.26,19.79,64.44,6.81,50.54,Beetroot
83.17,61.81,69.58,27.59,62.04,6.34,65.12,Chilli
41.24,29.98,69.58,17.85,62.56,6.37,60.97,Beetroot
28.26,39.52,22.43,28.51,40.78,6.68,106.28,Red Gram
135.22,62.53,126.62,28.16,91.84,7.28,145.5,Banana
112.58,48.89,77.61,29.95,87.73,4.49,255.6,Rubber
104.57,51.71,109.84,36.43,75.25,6.3,87.19,Papaya
55.45,28.2,26.26,30.73,38.62,8.14,83.6,Sorghum
40.96,27.2,34.68,31.9,43.89,5.4,64.06,Sesame
136.2,71.95,126.46,30.17,79.49,6.19,167.52,Banana
75.35,25.41,28.51,28.93,52.26,6.37,62.08,Sorghum
61.52,31.2,25.5,33.3,37.88,7.12,64.56,Sorghum
103.93,54.61,62.73,23.87,75.35,5.61,189.87,Coffee
50.77,36.1,38.84,33.37,65.28,6.83,91.73,Sorghum
67.61,41.75,79.23,20.62,56.72,6.27,53.37,Garlic
101.41,50.79,32.11,14.42,47.84,7.33,70.92,Wheat
110.01,53.06,59.59,17.68,71.37,6.62,70.17,Cauliflower
102.73,45.64,94.21,35.01,88.82,6.33,266.78,Coconut
79.64,49.23,59.65,18.69,69.68,6.4,59.44,Garlic
40.33,34.89,31.12,18.32,48.5,7.34,66.77,Linseed
69.76,27.45,27.13,30.63,50.94,5.9,77.98,Castor
82.91,41.73,76.35,20.96,77.18,5.65,242.25,Pineapple
54.61,33.74,31.99,29.4,55.08,6.88,59.47,Pearl Millet
90.63,36.28,30.57,15.13,53.79,7.2,65.25,Wheat
105.08,59.64,104.95,28.98,77.9,5.92,213.49,Mango
106.23,60.55,91.63,29.11,70.82,6.76,108.17,Papaya
102.59,46.25,100.82,32.89,90.33,7.92,217.68,Coconut
79.62,52.4,57.49,28.12,53.95,6.66,48.83,Onion
28.9,24.88,31.73,32.9,66.63,7.07,72.89,Black Gram
35.06,31.98,27.89,32.13,54.23,6.81,67.18,Cowpea
103.47,59.29,80.5,23.85,59.48,6.54,81.64,Chilli
82.82,42.27,45.06,19.57,77.16,6.31,155.41,Coffee
34.64,39.21,33.96,17.28,64.21,6.53,98.41,Rajma
63.56,30.4,23.85,17.12,46.84,6.34,40.01,Mustard
75.21,50.03,71.39,24.85,50.03,6.13,80.84,Pomegranate
61.46,31.22,63.28,25.97,73.17,6.43,196.91,Cashew
115.57,65.87,60.89,30.22,70.24,5.91,81.73,Brinjal
89.78,72.46,97.22,30.73,68.89,6.09,94.13,Mango
106.57,61.6,76.23,28.82,88.42,4.91,286.08,Rubber
74.28,50.55,52.77,18.47,79.79,5.14,228.75,Tea
64.05,27.79,34.12,35.28,36.53,7.63,52.53,Pearl Millet
67.82,42.13,54.23,27.25,59.2,6.99,60.75,Garlic
102.66,50.95,97.25,33.38,77.45,7.18,223.68,Coconut
55.02,32.39,31.05,22.74,69.03,7.06,126.36,Finger Millet
53.27,37.07,27.0,23.26,53.76,6.44,43.7,Barley
82.21,38.86,74.79,21.6,69.64,5.13,242.24,Pineapple
102.95,49.04,94.85,30.95,90.64,5.02,271.36,Coconut
45.37,35.84,22.02,23.66,57.02,6.97,119.66,Soybean
38.39,21.33,28.36,27.63,50.19,6.59,80.41,Cowpea
101.55,49.2,43.29,36.49,74.46,5.75,261.17,Rice
44.53,34.87,25.57,25.2,67.64,6.55,93.28,Niger Seed
23.76,33.17,21.95,28.84,56.83,6.56,45.43,Cowpea
45.95,31.71,32.35,20.18,67.99,6.87,58.75,Radish
92.55,55.56,118.82,32.65,81.29,6.94,207.37,Coconut
65.13,29.48,55.12,28.76,64.17,7.26,55.5,Bottle Gourd
69.73,57.05,46.62,23.2,70.95,6.54,64.84,Cucumber
41.92,25.07,31.16,29.23,48.19,6.43,99.58,Kodo Millet
33.0,35.36,29.6,26.66,70.63,5.95,82.64,Sesame
39.62,33.38,34.75,19.36,69.38,6.29,116.27,Soybean
53.43,24.52,24.26,23.68,68.42,6.1,112.01,Finger Millet
64.94,52.08,78.85,23.42,63.68,6.02,38.97,Pomegranate
36.18,30.05,33.69,25.46,38.43,7.95,71.29,Safflower
47.65,28.57,25.56,17.29,54.09,6.48,106.53,Rajma
34.87,19.6,25.72,24.56,45.72,6.95,82.66,Linseed
51.13,22.44,33.64,28.61,52.8,6.39,106.87,Kodo Millet
59.11,24.71,24.53,27.27,70.49,6.96,118.12,Soybean
113.52,68.27,111.26,19.46,47.09,7.25,164.97,Orange
57.48,26.57,35.25,30.02,41.08,7.54,38.57,Pearl Millet
61.21,31.54,29.61,32.76,56.35,6.34,62.49,Groundnut
39.08,28.69,30.5,27.27,74.2,6.42,71.69,Little Millet
51.3,27.66,28.0,28.74,55.68,6.34,83.62,Black Gram
102.7,58.22,113.39,20.78,74.57,6.28,59.85,Potato
47.37,32.51,29.38,29.59,56.7,6.28,82.99,Black Gram
42.68,36.99,39.82,25.34,70.96,6.91,94.57,Cucumber
43.0,35.19,32.02,24.27,68.14,7.56,100.24,Little Millet
79.32,29.46,67.5,27.6,76.15,6.46,80.35,Pumpkin
93.67,62.67,103.84,23.9,77.6,6.61,111.17,Papaya
32.41,31.34,35.03,29.32,47.5,6.53,75.61,Horse Gram
63.69,53.17,51.15,25.03,70.81,7.0,82.58,Cucumber
96.31,54.14,76.98,25.14,50.17,6.24,71.58,Pomegranate
55.1,21.99,24.84,14.87,58.2,6.4,49.36,Linseed
98.06,67.39,110.54,31.21,65.4,7.48,229.02,Mango
72.31,51.5,38.14,24.31,67.95,5.7,98.98,Maize
32.83,30.28,25.54,30.56,39.76,6.63,65.41,Horse Gram
26.29,25.45,26.64,24.52,61.83,7.03,114.71,Niger Seed
61.69,31.36,25.37,29.96,55.4,6.93,84.18,Castor
38.1,30.33,26.16,27.27,49.79,6.46,69.21,Field Bean
88.74,47.81,96.31,20.38,71.07,6.12,69.56,Potato
108.04,49.62,51.55,21.6,64.79,6.52,90.18,Cabbage
115.01,50.91,110.9,22.87,71.42,5.85,51.26,Potato
45.85,34.22,49.34,21.33,50.64,7.46,54.71,Beetroot
71.26,26.84,57.6,30.68,65.25,6.3,92.69,Pumpkin
119.69,66.28,124.51,27.37,81.29,7.1,99.94,Banana
41.46,20.56,27.98,18.51,49.87,6.62,57.97,Linseed
90.96,49.33,66.65,17.97,68.19,6.16,100.69,Brinjal
65.64,31.2,56.72,29.42,70.35,6.69,89.7,Bottle Gourd
51.64,36.8,32.18,22.58,53.03,6.01,64.86,Little Millet
55.41,55.73,50.95,33.06,61.2,6.55,72.88,Okra
54.8,18.42,27.34,29.56,54.34,7.28,78.91,Groundnut
111.47,54.99,94.95,19.59,69.76,5.7,65.2,Potato
40.23,33.98,32.16,17.6,50.45,6.34,82.51,Rajma
70.7,37.25,45.69,25.86,70.51,6.36,81.22,Cucumber
77.0,50.02,43.49,28.05,49.58,6.32,57.4,Onion
84.88,46.63,64.18,23.71,73.12,6.73,75.04,Cabbage
29.54,31.16,31.12,25.99,45.24,5.74,84.68,Horse Gram
109.51,71.39,59.96,30.2,81.98,4.93,285.82,Rubber
75.52,40.34,39.57,21.54,60.66,6.9,81.73,Maize
94.87,47.68,59.03,25.91,73.93,5.0,222.61,Tea
39.74,29.19,33.96,25.97,44.29,7.08,73.25,Horse Gram
27.18,28.14,27.5,22.69,51.0,6.9,70.28,Field Bean
37.93,30.49,36.84,23.36,49.99,6.89,74.28,Horse Gram
63.68,19.78,25.81,18.65,65.8,7.41,43.0,Radish
60.61,42.12,81.72,30.02,76.29,4.89,194.48,Pineapple
64.86,33.29,27.91,31.01,70.26,6.38,70.0,Black Gram
49.78,25.86,31.23,23.41,63.26,7.25,63.07,Black Gram
58.51,32.55,75.1,16.69,63.76,6.52,60.86,Carrot
55.58,29.5,32.35,35.31,51.08,6.73,77.44,Pearl Millet
37.45,33.61,23.24,20.82,57.25,7.33,101.59,Niger Seed
60.21,38.77,28.17,26.27,48.83,6.56,45.26,Sunflower
54.49,31.33,29.69,21.48,50.38,6.38,60.89,Linseed
76.99,40.94,46.54,25.27,87.25,5.5,212.26,Coffee
66.27,38.39,33.1,27.86,81.51,5.99,62.89,Maize
87.53,63.51,91.56,31.9,87.96,5.45,265.17,Rubber
112.16,52.88,34.66,21.08,70.92,6.55,75.52,Cauliflower
63.64,24.0,31.47,25.69,50.48,6.62,75.92,Sunflower
65.31,33.51,24.64,38.79,52.01,7.38,66.52,Pearl Millet
44.43,24.07,20.39,21.11,47.18,7.64,52.16,Chickpea
52.24,26.88,26.5,31.62,60.48,7.06,69.29,Foxtail Millet
81.62,43.98,27.79,18.88,53.61,7.21,73.21,Barley
19.81,29.31,35.91,28.88,65.48,6.67,83.04,Sesame
27.95,35.87,34.44,27.1,55.55,7.22,76.97,Horse Gram
113.07,70.03,104.14,26.74,78.52,7.05,152.73,Banana
78.65,50.94,93.84,22.22,54.06,6.17,58.26,Pomegranate
40.04,29.46,28.99,32.26,59.62,5.88,93.51,Kodo Millet
48.98,32.13,63.44,18.9,57.33,5.99,57.97,Beetroot
78.25,46.47,52.61,19.09,74.41,6.42,66.04,Cauliflower
19.11,35.41,18.35,26.58,57.04,7.02,93.94,Niger Seed
29.78,27.75,37.63,31.55,49.72,5.38,66.04,Horse Gram
56.12,36.6,52.28,30.15,70.28,5.86,210.37,Cashew
80.5,42.31,64.74,21.9,79.18,6.05,144.93,Coffee
45.02,38.27,26.42,25.92,55.0,7.31,89.84,Foxtail Millet
53.0,21.83,32.08,28.76,50.93,6.73,77.44,Groundnut
117.95,67.02,81.21,29.06,79.35,4.56,296.37,Rubber
58.14,63.91,30.13,23.05,59.2,6.29,141.32,Maize
41.98,26.57,32.87,21.19,63.63,5.87,58.15,Radish
88.83,43.11,77.32,26.06,63.25,5.59,159.89,Litchi
62.77,30.53,34.5,29.18,68.53,6.68,160.31,Cashew
95.32,38.87,68.8,30.09,77.96,6.19,121.11,Pineapple
37.39,25.26,28.09,25.37,56.74,6.36,85.8,Niger Seed
78.36,52.85,82.62,13.54,70.43,6.2,121.08,Apple
86.5,44.19,66.84,13.36,65.31,6.22,126.2,Apple
108.45,64.35,67.84,24.81,57.94,6.63,54.24,Chilli
75.68,48.95,64.06,14.54,59.58,7.05,104.49,Apple
76.83,50.01,76.38,20.02,75.55,5.86,185.13,Litchi
37.29,29.42,33.42,23.86,53.99,6.54,98.28,Niger Seed
76.85,32.64,74.08,20.59,74.7,5.48,161.38,Coffee
91.88,40.1,36.0,20.02,66.94,7.12,53.48,Barley
62.05,21.6,27.12,35.79,54.5,6.93,55.79,Pearl Millet
128.99,57.38,56.54,14.84,71.61,6.41,100.4,Tomato
81.61,40.91,84.06,23.92,46.6,6.88,83.78,Pomegranate
58.98,32.51,57.79,21.94,50.29,6.85,40.1,Beetroot
86.79,62.23,88.99,15.98,57.15,6.05,167.5,Orange
26.05,37.17,34.87,26.73,59.91,6.78,80.29,Field Bean
57.31,26.27,40.54,31.58,55.41,6.6,116.45,Castor
89.95,54.54,105.39,29.04,65.84,7.01,206.67,Mango
96.5,56.11,73.19,24.06,83.5,6.47,212.28,Arecanut
78.65,64.15,71.52,32.18,73.11,6.45,74.0,Brinjal
45.55,31.35,29.32,17.7,46.35,6.47,57.89,Chickpea
89.49,47.85,101.08,20.62,54.01,6.51,85.54,Grapes
44.88,25.69,37.36,24.44,60.22,6.82,95.23,Soybean
54.59,72.75,42.88,23.52,68.02,6.58,90.17,Brinjal
106.1,54.59,88.44,32.45,58.62,7.0,92.39,Grapes
106.76,50.08,99.09,31.46,92.84,6.4,202.03,Coconut
44.24,35.52,33.26,30.72,51.95,7.09,76.96,Kodo Millet
84.24,54.43,80.17,31.12,50.23,5.92,39.3,Pomegranate
90.19,53.75,90.97,31.77,86.58,5.24,204.53,Coconut
91.2,49.19,75.46,34.07,77.04,6.33,98.64,Litchi
69.05,27.5,33.83,16.43,53.72,6.51,39.35,Mustard
69.26,59.72,77.65,25.2,60.64,6.86,138.31,Orange
85.62,47.51,114.72,32.76,54.76,6.96,66.34,Grapes
62.83,34.22,31.76,16.35,55.93,6.59,59.01,Mustard
66.55,35.19,65.11,27.57,78.29,6.68,149.84,Cashew
57.56,29.19,29.73,25.55,70.05,6.93,78.88,Black Gram
49.19,31.05,19.25,28.19,54.12,6.47,107.17,Foxtail Millet
59.47,31.02,27.21,29.65,43.81,6.85,79.57,Pearl Millet
90.83,45.43,101.43,30.21,80.63,6.33,61.67,Pineapple
21.63,26.26,34.06,24.39,36.45,6.18,75.25,Horse Gram
61.83,26.04,55.63,21.34,56.51,6.71,81.71,Beetroot
66.84,23.57,26.4,22.67,46.61,7.45,80.04,Pearl Millet
35.2,29.75,27.3,22.14,52.76,7.06,74.72,Linseed
42.9,37.95,29.9,18.96,52.66,6.18,72.9,Rajma
29.45,28.57,36.57,30.58,48.62,6.94,48.03,Green Gram
34.93,24.54,26.16,23.7,56.93,6.76,61.47,Field Bean
46.88,42.23,35.74,20.63,61.07,6.38,103.67,Rajma
55.07,29.11,55.45,19.49,55.85,6.69,65.17,Carrot
60.35,30.3,30.9,27.19,60.13,6.23,62.54,Sunflower
35.56,29.83,31.22,23.59,48.82,6.61,88.58,Field Bean
40.63,28.01,31.72,22.34,55.42,6.44,61.73,Linseed
87.19,52.89,42.25,19.14,66.48,6.74,105.98,Tomato
81.53,45.1,75.19,26.88,82.46,5.12,148.25,Pineapple
65.57,46.82,70.89,23.87,73.57,6.38,198.57,Litchi
31.4,32.52,30.05,30.32,60.47,7.29,105.54,Black Gram
51.57,27.31,32.76,27.9,32.74,7.37,87.77,Sorghum
58.25,36.35,28.51,35.1,43.52,7.04,52.39,Pearl Millet
89.15,62.04,101.76,22.1,70.32,6.2,75.34,Potato
41.77,30.24,36.61,24.55,60.24,5.88,119.66,Soybean
103.58,47.87,97.97,28.64,81.94,5.88,210.55,Coconut
86.65,46.34,85.92,24.64,69.06,7.33,63.39,Grapes
109.88,53.36,92.89,27.4,88.12,5.17,309.75,Rubber
78.22,39.07,90.88,26.84,77.22,5.41,237.23,Pineapple
89.23,65.43,113.42,33.61,68.88,7.14,119.09,Orange
46.9,24.26,55.79,27.9,64.55,6.03,67.96,Bottle Gourd
57.92,40.04,48.73,23.41,62.9,6.4,60.0,Cucumber
96.31,54.56,52.61,19.86,61.05,6.45,54.18,Onion
30.46,23.96,28.6,20.43,43.22,6.39,57.15,Peas
71.66,30.21,28.81,19.98,43.97,6.66,52.27,Mustard
74.83,32.03,40.34,29.15,68.83,6.53,76.77,Cucumber
86.19,50.55,62.15,6.16,51.68,6.17,121.98,Apple
73.63,38.89,52.84,30.4,54.97,6.19,106.69,Cucumber
37.91,33.41,28.74,21.02,60.44,7.03,54.09,Radish
60.08,50.42,56.66,28.38,76.86,6.36,77.71,Okra
42.94,25.53,38.02,26.1,51.88,6.11,58.14,Sesame
50.66,21.92,23.57,30.32,48.3,6.38,56.96,Green Gram
88.73,44.82,50.14,24.61,65.6,6.47,57.42,Tomato
26.29,33.11,34.54,27.77,47.45,6.09,75.53,Horse Gram
59.15,28.21,33.73,14.67,59.13,6.62,56.24,Carrot
106.26,61.85,109.32,33.98,77.07,5.58,85.55,Orange
84.04,52.96,91.56,28.57,62.19,6.67,86.3,Guava
58.21,30.54,48.08,18.19,61.26,6.86,53.21,Beetroot
32.63,33.23,33.44,30.58,60.03,7.59,64.84,Green Gram
22.01,33.03,26.49,21.99,67.67,6.2,70.36,Rajma
68.82,44.51,38.64,28.91,64.04,6.8,68.55,Okra
38.69,27.9,32.29,29.38,58.78,6.03,79.74,Sesame
68.43,27.27,23.29,28.58,64.31,6.85,74.15,Soybean
68.51,35.45,53.06,31.08,69.47,6.74,64.13,Cucumber
50.23,30.53,25.49,23.12,66.0,7.07,100.63,Finger Millet
90.78,41.88,77.0,28.37,75.24,6.19,248.48,Litchi
77.83,42.92,29.18,20.39,50.62,6.03,95.51,Wheat
39.97,34.37,31.69,23.92,59.83,6.33,68.47,Foxtail Millet
37.91,26.17,31.01,17.22,48.49,6.58,60.72,Safflower
67.3,38.61,60.73,24.65,84.78,6.19,161.37,Coffee
76.62,40.86,64.26,30.45,66.03,7.1,66.77,Bottle Gourd
39.67,26.78,18.95,21.09,41.54,6.26,41.83,Chickpea
98.95,53.72,110.36,26.7,61.33,6.43,157.64,Mango
54.35,44.88,54.23,26.67,69.29,6.51,46.99,Cucumber
89.03,42.64,100.41,31.77,64.04,6.33,105.71,Papaya
65.39,26.52,68.04,26.18,63.42,6.73,40.84,Carrot
104.57,51.33,88.3,27.37,60.78,7.13,62.09,Grapes
105.84,63.12,96.24,23.84,66.79,6.08,142.69,Orange
73.91,31.22,31.05,12.4,47.32,6.38,75.99,Wheat
86.81,39.84,76.72,26.58,80.43,5.64,78.16,Pineapple
66.25,41.46,48.38,27.79,70.21,6.86,74.57,Okra
74.23,19.81,41.93,29.66,74.59,6.72,179.98,Cashew
77.3,79.34,66.01,28.06,67.85,6.9,53.26,Chilli
102.99,43.29,35.72,28.07,75.7,6.3,104.26,Brinjal
83.74,63.92,61.32,27.41,61.88,6.0,183.46,Orange
93.58,52.49,53.18,26.63,83.32,4.95,248.28,Tea
28.25,28.17,30.06,28.14,47.14,7.02,91.56,Green Gram
38.01,30.17,30.63,17.43,44.4,6.99,59.49,Linseed
82.8,31.83,37.06,34.65,48.55,6.41,45.47,Pearl Millet
77.12,33.82,38.37,27.33,66.59,7.77,114.21,Castor
49.25,31.5,24.31,14.44,46.27,7.58,65.23,Chickpea
56.99,38.0,26.11,21.53,46.89,7.44,64.48,Mustard
64.91,25.61,63.89,16.86,64.57,6.59,58.56,Beetroot
101.66,42.5,34.88,18.4,54.72,7.24,70.92,Wheat
43.35,26.83,27.92,30.78,29.57,7.27,104.47,Groundnut
77.81,41.58,52.0,27.37,81.6,6.53,61.44,Cucumber
109.18,63.99,121.39,29.47,86.5,7.26,143.35,Banana
25.84,34.19,34.65,29.93,60.89,6.87,122.12,Red Gram
38.86,31.05,31.42,17.21,46.49,6.78,43.45,Lentil
102.67,45.77,69.96,23.03,75.97,6.73,108.72,Guava
72.63,49.35,72.71,22.0,52.18,6.95,74.24,Onion
97.88,51.88,54.91,16.44,68.13,6.51,84.15,Cauliflower
43.88,29.82,33.47,32.63,61.02,6.64,52.95,Green Gram
94.53,52.74,57.93,23.02,63.17,6.6,92.31,Tomato
104.69,53.36,70.3,25.0,76.44,4.84,213.07,Tea
91.77,49.53,87.27,22.55,61.5,6.54,52.37,Pomegranate
128.54,73.23,134.11,30.93,72.52,6.79,154.4,Banana
85.33,57.7,60.15,25.77,60.31,7.81,64.7,Chilli
68.15,26.17,29.84,33.39,51.97,6.96,69.18,Castor
65.59,43.43,39.63,31.04,69.87,7.02,77.59,Okra
65.92,24.51,29.99,34.41,39.38,7.0,53.84,Pearl Millet
105.28,54.67,70.2,23.75,71.9,6.58,211.24,Arecanut
26.18,28.78,21.95,25.56,50.15,6.21,131.52,Red Gram
81.27,43.93,86.71,20.51,73.55,5.55,124.83,Pineapple
75.66,74.08,60.76,24.14,68.89,5.98,56.93,Brinjal
111.07,70.59,94.4,29.53,61.3,5.46,59.32,Mango
92.39,69.96,111.27,16.29,65.23,6.19,51.03,Potato
61.16,36.11,28.02,26.58,47.45,6.77,85.63,Kodo Millet
81.44,51.94,85.59,25.09,67.57,5.91,231.46,Arecanut
27.71,35.92,25.09,25.34,59.99,6.91,84.93,Niger Seed
71.54,30.95,30.32,14.06,65.66,7.1,68.59,Wheat
103.65,49.67,56.81,29.84,78.9,6.09,283.46,Rice
37.6,30.0,25.51,18.31,46.93,7.05,73.58,Chickpea
52.9,30.23,13.62,27.88,44.55,5.62,52.46,Safflower
129.97,71.56,111.77,30.33,81.06,6.26,229.64,Banana
113.59,49.05,86.33,20.71,56.67,6.83,68.21,Grapes
92.7,49.32,23.07,31.41,55.54,6.42,68.31,Maize
99.58,48.62,102.39,30.82,54.29,6.1,168.57,Orange
57.88,24.23,30.01,27.57,61.99,6.56,70.94,Castor
53.47,30.12,25.9,26.64,50.09,6.74,84.57,Castor
95.53,66.52,83.02,28.86,87.97,6.13,262.45,Rubber
106.43,66.6,52.27,36.57,61.58,6.67,94.49,Chilli
95.03,59.02,111.53,20.34,69.2,5.53,56.57,Potato
69.36,35.6,28.23,22.92,49.75,6.79,86.18,Sunflower
32.02,25.66,26.98,33.2,64.59,7.33,78.88,Black Gram
90.54,39.7,34.55,14.88,58.3,5.97,47.67,Barley
71.4,59.18,81.95,20.88,79.3,5.85,173.35,Litchi
42.7,29.29,29.41,26.49,62.42,7.01,82.8,Kodo Millet
73.86,46.59,67.39,25.9,88.03,5.36,246.89,Tea
80.55,67.28,105.56,18.15,79.42,5.5,42.87,Potato
39.24,25.4,39.94,31.34,46.77,6.39,60.52,Cowpea
54.98,39.85,81.74,27.4,58.83,6.65,92.29,Pumpkin
72.58,42.17,60.16,26.54,61.06,6.74,83.63,Tomato
44.53,24.45,23.45,29.05,59.5,6.18,78.0,Groundnut
39.69,29.04,19.91,32.38,45.91,6.33,63.58,Cowpea
80.62,29.21,75.07,30.44,64.66,5.58,174.17,Cashew
61.1,28.92,32.42,32.01,53.35,6.97,56.3,Pearl Millet
89.84,46.97,50.79,28.5,94.12,6.5,285.16,Rice
33.56,31.16,31.59,28.44,64.27,7.36,111.8,Black Gram
116.99,73.76,84.49,25.35,90.08,5.24,258.43,Rubber
55.11,29.6,46.56,32.03,63.53,6.75,62.44,Cucumber
28.87,27.39,24.77,23.9,55.87,6.08,112.87,Field Bean
59.71,59.15,40.09,30.64,75.18,6.44,84.22,Okra
45.4,35.32,27.03,25.85,66.39,7.03,113.88,Red Gram
93.2,63.36,98.74,29.68,57.91,6.6,208.57,Mango
47.44,31.69,27.15,20.83,43.46,6.11,63.97,Linseed
96.18,43.74,47.39,30.89,87.47,5.92,228.8,Rice
112.13,62.55,123.44,30.07,74.61,6.19,60.19,Papaya
105.65,39.43,25.1,18.87,66.17,6.75,35.96,Barley
101.42,52.82,58.42,26.58,80.76,4.79,215.01,Tea
85.95,51.09,92.85,29.44,74.11,6.32,238.02,Arecanut
107.42,56.6,106.22,28.66,51.87,6.68,80.26,Grapes
83.19,60.46,60.95,20.91,67.0,6.72,61.72,Onion
65.63,28.28,31.63,25.98,74.03,5.8,133.3,Finger Millet
43.72,30.77,28.36,23.36,43.6,6.23,51.28,Lentil
61.49,29.45,40.83,36.52,49.36,8.52,61.03,Pearl Millet
83.8,29.19,65.51,28.14,65.04,6.25,97.21,Bottle Gourd
69.32,52.16,43.06,32.58,80.95,6.3,77.67,Cucumber
52.26,39.53,26.4,26.15,54.36,5.89,130.08,Finger Millet
39.03,36.95,31.83,26.26,49.3,7.07,80.3,Sesame
57.41,23.08,22.63,21.21,63.09,6.59,124.98,Soybean
58.69,30.24,28.95,26.93,56.54,6.48,63.96,Castor
24.09,31.65,24.39,29.44,55.54,5.64,106.03,Green Gram
45.71,28.65,24.19,29.21,48.42,6.36,122.28,Little Millet
39.25,21.52,51.55,18.03,58.1,6.56,38.6,Carrot
62.08,31.4,58.42,26.44,72.26,6.33,54.09,Bottle Gourd
92.32,52.08,65.88,25.96,67.23,6.96,51.39,Cauliflower
39.84,34.07,38.39,28.35,62.69,6.53,95.46,Field Bean
45.21,32.06,48.51,31.34,75.33,6.7,67.93,Bottle Gourd
98.45,54.7,74.39,27.68,69.49,6.71,81.31,Orange
79.43,56.38,70.73,20.92,55.42,6.87,42.52,Garlic
29.03,28.71,32.46,25.91,62.44,6.48,77.53,Kodo Millet
43.71,24.82,40.1,21.05,60.52,6.99,57.02,Radish
43.43,33.86,35.53,20.48,60.52,6.7,105.09,Rajma
134.33,59.75,118.59,26.57,86.33,6.16,128.45,Banana
46.08,25.87,27.12,26.1,45.65,7.45,44.16,Safflower
42.35,25.3,26.16,26.59,52.51,5.79,61.46,Cowpea
100.65,48.38,64.76,31.34,78.91,5.3,191.65,Rubber
115.52,62.71,117.36,32.59,75.06,7.74,164.2,Banana
96.2,51.83,43.07,16.92,59.35,6.23,53.37,Onion
57.04,26.46,34.23,22.63,47.48,7.14,40.63,Lentil
68.41,52.57,47.17,25.42,68.57,6.56,52.02,Cucumber
87.87,35.94,40.08,24.91,52.62,7.0,52.11,Okra
64.89,40.0,42.94,29.14,70.57,6.44,69.02,Cucumber
31.29,24.27,44.45,25.75,63.16,5.91,87.39,Niger Seed
89.85,42.61,74.81,25.3,73.04,5.1,266.21,Coffee
87.77,47.36,60.19,24.32,56.79,6.67,69.44,Onion
81.44,47.98,90.13,24.96,70.86,6.74,156.92,Guava
106.21,59.51,88.12,21.34,78.15,6.17,56.69,Potato
33.89,41.58,29.38,21.17,61.34,6.8,98.43,Field Bean
46.72,23.6,36.67,18.76,62.06,6.35,58.62,Radish
39.03,46.45,32.16,17.81,61.06,7.24,62.75,Peas
33.53,27.87,23.74,28.42,43.83,6.23,82.2,Horse Gram
51.13,32.75,72.05,17.72,69.27,6.27,49.04,Carrot
27.12,36.42,30.68,23.73,44.48,6.85,65.02,Horse Gram
42.08,26.66,37.61,24.58,45.85,6.7,40.4,Lentil
48.01,27.6,37.5,24.75,56.95,6.98,51.57,Peas
87.9,42.15,92.21,25.67,68.96,6.04,217.74,Litchi
84.15,55.34,48.89,28.95,73.21,6.7,116.78,Brinjal
34.99,36.76,25.89,27.1,65.54,6.23,86.27,Niger Seed
113.31,51.36,70.99,23.44,72.48,6.58,76.18,Cabbage
53.13,29.06,30.86,28.04,67.21,7.19,73.6,Castor
45.9,32.45,32.8,22.12,51.22,6.65,64.75,Linseed
108.13,59.25,105.01,24.27,67.9,5.38,82.58,Potato
67.5,28.83,23.12,34.67,61.04,7.04,45.08,Sorghum
105.23,53.98,58.76,18.33,71.03,6.38,47.26,Cauliflower
88.94,48.76,74.49,35.22,79.4,6.74,89.91,Guava
73.08,34.75,25.53,22.56,53.83,7.48,51.78,Lentil
39.4,34.9,36.39,31.31,63.08,6.01,86.38,Cowpea
79.85,45.19,43.03,30.35,68.07,6.47,54.73,Cucumber
99.33,55.57,66.15,25.04,58.24,6.71,84.27,Chilli
107.85,60.38,59.98,24.08,73.95,5.61,116.86,Brinjal
52.3,28.25,30.62,20.25,58.12,7.44,44.38,Radish
77.13,58.49,46.39,28.64,53.33,7.05,80.46,Okra
55.33,26.78,59.0,29.47,67.98,6.87,26.66,Bottle Gourd
38.87,32.62,18.31,22.43,50.17,7.42,64.01,Chickpea
81.71,48.44,73.68,9.7,61.79,6.23,96.4,Apple
36.89,29.64,24.86,29.91,61.68,6.68,96.44,Green Gram
90.56,51.49,62.11,30.31,73.37,6.17,144.56,Litchi
46.32,34.17,26.25,25.19,50.41,7.61,94.74,Niger Seed
81.71,54.77,65.79,18.99,72.67,6.26,56.66,Cauliflower
56.01,36.37,35.79,24.63,59.3,6.72,63.49,Radish
56.86,39.2,29.79,27.18,44.01,6.54,82.71,Groundnut
57.1,29.44,33.29,23.0,51.4,6.76,80.81,Little Millet
96.82,46.51,60.5,21.19,76.96,5.15,249.95,Tea
129.84,54.13,139.79,30.92,70.66,7.28,265.75,Banana
33.1,28.45,30.85,26.45,61.76,5.34,99.85,Niger Seed
77.83,59.07,66.72,18.38,59.13,6.08,50.0,Onion
39.21,35.11,31.62,23.57,62.97,7.06,94.0,Field Bean
100.77,50.81,78.96,32.3,83.23,5.56,307.91,Rubber
41.01,27.73,37.75,25.94,61.01,7.02,84.26,Foxtail Millet
74.19,50.28,39.13,24.62,67.51,6.52,70.11,Cucumber
63.67,55.99,52.01,29.56,67.02,6.48,60.37,Cucumber
77.57,52.23,91.5,17.34,76.96,6.21,47.37,Potato
85.13,50.36,35.29,28.69,61.19,6.5,102.32,Maize
45.62,32.44,27.5,14.75,61.86,6.66,39.51,Radish
57.23,30.29,25.2,23.91,60.4,6.55,55.44,Radish
21.61,23.88,36.51,17.25,67.73,6.8,59.0,Peas
88.06,33.74,81.48,19.52,66.26,5.89,121.25,Apple
55.96,37.48,63.81,30.27,75.21,7.01,65.44,Bottle Gourd
99.31,40.71,87.59,36.35,88.53,6.58,254.04,Coconut
73.43,47.4,62.62,22.38,62.96,6.6,58.1,Garlic
107.18,48.27,91.56,30.28,66.35,6.57,70.12,Grapes
80.55,43.55,63.51,21.86,69.72,6.45,56.06,Cabbage
53.89,22.88,27.3,30.17,36.9,6.64,78.21,Foxtail Millet
120.93,45.5,50.32,25.26,68.37,6.7,215.19,Rice
86.2,55.17,111.47,24.04,58.35,6.64,90.66,Grapes
42.71,37.71,32.19,26.17,54.97,7.17,80.19,Green Gram
69.63,30.45,30.93,24.6,42.67,7.0,68.6,Castor
45.31,21.63,40.89,17.97,55.22,6.51,47.49,Beetroot
52.68,11.64,72.84,31.05,69.27,5.52,171.23,Cashew
73.48,41.71,86.76,28.6,58.15,6.61,112.5,Guava
93.56,57.52,80.96,30.42,79.7,6.45,225.05,Arecanut
68.0,32.48,33.22,21.57,81.57,6.43,129.74,Soybean
79.92,43.3,33.63,17.37,65.31,6.77,40.79,Barley
107.89,66.29,98.26,27.62,64.26,6.61,170.88,Orange
42.01,26.87,29.36,18.76,52.49,6.42,101.43,Rajma
38.93,27.16,36.66,19.94,57.81,7.28,67.36,Peas
98.02,53.06,66.27,25.84,78.62,6.3,264.1,Arecanut
33.92,28.19,31.46,26.24,65.63,6.78,121.75,Soybean
96.24,44.84,52.12,33.29,83.07,6.89,157.12,Rice
80.71,24.74,47.57,20.42,63.85,6.11,46.08,Carrot
111.85,44.94,76.42,23.57,76.29,6.11,210.99,Arecanut
103.08,44.97,76.59,25.0,84.53,5.16,165.7,Tea
94.67,59.18,102.7,26.16,62.74,6.2,66.86,Mango
68.38,44.09,38.22,26.31,68.46,6.51,94.75,Maize
48.18,33.05,22.75,35.2,63.46,6.91,75.8,Red Gram
61.47,64.17,59.47,32.54,53.97,6.54,56.23,Chilli
68.16,49.74,43.96,18.88,65.01,7.19,42.23,Garlic
105.63,45.07,78.37,22.37,71.51,6.96,212.59,Litchi
56.85,24.26,28.14,27.83,53.25,6.19,83.58,Kodo Millet
101.2,45.94,66.04,22.71,62.11,6.31,58.31,Cabbage
22.05,28.68,26.46,23.14,43.73,6.39,113.18,Field Bean
80.33,58.5,49.34,25.9,55.69,6.31,57.71,Onion
73.03,48.14,56.68,18.77,64.48,6.75,77.4,Cauliflower
88.07,59.33,50.39,19.32,67.28,6.46,84.57,Tomato
56.21,27.97,31.77,29.82,60.53,6.18,80.89,Kodo Millet
106.72,45.83,83.87,25.29,49.95,6.43,113.98,Orange
104.73,50.43,121.38,28.81,52.99,6.42,71.78,Grapes
43.98,31.02,39.79,27.31,38.48,5.19,99.47,Foxtail Millet
96.06,49.96,80.2,29.37,81.3,5.88,179.35,Arecanut
86.98,35.62,80.65,28.19,64.72,6.53,114.64,Guava
39.62,32.69,24.16,29.57,50.62,6.73,77.64,Green Gram
73.39,39.37,77.19,34.36,77.19,6.42,98.77,Pumpkin
79.09,47.4,40.09,18.67,48.82,6.83,73.4,Barley
97.88,61.41,85.86,24.37,67.6,7.06,162.85,Papaya
110.56,56.44,56.66,25.07,70.89,6.48,82.13,Brinjal
80.42,65.02,98.79,32.02,63.56,6.17,177.02,Mango
83.51,36.87,30.52,29.99,71.17,6.71,56.09,Cucumber
126.52,61.29,103.77,33.34,78.55,7.24,165.13,Banana
48.5,29.73,37.19,28.2,49.17,6.77,58.45,Groundnut
93.74,63.99,113.98,21.8,70.3,6.19,103.75,Orange
77.83,48.02,100.32,31.4,73.35,5.65,198.31,Pineapple
112.04,66.47,95.87,29.07,64.28,6.35,66.46,Papaya
65.13,31.0,27.28,26.53,75.5,5.94,136.92,Finger Millet
46.53,26.38,24.42,18.85,40.21,7.39,56.18,Safflower
35.56,29.24,31.04,30.25,51.31,6.41,61.69,Cowpea
97.56,78.08,104.99,31.32,71.41,6.17,120.14,Papaya
69.32,14.59,18.99,31.34,41.83,7.11,76.15,Sorghum
72.1,50.07,75.82,12.19,51.34,5.66,124.2,Apple
124.02,47.38,92.9,28.16,61.83,6.1,94.84,Grapes
38.82,28.14,32.14,30.37,65.61,6.15,82.22,Sesame
71.39,53.75,80.87,20.04,57.55,6.22,71.38,Onion
39.4,21.65,34.24,24.13,44.49,7.12,77.03,Safflower
103.06,40.38,81.11,25.25,79.02,5.65,234.38,Pineapple
72.49,38.25,34.08,30.2,62.6,6.99,75.41,Cucumber
38.51,28.69,32.02,19.58,64.66,7.19,45.05,Radish
67.36,31.1,56.13,24.66,63.55,6.44,176.54,Cashew
69.45,45.82,90.28,24.82,83.53,5.13,155.03,Pineapple
98.37,42.52,50.19,32.54,73.69,6.22,308.03,Rice
33.63,33.97,25.7,18.77,65.25,6.43,78.45,Rajma
78.15,39.9,19.36,16.11,61.95,6.78,59.72,Wheat
28.47,31.35,38.22,24.05,53.92,7.13,71.8,Horse Gram
83.06,53.02,35.8,16.1,53.26,6.2,69.24,Wheat
42.14,23.35,31.87,19.11,49.51,7.27,51.58,Linseed
109.27,50.45,59.3,20.01,77.24,6.68,71.7,Cabbage
41.91,37.76,29.13,25.92,48.23,6.36,80.27,Foxtail Millet
95.24,51.55,120.9,21.16,72.32,6.33,51.82,Potato
140.94,66.35,118.53,28.99,85.08,7.09,249.23,Banana
38.14,27.8,26.2,29.38,51.49,7.0,94.1,Foxtail Millet
60.17,33.09,52.59,18.41,60.33,6.22,42.61,Carrot
96.46,58.88,89.35,20.05,73.22,5.1,74.95,Potato
45.88,30.67,27.59,37.19,45.13,7.18,108.59,Red Gram
89.27,57.85,47.44,23.4,66.46,6.99,91.76,Brinjal
63.45,42.81,41.15,27.2,76.4,6.26,124.45,Maize
75.54,56.83,88.8,10.21,52.03,6.54,129.88,Apple
93.53,59.52,75.35,30.25,71.75,5.06,252.81,Rubber
54.91,30.99,27.6,17.57,63.92,7.3,63.83,Radish
61.79,32.49,29.39,25.17,61.4,6.93,74.4,Sunflower
70.21,37.01,60.72,20.25,59.22,7.03,54.64,Beetroot
44.43,32.02,22.22,27.97,53.68,6.45,76.87,Little Millet
52.95,37.47,33.24,23.07,54.5,5.71,63.9,Sunflower
31.28,31.31,37.2,22.42,49.17,7.36,51.14,Safflower
84.78,33.7,26.53,21.92,54.58,6.76,89.64,Wheat
33.06,29.68,28.99,27.59,58.04,6.61,104.34,Field Bean
136.1,69.18,113.76,32.32,74.6,6.6,168.92,Banana
41.06,28.16,39.11,21.33,36.64,6.6,107.54,Rajma
41.17,36.49,25.46,19.48,54.54,6.32,97.81,Rajma
90.55,52.79,35.48,25.02,64.89,7.21,103.25,Okra
63.44,33.05,23.6,33.11,62.97,7.01,101.68,Groundnut
98.22,51.13,45.08,22.43,77.57,5.18,204.32,Tea
88.61,51.05,70.07,24.71,70.84,6.2,98.93,Tomato
67.5,47.31,85.51,27.87,87.38,5.89,222.05,Litchi
32.28,31.97,42.63,21.84,53.51,6.22,50.61,Peas
51.09,26.34,75.51,32.08,59.71,6.49,135.27,Cashew
42.89,28.02,26.76,31.41,48.28,6.23,56.14,Sesame
70.43,31.87,55.42,24.08,65.49,7.03,54.81,Bottle Gourd
72.2,32.26,65.04,28.64,69.08,6.65,67.26,Pumpkin
55.67,34.15,23.72,29.16,51.22,6.47,75.21,Cowpea
47.67,36.36,39.45,18.19,63.71,6.85,73.04,Radish
43.3,26.48,25.92,24.04,43.69,6.63,112.1,Field Bean
43.97,31.55,33.51,20.69,67.82,5.91,85.64,Soybean
27.27,19.13,31.04,26.4,46.21,6.73,84.33,Horse Gram
102.31,45.32,95.59,26.72,76.59,6.31,208.75,Arecanut
24.1,27.05,34.4,24.4,52.53,6.94,60.97,Green Gram
46.39,31.03,29.76,26.65,44.47,6.9,77.95,Cowpea
81.76,40.26,84.89,21.17,81.27,6.69,92.7,Guava
56.36,22.19,58.09,22.67,55.12,6.92,49.18,Beetroot
45.03,35.76,27.68,22.93,58.57,7.01,55.72,Linseed
47.52,34.48,20.59,30.54,59.09,6.31,59.54,Sesame
72.69,26.21,33.93,34.94,55.65,6.68,64.09,Sorghum
38.93,38.61,40.16,23.56,69.41,5.6,85.94,Kodo Millet
99.6,70.48,55.81,26.05,57.3,6.41,66.67,Brinjal
58.92,26.73,27.22,14.05,53.63,6.73,80.05,Linseed
45.41,31.82,29.81,24.96,45.49,7.13,54.47,Chickpea
37.13,33.24,21.37,30.67,57.4,7.22,77.18,Black Gram
71.07,61.89,56.59,34.13,72.38,5.6,57.39,Brinjal
109.05,61.55,115.82,29.45,67.27,6.95,132.41,Mango
69.96,37.67,48.51,33.94,75.61,6.53,65.92,Cucumber
27.75,31.64,29.97,31.74,55.42,6.77,81.06,Cowpea
101.82,54.94,110.55,29.84,68.63,6.16,177.11,Papaya
60.96,35.68,50.34,30.41,60.47,6.68,68.9,Okra
48.83,23.2,36.55,28.08,64.37,6.34,98.53,Kodo Millet
93.77,53.92,91.04,27.05,76.86,6.01,247.48,Coconut
90.71,41.18,79.17,21.64,51.11,5.6,117.04,Apple
54.77,34.9,32.51,30.54,49.27,6.69,77.92,Sorghum
77.14,44.05,78.47,31.76,42.98,6.02,76.9,Pomegranate
62.42,37.11,69.89,27.81,58.39,6.66,102.32,Guava
57.89,28.73,29.01,15.88,45.9,6.96,49.78,Mustard
23.65,45.56,31.88,19.08,50.63,7.34,44.17,Chickpea
115.01,54.6,71.84,20.52,77.17,6.27,56.0,Cabbage
111.64,49.2,96.51,25.79,76.0,6.59,149.11,Papaya
42.19,33.97,30.68,28.39,43.53,6.82,54.48,Safflower
81.45,34.3,54.78,28.79,54.37,6.78,92.85,Okra
54.96,28.23,21.46,18.39,64.99,6.92,34.23,Radish
25.55,27.35,31.68,24.72,37.97,5.88,33.25,Horse Gram
57.22,34.32,32.26,28.65,61.89,5.61,68.62,Pearl Millet
64.3,31.16,70.57,14.08,55.63,6.33,35.76,Carrot
81.73,48.72,91.31,28.92,85.09,6.47,187.5,Coconut
48.93,32.19,15.63,23.24,71.41,6.79,121.37,Soybean
79.78,48.56,90.19,28.44,86.62,6.68,236.91,Rubber
51.46,32.58,28.19,28.64,46.23,6.71,96.38,Foxtail Millet
42.24,38.05,26.15,26.41,54.26,6.92,68.18,Little Millet
75.7,53.19,54.18,30.28,49.06,7.36,89.79,Chilli
48.8,33.27,27.46,23.2,50.03,7.07,71.98,Chickpea
60.7,25.43,32.6,25.11,43.47,7.18,69.42,Sorghum
81.12,47.87,41.18,28.56,79.25,7.3,73.45,Okra
98.9,50.47,56.72,24.56,82.94,6.51,72.6,Cabbage
25.64,23.8,25.88,22.31,54.46,6.65,85.96,Niger Seed
103.12,49.5,73.42,31.91,70.05,6.66,127.78,Papaya
64.09,48.36,48.88,18.99,58.96,6.73,57.01,Garlic
98.46,41.38,28.82,17.14,58.66,7.25,77.05,Wheat
60.51,21.2,67.29,30.11,70.82,6.71,84.17,Pumpkin
36.9,28.94,29.42,32.42,69.23,6.12,62.44,Foxtail Millet
25.89,31.34,30.52,19.45,46.53,8.04,69.27,Chickpea
89.8,70.37,111.77,29.7,63.96,6.8,148.44,Mango
92.75,43.08,55.04,22.46,62.57,6.08,59.67,Onion
76.27,51.38,92.95,30.04,69.02,6.37,123.02,Guava
50.9,26.94,67.59,30.14,66.58,7.31,94.49,Pumpkin
101.8,58.29,106.99,31.52,70.24,6.12,185.65,Papaya
73.43,34.2,59.05,32.14,65.28,6.66,81.67,Bottle Gourd
87.25,43.78,51.33,19.88,78.35,5.47,182.53,Coffee
35.19,26.88,31.49,23.48,58.06,6.23,63.24,Sesame
91.86,44.93,40.32,33.85,83.04,5.77,240.55,Rice
58.12,33.26,56.62,21.38,53.52,6.3,38.83,Beetroot
94.96,47.88,33.53,16.18,59.86,6.46,106.34,Wheat
62.54,61.81,44.77,26.09,74.29,6.66,77.79,Brinjal
52.58,27.13,22.73,25.2,47.86,7.17,56.01,Sunflower
56.49,33.48,34.04,20.34,70.28,7.16,110.07,Soybean
82.03,40.66,78.43,29.27,41.62,6.52,69.09,Pomegranate
41.24,32.07,34.76,20.64,47.97,7.34,58.78,Linseed
64.62,24.05,22.5,25.7,59.88,6.92,79.23,Groundnut
69.95,53.88,49.66,25.87,69.38,6.16,70.28,Cucumber
113.97,81.07,93.3,20.61,75.28,5.67,38.99,Potato
60.36,29.26,31.6,33.08,49.89,7.62,65.54,Sorghum
65.23,36.11,28.58,19.78,46.48,7.33,49.96,Mustard
57.01,31.73,33.27,23.57,50.21,7.3,55.39,Linseed
83.56,54.75,78.74,23.15,46.69,6.7,72.84,Pomegranate
79.51,42.3,30.21,22.79,48.76,6.62,66.33,Barley
43.99,26.24,32.79,23.39,57.17,6.4,75.7,Niger Seed
58.14,38.23,64.11,31.34,76.64,7.21,61.46,Pumpkin
25.64,31.69,38.5,28.83,49.81,6.24,96.11,Kodo Millet
39.34,29.14,54.19,31.08,72.35,6.26,56.25,Bottle Gourd
80.79,41.44,88.11,11.58,63.63,6.31,143.89,Apple
57.94,25.83,68.79,25.1,75.46,6.39,40.3,Bottle Gourd
106.96,68.55,113.98,28.68,73.95,6.42,188.08,Mango
71.93,50.68,32.47,25.22,63.24,6.59,43.07,Garlic
117.33,61.87,123.89,32.15,78.2,7.66,120.31,Banana
29.03,28.39,28.82,28.1,56.66,7.89,76.2,Horse Gram
82.28,40.92,64.55,21.26,93.31,5.66,191.58,Coffee
74.4,33.84,73.5,23.22,68.93,6.61,43.78,Bottle Gourd
31.93,31.97,26.42,31.39,66.6,5.65,69.75,Cowpea
72.81,43.66,75.46,16.63,57.53,6.37,121.04,Apple
101.93,34.8,101.86,33.84,73.65,6.61,145.03,Mango
68.72,29.38,59.03,29.82,68.45,5.86,134.64,Cashew
91.77,50.96,67.96,23.92,85.39,5.95,240.09,Pineapple
61.39,59.56,59.65,19.4,59.78,7.31,53.51,Garlic
53.98,31.72,73.21,17.69,62.99,6.65,58.8,Carrot
83.47,46.92,64.77,26.12,79.17,4.9,137.19,Pineapple
82.16,44.39,78.69,30.39,70.31,6.23,193.86,Litchi
36.36,36.1,31.36,26.69,44.23,6.57,106.47,Foxtail Millet
46.95,32.1,33.56,20.62,46.4,6.63,63.26,Lentil
38.81,36.08,32.1,19.98,45.87,6.57,117.59,Rajma
67.45,48.29,37.77,32.09,72.1,6.65,59.87,Okra
42.49,25.6,30.95,30.76,51.22,7.28,58.87,Chickpea
49.8,28.89,50.13,20.23,54.07,6.44,45.58,Beetroot
45.12,31.76,32.01,20.98,46.45,6.15,63.89,Safflower
54.05,28.19,58.18,25.9,70.97,6.43,63.86,Bottle Gourd
48.58,26.71,35.23,19.3,47.92,7.04,82.43,Sunflower
43.09,33.29,29.77,23.66,53.99,6.23,83.77,Foxtail Millet
94.26,50.23,105.23,29.3,85.4,7.22,179.27,Coconut
34.64,26.69,37.09,29.3,54.75,6.46,61.18,Horse Gram
70.17,40.46,89.71,21.69,58.12,6.51,115.98,Apple
95.29,38.28,47.99,24.38,64.67,6.57,125.07,Maize
126.36,62.82,117.05,24.6,81.61,7.22,112.16,Banana
89.31,74.33,62.52,29.54,61.9,6.74,101.56,Chilli
48.42,36.41,38.56,25.12,63.41,6.64,121.33,Red Gram
96.91,47.71,49.17,29.94,81.14,6.26,164.02,Rice
45.19,21.56,31.66,18.91,57.93,6.47,56.19,Peas
57.96,40.96,66.63,23.12,58.94,6.81,60.78,Garlic
93.24,40.51,27.69,18.84,52.02,6.7,86.49,Wheat
64.57,42.9,58.1,30.49,69.19,7.92,67.09,Pumpkin
70.36,34.13,53.93,29.66,76.98,6.2,165.58,Cashew
73.63,45.98,87.66,31.23,90.12,5.98,188.98,Litchi
56.98,26.18,30.04,21.58,42.47,6.47,92.08,Foxtail Millet
57.23,26.85,60.88,30.24,77.88,5.64,160.47,Cashew
39.14,26.55,28.38,21.69,61.03,6.63,102.13,Rajma
69.39,58.3,76.01,24.77,63.95,6.51,75.61,Chilli
95.61,53.36,57.99,15.13,68.21,6.6,81.33,Cabbage
96.72,53.95,46.86,28.83,91.05,5.82,284.63,Rice
75.89,45.42,89.37,17.46,64.79,6.11,102.82,Apple
48.22,25.59,28.48,29.23,55.63,6.7,73.63,Green Gram
83.49,39.0,76.89,23.42,79.44,4.87,233.94,Pineapple
90.5,49.41,45.45,30.68,76.27,6.32,226.21,Rice
94.79,49.69,46.23,24.03,87.18,5.23,218.88,Tea
45.85,27.86,87.39,30.15,69.71,6.65,80.02,Pumpkin
38.26,39.09,42.23,33.32,64.03,6.03,55.31,Cowpea
69.7,34.4,43.52,26.52,75.67,6.58,68.89,Cucumber
105.74,57.93,94.81,20.94,72.05,5.89,65.08,Potato
103.79,51.71,61.51,19.72,55.04,6.55,45.33,Onion
61.0,36.7,32.34,29.83,36.41,6.39,73.77,Sorghum
70.15,47.52,67.48,18.32,59.36,6.43,57.56,Onion
38.87,35.04,33.25,29.92,54.36,6.56,89.12,Groundnut
69.56,23.18,31.13,30.72,51.6,6.71,74.44,Sorghum
78.18,38.1,37.88,14.59,48.65,6.56,75.64,Wheat
55.63,18.45,56.72,29.15,68.18,5.79,130.27,Cashew
70.58,24.51,21.51,20.03,48.47,6.89,41.96,Mustard
100.63,78.08,89.96,33.74,75.72,6.23,153.23,Papaya
39.18,29.1,34.55,30.34,66.74,5.75,84.28,Cowpea
50.8,29.15,32.75,14.01,62.19,6.85,51.77,Radish
98.46,49.38,96.99,27.26,55.0,7.52,44.72,Grapes
80.91,52.61,69.46,18.93,71.24,6.06,79.97,Cabbage
111.32,41.59,106.31,32.76,73.81,6.12,198.82,Coconut
83.28,43.48,76.43,27.84,53.84,6.59,62.74,Pomegranate
81.93,41.19,88.3,25.04,61.42,5.88,94.04,Guava
77.55,51.02,91.6,21.94,77.22,5.65,216.51,Pineapple
101.13,57.61,100.41,30.19,79.54,6.05,159.61,Arecanut
104.59,75.54,59.21,30.88,74.65,6.26,81.28,Brinjal
44.41,23.61,34.82,17.91,69.4,6.12,38.73,Radish
36.23,34.81,28.44,36.57,54.73,6.61,95.83,Red Gram
53.73,34.54,23.46,25.45,55.54,6.27,104.35,Castor
95.08,73.74,75.39,23.88,60.07,6.69,72.97,Chilli
57.85,33.3,22.49,19.81,43.13,6.92,54.11,Mustard
87.74,50.93,56.75,23.32,72.47,6.3,288.62,Rice
76.66,57.49,69.92,24.7,70.65,6.27,188.9,Coffee
86.48,35.21,27.99,19.33,52.89,6.27,73.13,Wheat
89.5,51.77,45.92,22.29,65.38,6.84,80.67,Cabbage
54.89,32.06,27.87,21.44,59.33,7.15,55.28,Linseed
111.07,65.53,97.66,23.88,57.18,6.15,135.93,Mango
81.87,46.16,26.78,19.72,51.29,6.29,51.2,Wheat
30.27,26.31,31.45,21.37,51.26,6.49,44.55,Lentil
85.19,43.23,41.33,23.37,57.46,6.49,133.96,Maize
83.01,43.73,32.1,25.3,74.65,5.4,120.85,Maize
73.09,51.96,86.84,22.68,62.54,5.89,110.43,Apple
105.06,74.05,87.65,21.69,62.17,5.66,47.7,Potato
94.26,64.99,44.79,23.1,64.21,6.93,75.67,Chilli
21.71,28.82,23.35,27.35,60.57,6.2,79.08,Cowpea
77.33,58.28,60.08,30.34,62.36,6.72,63.79,Chilli
64.38,63.59,72.95,23.18,69.68,6.81,92.79,Tomato
43.54,32.1,35.24,20.27,44.6,7.25,49.71,Lentil
53.24,38.89,34.02,29.83,37.89,6.74,52.92,Green Gram
49.77,31.62,26.04,17.54,56.06,6.9,62.49,Linseed
43.51,28.38,29.58,26.49,57.2,6.38,111.61,Niger Seed
43.87,26.78,34.86,8.94,56.63,7.05,54.66,Peas
47.14,35.38,29.53,34.02,49.5,6.63,50.18,Green Gram
62.64,41.83,41.91,25.8,75.49,6.85,79.09,Okra
28.24,34.24,28.2,26.43,59.99,6.95,77.68,Niger Seed
18.32,23.3,28.65,23.22,54.27,6.62,92.75,Rajma
61.94,62.04,59.95,29.92,65.33,6.37,79.31,Chilli
105.26,69.47,41.33,25.72,59.6,6.67,88.4,Brinjal
69.59,27.56,68.49,28.0,73.5,6.49,203.13,Cashew
49.01,40.3,53.66,29.8,75.35,7.22,93.94,Pumpkin
100.63,52.63,103.63,28.57,94.14,6.69,232.14,Coconut
51.03,22.95,30.39,23.12,55.2,6.89,99.78,Niger Seed
75.26,45.36,62.48,23.61,73.31,5.96,200.77,Litchi
99.31,51.15,99.07,28.26,61.53,6.5,130.88,Mango
94.95,57.14,86.8,26.45,62.72,6.72,85.42,Grapes
86.66,59.33,63.1,22.9,62.8,6.55,49.33,Onion
62.33,29.76,62.87,25.12,71.01,5.68,185.06,Cashew
84.4,48.5,75.34,29.6,77.92,5.94,151.51,Pineapple
52.95,36.32,28.63,19.0,51.15,7.05,77.74,Safflower
52.84,26.58,25.42,31.55,44.54,7.59,33.57,Sorghum
62.63,28.44,61.68,27.83,72.16,6.35,107.68,Pumpkin
72.16,37.88,90.7,30.27,47.27,7.31,60.7,Pomegranate
130.64,56.53,114.71,29.95,82.84,6.19,164.87,Banana
48.0,22.28,29.96,26.76,51.67,6.34,124.24,Kodo Millet
125.94,59.08,116.48,26.31,84.28,6.03,252.94,Banana
42.1,29.57,23.62,23.64,65.51,7.19,99.09,Little Millet
128.83,58.76,132.21,25.21,79.67,7.34,131.91,Banana
92.98,54.22,79.61,28.2,69.71,6.44,134.41,Guava
93.21,65.65,83.25,28.21,91.56,4.54,275.92,Rubber
33.42,28.86,33.24,19.01,52.04,6.44,78.75,Peas
77.55,46.58,86.78,27.53,51.84,7.26,69.46,Pomegranate
59.85,45.59,47.63,24.03,75.08,6.63,94.0,Cucumber
69.72,21.18,56.5,19.18,58.9,6.72,50.42,Beetroot
65.2,37.53,76.15,25.87,78.17,5.43,163.58,Pineapple
80.77,66.1,56.07,26.35,74.14,6.58,91.16,Brinjal
82.14,41.39,97.16,22.98,80.6,5.65,247.06,Pineapple
68.58,47.47,31.41,22.84,83.91,7.04,63.09,Okra
26.32,27.6,51.63,20.14,48.31,6.5,64.47,Peas
58.25,30.15,33.66,22.02,56.44,7.25,44.71,Mustard
57.83,34.28,28.12,25.45,56.76,6.62,74.12,Sunflower
52.18,22.28,25.04,32.71,57.96,6.63,45.11,Foxtail Millet
34.77,29.75,27.89,30.24,54.4,7.57,43.91,Sesame
100.77,66.75,49.94,27.14,61.67,6.39,64.68,Chilli
50.03,28.83,24.53,18.22,55.99,7.24,46.93,Mustard
26.21,30.49,26.27,29.25,53.69,6.24,100.52,Field Bean
100.07,63.3,45.03,28.03,70.48,6.32,54.6,Tomato
40.84,37.21,21.93,29.3,53.01,6.9,75.37,Foxtail Millet
92.67,42.35,99.16,26.14,85.44,6.93,203.18,Coconut
28.55,27.67,39.62,23.67,57.13,6.14,80.69,Niger Seed
56.17,24.87,28.75,23.11,58.89,6.14,77.43,Sunflower
56.61,29.27,72.24,29.57,73.77,6.99,81.19,Pumpkin
58.53,31.26,73.57,22.25,56.76,6.56,48.08,Carrot
45.29,35.81,37.0,28.76,83.23,6.51,80.76,Soybean
79.42,38.47,74.72,31.4,54.93,5.43,113.62,Guava
89.15,52.19,101.68,24.71,56.66,6.97,84.59,Grapes
75.96,37.35,53.39,27.63,66.48,6.44,83.57,Cucumber
56.85,34.61,30.55,20.48,53.03,6.28,76.87,Linseed
36.32,32.54,28.34,19.25,46.88,6.48,61.48,Peas
80.79,48.37,89.99,27.73,56.79,7.27,106.37,Guava
52.73,25.98,34.53,30.35,41.67,6.33,55.49,Groundnut
46.03,29.06,25.77,28.77,55.58,6.07,101.48,Little Millet
50.04,26.47,36.13,19.38,47.07,6.87,38.45,Lentil
47.86,38.94,29.08,31.27,63.15,7.05,82.0,Groundnut
37.13,26.84,30.89,21.48,51.39,6.05,63.25,Linseed
87.59,51.32,38.45,28.79,48.81,6.99,55.81,Okra
142.44,61.76,135.7,30.99,76.16,6.94,136.38,Banana
57.08,36.9,26.24,9.04,50.59,6.52,44.82,Mustard
71.49,42.1,38.47,26.76,64.95,6.33,62.78,Okra
62.42,53.06,45.62,28.52,69.45,6.17,85.04,Cucumber
73.49,39.98,32.17,28.75,45.95,6.99,91.39,Sorghum
56.76,53.49,71.68,21.78,84.35,5.97,203.27,Coffee
120.49,51.71,103.85,29.14,85.14,6.5,181.99,Banana
59.07,34.43,41.3,27.15,53.28,7.31,97.53,Okra
41.92,30.29,30.42,19.83,63.46,6.5,66.13,Radish
39.35,27.71,37.65,21.66,56.74,6.94,83.7,Soybean
43.6,27.88,25.57,18.38,50.51,6.4,37.84,Lentil
34.78,27.25,32.82,36.05,67.07,6.87,65.01,Black Gram
46.59,29.86,31.8,21.06,55.12,6.59,54.48,Lentil
40.66,26.2,30.05,29.64,51.28,7.19,76.9,Chickpea
120.52,49.23,125.2,29.75,53.5,6.68,94.8,Grapes
74.6,60.76,42.23,21.76,78.1,6.59,75.67,Tomato
40.34,35.19,37.22,32.16,65.41,7.13,67.34,Sorghum
56.43,35.68,35.39,21.63,53.07,6.99,61.67,Mustard
32.92,28.69,31.83,20.64,50.11,7.01,60.72,Linseed
98.93,55.08,100.06,26.75,68.29,6.75,169.56,Papaya
99.72,46.85,102.23,40.01,57.28,6.58,83.74,Grapes
60.41,35.5,27.27,26.1,77.29,6.7,146.89,Finger Millet
87.05,49.54,89.64,23.89,82.44,6.44,266.01,Arecanut
95.94,56.84,76.32,25.84,87.94,5.26,318.95,Rubber
79.75,60.88,62.89,22.14,85.82,5.43,212.53,Tea
105.68,56.55,53.85,29.54,74.85,6.91,96.36,Brinjal
91.95,51.54,113.38,26.11,61.61,6.76,76.39,Grapes
62.61,39.45,62.95,20.98,55.24,6.63,76.3,Garlic
63.62,46.18,36.5,32.11,56.32,6.92,78.4,Okra
44.19,36.39,70.91,27.91,69.98,5.66,161.84,Cashew
79.16,47.54,66.3,21.34,68.21,6.17,86.41,Chilli
96.82,43.06,87.68,24.09,82.11,5.91,240.35,Arecanut
71.09,38.76,65.0,20.35,62.08,6.68,61.01,Beetroot
95.32,44.48,109.71,22.65,55.53,7.09,76.96,Grapes
63.17,54.04,78.19,28.16,69.16,6.84,169.93,Litchi
96.4,67.88,99.09,28.98,74.67,6.29,147.26,Papaya
61.67,31.39,36.02,28.29,56.9,6.69,65.95,Groundnut
50.29,35.89,38.24,35.78,52.88,6.78,77.24,Groundnut
27.83,35.94,19.11,29.87,65.52,6.87,46.82,Black Gram
90.98,49.36,79.91,24.51,72.27,5.05,184.56,Pineapple
68.15,25.35,32.12,12.09,41.47,6.81,49.04,Mustard
81.82,53.52,65.82,26.14,70.86,5.92,104.66,Apple
34.12,29.83,20.11,29.52,64.03,5.79,69.5,Cowpea
71.75,48.58,58.64,20.58,50.22,6.5,46.57,Garlic
77.04,48.94,76.51,15.36,55.08,6.09,103.28,Apple
78.43,36.76,85.63,20.08,54.45,7.04,84.3,Pomegranate
66.79,23.95,22.33,31.69,49.32,6.61,44.16,Sorghum
97.93,49.21,59.93,14.17,72.76,6.36,75.79,Cauliflower
123.32,68.35,118.93,29.54,82.96,6.74,140.15,Banana
37.11,28.1,36.91,22.65,55.55,6.8,74.86,Chickpea
85.34,54.45,61.27,23.45,86.49,5.93,177.76,Coffee
64.43,30.06,27.99,36.67,46.94,7.48,64.08,Sorghum
93.31,40.57,76.67,25.4,70.89,6.21,169.28,Coffee
95.68,70.71,87.36,28.87,80.27,5.76,284.26,Rubber
60.99,21.15,28.27,25.41,64.43,6.62,117.84,Finger Millet
32.42,36.02,32.92,20.15,43.84,6.96,58.88,Linseed
57.94,48.2,50.15,26.44,59.95,6.11,61.84,Onion
42.01,30.71,38.89,24.13,40.54,6.76,59.83,Safflower
100.09,65.36,93.87,27.66,61.89,6.32,151.82,Mango
84.89,44.89,56.76,25.66,85.2,5.44,196.71,Coffee
63.39,34.13,29.38,32.39,46.4,7.21,62.26,Groundnut
58.68,33.91,34.45,26.82,44.32,7.55,95.71,Sorghum
65.27,52.19,46.74,31.29,55.76,6.71,74.18,Okra
68.64,49.19,42.42,24.14,53.27,6.56,97.95,Maize
110.49,56.57,109.18,30.07,71.59,6.49,172.12,Papaya
95.62,78.44,92.38,19.13,69.55,5.96,48.85,Potato
45.48,28.91,35.45,26.78,58.85,5.78,100.41,Castor
37.99,29.17,24.74,26.0,54.03,7.15,84.78,Field Bean
91.73,45.45,35.5,24.35,59.38,7.23,79.03,Wheat
65.91,27.59,37.09,18.6,43.6,7.1,47.43,Safflower
44.13,25.21,35.0,25.01,58.76,6.61,87.78,Little Millet
74.52,43.25,71.77,19.43,62.7,6.49,70.97,Onion
78.3,32.61,87.63,13.24,58.07,6.17,99.82,Apple
103.43,53.74,72.59,30.46,67.0,6.7,66.23,Chilli
88.77,39.93,86.95,25.61,74.61,5.66,163.95,Pineapple
102.82,47.85,103.3,26.46,55.15,7.08,75.39,Grapes
59.14,29.91,33.16,25.07,66.39,6.44,78.3,Finger Millet
92.37,52.6,74.07,21.54,52.84,6.49,71.31,Pomegranate
51.68,27.56,32.89,25.53,70.29,7.0,104.81,Finger Millet
28.46,24.79,29.6,23.54,61.91,6.63,109.68,Niger Seed
109.33,55.97,89.75,19.54,62.75,6.13,105.53,Guava
37.71,36.32,20.68,28.15,76.37,6.75,96.0,Cowpea
46.06,29.25,26.84,22.09,47.3,6.06,56.9,Lentil
50.68,26.95,17.6,25.21,56.39,6.56,58.34,Sunflower
30.72,20.56,31.59,33.41,57.56,6.48,64.91,Sesame
46.09,24.26,46.78,20.7,57.01,6.75,48.26,Carrot
72.5,25.12,34.63,26.92,67.9,6.56,59.36,Maize
34.16,31.01,24.93,28.4,51.0,5.23,95.86,Kodo Millet
99.6,51.09,88.41,26.36,67.22,6.66,152.69,Orange
97.41,57.28,108.11,27.95,59.51,6.33,69.86,Grapes
49.29,34.76,36.05,19.75,55.43,6.33,55.86,Linseed
95.57,42.8,89.87,34.01,79.26,6.86,251.42,Arecanut
23.12,19.66,30.8,30.13,47.07,7.78,56.6,Chickpea
77.92,62.5,49.05,31.46,78.94,6.98,90.12,Brinjal
28.52,40.69,36.37,25.68,51.81,6.64,72.11,Horse Gram
87.2,47.86,39.16,33.08,73.31,6.44,79.38,Brinjal
79.46,39.97,88.24,30.85,61.8,6.89,73.8,Pomegranate
90.11,52.75,72.66,25.83,88.57,6.07,255.83,Arecanut
49.85,31.58,74.35,32.75,68.93,5.81,202.75,Cashew
37.96,36.81,37.41,25.02,64.32,5.32,112.82,Foxtail Millet
97.31,75.7,96.36,27.91,73.64,5.92,207.82,Papaya
66.75,57.78,83.29,30.63,76.33,6.53,161.52,Litchi
59.77,30.64,29.0,25.46,43.82,7.18,99.81,Castor
54.57,30.94,26.49,22.31,53.01,6.57,51.29,Mustard
73.62,43.13,46.1,32.16,74.85,7.08,65.89,Cucumber
53.51,28.96,26.41,33.37,51.19,6.95,82.01,Green Gram
57.73,24.04,25.69,22.31,49.67,7.3,58.13,Chickpea
18.87,27.11,35.06,24.05,65.47,6.46,79.52,Niger Seed
42.77,27.05,28.22,29.07,61.13,6.69,75.7,Castor
103.86,42.73,40.21,23.3,81.48,6.25,176.77,Rice
54.66,23.85,21.98,17.88,43.61,6.27,67.29,Linseed
23.31,34.03,22.59,30.16,66.14,7.14,67.25,Black Gram
73.45,29.87,70.08,31.3,72.83,6.9,157.29,Cashew
39.97,18.88,39.18,34.05,71.36,7.29,112.45,Pumpkin
38.41,30.48,30.92,28.61,61.42,7.12,70.64,Red Gram
98.61,70.66,99.41,32.2,64.29,5.89,83.57,Mango
65.96,47.11,76.5,20.54,51.44,6.61,47.89,Garlic
48.29,67.56,55.42,27.43,71.43,6.5,61.29,Cucumber
98.15,53.91,47.8,27.47,82.22,5.74,145.96,Rice
53.53,38.57,83.94,33.59,76.89,6.37,97.07,Pumpkin
64.16,39.13,18.27,15.48,44.17,6.04,64.5,Mustard
30.65,30.3,21.72,26.18,55.76,7.43,88.71,Niger Seed
46.45,27.91,24.31,30.45,68.43,4.89,97.08,Finger Millet
36.29,31.73,27.95,21.36,49.8,7.09,51.54,Chickpea
47.14,27.05,30.16,26.27,54.66,6.49,96.31,Little Millet
64.89,63.67,64.14,21.78,63.92,6.25,57.55,Onion
67.91,26.18,31.1,25.49,67.71,5.24,106.78,Finger Millet
101.5,54.18,97.13,24.67,81.07,6.27,230.27,Arecanut
95.86,68.88,113.9,15.07,75.02,6.01,47.54,Potato
98.54,43.82,60.83,22.27,65.49,7.1,50.19,Onion
60.02,26.02,60.23,26.41,78.66,6.62,72.17,Bottle Gourd
40.08,28.77,34.28,28.93,53.89,6.48,110.66,Foxtail Millet
110.77,53.23,82.77,31.58,85.94,6.09,270.32,Arecanut
41.0,30.84,29.76,23.83,51.59,6.97,89.79,Field Bean
92.32,63.77,55.64,31.89,62.16,6.59,62.67,Brinjal
107.38,56.32,69.17,26.23,57.55,6.68,102.06,Brinjal
96.76,65.15,97.08,33.06,71.44,6.17,91.9,Papaya
69.58,30.77,58.97,30.06,69.24,7.07,52.77,Pumpkin
117.2,54.05,79.84,27.76,78.1,6.32,207.38,Arecanut
71.8,26.9,38.58,18.04,54.16,6.7,60.71,Mustard
77.87,39.55,48.23,17.97,58.48,7.28,39.76,Garlic
30.6,23.51,24.0,18.41,53.96,6.38,73.93,Chickpea
86.03,46.0,56.77,22.92,93.32,4.71,205.22,Tea
114.58,43.19,72.95,22.14,76.5,5.08,292.74,Tea
58.22,37.1,30.36,30.36,46.72,7.13,32.44,Pearl Millet
77.93,52.42,64.99,20.13,59.23,5.99,98.13,Apple
70.45,44.0,31.28,29.7,74.72,6.33,52.21,Cucumber
26.8,33.84,26.29,30.3,47.62,6.78,83.9,Sesame
59.13,33.4,27.03,23.23,54.14,6.36,57.65,Castor
52.62,22.31,30.26,24.58,59.45,6.25,78.82,Sunflower
48.02,27.07,22.8,22.54,69.85,6.61,154.44,Finger Millet
44.76,25.22,25.25,24.39,55.63,7.09,54.24,Safflower
57.75,24.71,25.6,32.88,57.51,6.7,76.19,Sorghum
65.3,30.65,54.85,30.93,66.46,6.6,134.51,Cashew
92.47,44.2,30.63,16.51,47.93,6.27,80.7,Wheat
65.41,44.96,62.31,25.98,54.28,6.23,63.21,Onion
59.64,32.61,27.29,31.15,62.14,7.22,51.29,Groundnut
62.7,34.72,70.13,18.18,58.16,6.99,58.5,Garlic
51.61,33.34,28.05,27.4,58.2,6.55,42.47,Radish
46.02,24.7,26.24,26.56,74.85,5.91,111.89,Soybean
105.86,44.71,48.29,28.14,79.71,5.78,263.4,Rice
53.91,26.16,37.9,25.64,53.84,6.15,64.65,Castor
88.95,69.77,115.08,28.2,62.23,6.28,182.55,Mango
95.89,41.4,72.82,26.73,76.41,6.07,202.58,Litchi
29.16,33.23,21.48,19.5,70.28,6.15,80.78,Rajma
58.62,42.28,21.73,23.46,66.27,6.81,129.0,Soybean
91.1,47.83,91.53,29.39,55.68,5.77,85.45,Pomegranate
52.59,28.79,31.5,21.98,61.75,6.66,76.87,Sunflower
113.77,66.85,67.95,31.5,85.39,4.5,253.68,Rubber
48.04,32.55,25.37,30.94,48.73,7.11,56.38,Pearl Millet
55.51,32.65,33.92,21.83,54.31,7.08,52.94,Linseed
91.25,55.34,90.83,35.38,86.17,6.87,186.07,Litchi
108.15,49.84,104.38,23.59,69.8,6.63,88.35,Grapes
75.67,36.38,50.52,19.23,66.24,6.62,59.75,Carrot
68.28,52.21,40.8,27.28,68.63,6.88,81.72,Cucumber
49.78,35.84,27.94,19.72,67.28,6.45,98.46,Finger Millet
115.79,55.87,61.6,18.72,72.48,4.67,221.47,Tea
96.65,51.92,49.91,28.93,83.11,6.2,184.33,Rice
31.65,21.27,29.19,32.55,57.99,7.05,78.61,Green Gram
58.08,39.85,66.9,20.19,63.71,6.58,62.75,Carrot
101.7,47.6,93.53,34.2,71.33,6.57,50.66,Grapes
82.4,58.12,82.38,28.63,58.13,6.63,151.02,Guava
94.08,33.76,28.91,21.9,72.64,6.51,113.77,Maize
60.17,41.44,35.18,27.26,75.58,7.2,111.77,Finger Millet
101.62,62.25,68.21,28.54,67.71,6.31,80.0,Chilli
64.09,25.37,31.06,27.17,50.89,6.89,67.92,Castor
67.26,27.53,64.63,22.84,49.04,6.5,47.44,Carrot
106.35,71.51,86.31,28.51,80.69,6.08,296.78,Rubber
58.97,31.56,52.55,27.84,69.08,6.67,111.14,Pumpkin
60.15,37.34,62.56,22.51,76.12,7.84,53.21,Bottle Gourd
95.62,64.97,59.11,27.98,53.1,6.83,81.47,Chilli
44.38,27.43,23.93,30.07,60.36,7.06,75.89,Green Gram
87.55,56.81,58.0,26.68,76.0,6.32,82.7,Tomato
66.85,48.16,46.02,22.52,51.76,6.02,65.72,Onion
58.42,36.33,45.58,27.91,71.41,6.81,94.89,Pumpkin
102.37,89.07,112.27,29.4,53.55,5.43,68.83,Orange
52.2,29.46,82.75,19.24,60.13,6.87,40.48,Carrot
75.32,46.7,75.2,25.67,68.6,6.16,229.86,Litchi
102.41,45.97,102.59,26.99,71.18,6.8,128.78,Papaya
26.42,32.87,26.33,22.77,50.08,7.54,54.68,Chickpea
94.38,41.79,20.42,17.99,67.53,6.97,77.05,Wheat
73.92,26.72,31.82,33.34,60.87,6.38,123.17,Castor
98.43,75.15,82.92,24.26,89.58,5.09,262.13,Rubber
34.28,33.84,26.42,21.8,47.77,6.95,71.41,Peas
69.34,25.07,20.17,28.92,63.43,7.26,60.03,Sorghum
52.06,35.47,27.2,34.83,57.77,7.7,56.51,Sorghum
34.96,29.31,30.34,26.07,46.98,6.34,64.76,Groundnut
50.95,34.8,28.26,21.52,67.22,6.97,60.73,Radish
93.45,51.74,58.64,27.86,73.03,6.12,216.16,Rice
53.72,27.56,30.52,25.97,47.31,6.34,94.08,Kodo Millet
46.0,34.51,25.33,27.64,60.69,6.36,59.44,Green Gram
26.24,37.37,26.82,18.0,57.35,7.12,50.1,Lentil
95.72,46.09,74.45,25.3,83.48,6.29,205.0,Arecanut
93.24,49.86,116.0,26.63,56.34,6.74,71.52,Grapes
61.47,29.76,31.44,28.15,54.77,6.12,93.57,Castor
99.48,66.56,115.26,21.91,74.91,5.39,52.87,Potato
88.3,54.23,45.62,20.85,71.46,6.78,81.01,Cauliflower
30.17,29.66,24.38,21.65,55.95,6.72,80.11,Field Bean
55.55,35.19,32.3,19.04,65.84,6.71,44.97,Radish
72.28,38.97,25.55,34.49,46.2,6.12,49.89,Pearl Millet
82.17,40.8,78.59,10.42,68.01,6.68,142.57,Apple
75.36,54.66,32.91,34.99,75.63,6.32,80.22,Maize
32.81,25.45,33.99,28.31,66.24,5.93,71.66,Niger Seed
75.34,32.23,59.94,22.37,71.97,6.68,92.48,Pumpkin
64.66,41.8,45.06,35.55,60.32,6.74,53.5,Cucumber
90.76,47.43,53.62,25.73,57.88,6.64,80.03,Onion
100.5,51.38,78.01,32.21,78.39,5.65,282.25,Rubber
71.16,34.54,39.35,31.44,59.28,6.76,52.51,Okra
59.05,48.27,60.83,22.81,52.41,6.61,58.72,Garlic
92.7,68.2,112.41,34.58,77.15,6.11,121.94,Papaya
79.52,50.95,33.07,23.7,77.67,6.52,138.53,Maize
57.45,39.26,37.66,29.16,72.4,7.01,89.76,Maize
32.94,32.62,30.85,15.43,47.3,7.28,43.62,Chickpea
66.58,19.81,48.96,16.67,55.46,6.36,57.46,Carrot
84.14,47.26,60.63,21.19,60.98,6.73,58.96,Onion
36.07,29.93,24.32,27.08,58.05,5.98,100.75,Foxtail Millet
28.7,33.48,24.32,31.2,61.98,6.37,91.01,Green Gram
29.63,30.61,31.91,29.85,74.37,7.6,112.12,Niger Seed
70.39,33.6,33.2,16.69,54.63,6.29,85.05,Wheat
105.37,49.07,116.9,30.52,88.65,6.2,222.84,Coconut
32.88,32.27,35.27,18.98,58.72,6.55,50.51,Lentil
52.09,34.64,30.31,28.77,61.64,6.63,139.72,Red Gram
57.02,16.42,31.0,29.85,47.12,8.35,60.68,Pearl Millet
46.72,33.55,39.58,32.53,49.08,6.11,55.84,Sesame
70.87,32.78,49.18,21.16,63.74,6.43,76.48,Cauliflower
107.81,62.59,122.73,29.88,69.59,6.32,156.85,Papaya
48.97,30.95,28.57,36.0,33.98,6.05,54.38,Pearl Millet
77.41,26.47,28.9,22.18,48.94,6.37,40.55,Barley
41.59,29.87,41.35,27.62,61.46,6.9,88.87,Pumpkin
97.91,46.81,104.88,21.51,74.57,5.19,72.87,Potato
32.03,32.03,23.24,19.03,63.53,6.61,95.8,Rajma
35.83,28.17,25.88,19.37,55.77,6.71,46.71,Peas
58.62,24.1,47.91,21.83,53.72,6.75,84.89,Beetroot
84.89,40.99,55.47,28.15,61.89,6.33,92.14,Cucumber
62.64,51.01,80.38,16.52,61.9,6.75,45.26,Garlic
32.26,34.78,24.0,29.76,50.89,6.86,94.16,Green Gram
79.69,49.87,66.28,21.93,72.6,6.56,87.57,Tomato
62.24,38.08,25.08,28.85,48.11,7.59,87.18,Sunflower
24.97,25.78,33.65,17.82,50.21,6.99,38.88,Lentil
42.2,35.31,20.62,18.72,41.92,6.6,57.2,Lentil
88.74,51.17,77.78,28.81,78.05,4.92,166.62,Pineapple
62.75,49.18,46.01,26.27,76.51,6.78,99.39,Okra
106.01,54.83,101.65,29.48,71.03,6.16,180.09,Papaya
41.73,30.59,30.22,26.85,47.2,6.36,49.62,Safflower
89.75,62.33,78.61,32.89,57.88,6.18,141.14,Mango
77.79,51.76,55.75,20.9,71.37,6.28,59.85,Onion
34.66,20.15,34.84,24.06,43.62,7.34,113.18,Field Bean
84.47,36.24,83.48,25.84,86.94,5.07,195.26,Pineapple
36.93,38.94,21.1,21.76,54.0,6.7,42.99,Lentil
67.95,37.87,51.04,18.51,61.06,6.37,46.95,Carrot
66.66,53.34,67.38,20.63,55.2,6.65,50.84,Onion
68.51,48.87,85.54,30.93,85.33,5.64,238.74,Litchi
40.27,32.19,28.27,32.68,67.06,6.89,96.42,Black Gram
37.93,23.93,20.43,24.5,57.88,6.3,95.62,Niger Seed
71.16,38.58,51.5,29.35,73.55,6.1,133.35,Cashew
31.08,31.71,25.18,21.91,55.18,6.42,90.14,Rajma
88.97,54.62,123.28,30.36,77.81,7.37,129.85,Banana
102.14,50.87,63.45,25.86,86.87,6.15,168.28,Arecanut
41.39,32.9,67.03,28.91,66.35,7.31,84.21,Bottle Gourd
98.61,77.17,65.41,26.51,64.5,6.6,85.5,Tomato
80.06,58.85,79.48,25.84,55.6,6.67,102.14,Guava
73.4,38.73,40.93,29.8,53.23,7.23,54.55,Sorghum
84.86,48.23,71.48,29.41,57.32,5.85,75.03,Chilli
52.65,19.13,51.06,20.89,59.83,6.39,60.94,Carrot
75.64,30.02,34.37,26.42,64.95,7.24,98.84,Soybean
62.93,26.88,26.49,23.64,72.42,6.9,62.12,Sunflower
47.02,21.59,25.58,18.97,49.08,6.66,62.99,Lentil
77.48,40.24,48.54,26.69,81.38,6.3,75.49,Okra
93.45,47.29,77.62,19.38,64.9,6.99,115.72,Guava
41.8,20.75,30.72,26.32,56.02,6.62,93.56,Little Millet
18.75,33.77,25.44,21.9,53.21,6.68,77.02,Rajma
41.35,26.9,29.5,15.57,54.26,6.82,81.6,Rajma
49.83,29.22,31.02,23.09,67.75,6.84,60.79,Soybean
87.23,27.68,74.35,34.37,53.18,6.77,62.73,Pomegranate
108.15,66.67,98.55,29.98,80.83,7.39,201.91,Mango
88.36,49.6,90.97,21.81,75.7,6.14,225.31,Pineapple
56.63,27.29,31.85,28.08,50.63,6.89,95.17,Sorghum
74.6,28.24,37.54,32.03,73.12,7.28,95.74,Okra
69.46,24.94,33.73,24.94,60.29,6.66,113.63,Finger Millet
78.65,40.79,25.47,22.9,59.81,6.57,132.3,Maize
104.27,33.76,29.92,26.02,60.15,6.54,103.22,Maize
24.39,28.91,32.07,21.6,58.96,6.27,76.86,Rajma
50.62,28.39,65.55,31.4,71.41,7.16,213.77,Cashew
59.26,33.13,49.18,32.85,77.98,6.35,99.19,Pumpkin
32.26,17.74,32.88,32.09,53.25,6.61,77.44,Green Gram
61.57,25.8,34.39,28.85,43.43,6.18,117.99,Castor
98.95,54.37,116.84,23.41,68.23,5.78,51.21,Potato
104.35,42.44,100.76,24.31,57.15,6.88,59.05,Grapes
79.09,61.79,58.58,25.65,88.22,5.48,161.21,Coffee
88.56,48.71,71.88,23.54,54.72,6.33,45.04,Onion
65.58,67.76,63.69,29.05,66.23,7.26,97.01,Brinjal
32.15,31.28,24.85,24.19,43.42,6.16,43.69,Horse Gram
34.29,18.8,34.71,26.46,76.48,6.8,99.28,Black Gram
74.97,34.79,23.18,22.84,49.16,6.52,81.83,Sunflower
32.79,33.45,35.03,15.76,36.74,6.61,99.31,Rajma
53.95,30.31,53.93,18.25,60.98,7.13,84.78,Beetroot
98.28,49.21,84.04,29.53,62.65,6.77,62.86,Grapes
49.62,35.88,39.24,25.28,53.27,7.01,71.67,Little Millet
50.23,26.7,27.36,25.72,57.41,6.56,119.99,Finger Millet
65.7,33.33,31.83,24.09,48.35,7.24,60.27,Mustard
53.76,23.02,37.68,29.46,49.5,6.29,98.38,Castor
96.91,56.4,68.36,23.0,53.06,6.76,59.89,Cauliflower
40.63,32.5,30.59,20.42,59.17,6.59,78.97,Niger Seed
32.19,29.39,36.14,27.42,62.84,7.14,85.28,Field Bean
64.57,63.44,63.4,23.76,65.24,6.66,71.78,Chilli
74.58,45.62,50.61,31.89,53.22,6.19,32.69,Okra
43.29,29.41,26.78,18.25,42.26,7.48,63.59,Chickpea
95.1,58.65,98.92,28.59,52.5,7.29,157.48,Mango
57.79,29.47,60.07,24.12,72.86,6.73,52.31,Pumpkin
80.47,35.41,77.73,25.11,45.64,6.13,86.71,Pomegranate
39.09,39.83,36.37,24.49,62.6,6.34,56.69,Cowpea
33.53,29.9,28.28,28.17,58.72,6.92,79.81,Black Gram
54.4,28.43,27.99,25.64,64.6,6.55,73.59,Sunflower
52.1,31.81,33.88,25.1,50.75,6.96,59.57,Safflower
41.9,25.09,44.34,29.46,57.58,7.28,79.05,Red Gram
97.01,50.55,62.99,19.71,77.93,5.87,75.78,Cabbage
66.63,31.19,30.5,22.16,49.03,6.57,25.84,Sorghum
34.27,31.43,28.94,32.65,58.47,6.59,55.72,Sunflower
43.64,27.42,23.21,30.41,43.09,6.27,40.17,Sesame
46.78,19.39,28.86,30.21,77.64,6.46,87.66,Black Gram
99.17,48.38,63.14,27.7,86.54,5.17,215.19,Tea
60.9,22.16,67.59,22.78,61.01,6.17,52.38,Carrot
46.29,22.38,29.33,18.37,56.57,7.09,52.92,Linseed
76.57,73.27,67.53,28.05,70.63,6.33,62.47,Brinjal
52.89,26.54,31.13,22.83,59.74,7.09,42.58,Radish
21.19,39.24,30.78,23.19,68.34,6.83,117.28,Field Bean
30.37,26.66,31.36,28.65,71.85,7.54,77.57,Black Gram
104.31,47.41,37.94,28.75,86.04,6.35,216.51,Rice
94.19,36.58,26.39,22.85,49.54,7.11,60.32,Wheat
94.53,52.16,41.44,18.81,63.56,6.01,63.03,Brinjal
86.23,52.37,50.29,29.16,75.78,5.88,209.87,Rice
43.96,41.73,29.81,27.13,46.72,6.33,72.21,Field Bean
50.21,27.43,27.58,27.21,70.66,6.83,116.53,Soybean
53.24,30.51,57.5,28.46,55.93,6.96,98.44,Pumpkin
79.22,45.52,64.7,25.31,55.68,6.7,64.01,Onion
93.65,49.01,95.38,27.73,67.21,6.92,121.26,Papaya
73.82,38.35,71.64,24.23,61.21,6.26,84.91,Pomegranate
59.73,26.45,42.97,22.23,47.54,6.16,44.42,Mustard
50.46,33.13,30.58,26.26,50.04,6.48,59.86,Sunflower
59.8,28.97,23.23,17.25,50.6,6.31,44.58,Lentil
63.35,30.84,43.15,24.59,51.71,6.1,101.59,Finger Millet
59.03,28.88,79.03,30.03,60.46,7.36,91.57,Pumpkin
91.18,53.71,69.62,19.97,80.85,5.12,292.15,Tea
35.12,31.26,31.7,25.28,58.75,6.45,64.71,Horse Gram
76.58,31.58,24.03,28.54,61.76,6.92,60.4,Castor
83.64,59.46,109.73,30.36,65.34,6.03,191.97,Mango
33.9,20.3,18.75,20.58,44.24,6.57,67.74,Lentil
45.43,31.31,21.8,28.79,52.3,6.11,76.77,Black Gram
34.12,39.83,24.87,23.56,65.42,6.99,65.18,Foxtail Millet
69.79,34.43,76.56,28.76,85.66,6.29,167.59,Litchi
61.13,24.11,28.92,40.49,62.75,7.81,66.53,Sorghum
42.91,25.9,34.27,30.69,66.52,6.51,81.67,Cowpea
79.64,36.44,85.87,26.14,61.68,6.6,107.68,Guava
65.33,29.81,27.31,29.16,61.01,6.34,102.01,Castor
92.86,43.18,94.58,33.04,75.19,7.03,146.94,Guava
71.92,40.95,84.44,24.7,52.78,7.28,56.29,Pomegranate
98.37,56.3,95.53,30.86,75.59,6.51,245.92,Coconut
42.95,28.19,33.51,25.95,53.32,6.87,54.55,Groundnut
32.09,30.26,24.06,18.74,46.67,6.74,38.48,Lentil
29.72,35.25,33.46,25.71,54.62,7.04,59.31,Horse Gram
108.11,51.81,104.66,21.54,74.17,5.93,52.09,Potato
67.24,25.0,60.07,20.87,61.81,7.02,58.35,Beetroot
77.63,44.67,79.26,28.68,55.55,6.21,111.64,Pomegranate
113.92,51.7,80.08,29.33,83.66,5.95,252.74,Arecanut
42.5,23.49,22.19,26.29,60.59,6.77,81.14,Kodo Millet
110.11,46.89,27.12,18.08,43.38,7.73,87.95,Wheat
52.54,28.53,21.42,27.31,59.78,5.94,113.96,Finger Millet
76.06,47.32,81.86,32.77,70.62,6.48,199.48,Litchi
82.5,48.6,41.9,20.5,51.99,6.97,47.61,Garlic
58.33,26.33,66.26,28.24,69.71,7.3,65.73,Pumpkin
87.41,46.78,30.34,15.37,61.47,7.07,66.34,Wheat
48.88,32.74,28.71,23.75,64.95,5.61,125.22,Finger Millet
76.07,51.52,54.5,27.19,51.33,6.35,71.04,Onion
107.78,44.02,27.33,20.42,52.31,6.78,95.84,Wheat
90.63,56.69,83.01,27.89,79.44,6.09,286.91,Rubber
82.83,52.99,56.17,26.09,74.35,5.1,244.31,Tea
53.58,37.06,28.98,32.08,57.29,6.81,77.86,Black Gram
66.99,48.51,63.85,13.37,53.62,6.87,119.84,Apple
77.43,57.01,25.04,23.55,73.67,6.58,117.27,Maize
91.41,48.52,43.59,32.26,73.89,6.22,207.67,Rice
106.81,64.91,60.42,24.54,83.85,6.55,69.31,Tomato
105.63,55.74,101.76,28.02,91.25,5.96,169.7,Coconut
48.28,29.7,38.32,30.41,55.41,6.35,60.47,Green Gram
42.27,21.59,23.78,20.38,56.51,7.27,37.98,Chickpea
92.11,37.32,29.43,20.27,51.67,6.74,47.55,Wheat
59.74,31.04,21.11,26.86,43.34,7.17,48.18,Pearl Millet
65.05,26.51,32.34,33.05,50.32,7.51,75.15,Pearl Millet
46.58,29.19,29.2,29.92,44.39,6.98,95.14,Groundnut
64.41,44.15,55.49,25.98,44.88,6.78,69.47,Onion
29.78,31.02,26.02,27.18,37.67,7.17,51.32,Safflower
45.92,31.2,35.88,19.03,54.87,6.16,39.02,Lentil
47.26,31.53,32.26,26.06,51.25,5.86,105.55,Little Millet
53.67,33.49,24.87,14.6,45.12,7.11,40.99,Mustard
73.46,32.57,34.38,25.93,41.93,7.03,69.32,Sunflower
48.53,34.61,36.72,17.49,56.43,6.94,43.15,Radish
44.23,28.04,23.98,28.79,51.81,6.35,49.37,Foxtail Millet
72.78,44.59,35.19,23.19,56.82,6.75,92.4,Maize
55.81,28.78,29.87,27.78,54.23,6.71,114.12,Finger Millet
89.84,52.53,76.57,23.37,85.09,5.87,216.85,Arecanut
48.01,41.86,23.94,30.0,58.29,6.74,106.27,Red Gram
27.99,33.56,26.88,29.15,51.95,6.08,43.59,Horse Gram
78.93,53.22,57.07,23.17,60.59,6.64,66.64,Onion
73.13,37.69,34.95,15.54,62.74,6.11,56.53,Barley
21.28,33.21,31.22,22.67,55.43,5.6,81.29,Niger Seed
48.79,34.43,24.86,24.77,54.98,5.76,90.37,Finger Millet
21.68,29.01,28.36,30.33,57.29,6.01,60.36,Horse Gram
82.26,47.26,27.37,27.38,64.43,6.73,117.24,Maize
129.05,53.53,46.46,31.81,80.58,5.99,228.83,Rice
57.14,29.54,35.47,27.33,55.73,6.83,92.89,Little Millet
93.6,49.52,70.88,21.89,53.84,6.25,47.97,Onion
77.39,42.3,39.61,26.21,60.49,7.3,127.3,Maize
92.3,36.23,67.32,24.23,81.68,6.31,195.89,Coffee
46.56,36.92,23.87,31.85,43.98,6.63,77.2,Sesame
101.83,67.48,106.06,28.27,66.52,6.63,143.58,Papaya
100.41,62.62,99.55,16.9,68.86,6.68,55.21,Potato
44.92,32.06,23.45,26.34,67.08,6.51,66.62,Foxtail Millet
77.67,44.28,85.05,25.3,61.66,6.39,98.47,Tomato
116.38,67.98,63.33,28.48,71.16,5.81,58.51,Brinjal
87.24,50.06,53.92,27.58,92.11,6.16,257.7,Rice
55.2,43.51,65.16,24.06,74.23,6.78,57.37,Onion
63.97,40.01,33.1,10.79,54.51,6.98,55.35,Barley
40.4,28.13,34.43,21.55,48.91,7.08,39.61,Mustard
62.6,53.36,63.24,22.21,62.89,6.96,40.15,Garlic
72.13,38.5,74.07,30.4,51.5,6.37,78.96,Pomegranate
54.23,37.57,23.83,25.09,72.41,7.13,143.19,Finger Millet
27.42,19.57,29.49,29.47,35.15,6.09,66.04,Horse Gram
66.73,40.19,54.58,22.26,78.37,6.2,162.68,Coffee
83.09,48.16,44.72,31.4,63.86,6.17,90.1,Okra
77.16,53.14,60.34,18.77,65.53,6.44,52.89,Cabbage
109.0,46.78,94.19,26.85,55.35,6.58,64.59,Grapes
96.6,37.73,61.18,30.1,60.59,6.71,69.2,Chilli
58.67,31.56,24.08,20.36,53.39,6.16,59.52,Radish
69.36,34.51,29.22,22.51,79.07,6.43,138.29,Finger Millet
70.1,51.86,78.96,21.55,84.55,5.51,130.03,Coffee
75.43,41.05,39.61,28.54,74.76,7.42,75.5,Bottle Gourd
29.74,22.28,32.49,22.07,47.78,6.67,54.45,Chickpea
107.57,45.78,79.59,27.45,83.72,6.32,232.6,Arecanut
34.37,29.68,36.46,23.15,55.06,6.92,61.35,Kodo Millet
93.89,49.53,70.88,28.14,71.26,6.34,107.46,Guava
91.06,49.21,58.24,21.95,68.2,6.55,84.02,Cabbage
98.53,54.02,112.67,28.5,71.93,7.02,161.12,Papaya
33.56,26.97,26.21,22.75,43.61,6.42,95.41,Rajma
97.24,47.68,34.38,17.09,41.02,6.43,52.75,Barley
49.84,34.78,25.84,20.17,45.58,7.03,55.62,Linseed
38.54,34.36,20.72,28.33,54.18,6.28,81.06,Kodo Millet
80.0,51.5,74.8,33.58,62.21,6.46,107.72,Guava
60.2,38.89,94.18,27.65,69.78,6.41,67.15,Guava
89.98,31.68,93.15,20.44,81.74,5.43,208.65,Pineapple
100.96,47.1,78.01,25.31,78.3,5.86,202.53,Arecanut
70.15,37.03,30.68,14.85,44.55,7.09,38.91,Barley
73.92,43.37,67.23,19.66,59.59,6.81,45.45,Garlic
92.58,64.41,96.15,23.66,70.52,6.57,206.53,Papaya
45.6,34.45,26.81,20.9,48.04,7.21,69.1,Linseed
53.33,34.1,35.8,33.95,59.94,6.9,195.72,Cashew
39.48,23.37,27.13,22.8,47.97,6.38,92.04,Rajma
29.3,33.52,53.05,18.57,64.67,7.37,69.96,Beetroot
36.88,28.13,25.7,27.96,67.67,6.06,78.14,Black Gram
118.0,59.88,106.99,29.04,77.85,6.42,140.53,Banana
81.85,53.09,49.4,26.66,59.48,6.68,63.45,Onion
51.5,25.25,31.62,16.57,54.59,6.91,73.73,Peas
72.91,46.61,38.76,19.13,52.88,6.34,54.33,Wheat
103.15,54.43,55.49,20.09,67.7,6.68,88.6,Cauliflower
101.62,87.01,53.96,30.69,61.49,6.4,70.25,Chilli
91.26,65.69,67.28,27.38,59.65,7.09,76.5,Chilli
38.46,32.34,32.46,23.8,50.85,7.39,43.33,Lentil
77.42,39.91,36.05,20.98,39.76,6.83,65.48,Barley
37.45,32.42,41.02,22.57,57.38,7.68,50.98,Lentil
47.83,27.55,29.22,25.34,70.13,6.94,101.09,Soybean
83.11,72.54,61.11,20.3,75.18,6.5,86.84,Tomato
39.02,30.16,30.44,30.08,35.53,6.75,70.9,Cowpea
34.49,31.78,23.72,27.34,54.19,6.88,46.28,Safflower
23.33,26.87,29.23,32.59,55.58,6.09,67.31,Sesame
62.99,29.65,26.47,25.49,62.12,6.73,78.25,Castor
113.59,57.81,82.88,17.59,55.38,6.45,156.96,Orange
50.72,36.99,20.74,25.76,57.72,6.67,88.16,Finger Millet
33.76,26.01,22.93,29.29,61.39,6.27,81.41,Little Millet
101.13,54.09,52.82,18.68,73.24,6.24,68.9,Cauliflower
26.02,38.29,26.11,38.74,66.57,6.91,60.45,Sesame
77.44,51.47,74.44,30.48,82.51,6.84,168.7,Litchi
93.97,41.71,47.65,20.47,79.84,6.6,56.57,Cabbage
64.17,48.7,49.1,25.58,68.0,6.55,78.7,Okra
104.29,49.72,50.06,28.86,71.55,5.94,195.53,Rice
90.68,50.57,41.33,20.21,57.26,6.8,72.96,Garlic
72.02,33.02,68.27,20.88,61.33,6.63,51.64,Carrot
86.44,63.36,42.59,33.12,72.21,5.96,100.46,Brinjal
41.67,33.58,34.1,25.76,61.08,6.55,116.14,Niger Seed
51.04,19.15,23.96,21.69,48.09,6.44,53.01,Safflower
65.38,39.58,31.72,27.22,45.26,6.9,62.0,Sunflower
69.99,24.7,21.96,27.91,51.52,7.19,37.66,Sunflower
79.11,48.36,76.97,29.39,80.04,6.3,147.64,Litchi
95.09,66.27,93.35,20.19,72.76,5.65,80.22,Potato
42.44,33.2,29.02,30.96,60.66,6.9,69.22,Niger Seed
84.47,61.93,56.35,23.79,65.65,6.72,83.23,Tomato
96.87,51.64,56.39,17.98,72.32,6.51,77.53,Cauliflower
73.4,39.68,29.7,15.64,68.51,5.87,78.64,Wheat
58.89,25.83,34.88,29.35,70.77,7.16,68.25,Pumpkin
34.82,27.29,33.61,17.43,46.41,7.15,42.32,Safflower
91.01,39.02,74.38,27.36,89.8,5.74,216.36,Coffee
92.42,49.16,28.69,15.13,53.58,6.02,46.59,Barley
66.04,44.42,67.11,22.35,80.55,6.21,166.96,Coffee
16.96,29.04,25.44,17.36,47.71,7.45,58.68,Chickpea
119.57,60.31,119.8,30.63,82.12,6.56,168.74,Banana
78.37,42.07,87.83,22.58,74.35,5.92,150.25,Coffee
100.49,43.32,27.99,20.91,61.47,6.63,54.86,Wheat
69.71,39.66,46.79,22.93,55.9,5.96,58.27,Okra
70.31,47.23,62.61,26.32,76.94,6.27,132.47,Litchi
55.18,36.4,32.42,31.13,65.35,6.98,73.97,Sunflower
54.0,32.41,42.78,16.94,57.35,6.93,48.18,Beetroot
29.16,27.12,32.07,29.79,50.15,6.14,52.28,Horse Gram
98.16,56.95,104.13,29.44,68.93,6.36,92.04,Mango
59.47,32.95,26.25,15.83,51.03,7.06,42.75,Linseed
69.5,22.87,27.4,21.78,47.51,7.25,51.4,Mustard
48.52,35.19,33.34,23.24,58.87,6.7,83.13,Soybean
46.62,30.34,28.34,26.21,61.13,7.61,89.67,Foxtail Millet
64.41,57.97,65.0,28.11,69.05,6.84,68.54,Chilli
55.05,29.47,33.69,25.88,50.66,7.18,106.07,Soybean
104.53,72.96,124.3,30.01,78.6,6.88,187.11,Banana
40.1,32.69,34.11,26.83,65.37,7.27,111.25,Soybean
42.96,37.25,31.2,33.15,59.8,6.6,77.54,Black Gram
39.54,24.24,30.13,19.83,51.97,6.21,72.91,Rajma
60.28,24.25,64.29,25.16,62.66,6.82,61.07,Bottle Gourd
88.19,84.83,98.42,20.34,70.42,5.35,57.73,Potato
44.68,28.58,24.43,23.26,49.91,7.19,51.6,Linseed
64.24,30.35,43.87,16.05,56.87,6.46,52.63,Beetroot
65.52,26.2,29.76,31.57,47.81,6.17,62.05,Groundnut
35.77,27.98,25.3,33.33,61.09,7.64,102.8,Groundnut
44.24,35.89,28.42,14.22,50.4,7.31,60.94,Chickpea
55.14,32.04,28.83,30.14,53.36,7.17,65.57,Sorghum
77.34,47.62,83.75,24.02,80.8,6.75,139.3,Guava
41.42,35.93,36.23,23.02,59.7,6.5,91.66,Field Bean
70.02,53.28,69.6,24.67,85.8,5.25,192.57,Pineapple
100.18,51.77,76.47,29.85,80.4,5.4,254.5,Rubber
54.26,40.04,38.51,16.62,42.39,7.25,77.2,Mustard
68.04,24.95,59.64,28.47,70.97,5.94,145.14,Cashew
101.12,58.86,93.66,30.07,57.35,7.09,76.04,Grapes
97.89,35.29,23.71,18.78,70.48,7.19,76.23,Wheat
17.17,35.78,30.95,19.77,64.27,5.87,87.07,Rajma
78.56,33.98,29.06,19.21,48.26,6.55,61.23,Barley
12.14,35.75,21.57,25.26,55.71,6.43,76.64,Cowpea
51.2,25.92,27.81,32.0,58.52,6.47,84.42,Groundnut
35.04,37.53,39.8,21.21,49.83,7.24,60.38,Lentil
48.02,32.82,61.61,20.62,54.41,6.74,68.93,Beetroot
81.6,67.13,60.94,28.67,62.73,6.35,101.41,Tomato
77.79,33.49,28.92,33.63,46.76,6.71,54.55,Castor
103.51,50.97,106.54,31.86,87.66,6.57,229.19,Coconut
46.09,23.12,31.21,22.88,49.28,6.09,106.13,Little Millet
122.18,55.54,97.24,23.57,59.32,6.31,97.0,Orange
40.14,40.47,25.94,21.08,41.88,7.02,44.5,Lentil
41.91,25.48,29.93,19.24,50.51,7.22,42.66,Chickpea
76.78,47.96,60.59,19.26,64.27,6.19,95.0,Cabbage
62.68,40.84,58.11,26.48,56.2,6.36,50.43,Garlic
75.55,30.98,24.67,29.49,57.88,7.24,90.12,Castor
46.5,23.6,27.56,22.88,65.01,7.84,106.01,Finger Millet
98.37,65.39,92.74,21.38,69.34,6.1,67.37,Potato
34.62,26.04,27.27,21.09,51.32,6.32,87.67,Rajma
97.58,47.94,106.77,33.35,57.0,6.4,97.41,Grapes
59.71,21.81,55.45,29.64,74.75,6.6,155.23,Cashew
67.15,20.88,70.02,21.25,58.85,6.62,37.73,Garlic
96.96,54.4,63.08,29.46,79.64,5.39,246.79,Rubber
57.54,34.81,23.42,22.78,49.05,7.97,63.52,Chickpea
81.57,39.11,90.63,11.41,62.62,5.9,110.67,Apple
32.79,29.52,36.8,26.7,54.97,6.77,84.67,Cowpea
48.21,26.08,30.01,23.01,64.19,6.73,81.79,Finger Millet
79.02,54.44,88.53,32.1,63.19,7.23,118.94,Guava
58.74,26.96,32.01,22.1,44.5,7.34,72.83,Linseed
54.7,26.58,36.22,26.19,66.11,6.02,97.72,Little Millet
49.25,23.19,41.33,21.04,54.55,6.37,77.42,Rajma
21.17,31.08,33.09,18.46,51.53,6.38,78.81,Rajma
42.22,42.29,46.77,22.14,74.33,6.44,51.21,Carrot
103.8,72.45,92.24,31.62,79.6,5.88,237.94,Rubber
105.35,68.27,110.06,24.45,72.63,6.74,112.29,Orange
104.18,52.77,100.66,27.66,79.37,6.07,254.61,Coconut
69.48,48.87,66.27,19.92,65.0,6.94,67.09,Garlic
28.24,20.96,29.15,30.68,58.58,5.39,71.34,Cowpea
81.56,39.4,77.07,28.29,73.98,6.75,180.01,Litchi
47.83,26.43,17.77,27.33,56.38,6.54,75.41,Green Gram
130.93,72.77,136.6,29.43,81.69,6.45,171.09,Banana
38.31,19.24,35.05,28.03,57.74,6.66,89.14,Sesame
67.06,29.91,38.84,11.75,52.65,6.79,57.48,Mustard
61.82,45.03,55.53,25.89,67.24,6.63,78.42,Brinjal
58.8,23.44,29.63,19.08,64.17,6.81,51.59,Radish
111.85,57.97,118.63,32.29,83.49,6.94,164.86,Banana
41.25,19.4,29.69,25.14,63.7,7.26,116.4,Soybean
95.01,51.67,53.2,28.88,79.94,6.39,214.26,Rice
50.02,33.13,25.4,23.59,58.86,6.08,79.23,Little Millet
48.91,37.45,36.85,29.2,41.14,7.39,78.11,Pearl Millet
40.91,20.1,57.58,24.64,65.58,6.22,159.39,Cashew
49.3,26.47,37.36,25.65,65.36,7.06,118.99,Finger Millet
55.94,36.02,27.48,24.25,46.61,6.62,43.35,Safflower
46.8,24.36,23.6,28.89,65.87,7.05,87.64,Black Gram
116.53,47.56,96.44,26.05,87.96,4.96,271.0,Rubber
108.63,52.13,55.03,20.24,68.14,6.6,67.81,Cabbage
28.07,31.99,32.79,25.57,36.39,5.83,63.72,Horse Gram
43.53,36.33,33.36,24.93,60.52,6.74,51.17,Radish
97.78,40.85,49.06,30.08,84.19,6.14,273.51,Rice
23.56,27.52,23.98,28.07,45.11,5.41,73.97,Horse Gram
55.77,28.36,25.81,21.29,57.92,6.67,40.5,Mustard
86.2,44.77,60.22,21.43,80.06,5.8,126.07,Coffee
96.11,44.53,31.39,12.65,58.7,6.7,57.43,Wheat
53.54,37.32,30.96,29.9,43.4,7.11,37.18,Safflower
83.7,33.51,63.09,20.77,56.97,6.6,57.45,Garlic
108.18,60.54,103.47,31.4,90.8,5.8,315.17,Rubber
50.19,30.42,30.46,24.91,64.2,6.88,67.49,Finger Millet
45.68,31.18,30.36,28.66,59.76,6.58,104.84,Groundnut
63.08,61.27,66.71,27.36,67.93,6.76,69.64,Brinjal
51.95,29.75,77.29,23.97,57.91,6.05,55.13,Carrot
26.64,31.43,23.66,18.12,45.62,7.03,44.61,Peas
41.76,34.05,23.39,25.85,62.43,7.07,71.05,Kodo Millet
79.88,52.21,79.88,25.0,67.44,5.79,247.27,Pineapple
38.49,42.34,29.54,20.38,70.42,6.34,42.26,Radish
114.54,49.44,104.41,32.28,77.72,6.11,261.53,Coconut
41.32,35.27,26.76,25.5,66.41,6.61,95.55,Field Bean
40.98,30.85,32.7,28.14,61.74,6.71,82.17,Foxtail Millet
101.44,64.6,77.71,29.41,68.32,6.71,146.19,Papaya
48.61,32.09,32.52,30.37,51.44,6.71,68.08,Green Gram
55.16,35.39,66.14,27.91,73.84,6.85,59.9,Pumpkin
73.97,19.23,32.64,35.32,40.21,7.54,58.24,Pearl Millet
35.61,26.99,26.62,20.46,54.53,6.4,51.68,Radish
29.46,20.75,24.5,27.42,45.07,6.19,67.7,Horse Gram
63.44,46.22,65.57,19.19,60.79,5.88,57.64,Garlic
55.55,36.43,28.65,29.05,52.66,6.81,76.13,Kodo Millet
40.63,32.71,23.25,28.09,51.46,6.23,61.27,Sesame
36.01,31.57,24.86,21.61,41.22,7.19,48.51,Safflower
114.93,66.63,89.87,25.73,88.37,5.01,299.64,Rubber
26.91,26.38,35.55,18.32,52.16,6.28,87.54,Rajma
92.46,61.26,86.69,30.42,72.85,5.89,168.58,Mango
45.36,30.44,36.5,21.2,39.93,6.36,44.49,Linseed
43.24,34.22,32.87,24.33,54.32,6.98,114.66,Little Millet
83.87,52.2,66.35,21.61,72.57,6.66,75.11,Cabbage
45.06,34.63,31.69,17.36,46.89,6.47,47.47,Mustard
54.08,32.18,23.58,15.57,63.22,6.8,47.41,Radish
44.57,28.79,26.81,26.05,61.73,6.75,99.92,Castor
40.94,30.23,35.66,26.51,65.29,6.08,51.5,Black Gram
96.51,51.9,91.11,30.35,60.73,6.87,148.6,Orange
93.81,48.09,83.73,25.9,86.44,4.41,221.05,Tea
68.79,55.23,29.95,31.36,72.74,6.54,70.41,Cucumber
53.35,34.74,22.89,29.57,56.81,6.81,100.47,Soybean
49.45,25.34,34.07,15.59,47.53,7.08,64.87,Chickpea
80.7,46.75,70.64,15.8,54.2,6.34,117.04,Apple
47.88,29.26,36.52,20.08,69.61,6.92,82.67,Finger Millet
44.45,31.05,32.27,29.19,57.26,6.3,97.4,Niger Seed
55.75,30.5,53.76,21.83,53.37,6.3,40.16,Carrot
28.46,24.55,23.59,25.52,48.09,6.44,87.48,Cowpea
89.71,56.59,57.25,22.57,72.41,4.79,196.87,Tea
43.46,28.1,34.47,18.0,50.92,6.36,43.76,Lentil
27.91,26.7,24.53,24.16,58.98,6.64,71.84,Black Gram
78.76,58.96,70.08,23.03,50.01,6.54,64.0,Pomegranate
41.4,30.16,28.63,17.91,54.92,6.66,76.64,Chickpea
65.65,25.94,53.0,28.06,65.72,6.01,131.42,Cashew
91.84,43.05,66.53,30.68,65.3,6.83,112.12,Guava
113.55,44.96,119.8,29.01,91.17,6.08,185.64,Coconut
88.38,88.42,65.04,21.78,59.89,5.98,97.82,Orange
66.16,21.48,26.65,17.18,52.75,6.84,55.64,Mustard
96.78,55.15,75.96,12.83,53.82,6.42,125.54,Apple
63.59,49.89,43.44,25.7,60.62,7.19,84.27,Okra
77.01,31.39,32.17,32.51,64.51,6.8,54.63,Okra
82.65,33.95,27.13,17.33,51.9,6.88,45.74,Barley
79.61,51.23,45.38,19.9,82.89,5.56,145.38,Coffee
25.97,28.18,26.6,17.14,58.46,6.12,91.65,Rajma
96.14,46.35,113.71,26.18,77.68,6.26,213.84,Coconut
69.7,23.57,55.5,17.68,62.76,6.57,38.51,Carrot
97.86,42.45,49.35,25.8,65.21,6.43,117.08,Maize
78.23,31.44,39.1,31.41,77.9,6.5,61.96,Okra
36.35,31.08,38.02,23.05,47.52,6.7,61.17,Chickpea
29.88,31.06,25.4,28.55,54.49,6.66,75.66,Cowpea
126.17,59.54,129.63,33.73,80.65,6.76,146.06,Banana
129.58,68.35,127.98,32.6,75.8,6.57,134.89,Banana
113.03,77.46,66.33,24.01,63.4,6.52,76.01,Chilli
39.94,25.24,31.07,30.87,70.8,6.48,73.66,Black Gram
22.78,29.96,28.64,15.02,49.47,6.64,79.19,Peas
75.28,41.43,59.99,22.35,75.97,5.41,156.72,Coffee
54.27,27.33,26.09,34.06,47.6,6.31,93.12,Castor
63.56,26.14,33.84,19.26,63.18,7.06,46.29,Mustard
49.96,23.6,53.81,19.46,53.75,6.83,61.05,Beetroot
55.49,29.45,29.41,27.13,64.55,5.48,107.83,Finger Millet
99.71,62.81,110.72,29.78,72.54,6.63,166.62,Mango
75.51,31.76,30.6,30.11,79.28,7.24,85.04,Cucumber
43.66,29.0,27.54,22.19,47.01,7.23,71.94,Linseed
62.46,32.31,29.1,31.42,56.39,6.9,32.57,Pearl Millet
85.71,54.73,78.54,27.39,78.17,5.69,202.12,Litchi
77.27,40.13,53.17,31.97,70.57,6.93,209.4,Cashew
79.88,37.58,19.11,24.35,67.38,6.22,114.65,Maize
39.89,32.71,25.38,29.77,61.5,6.41,89.02,Black Gram
33.29,27.08,38.4,27.41,51.51,6.2,86.97,Cowpea
57.4,30.47,27.4,23.76,40.29,7.12,26.18,Castor
20.28,31.09,29.4,32.75,51.49,6.53,102.95,Black Gram
56.21,40.98,30.29,25.09,48.77,6.69,121.43,Little Millet
68.02,49.26,86.06,28.77,66.39,6.42,114.51,Guava
73.19,50.18,49.02,32.73,62.05,6.7,84.52,Brinjal
43.48,31.97,31.08,24.58,68.42,7.1,90.91,Soybean
97.62,49.65,45.09,24.64,88.52,5.77,170.74,Rice
100.54,42.84,78.76,30.1,86.2,5.8,296.68,Rubber
54.97,20.52,29.47,26.17,54.3,7.0,129.54,Soybean
39.65,36.42,21.57,17.25,61.35,6.61,79.89,Peas
97.24,50.78,108.12,23.51,61.9,6.73,89.2,Grapes
25.2,28.77,28.76,26.55,56.97,6.25,80.51,Niger Seed
77.86,24.33,24.48,27.68,69.6,6.66,25.75,Sunflower
80.53,43.31,49.12,28.84,46.97,6.34,53.12,Onion
46.96,36.06,27.13,22.65,50.66,7.01,90.89,Foxtail Millet
83.78,28.19,34.6,31.06,72.03,6.49,145.69,Maize
98.32,49.25,96.78,18.84,77.16,5.65,52.97,Potato
57.04,23.89,46.3,30.01,70.85,7.13,86.61,Pumpkin
91.63,51.96,58.97,19.74,78.27,4.99,184.97,Tea
47.04,34.03,26.51,24.81,72.14,6.29,76.33,Niger Seed
42.78,35.92,20.47,12.58,63.85,6.78,65.83,Peas
82.4,41.64,27.9,20.71,60.41,6.57,127.06,Maize
81.44,58.65,58.6,26.28,53.85,6.77,51.87,Onion
52.33,26.19,20.48,24.83,62.86,6.21,111.28,Little Millet
70.1,43.44,74.27,29.11,67.5,6.05,212.26,Litchi
39.02,28.33,32.57,22.02,42.21,6.81,118.6,Field Bean
42.78,31.83,24.16,27.36,54.75,6.3,65.8,Kodo Millet
84.01,51.32,61.9,18.87,62.01,6.47,85.23,Cabbage
44.98,31.81,23.57,25.78,47.14,6.15,68.29,Foxtail Millet
34.23,23.17,37.57,31.32,48.6,6.97,85.76,Black Gram
88.84,44.3,94.42,30.14,87.86,5.47,228.78,Coconut
96.25,55.17,57.19,17.45,58.54,6.66,64.68,Onion
52.69,31.16,24.21,16.4,49.98,6.35,38.42,Mustard
37.67,31.76,25.24,21.81,66.4,6.68,41.15,Radish
84.09,53.56,98.92,22.33,64.47,6.33,113.34,Orange
46.17,35.85,36.22,23.82,54.36,5.41,102.33,Little Millet
58.93,60.25,62.49,19.58,70.38,6.4,79.9,Tomato
92.77,37.29,42.47,18.89,60.94,6.84,72.95,Wheat
48.61,33.93,26.48,28.07,63.5,6.29,85.53,Kodo Millet
64.76,29.49,31.95,23.43,66.62,6.92,82.97,Sunflower
65.43,29.67,26.08,17.43,45.9,7.24,68.93,Mustard
94.63,35.3,92.19,27.94,69.36,6.16,116.39,Guava
69.31,33.24,48.29,23.08,67.75,6.69,180.8,Cashew
69.98,54.28,75.68,28.96,80.63,6.56,251.28,Pineapple
90.05,65.59,104.93,27.74,75.48,6.61,128.8,Papaya
61.1,45.87,41.96,27.23,69.54,6.65,67.26,Cucumber
82.24,32.9,56.46,25.28,54.1,6.49,65.87,Carrot
100.02,53.06,84.49,30.97,72.54,6.96,193.51,Coconut
133.79,63.93,132.15,26.91,80.65,7.02,194.41,Banana
92.1,46.88,62.73,25.63,76.27,5.55,205.55,Coffee
67.53,25.08,67.05,29.47,76.48,6.57,181.66,Cashew
101.1,57.75,95.16,24.57,72.62,6.25,150.91,Papaya
133.17,57.49,117.99,30.09,88.8,7.29,196.15,Banana
34.97,34.13,26.92,24.36,48.37,6.66,48.62,Linseed
69.74,35.17,66.94,22.74,57.0,5.54,138.85,Apple
33.23,36.34,32.6,20.43,72.05,6.89,105.7,Rajma
76.14,65.82,69.42,22.37,65.87,6.08,96.03,Tomato
51.32,32.21,31.2,27.7,47.26,6.26,59.21,Cowpea
62.54,28.74,23.72,25.5,53.11,6.37,81.14,Kodo Millet
100.87,62.14,79.66,14.43,66.59,6.31,136.76,Orange
93.58,74.18,72.71,22.91,65.59,6.6,96.32,Tomato
65.46,31.51,58.69,21.35,54.56,6.33,53.03,Beetroot
150.95,59.69,123.32,27.09,83.52,6.19,196.29,Banana
94.05,56.27,68.86,31.6,54.32,6.94,66.67,Chilli
69.44,51.29,49.41,17.03,70.69,6.28,59.47,Cauliflower
101.53,52.72,64.78,19.27,70.97,6.51,54.55,Cauliflower
96.23,37.08,31.47,26.51,72.07,6.55,102.84,Maize
65.34,30.23,21.09,35.23,59.86,6.88,53.0,Sorghum
53.31,24.03,34.02,26.73,56.38,6.45,93.22,Little Millet
88.85,69.28,106.51,25.56,75.37,6.47,144.67,Papaya
42.28,22.26,25.96,26.0,37.9,7.5,57.8,Safflower
47.15,35.74,21.95,18.42,53.68,7.17,64.63,Linseed
83.25,48.07,104.57,28.12,60.97,6.54,124.31,Orange
21.63,37.83,33.8,21.04,46.34,6.52,91.35,Rajma
45.44,39.37,35.13,25.86,52.26,7.15,83.97,Sorghum
54.66,36.47,31.17,28.76,55.27,6.6,117.03,Red Gram
67.2,39.89,44.43,34.16,57.44,6.47,80.11,Okra
37.68,27.57,29.71,30.84,54.98,6.41,85.69,Cowpea
74.11,38.85,79.76,32.51,55.84,6.0,119.03,Guava
60.97,25.02,39.63,29.77,70.14,6.67,56.83,Bottle Gourd
33.68,24.03,34.37,27.64,75.08,6.59,93.83,Black Gram
50.35,39.63,38.85,35.54,52.61,6.7,81.91,Sorghum
97.51,51.66,55.04,22.77,67.1,6.47,63.78,Cauliflower
56.44,21.83,63.9,27.16,71.05,7.25,85.33,Bottle Gourd
43.53,23.69,42.71,23.41,57.4,6.69,49.82,Sunflower
30.26,34.94,34.01,26.82,58.64,7.49,74.78,Black Gram
92.47,45.18,42.87,24.33,62.34,6.78,51.5,Onion
100.35,56.87,93.92,22.81,72.28,6.55,158.65,Papaya
60.96,22.05,57.32,26.63,69.3,6.89,83.82,Bottle Gourd
91.59,52.87,85.26,25.12,50.14,5.94,85.66,Pomegranate
98.39,40.44,61.34,22.74,81.16,4.78,247.98,Tea
70.46,56.1,94.92,27.89,85.11,6.61,168.59,Litchi
35.37,29.83,27.82,24.73,40.23,7.21,46.57,Safflower
106.02,51.62,107.23,21.03,79.1,5.49,58.71,Potato
26.69,36.68,31.9,32.65,67.87,7.22,70.24,Sesame
94.81,29.84,32.78,17.47,59.69,6.36,74.69,Wheat
37.27,36.02,28.98,33.14,69.73,6.06,84.54,Black Gram
95.56,55.03,95.81,26.63,76.66,5.81,270.71,Arecanut
87.28,53.47,15.32,30.88,74.22,6.16,98.3,Maize
80.1,44.13,50.8,21.05,65.56,6.39,111.92,Maize
25.49,28.46,33.07,17.39,50.98,6.39,51.87,Chickpea
47.71,35.82,27.75,29.81,68.85,5.77,75.88,Little Millet
27.68,28.18,37.36,24.12,46.13,6.93,64.32,Horse Gram
95.15,49.42,108.56,21.19,73.88,6.18,55.33,Potato
68.09,30.78,23.47,21.67,47.89,6.79,71.73,Mustard
49.84,30.41,32.39,22.93,63.22,7.05,120.26,Soybean
61.39,25.1,60.92,19.34,65.17,6.6,49.03,Carrot
109.7,44.33,90.38,28.81,77.6,5.71,233.95,Coconut
44.41,27.47,35.15,28.04,55.0,6.62,118.0,Black Gram
75.55,64.46,77.59,35.76,68.11,6.21,96.84,Brinjal
91.22,47.2,48.4,32.74,82.45,6.48,269.58,Rice
52.16,29.98,25.3,30.7,62.83,6.3,104.49,Foxtail Millet
47.71,36.07,28.5,22.2,68.72,7.47,34.65,Radish
30.82,29.53,30.31,23.31,50.21,6.72,78.05,Horse Gram
55.35,23.69,36.66,32.34,66.72,7.07,69.11,Green Gram
111.53,61.13,109.5,32.6,86.08,6.88,185.93,Banana
89.69,78.92,94.09,16.25,66.62,5.69,64.75,Potato
65.78,26.38,23.2,26.16,60.76,6.48,81.32,Sunflower
60.47,34.76,33.87,21.58,50.3,6.2,47.94,Chickpea
74.33,51.31,54.81,17.94,80.68,6.47,84.66,Cabbage
63.4,29.93,54.44,25.67,69.98,6.34,59.15,Bottle Gourd
71.86,55.52,47.9,30.04,61.3,7.22,75.64,Brinjal
101.46,43.72,64.91,20.57,91.72,5.0,191.92,Tea
35.42,29.74,18.26,20.34,52.46,6.77,60.83,Lentil
63.13,31.37,38.64,23.85,64.04,6.09,134.35,Finger Millet
72.64,46.14,49.9,25.66,79.7,5.99,207.63,Coffee
39.0,29.64,19.26,27.2,78.75,7.25,99.04,Field Bean
110.97,44.58,95.62,24.63,64.18,6.13,100.72,Orange
24.3,30.68,28.65,22.47,67.07,5.97,87.98,Niger Seed
47.36,26.4,28.08,27.46,61.8,6.99,79.6,Kodo Millet
107.09,55.74,54.31,24.08,68.39,6.72,64.35,Brinjal
104.25,51.89,80.22,28.24,54.59,5.87,57.98,Pomegranate
46.59,27.13,32.95,18.48,50.15,7.5,70.48,Linseed
82.15,40.23,33.16,19.55,44.41,7.03,85.95,Wheat
39.18,32.95,26.93,22.93,56.41,6.88,69.74,Radish
65.35,41.64,21.34,30.43,60.25,5.99,100.4,Maize
38.76,31.15,33.29,19.97,56.28,6.6,45.91,Lentil
88.21,47.68,60.16,23.44,56.48,6.47,48.79,Onion
48.6,27.04,28.98,26.5,70.97,6.01,67.78,Soybean
45.0,27.21,27.6,19.31,61.42,7.32,48.27,Radish
154.31,70.95,128.45,23.91,79.11,6.94,167.14,Banana
31.61,34.96,26.13,24.77,56.52,7.73,67.6,Chickpea
94.63,38.15,34.99,20.52,40.87,7.23,57.33,Barley
107.4,69.49,87.83,29.49,75.26,6.94,149.57,Orange
90.81,41.22,67.12,26.74,54.7,6.39,41.25,Onion
58.71,32.29,31.91,28.83,67.58,6.27,60.29,Sunflower
77.99,35.88,75.98,35.46,60.07,6.03,154.66,Guava
40.78,33.45,70.86,23.54,65.78,6.37,146.54,Cashew
69.58,31.58,46.52,21.41,71.45,6.11,47.84,Carrot
98.05,54.3,105.65,28.55,78.84,7.06,293.17,Coconut
60.38,20.18,53.25,19.37,57.88,6.6,51.22,Carrot
76.12,25.15,61.96,30.23,69.33,6.59,143.06,Cashew
32.75,28.93,30.28,18.61,48.84,6.43,84.2,Rajma
92.65,43.12,30.26,16.25,49.38,6.79,24.68,Barley
88.56,58.82,81.95,25.28,88.2,5.3,297.35,Rubber
139.84,64.1,124.13,30.55,80.39,6.25,191.53,Banana
74.27,46.56,77.72,21.61,74.04,5.48,289.05,Pineapple
38.75,28.69,25.41,16.28,58.45,6.42,63.02,Lentil
46.94,28.66,23.41,25.85,66.39,6.69,131.92,Finger Millet
42.09,30.03,40.25,30.34,66.06,7.0,93.89,Black Gram
80.37,38.04,41.28,27.69,69.95,6.32,91.99,Cucumber
47.32,27.58,24.34,20.8,55.8,7.11,63.35,Chickpea
72.12,39.92,63.9,23.46,83.38,5.93,201.71,Coffee
71.59,23.93,24.41,28.96,49.93,7.13,75.55,Pearl Millet
64.05,45.2,75.2,27.37,71.13,6.12,97.01,Litchi
102.38,38.33,53.51,33.19,87.53,6.07,244.12,Rice
89.04,39.49,92.34,32.69,74.73,6.27,190.2,Litchi
50.41,26.84,36.76,31.45,51.02,7.02,70.86,Sorghum
45.41,32.39,28.23,31.38,66.08,6.22,82.02,Sesame
69.91,51.15,85.12,27.26,49.18,6.05,48.75,Pomegranate
32.77,40.69,31.93,24.28,56.02,6.6,89.16,Niger Seed
83.23,42.74,39.85,16.09,65.08,6.45,52.56,Barley
46.13,29.62,29.71,20.67,54.76,6.89,74.46,Linseed
104.29,39.98,82.18,22.69,80.61,5.7,204.27,Pineapple
57.15,26.32,34.36,16.83,48.45,6.84,40.22,Mustard
50.17,35.44,54.42,31.31,69.36,6.57,100.71,Pumpkin
82.35,56.51,116.09,18.71,66.34,5.61,54.6,Potato
100.06,49.52,102.52,28.43,93.43,6.77,268.8,Coconut
57.61,32.03,32.83,22.08,42.66,6.95,81.32,Castor
27.41,28.23,31.96,25.93,45.24,6.58,76.34,Horse Gram
92.86,49.57,78.99,10.56,59.18,6.35,114.88,Apple
111.68,45.11,53.21,26.25,84.23,5.08,217.68,Tea
81.84,45.52,63.55,21.95,68.12,5.89,69.34,Guava
56.55,27.5,13.68,32.38,46.71,6.81,75.44,Pearl Millet
94.74,67.99,71.88,24.45,69.04,6.9,113.39,Brinjal
98.81,52.37,94.57,29.15,61.93,6.87,54.23,Grapes
101.26,48.01,70.21,24.99,67.83,6.49,108.5,Guava
85.35,58.8,54.24,30.0,61.02,6.05,126.21,Guava
92.62,52.51,68.18,27.33,94.29,4.77,269.03,Tea
42.89,26.13,31.73,28.11,67.12,6.49,84.67,Black Gram
91.5,47.61,105.44,24.97,76.78,6.71,121.83,Papaya
93.97,41.01,54.11,19.92,80.56,5.5,197.24,Coffee
105.39,47.2,92.95,23.96,77.83,6.63,238.86,Arecanut
24.63,31.61,35.52,25.37,67.89,6.82,78.51,Field Bean
92.94,54.75,96.68,27.01,60.38,6.58,73.03,Grapes
87.36,53.16,52.23,27.43,65.92,6.61,67.26,Chilli
65.06,35.63,24.77,31.18,51.94,7.14,53.04,Sorghum
84.2,45.2,58.77,21.54,88.76,6.05,187.67,Coffee
100.75,49.18,59.29,20.03,61.8,6.7,68.12,Garlic
88.68,54.7,49.79,19.73,59.87,6.56,31.81,Onion
73.78,40.56,59.12,21.52,57.05,6.92,63.64,Garlic
39.99,34.06,24.96,18.67,56.09,7.09,87.27,Linseed
101.7,78.02,99.79,24.9,70.4,6.45,87.75,Papaya
34.06,29.96,25.62,22.92,46.0,6.01,68.7,Foxtail Millet
45.29,29.54,28.98,26.1,66.87,6.91,111.68,Soybean
133.55,57.76,145.9,30.55,85.88,7.31,192.47,Banana
44.9,25.02,30.97,20.55,70.44,6.92,83.5,Soybean
46.86,24.04,32.05,22.36,51.14,7.65,58.23,Chickpea
136.62,55.46,109.7,28.06,85.23,6.7,170.86,Banana
32.68,26.76,37.29,30.63,54.04,5.91,66.66,Horse Gram
28.48,26.43,30.18,30.21,58.83,6.72,107.81,Red Gram
83.75,74.82,65.94,23.67,66.91,6.65,88.31,Tomato
35.2,34.09,41.35,21.03,53.44,7.48,58.98,Peas
44.52,29.62,24.11,23.45,60.53,6.7,106.86,Soybean
66.84,34.13,71.4,27.69,79.03,6.43,196.03,Litchi
41.3,36.44,29.5,23.66,49.6,6.53,65.54,Chickpea
95.28,56.44,108.56,19.83,66.05,6.76,165.3,Orange
72.5,37.16,92.65,22.43,67.31,6.77,63.88,Pomegranate
105.38,53.34,47.99,32.18,96.43,5.96,223.95,Rice
73.36,48.83,38.94,32.41,64.59,7.05,91.69,Okra
101.26,74.74,58.5,23.34,63.74,6.52,96.55,Tomato
47.58,31.6,26.79,13.9,50.02,7.03,57.4,Mustard
15.43,29.41,24.13,29.09,51.98,6.88,89.69,Sesame
31.03,41.28,31.37,23.65,40.91,6.03,88.04,Field Bean
81.56,41.71,38.99,28.71,53.13,6.52,92.29,Okra
93.98,67.96,82.4,30.25,82.32,4.99,229.6,Rubber
18.69,33.94,20.95,20.41,53.23,6.57,71.16,Rajma
113.71,81.52,85.42,26.34,66.09,6.18,203.73,Orange
124.57,49.21,42.35,24.55,89.4,4.95,209.13,Tea
33.76,21.78,27.97,29.07,62.86,6.58,104.1,Red Gram
73.49,52.96,60.6,28.44,80.34,6.32,62.45,Brinjal
84.26,46.99,76.89,24.24,81.93,5.16,115.13,Pineapple
69.26,56.02,59.65,19.94,64.75,7.08,54.7,Garlic
21.42,27.53,34.19,26.7,40.77,6.54,61.27,Horse Gram
111.38,72.73,80.4,30.45,82.06,4.74,225.56,Rubber
71.25,60.71,66.21,30.07,46.39,7.18,107.52,Guava
61.37,38.61,34.42,27.49,68.2,6.9,71.4,Castor
101.29,47.28,98.75,24.73,74.97,6.42,122.28,Papaya
103.17,49.77,54.81,17.05,74.2,6.54,63.25,Cabbage
40.93,28.99,39.8,18.95,45.86,6.71,64.06,Linseed
74.04,39.79,31.34,27.59,55.07,6.67,94.26,Maize
70.05,35.53,49.76,30.55,74.59,6.02,128.98,Cashew
68.23,58.04,85.61,23.49,62.01,6.8,133.17,Orange
64.35,37.44,45.71,35.45,71.71,6.45,70.59,Okra
64.48,47.0,76.55,12.6,60.24,5.89,88.54,Apple
79.08,73.89,50.34,31.64,75.2,6.04,63.37,Brinjal
55.17,29.53,31.87,24.47,51.07,6.85,42.06,Linseed
76.65,49.7,99.5,22.12,83.11,6.16,166.74,Litchi
78.84,41.72,23.7,33.64,69.88,6.18,81.84,Cucumber
36.83,28.2,27.39,31.86,58.95,6.1,80.29,Sesame
57.1,27.91,22.97,20.34,39.43,6.91,71.21,Sunflower
50.3,30.91,28.54,33.7,47.64,6.39,106.66,Kodo Millet
46.53,21.49,27.84,28.99,71.69,7.18,69.63,Black Gram
52.84,29.04,22.78,28.1,50.0,7.54,58.82,Foxtail Millet
84.23,53.43,91.57,26.45,63.02,6.58,86.3,Pomegranate
52.51,34.53,79.56,17.46,59.91,6.49,45.58,Carrot
86.89,54.5,99.64,26.8,58.09,6.24,144.76,Orange
100.65,61.91,71.56,30.68,82.01,6.0,270.81,Rubber
58.41,45.04,59.69,28.81,68.76,6.18,72.77,Cucumber
58.74,31.37,36.12,30.16,48.11,7.11,76.57,Sorghum
56.07,30.05,30.5,33.94,51.27,7.54,51.69,Pearl Millet
95.07,47.48,59.26,23.87,63.71,6.34,68.79,Cauliflower
52.12,25.09,28.71,26.82,52.43,6.7,72.51,Sunflower
79.23,58.48,70.38,28.57,77.05,6.87,82.31,Brinjal
122.17,47.67,52.12,22.2,85.29,5.25,206.27,Tea
44.4,32.67,38.24,26.5,64.25,6.0,79.15,Little Millet
88.98,38.37,71.5,26.48,71.32,5.94,107.78,Litchi
109.7,73.35,88.38,26.38,61.2,5.56,149.93,Orange
87.22,52.9,80.17,21.87,66.67,7.06,66.93,Pomegranate
72.7,26.84,71.15,27.75,61.39,6.56,60.46,Pumpkin
100.03,50.77,94.04,27.33,80.74,7.54,228.45,Coconut
32.24,31.6,31.83,31.03,56.89,6.73,51.86,Sesame
72.88,26.19,60.86,29.92,61.33,6.07,73.77,Pumpkin
115.83,66.19,70.95,26.58,76.26,6.95,81.12,Tomato
60.86,26.62,36.14,31.66,68.46,6.6,83.21,Groundnut
85.22,45.3,75.46,33.53,63.37,6.12,195.92,Litchi
40.93,35.89,29.42,26.1,53.94,6.66,84.13,Green Gram
89.19,30.1,28.04,20.1,53.37,7.1,52.26,Barley
84.2,49.94,99.59,34.3,79.07,5.92,186.33,Litchi
68.16,26.49,53.37,31.72,70.8,6.27,183.6,Cashew
84.4,30.54,73.96,23.74,55.76,6.83,27.78,Carrot
81.54,50.53,49.33,30.19,72.36,6.44,78.7,Brinjal
95.43,54.37,104.82,17.88,61.23,5.39,65.03,Potato
71.04,39.71,33.93,33.97,46.89,6.95,80.19,Sorghum
88.18,48.77,60.8,21.53,69.6,6.64,47.7,Cabbage
35.24,31.81,31.85,21.24,56.78,7.13,69.61,Safflower
87.74,39.55,107.29,21.78,72.85,6.05,49.75,Potato
80.64,41.97,73.37,22.16,82.09,5.91,180.77,Coffee
57.56,36.9,23.17,32.99,47.99,7.81,68.76,Pearl Millet
43.12,33.92,29.25,24.33,52.67,6.43,68.57,Safflower
42.45,30.3,33.78,25.57,63.05,6.18,92.89,Red Gram
51.91,36.59,27.65,23.88,65.25,6.05,117.35,Soybean
33.85,31.95,22.73,16.9,54.16,6.58,54.68,Peas
72.65,56.7,64.27,24.4,69.46,6.53,112.14,Guava
29.31,21.34,30.4,28.62,64.81,6.39,50.06,Black Gram
70.16,46.86,31.98,18.93,55.14,6.04,62.35,Wheat
63.0,27.01,29.76,31.29,62.77,6.61,47.47,Sorghum
61.89,28.7,47.49,15.98,68.22,5.98,53.54,Beetroot
105.8,46.75,93.94,21.56,85.15,6.07,227.14,Arecanut
57.41,39.31,70.58,25.45,70.79,5.97,190.47,Cashew
47.4,24.88,23.98,27.65,73.18,6.45,84.44,Soybean
72.27,21.0,52.86,14.07,54.59,5.93,49.78,Carrot
121.79,57.34,45.99,28.66,56.55,6.75,35.03,Chilli
45.7,31.88,26.6,26.57,68.88,6.21,97.51,Little Millet
75.55,35.31,64.84,28.44,72.41,6.15,57.92,Guava
103.28,68.32,87.08,31.62,84.45,5.34,237.16,Rubber
92.91,49.33,68.85,23.45,90.04,5.22,220.6,Tea
62.4,28.17,26.41,27.77,49.63,7.16,68.08,Castor
70.94,26.22,27.41,29.55,48.65,6.63,51.17,Groundnut
76.46,40.22,43.24,27.3,81.37,6.79,59.08,Okra
85.01,54.32,39.73,23.72,64.74,5.97,92.99,Maize
104.43,42.69,78.02,31.71,89.28,6.31,203.08,Coconut
31.74,37.63,31.21,30.82,63.5,6.39,117.43,Red Gram
96.5,51.64,100.59,31.98,84.06,5.89,277.66,Rubber
30.11,27.19,21.07,19.17,56.42,6.47,119.31,Rajma
44.38,35.19,34.04,31.97,48.42,7.14,63.75,Pearl Millet
58.63,26.48,39.14,22.62,50.81,6.69,49.35,Mustard
92.85,42.17,95.72,13.95,60.59,6.26,107.41,Apple
79.69,26.76,68.77,27.07,73.08,6.81,95.47,Pumpkin
101.3,55.55,88.89,30.43,62.78,6.29,138.9,Papaya
87.62,57.66,90.09,27.64,69.48,6.24,141.84,Orange
23.76,32.09,23.25,21.75,54.21,6.41,70.0,Peas
82.29,47.35,33.34,27.14,58.44,6.75,79.02,Maize
88.11,35.22,28.53,18.47,58.03,7.44,64.29,Wheat
87.83,32.9,95.31,11.69,59.24,5.94,152.07,Apple
80.09,50.62,49.83,28.67,53.11,6.85,82.42,Maize
57.82,30.94,56.88,29.24,71.77,6.58,188.19,Cashew
83.61,47.68,62.74,19.72,59.75,5.75,48.15,Garlic
87.24,58.35,75.93,25.78,70.03,6.52,97.87,Brinjal
105.16,59.67,98.01,31.91,81.49,5.43,286.97,Rubber
45.68,26.03,28.92,25.16,63.66,7.15,124.27,Soybean
46.78,29.11,31.2,29.82,65.42,6.44,61.13,Black Gram
32.6,21.37,28.05,19.93,48.54,6.39,96.73,Rajma
36.07,38.68,28.91,31.47,54.04,6.88,54.65,Sesame
79.19,45.12,99.31,21.68,82.59,4.88,107.89,Pineapple
91.22,40.4,31.09,23.9,67.78,6.4,113.0,Maize
67.55,25.2,82.8,22.55,59.36,6.83,64.17,Beetroot
55.02,28.54,35.32,23.22,74.58,6.64,98.11,Finger Millet
110.05,74.73,99.47,17.16,61.68,7.08,119.67,Orange
71.81,44.12,51.21,26.21,67.84,6.36,65.04,Cucumber
58.48,31.99,25.51,26.77,52.96,7.75,68.28,Foxtail Millet
39.31,25.97,25.96,30.7,53.24,6.3,75.07,Cowpea
68.23,50.55,64.59,24.09,49.86,7.18,45.46,Pomegranate
28.11,15.81,26.9,28.85,53.07,7.08,89.45,Cowpea
67.24,26.73,51.12,27.76,73.03,7.01,59.5,Bottle Gourd
63.01,40.47,67.51,23.08,59.71,6.24,52.48,Garlic
40.42,36.62,36.76,29.49,60.12,6.69,42.53,Foxtail Millet
27.11,32.61,36.05,16.35,43.99,6.8,66.89,Peas
79.71,40.87,43.98,27.61,61.95,6.77,114.87,Maize
94.98,52.84,95.38,27.03,70.25,6.11,165.48,Papaya
95.7,45.58,108.31,33.45,67.01,6.7,63.8,Grapes
30.87,21.24,28.79,22.96,51.03,7.09,75.09,Chickpea
77.99,45.67,88.67,24.3,79.95,5.76,181.05,Litchi
37.77,25.35,27.85,26.41,58.46,6.29,69.95,Sesame
46.4,23.94,32.72,26.74,63.42,6.63,109.37,Black Gram
98.26,31.66,27.58,17.65,58.83,6.85,78.38,Wheat
101.56,57.1,51.9,21.95,88.19,5.26,205.67,Tea
79.87,43.17,51.61,20.95,70.44,6.61,83.08,Cabbage
88.9,52.38,83.01,22.87,62.18,6.18,65.92,Chilli
82.6,42.19,70.89,31.92,67.59,6.61,201.88,Litchi
30.21,25.72,34.85,23.16,58.67,6.53,100.29,Niger Seed
70.38,44.64,26.57,29.39,69.39,6.71,93.06,Maize
74.55,44.97,46.54,29.29,71.03,6.25,79.14,Cucumber
83.07,53.4,88.64,24.12,70.17,5.7,144.86,Orange
71.34,39.26,66.5,21.31,65.35,6.43,43.46,Garlic
43.71,31.23,32.07,17.39,52.81,7.14,49.8,Lentil
82.29,40.13,83.41,32.91,81.82,5.84,209.2,Pineapple
32.11,27.07,17.09,27.0,51.04,6.91,76.83,Horse Gram
44.44,28.83,26.52,18.22,50.02,6.91,80.58,Linseed
116.54,60.62,90.84,29.42,70.82,6.77,141.33,Papaya
68.63,33.4,65.25,31.45,69.54,6.59,49.55,Bottle Gourd
25.01,41.87,30.46,27.69,50.52,6.56,72.57,Horse Gram
82.27,46.84,36.46,30.04,63.04,6.63,85.52,Okra
86.79,43.71,25.45,20.21,39.65,7.03,39.69,Barley
26.01,38.83,27.17,31.34,72.25,6.98,91.71,Black Gram
80.53,54.38,52.31,22.02,69.76,6.68,74.93,Cabbage
43.35,31.54,37.76,24.42,55.66,6.44,136.41,Red Gram
69.8,28.54,46.75,30.59,71.96,7.05,74.04,Pumpkin
25.45,32.23,34.75,24.43,50.51,6.16,52.13,Peas
40.7,32.57,31.23,21.64,55.59,6.84,78.66,Peas
90.75,44.92,45.8,28.93,75.9,6.71,73.97,Cucumber
44.2,27.79,25.45,27.56,64.94,6.7,108.8,Finger Millet
32.1,27.04,29.55,25.96,46.53,6.79,94.03,Field Bean
67.42,23.58,59.59,27.3,71.82,6.97,55.27,Bottle Gourd
114.4,39.21,96.04,28.86,68.66,6.53,158.71,Papaya
80.98,40.45,26.27,15.82,66.71,6.39,85.26,Wheat
62.45,27.71,28.16,33.03,65.7,6.72,59.0,Sorghum
37.67,25.43,32.63,27.16,64.55,6.6,95.59,Niger Seed
79.49,43.53,45.56,22.86,75.73,6.54,76.88,Okra
51.36,30.33,28.33,28.01,60.92,7.3,106.85,Finger Millet
33.28,34.33,33.99,25.51,65.18,6.66,114.54,Kodo Millet
101.84,64.32,74.2,28.61,84.86,5.67,241.05,Rubber
55.25,33.85,28.8,23.61,66.23,6.69,67.0,Radish
46.63,24.84,28.49,29.41,65.91,6.4,81.81,Black Gram
72.68,42.72,60.68,19.24,63.77,7.44,47.12,Garlic
103.98,61.44,78.89,30.13,71.03,6.17,111.71,Orange
41.36,33.87,19.26,25.87,64.28,5.61,149.0,Finger Millet
82.18,40.39,77.83,14.15,63.82,6.13,115.33,Apple
78.51,72.91,112.83,30.75,75.5,6.87,148.11,Papaya
96.08,51.86,91.36,25.61,72.8,6.67,219.46,Arecanut
44.26,27.45,22.91,27.6,67.81,7.52,92.14,Little Millet
84.4,47.63,57.9,20.25,75.08,6.45,57.41,Cauliflower
96.77,46.18,81.37,17.3,71.81,6.27,50.32,Potato
33.25,43.65,23.6,21.82,50.03,6.91,52.74,Chickpea
39.7,26.13,28.45,21.86,68.64,6.3,103.84,Rajma
124.13,71.62,112.96,15.59,67.26,6.25,123.14,Orange
30.05,27.8,31.34,32.1,69.07,7.03,64.22,Groundnut
62.89,24.18,27.71,30.95,35.86,7.28,56.17,Pearl Millet
95.94,58.65,56.2,25.6,75.38,4.93,230.72,Tea
39.48,29.28,29.37,29.45,62.19,6.7,104.76,Kodo Millet
37.64,22.33,34.37,17.25,59.89,6.21,60.4,Peas
67.0,43.06,56.28,18.4,66.1,6.87,70.88,Garlic
65.33,33.85,43.01,21.21,86.38,5.63,202.29,Coffee
58.94,39.53,28.33,12.42,50.3,6.52,51.07,Barley
90.23,75.03,68.34,26.04,65.63,6.91,85.82,Chilli
109.81,64.87,90.65,31.82,66.47,7.3,125.47,Mango
96.77,65.09,106.01,19.49,69.91,5.52,60.58,Potato
76.38,23.24,22.62,17.22,56.09,6.96,46.36,Mustard
99.48,72.64,49.21,27.46,74.4,6.61,87.98,Tomato
84.16,38.11,31.26,8.7,53.24,6.3,45.19,Barley
51.94,29.5,21.67,16.38,63.2,6.45,52.68,Radish
60.44,48.79,55.47,27.65,60.19,6.72,42.44,Onion
38.28,35.34,42.48,29.9,62.26,6.85,107.52,Green Gram
53.93,29.73,26.35,26.5,76.17,5.95,110.31,Red Gram
42.59,27.16,31.52,24.37,46.46,6.94,44.08,Safflower
65.46,35.95,47.6,20.29,54.09,5.74,44.11,Garlic
41.24,30.42,25.05,13.64,48.1,6.89,58.43,Linseed
42.54,27.36,29.04,29.7,59.9,7.15,71.94,Groundnut
63.67,44.6,51.26,22.02,64.28,6.46,40.71,Garlic
34.81,26.34,35.32,34.64,58.55,6.75,65.6,Green Gram
71.01,37.31,27.24,24.23,57.36,6.91,58.09,Sunflower
37.95,26.55,35.23,32.73,66.14,6.88,84.63,Groundnut
45.94,31.66,25.97,26.59,53.06,7.03,92.91,Soybean
42.75,37.11,22.84,31.21,50.54,7.2,82.8,Red Gram
47.24,35.68,55.37,18.16,59.2,6.75,78.95,Beetroot
32.63,25.56,29.18,27.95,57.71,6.43,71.64,Foxtail Millet
67.0,45.64,88.04,26.83,44.37,7.04,88.07,Pomegranate
30.14,35.38,28.12,23.79,55.21,6.8,90.56,Niger Seed
75.17,54.06,82.35,25.44,67.42,6.39,83.21,Pomegranate
50.73,16.3,30.81,27.72,57.16,5.87,59.91,Sesame
105.58,45.65,101.23,28.7,87.83,5.93,216.67,Coconut
94.64,60.75,88.64,20.1,66.38,5.52,71.81,Potato
79.61,41.58,75.92,24.65,56.24,6.58,43.42,Onion
68.39,27.37,22.41,15.78,48.71,7.16,80.54,Sunflower
66.13,34.3,32.9,33.03,70.43,6.29,79.28,Cucumber
71.98,69.23,46.17,23.31,70.72,6.74,99.34,Tomato
82.26,40.55,86.14,28.59,78.38,6.46,183.86,Pineapple
48.02,32.39,31.5,29.69,70.46,6.52,63.09,Bottle Gourd
44.06,27.44,27.35,25.16,75.78,6.78,113.78,Soybean
91.36,48.55,75.43,22.58,92.34,4.85,272.06,Tea
31.93,23.81,27.33,26.35,56.51,7.52,98.88,Red Gram
69.22,46.13,95.47,30.61,68.3,5.97,190.38,Litchi
77.92,52.35,80.85,16.54,80.86,6.42,55.43,Cabbage
86.49,55.72,66.71,23.09,82.08,5.53,195.28,Coffee
59.95,34.32,31.04,19.21,53.66,6.09,44.16,Radish
72.81,42.9,89.7,27.73,59.72,6.25,83.66,Pomegranate
90.09,58.5,100.57,15.32,71.95,6.06,139.47,Apple
47.37,26.17,30.7,21.58,70.24,7.05,110.85,Soybean
105.25,50.13,63.71,21.03,72.66,6.57,86.14,Cauliflower
30.56,21.42,35.36,30.44,56.03,6.15,56.11,Cowpea
115.36,49.15,51.24,27.17,83.09,6.36,214.13,Rice
73.83,57.05,33.36,25.03,67.15,6.48,90.41,Maize
56.78,26.94,29.91,28.13,46.05,7.25,33.53,Safflower
118.53,52.58,52.69,26.6,94.34,4.99,241.94,Tea
45.15,37.43,28.37,26.38,44.5,7.68,65.16,Chickpea
105.86,54.95,93.56,32.78,73.07,7.2,124.36,Papaya
89.52,64.47,108.15,22.4,68.36,6.21,62.91,Potato
104.81,77.06,98.09,27.8,63.97,6.63,128.9,Papaya
73.42,25.07,35.66,21.2,58.19,6.91,53.8,Mustard
56.72,29.21,40.47,21.89,48.3,6.64,35.29,Pearl Millet
86.43,60.22,68.94,29.69,87.22,5.37,215.3,Rubber
56.55,30.39,36.47,30.12,53.86,6.6,80.55,Groundnut
83.13,47.4,106.26,26.15,98.55,6.72,179.58,Coconut
103.46,50.82,58.29,19.13,71.03,6.54,61.78,Cauliflower
50.33,36.39,35.85,31.1,55.74,7.07,89.75,Foxtail Millet
90.79,54.85,79.27,12.0,67.15,6.21,109.5,Apple
57.78,47.44,52.0,32.3,51.01,7.58,83.78,Pomegranate
79.64,29.9,65.15,21.48,73.46,5.16,108.02,Coffee
79.44,28.08,53.53,27.56,71.43,6.89,93.82,Cucumber
29.0,27.4,25.76,33.34,52.84,6.44,82.88,Sesame
81.67,56.12,98.55,33.44,67.21,6.95,171.16,Papaya
101.63,69.65,85.82,20.4,79.41,5.03,34.98,Potato
95.25,55.54,62.1,23.43,80.6,4.59,237.8,Tea
60.71,31.94,31.37,24.73,47.4,6.8,61.02,Sunflower
53.24,30.04,27.8,34.14,36.75,7.19,43.45,Sorghum
85.22,41.38,75.4,12.5,57.94,6.27,104.37,Apple
76.21,37.95,55.66,25.12,83.36,5.85,197.5,Coffee
81.27,44.9,60.36,16.5,68.74,6.4,102.62,Cauliflower
90.02,42.79,68.9,29.6,84.65,5.82,128.14,Pineapple
36.1,29.9,34.45,25.31,53.81,6.95,125.15,Field Bean
83.87,37.98,107.53,25.69,62.91,6.29,105.31,Guava
84.07,46.41,57.16,22.92,74.48,6.83,48.72,Tomato
36.83,26.03,26.83,18.86,48.81,6.62,51.31,Lentil
77.47,34.55,22.89,18.29,57.83,7.12,66.53,Barley
77.37,54.28,76.11,10.11,68.16,5.99,82.63,Apple
34.6,29.24,24.05,29.78,48.46,7.27,51.07,Horse Gram
32.16,34.92,33.23,17.86,42.24,7.06,41.47,Lentil
78.31,41.82,73.21,20.87,61.28,6.46,50.73,Garlic
44.53,22.0,26.07,28.68,45.23,6.29,80.62,Foxtail Millet
80.99,46.13,79.2,19.1,62.06,5.7,173.43,Orange
92.86,63.35,93.7,23.74,51.43,6.85,53.54,Grapes
61.93,26.5,56.88,30.32,68.09,6.97,91.36,Pumpkin
72.76,46.56,79.78,7.89,60.48,5.73,111.96,Apple
71.05,32.41,27.2,17.05,62.05,7.07,34.83,Barley
43.48,17.07,27.88,27.07,55.58,7.05,80.06,Little Millet
65.46,28.61,35.61,26.26,62.79,6.62,95.25,Sunflower
84.58,47.89,93.44,30.15,59.35,6.34,206.05,Litchi
38.54,16.37,26.78,31.2,52.23,6.88,114.32,Red Gram
84.26,70.39,48.65,21.74,61.32,6.55,83.43,Chilli
85.22,50.54,58.96,23.08,58.79,6.13,60.44,Onion
105.62,38.55,70.02,17.68,60.6,6.3,107.82,Cabbage
55.19,39.14,51.79,28.61,64.75,7.14,61.54,Pumpkin
57.22,25.77,31.95,27.54,51.64,7.59,68.77,Foxtail Millet
150.04,69.58,141.86,31.14,74.93,6.83,183.25,Banana
63.05,32.68,54.78,30.51,68.42,6.19,65.63,Bottle Gourd
51.89,23.03,35.68,28.33,49.41,6.84,69.17,Kodo Millet
62.19,28.84,67.53,26.33,67.23,6.87,206.77,Cashew
27.65,29.32,30.27,30.74,52.25,6.61,73.53,Sesame
40.25,24.09,29.46,20.39,42.86,6.75,31.16,Safflower
72.16,52.41,41.46,29.42,73.96,6.39,111.65,Brinjal
48.5,24.6,37.76,25.94,60.86,6.04,96.26,Little Millet
70.65,42.62,66.43,30.17,69.79,7.19,129.29,Guava
62.06,38.38,92.85,29.13,59.27,6.73,123.17,Guava
60.23,34.26,34.14,33.35,47.98,6.69,68.61,Sorghum
104.22,42.32,61.68,24.41,78.25,5.38,219.82,Coffee
48.62,32.44,21.91,25.46,42.83,6.05,116.79,Red Gram
43.47,22.95,33.15,25.15,47.97,6.8,82.69,Little Millet
113.77,66.42,94.63,30.43,77.96,6.69,246.5,Rubber
91.25,48.48,93.83,25.96,64.05,6.51,82.9,Grapes
70.67,58.8,24.39,29.03,63.8,5.84,98.56,Maize
87.83,48.27,93.65,15.76,66.97,5.31,51.88,Potato
51.05,37.03,29.9,28.6,72.89,7.47,128.97,Soybean
91.85,52.99,106.77,28.61,72.05,6.44,73.7,Papaya
97.5,49.03,101.32,20.3,76.62,6.0,39.24,Potato
39.17,27.13,18.84,29.92,51.05,6.85,88.22,Field Bean
28.0,27.26,23.21,28.15,62.83,6.64,50.83,Green Gram
67.57,34.93,40.22,26.85,69.46,7.11,63.41,Okra
50.09,24.34,35.28,20.06,49.08,6.03,54.15,Linseed
111.97,68.89,63.86,23.59,66.61,6.52,80.09,Tomato
47.3,27.46,50.65,30.4,75.98,7.09,68.72,Bottle Gourd
24.1,25.98,21.64,30.08,68.96,6.59,101.09,Black Gram
42.84,28.13,23.07,33.6,38.74,7.4,82.67,Sorghum
71.83,48.47,59.03,25.81,71.61,6.57,69.76,Cauliflower
41.21,28.81,24.85,32.74,57.78,6.76,65.02,Cowpea
75.71,44.19,43.04,27.6,79.97,6.68,57.42,Okra
53.64,29.95,31.44,24.5,49.89,6.55,72.99,Linseed
89.13,45.04,81.7,18.49,79.05,5.17,249.7,Coffee
89.94,50.7,58.09,23.3,62.62,6.44,52.4,Onion
36.2,30.71,33.1,33.5,56.7,6.42,69.95,Groundnut
69.53,33.01,39.85,24.29,53.52,7.6,85.56,Okra
22.16,22.47,28.01,22.98,46.64,6.23,88.95,Horse Gram
39.17,27.87,28.04,27.93,47.04,5.65,88.88,Foxtail Millet
52.67,26.93,30.53,27.44,65.17,5.8,67.22,Niger Seed
37.63,26.55,30.33,30.45,65.75,6.15,92.73,Green Gram
43.78,28.24,20.56,25.16,44.09,6.71,91.92,Foxtail Millet
65.53,24.62,26.92,28.14,44.04,7.27,63.61,Sorghum
99.29,65.56,80.5,32.54,89.58,5.9,266.64,Rubber
61.13,35.1,24.62,24.38,49.18,6.81,109.97,Castor
55.82,23.26,26.65,30.07,51.57,5.46,75.86,Kodo Millet
62.63,27.77,34.52,23.96,48.19,6.56,92.97,Castor
89.77,50.2,98.76,34.79,54.71,7.07,86.11,Pomegranate
93.98,50.6,88.94,28.91,76.73,7.34,262.05,Coconut
79.84,45.32,83.39,24.9,85.75,5.65,271.33,Pineapple
44.2,32.56,27.3,20.93,38.23,6.79,69.63,Linseed
39.8,16.35,35.32,22.95,45.99,6.6,43.42,Lentil
103.37,46.91,54.29,17.19,71.49,4.96,245.61,Tea
71.45,57.57,61.02,20.26,51.59,6.35,102.99,Apple
61.67,27.78,35.13,15.12,42.25,6.94,48.66,Mustard
72.15,35.71,58.74,20.74,59.61,6.96,57.24,Carrot
25.24,38.71,26.64,18.94,55.6,6.31,92.99,Rajma
31.74,37.29,26.44,25.86,54.39,7.06,73.98,Horse Gram
102.33,55.45,42.18,28.67,81.23,7.1,201.9,Rice
61.27,23.91,31.7,25.71,62.7,6.98,52.23,Sunflower
61.45,36.03,34.55,31.98,70.09,6.28,91.98,Cucumber
78.47,58.68,64.34,21.13,63.76,7.3,40.42,Garlic
18.97,18.57,26.81,23.46,61.35,6.38,112.57,Niger Seed
42.7,25.62,34.31,24.64,60.75,7.1,64.15,Safflower
56.64,28.94,29.18,19.21,58.61,6.96,40.43,Radish
84.16,47.77,114.3,24.86,71.41,6.46,171.94,Orange
56.53,23.5,71.5,19.33,67.63,6.07,55.67,Beetroot
73.5,42.39,77.3,22.99,68.82,6.44,148.16,Guava
69.66,31.7,32.27,35.59,62.53,7.87,54.11,Sorghum
51.4,28.67,30.04,22.75,64.19,6.73,58.7,Radish
48.77,24.62,26.76,30.07,65.84,6.78,76.2,Groundnut
51.61,28.72,32.23,15.33,37.28,6.77,36.51,Lentil
76.74,51.28,70.68,7.3,78.09,6.37,100.74,Apple
64.8,28.49,56.38,30.82,74.5,6.49,92.79,Pumpkin
44.59,34.74,30.74,30.48,54.19,6.87,90.85,Foxtail Millet
89.16,40.16,68.68,8.81,63.1,6.49,128.86,Apple
68.42,30.38,34.69,27.37,49.4,7.21,85.66,Castor
23.56,22.29,23.42,30.13,49.13,6.35,55.71,Horse Gram
79.36,42.05,82.19,24.71,70.39,6.25,100.46,Guava
79.42,48.86,22.09,22.25,54.85,7.03,77.96,Barley
30.25,27.45,22.57,30.42,45.89,7.29,81.82,Red Gram
65.68,33.23,44.27,29.98,68.39,5.88,161.73,Cashew
138.07,59.06,108.48,27.17,79.11,7.91,182.34,Banana
66.46,44.75,54.83,25.56,75.67,6.29,174.61,Coffee
98.99,63.99,92.5,32.14,66.48,5.81,162.37,Mango
45.25,35.28,42.63,29.33,71.71,6.09,271.63,Cashew
98.91,30.44,25.96,15.45,53.09,6.97,65.46,Barley
45.26,28.7,35.06,24.49,55.45,7.32,93.69,Kodo Millet
89.42,48.01,89.3,28.56,69.76,7.01,97.01,Guava
79.69,27.51,47.83,20.66,76.57,6.65,163.75,Coffee
38.59,29.83,32.29,27.82,75.82,7.12,76.68,Black Gram
51.65,30.92,39.64,23.97,59.77,6.63,110.65,Little Millet
66.8,40.02,87.21,32.18,60.6,6.26,156.91,Guava
71.5,47.53,86.97,16.94,70.93,5.91,112.21,Apple
37.47,30.22,31.65,24.7,50.81,6.95,46.9,Green Gram
37.46,29.14,40.56,18.87,55.92,6.67,33.12,Rajma
118.55,60.7,85.86,30.85,89.76,5.82,321.11,Rubber
47.82,24.95,25.76,30.83,62.52,7.59,76.43,Finger Millet
37.98,30.39,21.2,13.68,52.84,6.38,63.41,Peas
80.09,31.7,33.83,16.87,58.53,6.97,62.93,Barley
22.05,30.95,28.83,28.04,73.0,6.26,93.77,Cowpea
62.43,27.27,55.52,27.74,69.15,6.33,94.88,Pumpkin
47.93,29.72,27.87,31.04,60.53,6.53,59.19,Kodo Millet
80.95,43.85,73.21,35.11,80.69,6.35,190.92,Litchi
40.76,39.36,31.8,30.68,52.85,7.54,72.63,Castor
86.62,58.68,98.77,28.53,79.35,6.53,127.09,Papaya
58.02,30.72,30.65,27.89,62.23,6.77,116.55,Finger Millet
16.92,31.06,18.21,19.52,52.54,6.64,65.92,Peas
104.41,64.18,99.48,25.52,70.38,5.97,52.15,Potato
84.75,38.97,76.27,19.01,76.45,6.83,56.7,Cauliflower
84.29,42.38,62.18,19.65,58.29,6.69,69.61,Chilli
92.6,35.48,39.77,28.25,71.8,6.32,91.76,Cucumber
63.16,34.5,68.87,30.83,60.61,6.13,176.21,Cashew
71.64,41.47,90.81,24.95,61.96,6.86,66.69,Pomegranate
80.92,47.17,78.03,21.12,68.03,6.76,106.05,Apple
86.09,45.57,103.93,32.1,56.76,6.26,75.06,Grapes
90.44,38.6,36.45,23.13,52.65,6.51,65.26,Wheat
65.94,52.1,48.89,30.61,70.74,5.71,82.76,Brinjal
43.78,34.31,26.74,25.84,58.74,6.76,55.5,Rajma
126.14,50.19,103.25,24.42,67.9,6.69,185.07,Mango
50.81,32.2,25.14,20.48,58.5,6.69,66.54,Mustard
71.42,52.0,76.02,25.18,53.53,6.52,62.26,Pomegranate
90.54,57.03,96.57,32.57,82.66,4.6,218.87,Coconut
105.0,39.67,108.64,28.16,60.22,6.78,106.95,Mango
64.93,23.33,38.69,26.75,64.34,6.86,71.69,Castor
32.82,28.86,17.88,28.58,44.07,7.25,78.13,Field Bean
25.62,29.77,30.64,29.25,45.78,6.16,79.12,Horse Gram
25.84,34.79,27.28,29.01,60.6,6.68,84.14,Niger Seed
27.46,29.08,31.22,28.52,61.93,7.24,86.05,Field Bean
27.4,25.48,30.57,30.14,69.44,5.82,87.73,Cowpea
47.58,35.33,29.18,29.68,61.86,6.87,63.37,Groundnut
72.05,48.75,90.92,27.12,87.41,4.8,229.68,Pineapple
35.57,33.6,35.78,18.99,53.8,5.85,101.1,Rajma
82.21,54.98,83.38,11.38,54.25,6.4,119.47,Apple
41.03,29.25,19.4,28.22,68.94,6.76,63.34,Black Gram
52.86,34.84,51.6,18.29,62.36,6.32,44.9,Carrot
46.27,38.61,36.12,24.6,44.15,7.01,52.19,Lentil
39.12,27.91,31.98,22.45,61.06,6.52,91.45,Niger Seed
89.53,55.87,70.27,20.26,66.66,6.4,50.14,Cabbage
110.34,38.84,61.42,18.34,69.32,6.39,78.24,Cabbage
67.69,38.11,60.84,22.42,80.43,5.78,201.16,Coffee
44.15,34.4,27.13,30.97,64.49,7.33,99.59,Black Gram
106.2,44.78,104.1,27.74,51.74,5.77,201.48,Mango
117.29,51.48,54.54,29.39,81.84,5.94,268.46,Rice
83.08,51.84,87.83,23.17,75.26,6.37,251.97,Arecanut
45.71,34.53,23.07,18.97,48.3,7.44,55.44,Lentil
33.42,23.14,24.86,32.7,49.54,7.15,71.05,Red Gram
105.35,48.94,99.08,27.79,59.02,7.04,88.9,Grapes
101.77,76.56,99.42,33.06,67.16,6.14,240.86,Mango
64.35,36.1,44.55,20.4,63.68,6.88,65.28,Okra
69.46,21.19,32.58,25.66,55.66,6.92,51.23,Sunflower
62.58,32.98,30.23,24.59,65.75,7.2,90.54,Soybean
44.84,36.44,33.31,24.73,65.93,6.8,67.65,Little Millet
27.02,30.43,33.16,22.2,43.45,7.13,39.93,Lentil
56.56,46.62,49.9,31.06,72.4,6.97,60.83,Okra
51.89,22.23,22.99,27.55,60.98,6.17,76.9,Finger Millet
51.97,23.83,23.22,18.4,57.03,6.47,79.04,Rajma
36.49,28.92,29.57,20.77,44.41,6.31,53.72,Lentil
83.14,56.26,93.32,28.9,72.7,5.94,149.52,Papaya
71.03,33.84,58.47,14.48,60.16,7.7,39.17,Beetroot
81.34,46.39,52.43,26.91,65.58,6.41,72.44,Cucumber
79.34,46.42,90.59,27.64,60.8,6.64,61.64,Pomegranate
37.05,30.98,32.11,23.73,61.5,6.39,108.37,Soybean
76.63,58.01,66.63,29.62,52.4,6.6,84.16,Chilli
54.99,26.63,57.1,19.92,62.34,7.38,54.74,Beetroot
114.46,52.24,58.0,30.43,73.12,5.54,309.05,Rubber
76.3,49.25,36.91,27.49,68.36,6.14,106.63,Maize
49.03,27.86,29.92,19.05,57.74,6.58,53.28,Radish
104.34,42.59,49.93,24.49,75.12,6.24,195.73,Rice
38.86,23.38,30.21,27.39,53.48,5.64,82.29,Little Millet
32.19,29.53,26.15,25.1,55.39,6.41,78.58,Niger Seed
94.11,66.59,101.66,24.85,58.39,6.67,183.38,Orange
51.21,27.69,29.83,25.39,56.25,6.67,66.09,Kodo Millet
101.91,46.9,52.16,21.72,70.96,6.0,65.35,Cabbage
45.76,32.97,31.04,23.78,52.5,7.28,75.7,Groundnut
59.48,46.97,64.76,23.05,61.05,6.61,60.84,Onion
48.33,32.6,31.24,20.9,44.93,7.7,48.8,Chickpea
106.98,56.56,89.95,19.21,62.52,5.54,60.95,Potato
26.08,29.73,37.22,24.8,67.71,5.09,69.68,Niger Seed
63.54,14.87,66.17,27.28,65.73,6.51,55.4,Bottle Gourd
67.47,19.63,58.69,21.06,51.12,7.47,47.86,Beetroot
83.47,50.21,66.63,19.25,72.04,6.28,76.5,Cabbage
71.18,49.08,57.92,23.6,62.07,7.28,63.41,Garlic
87.13,49.2,51.83,30.74,84.31,5.9,187.71,Rice
73.2,35.96,83.14,25.07,63.84,6.53,108.32,Guava
96.4,50.38,53.49,26.33,82.95,5.02,191.71,Tea
72.32,43.23,49.77,29.31,67.52,7.1,99.48,Brinjal
59.13,26.62,28.29,26.5,59.26,6.4,89.68,Castor
85.53,50.69,46.09,29.65,87.78,6.3,203.19,Rice
105.27,73.13,97.11,23.11,66.49,6.19,146.49,Orange
84.75,68.34,46.42,26.03,75.18,6.28,70.72,Tomato
48.96,31.72,32.45,27.46,57.03,6.01,94.07,Little Millet
98.51,74.91,102.67,19.44,72.8,5.61,52.3,Potato
55.33,31.86,20.7,24.51,57.73,5.96,87.47,Kodo Millet
61.06,78.09,66.46,23.59,82.05,6.61,85.44,Tomato
93.04,58.14,44.3,25.29,82.68,5.72,242.87,Rice
62.07,27.86,32.64,25.25,56.13,5.78,85.09,Sunflower
88.44,47.97,75.17,24.28,53.24,6.43,70.53,Chilli
109.9,44.24,70.46,26.84,79.87,6.22,210.55,Arecanut
53.78,33.4,22.18,26.36,58.11,6.13,64.07,Kodo Millet
106.27,58.33,114.35,19.36,72.16,5.42,63.23,Potato
31.14,24.44,34.89,29.15,54.08,6.71,76.02,Sesame
55.69,35.37,28.27,25.68,63.59,6.67,77.75,Little Millet
32.67,39.14,29.99,19.78,59.43,6.1,109.95,Rajma
47.44,34.39,35.94,23.89,46.77,6.59,112.43,Little Millet
46.68,31.04,23.93,21.17,47.22,6.42,100.11,Rajma
131.79,76.3,127.99,30.32,81.2,7.08,188.66,Banana
47.38,23.41,32.33,20.81,34.57,7.12,38.52,Safflower
103.61,45.18,111.26,26.1,81.48,5.83,275.86,Coconut
88.47,32.05,86.03,26.25,70.98,7.06,93.53,Guava
38.08,31.45,39.31,25.91,53.45,6.39,72.33,Groundnut
38.66,23.28,30.44,17.6,54.3,7.47,62.01,Linseed
42.2,31.41,50.52,22.23,60.4,6.82,56.6,Carrot
102.59,46.1,77.38,21.21,69.93,6.77,54.56,Potato
48.21,18.88,32.54,26.86,61.57,6.92,100.35,Soybean
26.25,27.42,23.39,21.18,68.61,6.64,98.54,Field Bean
130.48,54.3,61.34,31.75,68.04,6.11,94.08,Brinjal
28.51,31.98,33.79,29.71,71.94,6.56,64.57,Sesame
91.68,72.9,95.34,24.59,76.96,6.48,127.07,Orange
97.73,28.36,24.57,9.83,60.8,6.65,75.93,Wheat
84.07,58.9,50.63,22.85,78.19,6.18,206.61,Coffee
100.52,49.1,88.85,32.65,70.0,6.34,270.47,Arecanut
42.34,35.79,39.37,25.45,57.66,7.38,102.33,Foxtail Millet
38.18,34.52,25.65,32.55,73.45,6.43,61.95,Black Gram
32.78,28.66,20.25,16.34,54.86,6.77,54.4,Peas
45.98,22.85,58.7,19.78,71.55,6.83,63.18,Carrot
45.84,13.52,37.01,10.7,51.24,6.59,62.27,Peas
45.56,37.32,32.11,18.14,53.67,7.02,62.74,Radish
71.14,40.1,69.17,22.97,77.45,5.27,198.87,Coffee
111.33,55.99,48.99,20.79,68.24,6.73,91.43,Cauliflower
90.98,32.39,24.15,17.13,55.14,7.02,54.16,Wheat
56.0,26.76,35.85,29.67,53.06,6.64,60.77,Sorghum
87.46,53.32,24.41,27.48,59.88,6.7,127.36,Maize
60.07,37.0,26.71,25.25,64.09,5.78,106.76,Finger Millet
40.34,32.45,28.41,31.67,54.24,6.96,46.52,Green Gram
107.18,48.02,31.73,19.72,62.21,6.36,80.2,Cabbage
107.88,59.63,81.47,30.25,70.09,6.43,82.46,Papaya
78.67,39.38,34.7,28.39,71.95,7.4,106.06,Maize
61.94,30.79,28.58,33.53,45.18,6.52,51.17,Pearl Millet
78.62,53.13,69.71,23.35,78.19,5.86,77.57,Brinjal
74.23,40.29,86.24,24.77,77.43,5.76,175.67,Litchi
79.58,53.44,79.98,27.61,87.36,6.92,209.71,Litchi
47.37,28.64,31.43,22.7,53.45,7.19,37.22,Safflower
66.16,53.92,35.71,22.7,84.79,5.41,220.34,Coffee
92.06,64.49,72.05,27.11,69.9,5.84,98.39,Mango
79.31,53.53,37.3,31.28,72.5,6.47,76.34,Cucumber
62.11,42.72,57.36,30.61,80.29,5.35,111.71,Brinjal
81.93,51.33,60.69,23.73,77.5,5.38,221.68,Coffee
97.71,51.46,80.21,30.11,73.5,6.06,140.65,Arecanut
66.44,38.81,49.77,22.89,81.73,6.99,72.33,Cucumber
37.36,23.97,32.99,16.69,43.0,7.22,52.22,Safflower
86.29,54.46,67.45,13.8,65.37,6.44,56.42,Cauliflower
86.05,43.23,103.51,35.45,57.51,6.81,70.9,Grapes
97.21,61.24,68.19,23.99,74.47,6.36,72.65,Tomato
66.18,33.97,44.57,24.06,67.67,6.56,72.22,Bottle Gourd
51.75,29.21,32.81,31.74,71.51,6.62,78.56,Black Gram
72.91,43.47,67.74,16.39,61.05,6.69,54.49,Garlic
54.85,29.7,24.99,24.42,45.48,6.3,74.3,Chickpea
90.03,81.19,53.9,28.34,60.7,6.85,96.83,Tomato
98.5,65.49,89.79,25.8,62.81,6.66,142.98,Papaya
28.08,26.76,27.81,29.59,61.44,6.57,67.04,Cowpea
90.56,38.04,18.82,13.66,63.07,6.66,78.21,Wheat
42.4,35.27,25.76,25.76,57.27,6.37,49.31,Sunflower
82.73,55.41,94.75,20.61,72.08,5.56,61.4,Potato
61.64,16.06,28.84,19.42,57.03,6.04,54.98,Mustard
59.28,34.42,29.84,19.42,54.96,6.4,62.88,Mustard
93.45,59.78,110.49,21.34,62.57,5.82,82.32,Orange
98.63,53.99,36.99,37.26,81.65,6.47,87.75,Cucumber
23.89,34.47,30.19,27.53,44.06,7.2,97.71,Green Gram
58.34,27.5,26.82,27.51,46.04,6.5,93.47,Little Millet
24.54,30.69,24.86,11.56,51.52,6.62,50.74,Lentil
84.31,44.52,83.26,33.98,59.82,7.41,99.7,Guava
48.07,26.63,26.11,23.54,45.26,6.38,53.86,Safflower
56.17,35.08,33.98,18.66,47.43,6.73,54.4,Linseed
88.65,65.53,81.72,32.3,62.14,6.76,79.64,Orange
72.17,44.32,69.31,10.79,56.23,6.56,133.28,Apple
73.02,44.83,39.12,25.68,81.7,6.67,57.47,Cucumber
35.23,32.01,31.55,21.45,44.48,6.0,110.33,Soybean
105.0,50.16,82.18,26.25,71.51,6.51,66.47,Cauliflower
89.93,48.15,62.43,22.67,54.95,6.67,94.04,Chilli
36.68,31.44,24.23,23.24,59.12,5.96,123.27,Little Millet
95.77,47.64,54.76,34.33,80.03,6.09,182.37,Rice
92.18,63.69,84.9,22.43,55.4,5.48,115.44,Orange
88.63,62.3,68.35,18.6,65.88,6.65,75.8,Cabbage
28.81,32.91,21.97,30.34,43.14,7.5,74.98,Sorghum
32.67,33.28,28.5,29.64,52.32,6.3,62.48,Cowpea
61.27,32.36,38.88,23.26,52.92,6.35,75.64,Okra
48.46,37.48,36.39,19.7,62.99,6.4,58.85,Radish
72.92,57.63,85.11,13.17,63.27,5.58,77.21,Apple
35.16,27.29,23.71,27.0,53.53,6.16,110.57,Foxtail Millet
85.6,53.34,108.4,31.18,80.96,6.95,217.54,Coconut
97.71,47.54,51.47,26.75,75.28,5.45,88.75,Brinjal
72.8,36.97,51.46,23.91,84.36,5.62,187.88,Coffee
43.46,33.18,33.78,15.48,48.62,7.13,35.7,Safflower
29.1,29.6,32.06,23.43,59.51,6.51,105.05,Niger Seed
64.99,36.84,63.29,23.42,63.86,6.03,45.13,Beetroot
99.33,54.54,57.48,27.73,79.26,5.29,225.5,Tea
74.7,34.77,27.17,36.79,42.63,7.51,47.76,Pearl Millet
90.43,53.49,86.13,20.22,64.23,6.19,216.82,Orange
34.31,39.66,29.36,31.53,79.77,6.0,83.85,Black Gram
96.24,57.57,54.34,30.3,71.68,6.99,82.57,Brinjal
93.13,52.89,56.31,29.64,73.24,6.78,73.98,Brinjal
90.44,53.16,74.64,27.9,75.66,5.14,225.57,Pineapple
128.45,50.05,68.66,20.95,74.72,6.23,67.08,Cauliflower
53.89,29.94,31.13,19.58,39.29,6.6,58.84,Lentil
30.67,32.58,31.81,29.63,54.26,6.64,67.39,Kodo Millet
20.58,22.07,32.29,26.98,42.68,6.17,134.22,Red Gram
34.58,33.89,20.34,26.23,64.64,6.58,99.57,Niger Seed
48.2,26.61,22.57,23.78,56.55,6.32,105.71,Finger Millet
66.69,30.87,29.5,26.82,72.7,6.91,85.58,Sunflower
45.92,39.28,19.21,23.72,54.19,6.89,100.43,Little Millet
94.23,67.25,90.44,22.35,68.12,5.66,63.72,Potato
124.52,69.69,88.73,24.63,51.01,6.77,142.55,Orange
96.25,50.46,82.89,30.84,59.65,7.33,78.85,Grapes
48.79,24.42,34.51,27.64,67.16,6.64,97.06,Groundnut
56.49,39.01,57.86,29.02,68.88,6.87,97.3,Pumpkin
31.16,25.28,34.76,22.25,50.71,7.24,73.66,Field Bean
105.15,68.82,108.12,21.79,70.5,6.64,154.77,Papaya
25.68,34.95,32.68,20.35,51.68,6.63,55.75,Lentil
100.72,52.0,107.09,27.85,73.94,5.22,255.8,Coconut
31.43,27.82,32.0,28.59,57.38,6.91,96.1,Field Bean
92.85,45.53,112.88,34.04,71.36,6.22,80.63,Grapes
39.76,32.2,30.03,29.84,65.47,6.24,54.52,Kodo Millet
89.16,62.31,66.33,26.32,81.94,7.08,92.18,Brinjal
44.84,25.45,30.68,18.35,48.66,7.16,69.8,Lentil
64.94,27.22,29.84,32.64,35.42,7.15,75.68,Sorghum
93.19,49.25,95.43,32.88,84.62,6.02,236.49,Coconut
31.47,29.0,29.63,14.17,61.88,6.08,75.26,Peas
45.04,34.34,24.15,24.0,63.05,6.35,87.68,Niger Seed
77.11,47.37,39.11,20.65,66.31,6.81,37.0,Garlic
51.84,40.79,25.71,28.66,50.71,5.67,59.95,Sorghum
81.09,48.75,60.34,27.13,54.54,6.5,64.55,Onion
54.15,26.87,62.43,18.18,58.47,6.5,51.5,Beetroot
80.94,45.35,89.24,21.42,64.07,6.1,126.58,Apple
48.17,31.39,26.17,26.41,60.4,6.19,76.06,Little Millet
81.08,37.38,70.14,25.71,55.3,6.21,104.73,Apple
105.93,42.43,27.08,16.09,54.46,6.3,58.81,Wheat
69.8,44.41,21.44,19.95,78.12,5.53,132.6,Maize
40.01,32.45,34.91,31.36,63.55,6.42,89.32,Field Bean
59.03,30.63,23.11,29.33,56.64,6.06,64.39,Sunflower
58.12,26.57,29.83,30.31,56.78,5.94,69.38,Groundnut
101.57,63.06,75.24,27.64,79.33,6.1,80.52,Brinjal
78.11,46.38,82.14,27.05,56.08,6.39,57.01,Onion
46.33,30.13,30.82,24.02,51.83,6.86,67.97,Lentil
61.57,37.49,54.95,31.7,68.14,6.54,75.78,Okra
123.09,57.94,113.54,32.09,68.5,6.5,205.34,Banana
108.58,51.01,47.39,31.5,86.56,6.39,211.1,Rice
86.17,37.04,74.47,28.35,54.89,7.01,80.52,Pomegranate
48.51,27.27,59.69,25.74,73.3,6.38,182.98,Cashew
107.27,34.36,84.01,28.97,81.81,6.15,293.17,Arecanut
78.93,47.67,79.87,27.31,81.77,5.6,113.73,Pineapple
53.8,36.98,29.96,22.4,39.48,6.31,49.91,Linseed
41.26,32.05,29.02,21.75,67.52,6.61,92.12,Soybean
70.1,37.64,26.33,34.02,52.74,7.17,31.58,Pearl Millet
99.83,45.08,92.4,27.31,89.14,5.98,192.12,Coconut
29.98,37.91,27.5,9.39,58.24,7.15,54.52,Peas
46.53,35.8,32.75,26.9,72.57,6.1,128.1,Soybean
102.2,43.71,93.94,30.26,96.15,6.76,167.61,Litchi
71.62,51.1,57.21,24.02,79.53,6.57,118.26,Coffee
72.98,62.68,62.52,25.11,55.62,7.24,76.27,Chilli
36.55,25.65,28.54,16.22,45.37,6.63,64.39,Linseed
59.11,67.56,61.56,24.09,69.22,6.35,69.94,Tomato
124.17,66.9,127.29,27.85,82.79,6.44,168.22,Banana
24.39,25.91,34.14,32.21,69.26,5.98,85.53,Cowpea
59.35,24.39,22.52,32.43,50.25,6.74,79.44,Green Gram
65.5,38.06,27.37,26.35,58.88,6.25,55.12,Radish
78.92,47.13,83.15,23.58,76.45,4.82,181.04,Tea
22.02,28.53,28.94,24.31,43.46,6.5,71.26,Chickpea
103.24,62.99,115.26,33.44,70.88,6.55,131.13,Papaya
97.46,50.3,57.47,21.08,77.5,5.42,198.13,Tea
42.95,31.79,29.56,25.45,42.33,6.74,94.07,Field Bean
60.48,42.53,61.24,23.58,81.25,5.89,207.37,Coffee
45.12,30.43,29.66,26.64,38.75,6.28,64.7,Foxtail Millet
98.07,42.04,86.33,26.23,56.38,6.99,69.21,Grapes
39.71,23.58,36.53,27.89,49.29,5.91,75.22,Castor
47.73,26.13,27.86,24.81,50.63,6.62,65.65,Safflower
35.69,30.5,31.96,26.1,57.52,7.47,85.5,Niger Seed
111.08,38.29,94.62,31.86,57.76,6.14,60.74,Grapes
95.39,62.24,50.55,26.04,63.8,6.54,98.28,Tomato
106.68,56.04,78.77,32.86,83.76,5.29,175.04,Tea
55.21,46.12,58.03,20.56,59.65,6.31,43.48,Garlic
99.26,56.56,95.45,29.35,90.81,7.23,218.02,Coconut
109.55,50.06,98.64,29.62,86.41,7.03,202.53,Coconut
86.04,51.96,93.56,28.13,72.85,6.48,176.83,Mango
89.48,46.83,98.13,32.22,77.51,6.33,160.19,Litchi
63.98,27.84,31.91,22.42,70.32,6.75,108.67,Soybean
61.45,28.51,23.62,27.64,64.07,6.17,97.75,Castor
88.84,31.1,83.49,27.93,66.89,5.36,225.76,Litchi
68.57,33.39,64.35,26.77,70.28,6.88,75.18,Bottle Gourd
91.21,50.2,112.29,27.96,62.15,6.21,71.56,Grapes
64.3,45.76,67.23,18.24,64.82,6.87,46.35,Garlic
29.94,21.85,30.69,17.69,56.44,6.44,45.13,Lentil
30.52,32.29,28.19,31.17,43.67,7.01,72.08,Sesame
85.37,46.93,67.47,21.5,83.66,5.11,192.51,Coffee
31.09,33.65,26.68,23.66,66.87,6.31,71.25,Niger Seed
77.39,27.64,67.2,33.29,66.54,6.97,61.93,Pumpkin
75.01,46.09,71.93,32.43,52.55,6.39,75.3,Pomegranate
79.34,45.01,85.74,30.51,78.0,6.31,117.0,Pineapple
80.77,49.09,72.92,23.82,62.43,6.44,154.9,Guava
50.97,22.78,31.34,21.88,54.13,6.64,90.68,Finger Millet
31.84,34.66,28.02,32.27,51.95,6.52,71.22,Green Gram
77.43,56.53,62.96,31.72,85.37,6.01,180.08,Litchi
51.51,28.92,25.52,28.18,56.65,6.64,102.81,Castor
60.23,26.51,31.71,29.44,53.28,7.23,80.71,Groundnut
95.55,51.47,61.67,21.48,71.41,5.1,193.48,Coffee
50.16,31.5,29.85,24.85,54.71,6.68,58.12,Radish
82.86,39.96,86.9,20.47,51.38,6.05,110.73,Apple
81.68,47.37,35.75,20.67,61.45,6.95,42.51,Barley
58.44,26.01,73.77,20.97,58.14,6.65,61.09,Carrot
61.7,28.75,30.52,22.08,56.64,7.6,85.37,Castor
69.62,54.4,85.71,26.45,47.19,6.16,39.69,Pomegranate
56.29,32.57,36.01,31.4,45.88,6.64,77.9,Pearl Millet
100.72,48.58,48.95,25.1,86.03,5.93,269.64,Rice
47.5,34.82,28.55,25.9,40.2,6.66,67.29,Sunflower
34.8,26.69,30.18,30.06,50.65,6.48,55.6,Cowpea
85.37,48.19,51.98,25.59,80.81,6.12,274.06,Rice
16.84,27.13,32.01,30.01,53.78,6.29,75.17,Cowpea
81.76,39.32,60.72,19.76,90.05,5.88,176.73,Coffee
102.44,44.25,103.33,29.56,73.63,5.93,220.5,Mango
45.67,35.92,28.03,22.79,51.32,6.45,110.11,Kodo Millet
78.64,53.23,95.2,30.51,89.81,6.76,125.84,Coconut
67.24,21.02,35.3,27.96,67.05,6.21,77.68,Sunflower
30.13,31.74,26.11,20.29,61.71,6.29,97.35,Rajma
86.04,62.1,60.89,23.86,74.68,7.08,68.85,Brinjal
89.42,44.07,48.05,22.79,66.38,5.85,209.7,Coffee
51.42,29.12,28.91,28.8,52.74,6.75,99.83,Castor
52.19,34.85,56.75,28.51,65.91,5.82,202.41,Cashew
87.1,69.6,69.31,23.61,73.81,6.94,82.74,Brinjal
45.24,28.24,34.64,31.72,49.38,6.9,101.51,Kodo Millet
21.03,27.88,29.58,28.84,61.7,7.05,112.33,Red Gram
101.74,42.23,108.16,18.93,70.0,7.27,126.87,Orange
45.72,25.84,20.43,26.87,50.99,6.77,80.95,Field Bean
30.71,37.7,20.16,34.29,66.58,6.82,87.72,Black Gram
112.24,65.33,122.88,29.66,77.26,5.85,143.09,Banana
96.11,74.14,56.15,29.22,65.64,7.21,91.34,Chilli
77.94,52.21,68.32,24.45,67.33,6.4,89.36,Guava
59.89,34.76,58.52,24.64,60.89,6.9,73.06,Pumpkin
43.56,22.89,29.43,27.62,69.89,6.5,72.0,Sunflower
106.57,49.83,76.42,28.63,54.96,7.24,56.21,Pomegranate
101.14,52.12,105.36,25.69,68.41,6.69,73.4,Grapes
62.38,46.8,48.79,30.87,60.67,6.22,63.42,Okra
37.04,21.16,29.27,25.56,53.72,7.22,109.6,Niger Seed
44.22,37.6,58.82,17.07,53.68,7.43,59.04,Beetroot
88.43,45.96,83.96,30.55,80.03,6.41,264.65,Arecanut
67.65,47.92,84.47,22.98,81.49,6.19,247.07,Litchi
60.38,32.55,30.02,25.22,55.35,6.92,89.79,Castor
33.07,27.75,40.98,31.08,54.64,6.47,79.36,Sesame
41.21,20.76,30.52,18.78,40.5,6.84,81.57,Safflower
75.93,48.43,34.3,33.91,66.25,6.54,64.07,Okra
47.92,32.33,25.72,32.17,59.18,6.89,67.05,Sorghum
43.52,22.16,33.87,27.86,54.83,6.43,38.36,Safflower
66.96,47.69,69.68,25.16,47.21,6.07,96.12,Pomegranate
37.71,34.68,24.23,13.03,52.39,6.98,70.85,Linseed
47.4,35.41,27.74,31.52,51.86,6.32,92.16,Red Gram
32.63,23.56,31.53,26.46,46.62,6.94,112.49,Red Gram
73.37,48.65,68.5,27.08,48.29,7.09,67.75,Pomegranate
34.49,30.87,24.3,18.67,55.0,6.6,93.61,Rajma
95.35,52.55,37.0,26.76,76.6,4.9,233.78,Tea
104.98,49.86,56.54,16.69,77.55,5.19,173.0,Tea
40.03,27.55,30.88,19.68,50.13,6.99,54.32,Linseed
31.45,33.7,26.52,29.92,55.44,6.31,42.21,Sesame
67.79,50.8,71.23,19.29,87.04,5.51,173.82,Coffee
37.32,38.69,39.35,26.24,68.7,6.43,89.98,Black Gram
64.31,33.31,29.06,15.28,65.73,7.08,107.62,Finger Millet
23.62,28.46,34.67,25.33,41.54,6.67,65.0,Horse Gram
128.74,70.09,115.01,31.42,81.61,7.23,167.76,Banana
37.05,26.8,30.86,31.63,60.66,6.34,88.64,Red Gram
101.45,50.26,62.14,20.98,70.97,6.45,68.55,Cauliflower
34.62,37.52,25.13,18.64,53.96,7.46,37.5,Safflower
44.51,32.21,32.09,26.83,53.76,6.22,70.05,Sesame
69.26,28.18,59.43,20.92,63.4,7.02,48.38,Carrot
71.35,43.52,58.49,29.54,64.32,7.08,97.15,Guava
39.25,22.59,35.51,27.57,51.45,6.7,75.63,Castor
38.74,33.82,26.05,29.34,48.89,6.61,87.03,Groundnut
109.58,50.68,66.75,28.15,79.39,6.27,195.36,Arecanut
73.76,48.79,50.86,28.79,68.63,6.48,54.01,Cucumber
84.76,48.49,33.34,26.29,64.01,6.61,87.82,Cucumber
56.85,20.78,26.92,27.09,50.3,6.73,87.97,Sunflower
48.62,29.37,31.97,20.88,53.99,7.03,57.53,Radish
47.32,25.67,33.2,24.96,55.95,5.91,81.04,Niger Seed
96.97,65.21,76.47,24.71,70.68,6.63,97.77,Brinjal
122.08,47.28,114.13,31.28,56.17,6.35,92.63,Grapes
95.04,56.48,67.85,28.68,83.41,5.86,246.34,Arecanut
36.57,26.06,28.36,24.73,64.77,5.98,113.7,Kodo Millet
63.3,37.31,81.5,28.56,70.08,6.58,140.69,Litchi
101.81,56.78,110.95,27.84,74.73,6.2,143.87,Papaya
33.52,37.5,33.96,22.23,64.01,5.81,73.43,Kodo Millet
56.21,24.49,31.03,28.1,63.08,5.95,104.87,Finger Millet
89.87,39.03,86.19,29.89,83.32,5.87,191.66,Litchi
84.99,48.17,82.02,30.09,50.78,6.76,66.56,Pomegranate
24.65,30.67,40.3,28.97,55.04,6.22,55.63,Horse Gram
34.96,23.96,35.41,28.25,42.43,6.92,80.2,Horse Gram
68.62,47.45,44.55,21.56,67.37,6.69,46.47,Garlic
58.18,33.65,69.36,30.58,66.32,6.42,143.62,Cashew
36.63,34.46,36.08,19.84,57.87,6.83,106.5,Foxtail Millet
116.74,60.03,118.08,16.66,72.86,6.46,64.51,Potato
117.34,60.56,67.32,27.61,77.2,7.18,100.06,Brinjal
113.39,76.39,83.53,21.94,60.98,6.16,70.32,Orange
23.34,31.94,36.04,20.51,51.6,5.91,111.68,Niger Seed
105.99,52.82,93.39,32.09,81.16,5.27,282.32,Rubber
85.7,42.53,39.24,21.71,72.08,5.94,180.51,Coffee
65.0,50.67,38.9,27.17,68.59,6.47,79.75,Okra
60.96,35.31,22.94,30.79,49.2,6.57,58.02,Pearl Millet
86.94,45.19,34.04,15.93,59.46,6.73,66.71,Wheat
91.58,49.82,51.15,29.05,67.79,6.46,79.06,Maize
55.55,24.87,25.7,36.16,68.09,6.19,80.72,Green Gram
73.03,52.32,68.3,21.84,57.68,6.88,74.25,Onion
99.86,41.48,102.68,28.46,65.94,6.66,90.96,Grapes
42.46,36.44,26.43,18.9,42.14,7.37,57.53,Safflower
100.88,61.33,70.74,24.76,84.69,5.73,220.0,Rubber
23.37,23.98,36.34,14.84,58.95,6.72,48.45,Peas
80.97,51.24,77.32,24.99,63.66,5.9,121.28,Guava
31.75,30.8,32.35,24.74,59.52,6.85,114.05,Red Gram
97.72,36.51,35.93,11.7,62.32,7.3,66.53,Wheat
46.21,27.69,64.07,31.19,71.19,6.75,101.81,Bottle Gourd
69.94,33.36,16.79,29.32,53.19,6.1,78.7,Sorghum
27.22,26.82,21.07,32.13,61.48,6.94,97.69,Red Gram
69.24,29.29,68.61,18.81,63.05,7.33,64.73,Beetroot
39.39,24.03,32.7,20.93,56.01,6.65,103.55,Rajma
86.68,55.66,86.99,22.41,66.74,6.13,50.14,Potato
60.85,26.8,78.58,28.31,74.09,6.67,59.0,Bottle Gourd
75.47,25.56,25.38,32.86,38.41,7.36,69.42,Sorghum
59.69,26.71,36.36,20.62,66.2,6.93,87.3,Castor
38.51,31.72,46.15,20.0,68.16,6.85,66.78,Beetroot
41.7,35.85,23.84,27.97,62.11,6.12,66.02,Kodo Millet
48.9,28.76,30.93,30.21,59.46,6.46,53.55,Green Gram
86.76,69.24,98.4,32.21,70.35,6.84,182.65,Papaya
32.74,39.11,29.38,30.33,43.52,6.21,84.47,Cowpea
74.62,43.88,42.69,20.23,61.28,6.46,48.5,Garlic
19.9,22.01,36.14,19.42,60.77,6.98,67.65,Peas
36.78,37.27,29.88,16.48,50.6,6.67,40.12,Lentil
115.85,56.9,84.75,22.64,67.31,6.57,34.36,Mango
32.98,37.71,28.6,17.6,31.27,6.76,90.7,Rajma
94.35,50.44,76.19,23.29,75.56,6.02,274.83,Rubber
69.74,50.99,91.08,27.56,48.97,6.14,78.46,Pomegranate
105.41,44.75,92.79,31.2,76.27,6.41,257.1,Coconut
50.64,21.68,34.76,28.45,73.87,7.4,102.35,Finger Millet
77.84,28.99,32.73,22.35,42.39,6.68,57.4,Mustard
52.1,19.02,29.67,22.94,60.28,7.76,95.34,Kodo Millet
53.03,29.92,21.3,26.41,63.88,5.89,86.39,Sunflower
81.1,22.88,32.35,26.29,65.21,6.05,82.22,Castor
105.94,48.84,29.57,22.89,61.95,6.44,50.72,Barley
47.07,27.6,23.87,29.75,51.31,6.03,74.23,Red Gram
80.66,48.4,97.93,31.32,68.4,7.0,187.05,Coconut
57.05,31.96,24.12,11.46,52.02,7.08,49.63,Mustard
36.86,25.44,21.48,29.54,53.49,6.32,107.9,Little Millet
110.3,69.78,117.6,31.18,67.88,6.85,127.48,Papaya
52.65,37.57,71.14,30.84,68.57,6.35,162.32,Cashew
29.51,20.39,27.77,23.36,54.36,6.47,89.13,Field Bean
41.23,18.93,29.12,25.42,62.08,6.39,85.0,Field Bean
55.56,28.83,27.74,31.97,50.47,7.32,96.27,Castor
66.06,31.37,34.59,26.5,47.03,6.88,55.96,Pearl Millet
42.69,35.86,40.88,20.57,51.69,6.6,66.22,Chickpea
47.39,29.89,38.55,32.0,60.03,6.11,70.65,Kodo Millet
79.56,46.03,47.25,31.68,70.18,7.08,72.81,Cucumber
34.35,28.11,22.36,29.78,58.02,7.18,77.62,Green Gram
82.82,56.0,67.28,32.88,55.22,6.86,84.59,Chilli
96.02,49.08,82.86,24.13,85.92,6.46,220.39,Arecanut
63.89,33.61,46.2,27.78,66.25,6.76,196.1,Cashew
74.67,44.98,29.02,15.41,55.59,6.87,48.74,Wheat
112.13,49.69,48.13,18.95,76.57,6.15,89.73,Cabbage
33.83,28.77,26.81,24.97,52.99,6.15,71.28,Kodo Millet
104.92,69.09,94.29,25.25,76.82,6.38,142.82,Papaya
36.37,25.95,36.75,30.25,61.56,6.64,81.29,Horse Gram
79.53,55.91,51.22,30.14,71.93,6.29,80.28,Cucumber
99.37,37.71,27.65,19.46,56.33,6.6,40.45,Wheat
44.65,33.67,38.32,28.69,61.4,6.27,96.04,Kodo Millet
43.59,35.41,26.88,30.12,42.99,6.47,89.37,Foxtail Millet
87.18,73.05,61.56,29.04,55.07,7.17,86.06,Chilli
90.21,43.21,92.44,34.33,64.46,5.34,67.5,Pomegranate
84.86,52.31,87.94,17.3,59.55,6.18,80.92,Potato
42.21,27.31,59.05,31.41,61.43,7.19,82.0,Pumpkin
40.99,30.69,26.54,21.22,40.04,6.93,37.54,Lentil
93.17,66.06,93.46,31.3,79.14,6.48,133.07,Papaya
30.56,34.45,36.16,18.05,44.44,6.28,126.3,Rajma
30.62,31.17,28.22,33.24,56.18,6.6,92.49,Horse Gram
51.56,25.44,55.81,28.26,72.77,6.88,93.5,Bottle Gourd
56.73,31.04,25.18,38.28,29.52,6.77,84.92,Pearl Millet
41.68,27.21,37.01,27.91,60.72,5.77,57.63,Cowpea
113.06,51.12,49.74,29.29,90.16,5.66,231.4,Rice
89.24,57.93,69.87,29.28,66.05,6.92,94.14,Brinjal
97.69,64.19,70.06,26.3,96.47,5.59,283.75,Rubber
61.06,51.04,40.77,26.58,76.07,7.29,54.61,Okra
91.1,44.55,94.53,34.1,74.3,5.64,211.32,Coconut
65.49,23.68,63.09,24.33,66.58,6.45,79.73,Bottle Gourd
107.77,48.46,50.07,28.86,81.79,6.35,246.87,Rice
62.67,29.72,24.56,19.21,44.82,7.36,50.59,Safflower
98.98,52.67,64.03,32.16,79.94,6.35,149.32,Arecanut
71.01,29.77,25.66,14.04,51.77,6.25,47.92,Mustard
107.61,45.39,107.35,27.65,78.19,6.39,274.54,Coconut
148.4,71.8,156.56,27.41,85.84,6.79,179.61,Banana
36.67,33.69,26.93,23.93,58.82,6.99,62.01,Field Bean
88.16,41.43,39.54,14.8,51.98,6.39,48.24,Garlic
43.84,28.57,34.09,26.98,48.06,6.74,92.24,Little Millet
96.61,54.15,52.79,27.28,90.21,6.21,230.52,Rice
45.56,30.77,27.7,30.05,47.34,6.63,130.91,Red Gram
20.76,40.25,27.14,35.13,45.47,5.77,94.77,Cowpea
80.58,48.05,62.05,19.49,70.11,6.53,59.29,Cabbage
90.11,40.05,22.69,15.0,55.86,7.04,92.63,Wheat
90.1,49.85,55.13,25.0,62.54,6.56,54.48,Onion
50.35,26.03,27.69,21.08,39.58,5.68,41.16,Safflower
14.49,31.37,29.81,25.25,53.89,6.05,68.23,Niger Seed
57.19,34.59,26.59,17.8,53.32,6.95,41.38,Mustard
99.78,45.68,56.22,20.11,66.58,6.03,69.22,Cabbage
50.74,27.32,23.96,27.17,55.6,6.49,92.84,Foxtail Millet
36.93,14.28,30.64,18.1,49.36,6.76,60.81,Safflower
87.79,45.39,68.32,15.73,71.78,6.12,76.7,Cauliflower
101.91,58.3,83.83,29.08,86.03,5.14,299.05,Rubber
29.8,26.87,25.63,26.99,41.89,6.83,60.85,Horse Gram
41.3,34.76,28.18,27.97,67.77,6.03,94.98,Niger Seed
62.92,33.53,42.95,20.56,53.18,7.21,95.29,Castor
32.91,29.46,25.78,25.44,56.7,6.22,78.61,Field Bean
99.1,44.72,105.33,25.09,58.27,6.03,150.6,Mango
128.31,66.11,122.66,29.74,85.79,6.59,227.41,Banana
111.33,41.77,92.15,30.98,61.81,6.5,63.42,Grapes
91.93,44.05,106.05,29.69,85.95,7.2,236.46,Coconut
109.93,71.1,66.51,28.65,81.97,5.27,279.91,Rubber
59.45,20.85,25.03,27.8,55.07,5.85,81.72,Little Millet
40.97,30.26,18.9,25.21,70.8,7.2,145.06,Finger Millet
82.04,27.06,76.1,26.7,76.0,6.4,225.2,Pineapple
106.51,53.04,52.62,31.31,92.2,6.64,191.22,Rice
40.28,21.21,31.19,22.06,54.18,6.29,66.7,Rajma
100.64,60.46,97.7,19.52,73.68,5.91,69.71,Potato
38.84,21.18,30.1,13.54,53.37,6.61,73.73,Linseed
46.53,29.67,31.35,19.91,43.46,6.76,53.24,Mustard
30.05,31.61,31.29,28.76,74.06,6.55,75.34,Black Gram
46.33,30.97,26.33,28.49,46.36,6.32,38.57,Sesame
80.15,44.72,96.27,24.82,83.42,5.34,207.42,Pineapple
59.31,29.44,82.34,24.4,68.82,6.56,78.41,Pumpkin
41.49,25.7,33.55,22.28,62.1,7.04,76.87,Kodo Millet
34.81,30.15,28.59,30.57,58.23,6.67,70.67,Black Gram
71.45,32.39,66.4,32.74,62.96,6.02,147.3,Cashew
48.83,33.67,31.81,25.91,48.56,7.63,50.55,Safflower
27.78,25.92,27.5,21.08,46.8,7.04,40.14,Lentil
74.68,49.86,72.43,30.17,76.83,6.43,200.32,Litchi
41.22,35.75,25.11,28.15,62.5,6.96,101.99,Black Gram
49.04,23.58,33.73,20.86,58.59,5.74,44.51,Radish
51.57,27.47,27.74,27.46,51.65,5.8,91.67,Kodo Millet
33.77,33.05,33.88,25.35,58.09,5.93,63.36,Cowpea
80.24,56.52,88.92,31.26,63.98,6.35,50.79,Pomegranate
129.57,47.63,65.93,18.67,70.43,6.18,64.62,Cauliflower
73.24,27.75,38.65,28.05,65.71,6.32,74.65,Pumpkin
70.57,31.65,51.65,25.78,93.69,5.39,207.7,Coffee
65.89,38.24,56.37,23.58,78.16,6.2,137.73,Coffee
103.35,83.53,50.16,30.43,52.22,6.65,85.49,Chilli
46.43,25.46,35.34,23.58,69.73,6.97,106.82,Finger Millet
43.89,27.68,32.09,18.72,53.24,6.11,58.88,Lentil
95.69,45.61,99.91,28.42,57.22,6.49,99.01,Grapes
108.88,56.93,85.72,30.99,88.27,7.24,318.11,Coconut
56.69,61.38,95.44,28.88,76.32,5.93,261.06,Pineapple
70.05,27.01,78.75,30.38,80.63,5.4,194.89,Pineapple
125.4,46.39,89.84,20.81,48.35,6.76,88.2,Grapes
47.09,37.34,28.32,30.81,63.39,7.2,86.99,Red Gram
95.26,47.78,113.67,27.12,52.76,7.12,68.83,Grapes
48.66,22.41,30.63,24.31,68.27,6.73,40.28,Kodo Millet
105.63,52.32,67.13,27.12,63.88,6.04,100.86,Guava
27.28,21.22,36.78,26.96,49.91,5.8,69.35,Sesame
46.76,30.04,29.74,21.27,56.69,7.54,47.13,Radish
59.38,45.36,58.48,33.02,65.81,6.87,59.15,Okra
99.47,43.49,55.69,21.38,86.68,4.78,211.68,Tea
54.68,28.76,71.81,24.86,82.7,6.36,83.16,Pumpkin
36.85,24.35,31.85,27.42,49.99,7.25,51.19,Green Gram
44.53,26.36,23.91,20.06,41.09,7.01,56.37,Peas
88.71,55.14,92.92,26.77,76.9,5.98,180.89,Arecanut
66.31,33.9,27.7,28.43,56.34,7.06,38.03,Okra
83.86,34.23,98.27,15.27,66.78,5.78,120.76,Apple
37.21,29.86,31.8,20.48,50.49,7.01,66.0,Rajma
82.24,42.32,48.4,20.46,62.73,6.12,60.08,Okra
43.24,42.07,29.71,18.95,47.86,7.19,49.24,Lentil
28.87,37.36,40.21,21.88,71.46,5.67,87.65,Kodo Millet
91.03,52.36,79.39,23.6,83.69,6.11,236.33,Arecanut
66.62,45.9,74.29,24.12,57.8,7.1,127.5,Guava
33.89,26.39,30.72,32.91,61.37,6.59,115.11,Red Gram
98.86,46.64,49.05,24.76,82.67,6.39,233.23,Rice
92.63,39.43,50.78,24.85,78.31,5.6,160.81,Coffee
31.7,30.6,27.96,20.66,41.43,7.51,60.79,Chickpea
76.13,47.72,31.67,25.43,57.04,6.61,46.66,Maize
34.92,31.95,26.99,23.72,68.24,6.69,85.95,Red Gram
50.75,33.48,30.66,30.71,49.11,7.03,72.78,Sorghum
49.39,28.53,33.64,37.46,69.15,6.32,80.67,Black Gram
40.35,37.96,29.07,19.34,41.59,7.39,64.69,Chickpea
49.48,36.8,29.25,18.78,60.4,7.34,58.19,Radish
59.97,29.32,50.69,27.85,67.58,6.17,70.68,Cucumber
35.46,33.02,26.23,26.9,54.25,6.61,96.28,Red Gram
101.81,59.08,113.33,29.22,77.1,5.57,268.58,Coconut
61.54,28.26,36.85,23.92,51.21,6.59,61.3,Linseed
47.95,20.6,58.37,19.3,63.66,6.43,45.66,Carrot
43.99,23.14,29.2,19.15,47.93,6.57,81.58,Rajma
64.52,48.2,57.15,23.54,58.28,6.25,63.13,Onion
40.58,36.19,38.35,18.33,49.99,6.89,64.04,Lentil
81.8,39.62,70.93,36.11,52.29,6.71,45.38,Pomegranate
39.64,32.46,31.33,27.04,57.33,6.55,122.01,Red Gram
57.45,33.17,64.43,28.05,77.64,6.96,92.98,Pumpkin
80.12,55.02,78.1,27.35,80.76,6.14,247.06,Arecanut
85.89,46.67,54.46,32.29,67.55,6.45,65.5,Brinjal
112.6,72.72,109.62,26.97,67.29,6.28,120.7,Papaya
49.06,29.98,25.48,31.59,65.44,6.79,57.65,Sorghum
23.23,32.29,25.34,27.13,56.23,7.29,74.32,Sesame
78.35,62.45,72.78,28.34,82.3,5.8,319.69,Rubber
58.77,32.85,32.54,30.67,47.93,6.25,76.42,Castor
108.24,71.5,56.66,21.98,60.26,6.88,82.81,Chilli
76.78,36.01,32.61,11.6,54.85,6.74,48.41,Barley
32.04,32.4,27.2,21.71,41.27,7.29,67.14,Chickpea
31.27,21.82,28.51,22.41,46.6,6.44,74.52,Rajma
47.55,35.85,30.55,33.59,64.35,7.4,84.22,Black Gram
42.37,34.86,37.97,30.16,45.88,7.17,79.75,Red Gram
56.52,21.61,68.2,32.04,64.72,6.12,129.38,Cashew
49.85,24.4,28.34,27.38,53.1,6.81,61.64,Chickpea
63.32,25.34,17.25,24.07,57.42,6.36,43.51,Lentil
46.65,32.52,21.16,29.97,65.35,6.95,93.21,Black Gram
32.87,29.48,37.69,30.4,66.57,6.44,88.66,Black Gram
92.39,40.5,51.29,25.58,72.91,6.51,43.78,Okra
41.9,28.39,30.1,21.9,67.3,6.6,97.09,Little Millet
92.61,45.28,75.63,29.26,84.17,6.43,130.29,Guava
31.78,25.37,27.95,21.61,47.74,6.63,128.53,Field Bean
75.13,34.58,79.53,27.93,78.71,5.62,206.69,Pineapple
109.16,42.2,48.99,33.33,79.88,5.96,177.58,Rice
73.21,38.08,72.17,22.42,79.26,6.01,197.13,Coffee
89.71,66.87,111.78,15.86,64.36,6.28,104.98,Orange
48.4,29.98,25.76,20.83,46.6,6.7,72.26,Linseed
24.44,33.72,30.02,25.66,51.56,7.03,78.04,Field Bean
78.08,53.66,70.74,30.33,86.11,5.51,186.23,Arecanut
77.67,57.42,62.07,27.36,70.36,5.95,81.37,Brinjal
111.19,70.44,102.5,25.43,66.34,5.88,96.36,Mango
87.9,74.61,90.03,22.74,65.09,6.04,117.9,Orange
96.81,76.42,110.25,23.68,68.68,6.06,56.44,Potato
53.14,26.54,33.37,31.36,54.62,7.44,63.01,Sorghum
57.75,21.8,26.19,27.05,41.47,6.52,86.76,Foxtail Millet
30.88,19.75,30.79,24.4,67.9,7.28,105.71,Black Gram
66.47,50.34,44.01,16.09,76.66,6.72,74.28,Cabbage
82.15,33.24,49.72,21.15,61.36,7.11,47.74,Garlic
99.86,45.93,73.96,31.05,85.5,5.24,269.7,Rubber
40.95,24.1,23.85,29.55,58.07,6.36,58.64,Sesame
91.97,68.54,93.17,25.4,61.76,7.19,105.58,Orange
83.31,44.1,98.21,6.01,68.12,5.84,132.42,Apple
46.66,20.84,25.55,32.24,64.12,6.89,106.17,Castor
109.02,46.89,107.8,29.96,72.15,6.6,193.79,Coconut
84.41,43.95,76.9,28.16,54.21,6.44,125.11,Guava
67.43,48.89,51.74,25.02,57.22,6.85,71.2,Okra
94.59,42.3,29.99,20.09,61.56,7.43,85.39,Wheat
45.86,32.19,34.48,19.26,47.04,6.37,68.93,Safflower
86.06,43.85,70.03,24.35,59.67,6.14,55.67,Chilli
17.86,28.18,23.62,20.15,49.65,6.9,77.98,Rajma
86.17,70.06,53.54,28.98,73.67,6.87,85.28,Brinjal
37.56,39.57,29.61,16.57,35.49,6.79,79.86,Peas
110.93,64.75,74.97,29.77,62.55,7.37,85.69,Orange
81.92,62.7,77.11,22.35,56.55,6.79,87.71,Pomegranate
53.31,30.38,84.48,17.57,61.01,5.8,65.41,Carrot
109.03,55.48,70.18,20.53,64.65,6.56,97.93,Cabbage
47.22,26.62,31.4,26.58,58.59,6.59,110.03,Little Millet
70.66,20.88,23.52,38.46,57.13,6.92,49.13,Pearl Millet
84.74,55.31,100.46,17.85,67.88,5.18,58.69,Potato
49.96,36.95,56.62,22.63,56.8,6.9,65.94,Beetroot
34.24,22.09,28.12,24.05,55.54,7.23,50.24,Lentil
104.09,39.8,73.3,27.25,85.4,5.74,246.1,Rubber
96.94,44.35,64.06,25.32,87.44,6.15,132.3,Coffee
76.79,87.15,54.29,25.07,69.03,5.69,53.69,Brinjal
69.96,46.25,67.15,29.53,85.01,5.05,202.67,Pineapple
35.02,34.55,21.76,25.44,35.84,6.78,72.16,Horse Gram
44.31,38.19,34.69,30.85,48.01,6.56,104.93,Foxtail Millet
44.83,36.27,30.97,29.97,62.78,7.31,81.5,Little Millet
51.5,35.3,68.49,17.75,54.69,6.47,35.66,Carrot
59.12,15.7,43.9,28.15,65.45,6.75,49.66,Bottle Gourd
26.59,29.0,35.69,27.87,50.99,6.22,93.17,Cowpea
70.52,65.48,37.11,28.65,71.09,6.65,94.13,Maize
83.33,50.75,73.93,30.09,83.38,6.51,168.65,Litchi
94.32,50.29,84.76,28.84,59.05,6.15,104.91,Grapes
48.49,34.93,61.84,28.23,68.73,6.48,170.21,Cashew
106.82,46.88,50.03,19.14,82.71,5.29,293.81,Tea
82.51,53.59,55.0,20.59,71.4,6.26,81.54,Cabbage
110.25,51.82,62.81,20.95,84.05,4.87,271.62,Tea
103.27,50.42,103.07,19.11,68.4,6.06,47.95,Potato
102.45,57.47,95.04,31.74,54.34,6.4,130.3,Mango
80.29,41.46,40.25,23.79,69.24,6.49,101.93,Maize
109.1,50.27,89.99,35.23,81.52,6.0,251.95,Coconut
53.77,24.46,65.45,31.43,77.01,6.71,154.14,Cashew
48.3,29.05,28.83,19.4,42.26,6.48,65.46,Linseed
83.41,63.91,51.9,23.34,69.05,6.17,94.44,Tomato
77.39,57.1,60.78,32.03,55.71,6.0,84.85,Chilli
66.03,36.4,32.7,25.78,62.18,5.32,84.71,Finger Millet
50.58,29.65,24.91,25.2,60.7,6.38,99.33,Little Millet
101.81,57.4,82.98,23.95,77.62,5.84,181.72,Arecanut
39.37,25.25,24.4,17.67,56.16,6.57,66.5,Peas
103.52,46.74,47.97,34.36,74.0,6.42,223.79,Rice
88.54,73.28,100.93,22.92,71.02,7.15,161.69,Orange
18.11,22.28,31.53,25.58,67.34,6.32,69.6,Kodo Millet
62.36,46.66,74.26,24.34,65.88,5.87,200.66,Litchi
41.29,30.85,29.08,28.16,44.82,7.05,105.29,Foxtail Millet
59.97,53.93,41.26,24.9,66.66,6.9,49.9,Okra
73.94,49.94,91.12,23.15,53.1,6.27,105.01,Guava
105.53,52.33,97.66,31.64,71.4,6.99,218.93,Coconut
85.32,60.71,81.21,19.39,67.62,6.08,63.42,Cauliflower
43.67,21.37,27.85,33.99,40.84,6.62,80.59,Pearl Millet
67.02,32.51,28.35,28.91,51.6,6.99,62.03,Sunflower
106.94,61.35,107.04,18.58,75.32,5.32,57.45,Potato
109.71,41.45,98.51,28.55,66.11,6.82,145.13,Papaya
34.43,34.57,38.01,31.59,57.86,5.84,27.94,Horse Gram
78.07,49.23,111.18,27.35,67.97,5.82,101.28,Guava
69.41,44.05,44.45,24.65,52.92,6.64,41.02,Onion
108.98,46.62,52.78,21.76,79.37,6.41,75.39,Cauliflower
52.4,28.36,31.67,25.2,60.72,7.19,119.41,Soybean
40.81,27.47,20.35,24.75,49.8,7.65,93.99,Foxtail Millet
92.15,43.08,35.2,18.92,63.51,6.88,73.32,Wheat
51.1,27.46,23.11,33.15,57.46,6.9,73.71,Sorghum
70.38,19.79,28.3,25.09,64.66,6.82,113.58,Castor
74.48,50.27,71.24,23.11,61.33,6.94,69.42,Onion
66.18,36.57,46.09,19.84,63.16,6.59,95.27,Cucumber
52.84,27.44,34.62,26.31,30.88,8.18,59.76,Pearl Millet
59.61,56.4,37.78,28.55,65.99,6.3,142.68,Maize
62.07,47.54,49.02,30.4,67.81,6.23,59.58,Cucumber
118.14,48.22,102.08,27.41,54.2,7.02,75.91,Grapes
73.53,39.82,25.47,17.82,52.49,6.92,60.61,Barley
50.08,26.06,33.52,26.36,73.92,5.79,111.04,Finger Millet
122.02,51.06,105.67,29.83,72.25,5.86,253.59,Coconut
82.11,44.22,82.38,19.19,54.83,6.61,51.61,Garlic
60.36,40.1,49.02,25.72,71.98,6.42,70.77,Cucumber
85.94,50.05,105.87,26.9,76.33,6.22,196.08,Arecanut
45.16,35.69,25.43,25.39,47.15,5.54,81.39,Little Millet
56.82,42.81,80.22,22.58,90.05,5.54,244.17,Pineapple
65.83,28.39,37.7,31.14,60.49,6.31,78.66,Groundnut
47.02,40.73,28.95,25.22,72.95,7.19,72.38,Black Gram
35.32,35.57,33.47,28.69,63.91,6.34,84.34,Groundnut
35.02,20.52,34.8,31.81,47.97,7.2,28.97,Sesame
36.05,33.91,26.63,25.95,58.61,6.6,122.96,Niger Seed
55.75,52.02,80.91,13.22,66.11,6.24,108.01,Apple
94.39,80.83,79.71,28.81,64.05,6.67,206.08,Orange
111.75,59.79,123.46,22.48,74.31,6.57,161.62,Papaya
39.35,31.53,23.89,31.42,66.78,7.21,78.46,Groundnut
58.27,29.27,35.89,30.73,45.02,7.23,75.19,Pearl Millet
64.33,33.51,32.71,29.89,57.21,6.22,96.43,Castor
47.98,26.01,39.39,20.61,37.84,6.1,70.98,Linseed
95.98,47.2,94.24,29.52,78.24,6.61,286.24,Coconut
39.27,24.35,28.08,29.24,47.74,6.57,83.33,Groundnut
54.45,22.52,25.75,25.19,67.34,6.61,154.26,Soybean
55.77,35.57,49.28,16.91,51.94,6.91,44.64,Carrot
89.46,49.81,81.2,24.4,84.4,5.02,161.28,Tea
104.4,59.66,117.0,28.42,84.73,8.26,226.99,Coconut
49.27,28.55,22.67,25.58,65.99,7.11,68.49,Sunflower
61.51,46.33,72.06,21.1,72.08,6.2,254.72,Litchi
74.44,49.01,70.9,25.41,59.24,6.73,56.62,Onion
42.28,26.16,33.39,29.8,68.05,7.05,98.36,Black Gram
80.54,37.6,30.92,42.55,52.82,6.08,72.31,Pearl Millet
32.34,21.97,26.45,27.84,48.89,6.73,52.81,Horse Gram
76.56,43.34,76.64,26.98,75.88,5.77,122.49,Pineapple
105.9,47.16,74.09,29.44,81.54,4.79,363.51,Rubber
68.65,28.48,72.43,22.51,50.63,6.91,49.77,Beetroot
85.29,46.34,91.9,19.13,70.92,6.42,76.63,Cauliflower
80.78,72.68,71.12,30.56,58.65,7.5,42.68,Chilli
94.32,43.2,46.76,28.73,65.95,5.94,129.07,Brinjal
56.86,43.05,47.48,29.68,55.03,6.25,93.67,Okra
106.4,56.01,101.94,29.06,70.26,6.15,221.09,Coconut
81.1,77.76,58.31,21.37,72.76,6.31,137.97,Brinjal
96.34,65.1,108.63,31.34,51.26,5.77,168.79,Mango
37.77,34.5,30.64,24.05,50.48,7.03,56.59,Sunflower
86.48,38.26,31.52,18.74,45.58,6.31,78.0,Wheat
81.12,42.06,87.85,13.3,61.1,6.15,103.66,Apple
55.54,27.28,64.9,18.48,57.01,6.79,53.83,Beetroot
79.58,53.17,51.86,34.73,65.17,6.34,100.59,Brinjal
35.66,30.16,30.61,20.24,60.75,6.36,70.84,Rajma
80.92,48.17,78.43,29.48,80.77,6.09,204.12,Arecanut
47.59,37.12,21.22,27.66,39.11,6.34,125.23,Red Gram
69.43,46.52,47.59,22.87,82.12,5.77,197.61,Coffee
43.33,25.37,23.3,30.0,59.53,6.94,91.47,Little Millet
34.89,33.41,38.11,26.9,49.27,6.22,73.26,Cowpea
42.92,30.41,28.92,29.12,40.01,7.34,86.49,Red Gram
87.19,52.94,91.55,22.78,71.25,6.39,131.31,Orange
104.67,52.24,68.51,22.9,69.78,7.07,50.01,Cauliflower
53.28,25.31,67.65,21.67,49.06,6.91,56.02,Beetroot
87.93,56.69,58.12,23.6,60.52,6.48,70.36,Onion
43.28,34.94,20.12,28.88,54.62,6.15,103.98,Kodo Millet
107.32,46.94,50.7,28.06,77.46,4.93,257.27,Tea
36.4,27.97,29.82,17.94,58.13,6.66,76.64,Rajma
34.42,35.51,51.26,29.02,67.1,7.04,90.41,Pumpkin
59.51,51.95,47.5,31.68,71.79,6.68,84.5,Okra
27.54,35.13,22.07,20.5,57.46,6.31,76.0,Rajma
22.46,26.04,35.46,28.23,49.49,7.03,72.26,Green Gram
125.29,59.47,65.15,23.06,85.54,7.06,75.97,Cabbage
74.35,47.27,88.95,22.9,62.25,6.82,133.69,Guava
120.97,60.66,120.93,26.46,86.63,6.42,222.52,Banana
38.6,30.13,35.76,20.88,49.08,6.53,42.18,Linseed
73.84,55.0,59.6,27.58,55.13,6.33,58.59,Onion
39.86,36.72,33.9,20.09,53.25,6.81,69.24,Safflower
53.54,32.15,28.41,27.78,51.4,6.48,111.87,Foxtail Millet
111.42,41.94,95.39,27.51,61.65,6.67,159.76,Papaya
50.42,26.81,25.19,24.94,65.07,5.79,111.28,Finger Millet
101.25,85.29,64.18,28.59,74.34,6.97,79.23,Tomato
71.76,26.22,24.27,27.66,56.39,6.33,110.93,Finger Millet
58.77,33.72,57.53,25.99,76.63,5.97,79.32,Cucumber
95.7,47.84,107.48,31.93,79.72,6.93,249.66,Coconut
34.66,17.42,23.31,28.27,67.74,7.03,90.47,Field Bean
57.16,25.69,24.71,28.52,35.66,6.72,71.92,Pearl Millet
79.09,35.56,51.68,28.81,67.0,6.22,98.51,Pumpkin
85.68,55.2,40.31,29.55,57.29,6.2,74.27,Okra
137.04,68.21,128.81,29.93,79.01,5.97,135.16,Banana
102.86,58.49,90.82,28.31,76.07,6.96,178.75,Papaya
57.91,31.04,20.09,26.31,46.02,6.25,64.83,Green Gram
55.85,45.08,73.41,26.92,71.56,6.11,113.31,Guava
83.19,57.77,46.59,32.4,72.91,6.17,53.22,Cucumber
56.92,36.93,28.51,29.19,52.91,6.6,84.08,Foxtail Millet
84.13,40.25,35.83,16.97,66.09,6.81,66.59,Barley
85.54,47.99,93.36,11.88,55.85,6.02,134.63,Apple
40.74,26.18,31.77,18.8,52.11,6.49,36.43,Radish
31.09,24.63,30.5,19.58,57.36,6.54,44.23,Lentil
103.41,75.98,100.53,20.85,73.81,5.22,45.67,Potato
48.43,33.1,29.09,20.64,44.81,7.18,62.59,Linseed
53.69,21.98,24.68,24.92,62.99,6.59,182.02,Soybean
40.88,30.95,38.99,27.26,46.07,6.47,78.95,Field Bean
84.77,46.84,64.39,24.33,63.1,6.68,98.01,Brinjal
71.05,53.45,71.99,28.83,64.9,7.23,75.69,Pomegranate
97.93,46.87,58.59,17.5,71.26,6.73,42.3,Cabbage
95.0,39.9,66.55,28.64,56.76,6.0,134.59,Guava
92.97,46.07,74.39,29.08,84.63,5.01,299.96,Rubber
71.57,32.26,24.23,26.42,61.18,6.81,86.77,Castor
50.17,17.44,24.9,23.39,48.9,6.7,69.26,Safflower
35.23,30.29,30.09,31.26,50.53,7.59,75.6,Red Gram
89.92,57.33,50.59,29.81,76.33,6.06,84.43,Brinjal
86.27,52.98,43.18,30.48,64.21,7.27,79.8,Okra
37.17,33.24,23.68,15.51,56.42,6.27,51.98,Lentil
55.11,29.25,29.48,27.73,52.82,6.79,98.8,Groundnut
53.48,38.07,32.35,31.84,41.77,6.08,32.69,Pearl Millet
116.77,43.86,86.17,23.86,86.34,5.84,192.62,Arecanut
71.16,63.57,42.88,28.17,61.16,6.68,83.33,Okra
89.22,56.86,89.75,22.72,77.45,6.86,122.03,Guava
55.78,29.77,44.22,20.25,50.5,6.86,83.83,Beetroot
34.06,32.33,20.33,37.37,43.17,6.31,77.11,Sesame
74.5,65.67,82.2,25.21,68.77,6.76,110.75,Tomato
86.68,42.86,33.24,17.05,60.73,7.37,65.43,Wheat
101.61,72.14,108.58,31.68,74.7,5.94,149.06,Mango
73.37,42.08,83.78,25.69,71.88,6.37,132.85,Litchi
65.36,45.34,100.15,25.83,77.06,5.49,227.96,Pineapple
105.28,54.94,55.48,24.46,72.67,6.95,79.11,Chilli
82.67,54.25,85.34,22.01,80.31,5.14,188.7,Pineapple
46.2,28.52,27.96,27.42,74.02,6.47,99.76,Soybean
81.4,64.77,102.6,18.82,67.34,5.99,63.52,Potato
36.18,33.92,21.39,17.95,63.11,6.83,54.54,Peas
37.04,33.2,31.39,33.26,57.48,6.78,114.6,Black Gram
31.27,26.3,28.94,32.91,60.47,7.18,43.75,Sesame
59.03,29.08,32.53,19.62,47.69,6.37,58.35,Lentil
44.67,32.41,36.83,27.97,65.28,7.05,76.71,Kodo Millet
99.6,60.49,92.73,33.73,86.03,5.31,242.66,Rubber
111.86,45.41,21.68,14.78,69.08,6.86,67.47,Wheat
66.61,36.76,33.58,34.91,42.14,6.97,50.52,Pearl Millet
95.84,57.71,61.12,33.54,64.71,6.77,84.04,Brinjal
79.73,55.18,43.88,31.92,77.93,6.2,96.33,Cucumber
48.72,42.18,32.24,24.97,65.54,6.44,77.04,Cucumber
65.83,34.68,27.82,29.49,58.37,6.6,62.44,Groundnut
50.59,26.14,38.92,25.3,51.48,6.64,48.74,Safflower
42.43,23.55,31.77,18.1,60.29,6.23,121.91,Field Bean
102.83,46.44,86.46,25.42,74.65,6.31,208.91,Arecanut
24.06,30.26,26.21,28.64,64.94,6.57,84.2,Black Gram
41.63,32.61,36.82,28.16,56.41,7.09,81.6,Groundnut
41.56,33.14,32.19,22.94,58.79,7.48,105.91,Field Bean
41.01,30.31,30.86,25.45,50.81,6.08,57.28,Sesame
93.51,62.35,65.65,31.01,67.34,6.73,98.65,Brinjal
68.4,46.64,78.24,29.88,68.04,5.77,166.69,Litchi
99.08,53.85,42.6,19.06,84.93,5.33,196.66,Tea
107.93,57.41,41.47,24.06,81.78,5.94,230.9,Rice
59.74,28.48,45.15,32.96,54.33,6.43,79.19,Castor
95.94,40.83,78.94,28.05,81.17,6.14,263.54,Arecanut
68.58,28.71,52.59,28.82,78.18,6.62,74.51,Bottle Gourd
114.71,47.45,98.09,23.17,68.27,6.42,125.9,Papaya
84.74,65.14,92.26,23.42,70.22,6.45,135.88,Orange
51.52,28.13,55.46,34.76,73.55,6.86,39.35,Bottle Gourd
34.07,32.73,27.53,24.71,40.71,5.68,49.93,Horse Gram
44.7,29.42,25.1,12.91,51.73,6.25,53.14,Mustard
84.04,45.12,101.44,30.99,77.96,7.54,204.32,Coconut
38.47,26.09,29.34,27.91,52.56,6.57,81.29,Kodo Millet
20.8,36.28,39.65,22.58,47.07,6.5,68.13,Lentil
116.2,62.78,134.65,30.11,81.99,6.52,206.16,Banana
27.1,27.38,26.97,33.42,54.14,5.97,86.45,Sesame
59.7,28.93,27.42,23.69,60.76,7.22,77.99,Sunflower
33.17,34.71,32.29,18.89,40.78,6.62,48.7,Lentil
70.13,42.05,88.68,30.14,79.38,6.32,186.44,Pineapple
86.73,56.13,94.02,28.06,66.46,6.69,231.55,Papaya
43.11,33.38,35.6,32.9,44.25,6.47,59.97,Groundnut
76.81,48.24,46.54,27.41,49.13,6.77,53.61,Onion
53.88,38.8,22.14,34.87,45.45,7.21,59.91,Sorghum
99.0,75.07,111.05,18.32,64.03,5.8,45.01,Potato
101.28,47.65,48.5,19.66,78.08,6.27,67.36,Cauliflower
73.09,33.07,29.83,31.11,35.09,6.82,50.46,Pearl Millet
65.57,48.32,51.02,25.28,59.47,6.73,74.76,Okra
64.09,50.91,51.28,18.78,63.1,6.56,38.95,Garlic
105.08,55.64,86.65,30.53,89.48,5.32,301.92,Rubber
93.58,46.16,41.63,26.76,68.55,6.4,89.4,Maize
81.33,46.83,76.4,22.15,87.39,5.56,188.83,Pineapple
62.4,16.85,27.47,35.65,33.07,6.35,64.56,Sorghum
85.38,49.96,74.84,25.87,55.52,5.99,38.28,Onion
53.36,28.94,30.07,26.64,55.17,6.42,136.86,Finger Millet
100.55,50.04,95.03,26.27,60.71,6.83,92.66,Grapes
50.86,32.04,38.78,19.31,44.67,6.93,61.93,Linseed
109.04,52.46,102.28,29.12,67.64,6.71,188.42,Banana
121.82,68.81,133.72,29.53,84.91,6.76,116.51,Banana
73.26,51.08,109.89,30.17,75.29,6.59,203.33,Coconut
72.77,32.13,31.72,35.19,32.2,7.46,62.4,Pearl Millet
42.06,29.11,28.94,20.93,58.94,7.2,49.12,Linseed
33.0,33.1,34.35,29.42,58.3,6.78,68.63,Cowpea
77.86,31.46,65.65,22.32,63.27,6.28,44.34,Beetroot
64.63,36.44,28.92,25.46,70.81,7.27,96.38,Finger Millet
99.17,64.01,90.7,27.73,85.81,6.04,276.01,Rubber
75.8,38.12,21.58,18.15,51.47,6.51,74.57,Barley
49.48,28.41,21.2,25.46,48.02,7.46,43.64,Safflower
104.97,54.21,43.42,30.5,84.83,6.15,180.21,Rice
50.55,35.02,31.58,25.93,70.93,6.81,85.38,Black Gram
93.35,45.73,81.16,23.59,65.14,6.35,48.52,Cauliflower
58.71,27.78,61.17,32.17,74.78,6.46,63.46,Pumpkin
42.75,33.67,34.75,18.53,51.45,6.45,61.47,Chickpea
43.65,34.71,20.95,22.74,59.3,6.32,99.97,Niger Seed
77.02,59.52,74.4,25.48,77.37,5.36,145.07,Pineapple
106.68,59.63,42.56,28.51,70.23,6.5,101.42,Brinjal
69.46,50.41,71.19,28.14,58.68,6.68,55.93,Onion
30.16,24.82,31.37,28.63,48.85,6.38,61.92,Horse Gram
13.38,27.69,34.61,29.35,60.02,7.16,79.29,Cowpea
57.07,32.03,52.62,35.92,75.67,5.88,194.16,Cashew
60.01,34.12,33.84,25.32,52.6,6.35,91.67,Castor
76.61,46.81,56.15,27.32,62.91,6.63,66.07,Okra
76.08,33.18,81.08,27.56,72.19,6.71,118.69,Litchi
57.5,35.87,54.91,31.43,72.14,7.02,147.37,Cashew
77.31,39.02,80.05,20.25,60.06,5.72,126.54,Apple
59.25,31.89,26.64,27.6,41.29,6.66,71.36,Groundnut
84.75,40.33,22.16,23.02,76.27,6.48,61.32,Maize
36.25,26.45,34.86,21.21,50.72,6.14,85.52,Rajma
46.34,27.01,58.69,19.01,65.08,6.35,55.95,Beetroot
35.16,32.35,34.35,23.19,51.54,7.46,60.0,Chickpea
58.0,37.33,30.89,23.69,49.59,6.05,68.11,Chickpea
95.86,53.51,120.0,26.52,66.91,6.84,60.3,Grapes
45.36,22.82,23.02,21.13,52.85,7.23,73.35,Linseed
49.76,28.97,39.48,21.84,52.53,6.89,88.88,Niger Seed
73.48,41.75,25.09,21.13,50.77,6.9,38.82,Barley
36.98,28.12,39.4,33.05,59.69,6.55,81.29,Cowpea
87.75,54.28,80.91,18.8,67.6,5.91,60.69,Potato
97.95,64.48,52.36,31.09,55.72,6.99,72.96,Chilli
115.61,47.34,85.63,31.54,85.84,5.66,273.31,Rubber
79.17,37.62,98.74,29.79,50.33,6.73,76.92,Pomegranate
55.67,27.68,26.85,19.09,73.07,6.32,67.4,Finger Millet
21.33,23.76,31.72,32.66,57.55,7.22,53.39,Green Gram
115.38,74.01,87.07,31.98,85.86,4.95,253.59,Rubber
100.56,44.21,87.63,24.15,81.64,5.4,188.2,Pineapple
124.34,63.12,86.59,28.24,68.64,7.12,127.09,Orange
91.87,48.29,50.5,26.02,76.05,5.67,210.76,Rice
49.17,25.82,60.08,29.31,71.86,6.98,111.79,Pumpkin
50.99,28.84,28.89,29.51,58.56,7.19,45.69,Groundnut
87.52,58.9,58.43,30.13,63.54,7.45,81.71,Chilli
62.46,28.18,33.43,33.65,68.07,6.97,62.54,Black Gram
54.38,32.68,30.99,20.5,59.05,6.77,37.12,Radish
60.72,27.33,24.64,28.84,47.91,6.48,63.26,Groundnut
60.35,37.58,26.29,33.07,60.96,6.96,78.17,Castor
102.4,44.56,71.92,33.99,76.75,6.14,172.37,Arecanut
64.17,35.82,63.31,22.09,58.79,6.7,54.21,Carrot
53.86,22.98,47.38,23.24,68.03,6.33,56.66,Carrot
81.29,42.07,78.69,29.57,64.4,5.74,76.9,Guava
106.55,45.64,91.66,31.46,71.08,6.58,111.86,Papaya
68.39,38.35,53.71,15.55,58.57,6.48,55.29,Garlic
59.5,23.51,31.03,25.82,58.92,6.2,126.23,Finger Millet
84.31,32.48,101.73,29.44,79.08,5.65,241.28,Pineapple
36.34,18.9,30.26,22.24,47.24,7.11,59.67,Chickpea
112.22,86.16,106.99,26.48,71.19,6.85,157.44,Papaya
64.23,30.28,27.13,23.51,47.31,7.92,62.42,Pearl Millet
95.13,51.2,107.59,18.9,74.19,5.22,61.62,Potato
43.94,26.58,39.97,22.25,52.9,6.52,63.99,Rajma
74.8,32.27,35.1,19.26,49.83,7.46,44.99,Mustard
67.41,40.87,68.92,25.5,83.52,5.62,186.7,Pineapple
81.37,51.11,67.48,17.94,73.52,6.19,53.63,Cabbage
50.33,31.98,49.06,35.46,80.51,6.31,150.56,Cashew
109.88,69.31,67.45,26.18,58.15,7.25,60.74,Chilli
87.95,52.89,107.7,15.59,70.77,5.97,66.26,Potato
73.36,42.44,20.97,15.14,50.88,6.12,56.94,Barley
74.29,44.5,77.37,19.65,52.89,7.0,49.23,Garlic
81.13,47.0,27.57,15.31,52.18,6.99,89.16,Wheat
35.53,27.83,15.07,18.61,49.86,6.29,63.25,Linseed
66.7,27.06,31.96,33.09,24.32,7.43,57.64,Sorghum
39.36,34.16,26.51,18.23,47.35,6.83,52.53,Linseed
88.07,48.64,89.86,22.63,76.51,5.22,230.51,Pineapple
19.1,30.74,28.41,24.98,65.42,6.49,61.18,Rajma
53.93,52.01,73.73,30.19,64.93,5.74,97.01,Guava
23.07,39.02,29.58,24.35,47.33,6.5,90.54,Field Bean
80.07,44.39,81.22,30.29,80.22,5.43,183.49,Pineapple
119.24,43.89,85.08,34.92,81.52,5.92,347.21,Rubber
82.52,43.54,57.12,18.4,62.64,6.43,65.69,Onion
105.63,62.43,88.46,29.01,74.52,6.36,163.39,Papaya
57.53,50.9,54.68,13.71,47.47,7.0,51.95,Garlic
87.3,56.26,77.91,29.3,58.34,6.95,96.52,Grapes
63.87,45.93,93.61,17.11,64.81,6.08,125.91,Apple
39.93,21.92,24.79,23.6,56.82,6.09,62.5,Niger Seed
97.62,43.63,102.65,19.43,62.68,6.86,124.11,Orange
43.82,31.67,49.66,29.64,69.69,6.74,135.56,Cashew
35.44,38.47,35.99,14.23,45.61,6.92,46.22,Lentil
52.29,35.4,26.8,21.98,60.73,7.03,53.47,Radish
63.76,28.97,40.38,19.81,61.37,7.42,54.16,Beetroot
26.55,30.14,31.83,23.71,67.95,6.48,105.76,Niger Seed
26.91,27.4,41.16,24.89,62.61,7.18,76.05,Horse Gram
93.38,56.55,53.13,23.53,68.93,6.1,278.33,Rice
86.21,39.12,53.68,19.15,77.59,6.23,62.38,Cabbage
92.61,39.72,35.89,13.47,64.8,6.68,75.25,Wheat
91.47,45.36,26.4,23.02,51.42,6.66,55.44,Barley
96.31,47.37,24.63,21.16,63.22,6.91,67.6,Wheat
85.29,52.75,58.63,30.09,73.86,6.53,217.62,Arecanut
64.14,23.47,27.33,23.3,62.61,6.85,60.27,Foxtail Millet
68.85,24.26,22.34,23.55,47.92,7.26,49.36,Mustard
121.93,64.35,110.34,27.36,82.42,6.61,163.49,Banana
127.49,63.91,112.88,21.3,90.29,6.8,172.69,Banana
105.23,56.66,86.29,21.86,79.71,7.22,154.63,Orange
94.6,47.5,82.69,29.02,57.57,6.55,97.89,Grapes
78.85,49.86,68.76,21.72,73.56,6.41,58.09,Cabbage
39.45,39.99,30.65,29.94,67.93,7.03,95.31,Kodo Millet
64.28,43.08,52.0,28.69,70.85,6.9,72.3,Cucumber
42.55,24.9,23.26,23.94,55.53,6.93,73.76,Chickpea
33.4,22.46,26.24,32.54,58.27,5.86,81.11,Cowpea
42.78,28.96,28.57,21.77,53.04,6.26,74.06,Radish
60.59,43.22,78.21,20.68,82.51,4.69,213.67,Pineapple
74.57,38.91,23.4,14.31,53.8,6.34,41.9,Mustard
85.29,50.35,78.5,28.1,75.96,4.27,260.51,Tea
47.54,34.0,32.72,23.71,64.88,6.8,30.23,Sunflower
80.52,35.19,60.49,26.96,65.89,6.81,97.24,Pumpkin
105.19,61.62,78.64,22.38,66.69,6.52,101.8,Tomato
42.08,31.67,24.08,16.82,45.5,6.76,36.45,Lentil
70.25,54.97,57.84,28.7,61.16,6.31,105.54,Guava
33.34,26.07,24.98,20.01,59.8,6.41,137.18,Field Bean
57.98,44.06,49.71,26.7,62.06,7.14,84.88,Okra
64.14,35.66,102.66,11.26,61.48,6.47,109.69,Apple
49.85,31.84,27.2,21.69,52.5,6.53,83.33,Linseed
42.73,20.9,30.93,19.77,54.93,5.56,58.34,Radish
72.86,46.54,87.21,24.44,79.79,5.69,217.02,Coffee
43.66,31.57,28.83,21.54,61.67,6.86,57.4,Sunflower
90.19,55.09,90.33,34.75,71.72,6.74,240.25,Coconut
117.78,56.33,73.74,19.29,75.31,5.95,87.21,Cauliflower
90.46,47.6,74.45,10.56,57.69,6.25,119.96,Apple
91.97,42.74,63.41,28.04,53.5,6.27,108.61,Guava
44.64,32.36,54.51,25.14,70.65,6.87,84.3,Pumpkin
39.32,29.25,28.33,29.93,47.27,7.14,113.93,Red Gram
67.15,37.03,26.67,24.74,40.9,6.96,66.43,Pearl Millet
29.48,25.74,23.4,31.03,59.6,6.52,67.48,Horse Gram
46.74,29.38,33.07,19.44,49.76,7.26,41.59,Mustard
39.49,32.98,27.54,21.71,51.77,6.81,82.31,Field Bean
86.0,42.68,73.4,26.88,87.31,5.3,82.3,Pineapple
54.87,49.7,53.96,25.21,58.66,7.22,58.56,Garlic
148.72,69.05,134.78,26.89,86.1,6.18,119.38,Banana
38.35,30.12,39.18,16.86,48.04,6.48,46.8,Lentil
36.82,30.14,26.41,31.29,60.26,6.24,69.7,Cowpea
137.41,54.28,100.95,27.46,83.81,6.95,199.38,Banana
68.85,25.31,30.93,27.69,47.04,7.1,73.6,Castor
37.49,33.76,32.6,33.11,57.4,5.99,44.34,Cowpea
62.98,28.98,32.46,31.52,44.97,6.92,52.02,Pearl Millet
46.57,25.66,32.5,19.36,53.83,6.65,67.9,Chickpea
71.18,40.72,105.01,5.11,56.5,6.4,89.79,Apple
106.93,52.33,52.8,20.28,84.13,4.91,207.39,Tea
43.37,23.84,50.92,28.93,73.39,5.23,188.23,Cashew
34.03,27.03,34.1,20.85,51.9,6.52,80.37,Rajma
52.52,28.97,20.23,26.1,63.82,6.7,90.71,Finger Millet
81.34,47.02,88.95,23.92,53.8,6.64,76.71,Pomegranate
82.3,45.49,66.53,17.89,67.76,7.22,48.17,Garlic
51.37,32.45,34.31,23.52,63.07,6.23,90.58,Soybean
60.1,19.16,25.24,13.66,51.2,6.1,45.2,Mustard
65.71,48.12,86.4,26.12,76.98,6.41,203.96,Arecanut
81.98,42.15,88.97,21.35,85.27,6.06,259.41,Pineapple
66.36,29.1,21.94,30.94,39.25,6.94,75.54,Pearl Millet
66.94,38.93,61.39,23.45,57.61,6.74,38.57,Garlic
77.68,54.12,46.12,29.93,70.84,6.39,81.44,Cucumber
87.69,32.22,79.63,29.13,81.63,5.67,244.37,Pineapple
64.6,30.76,28.96,17.8,65.3,7.53,54.28,Radish
44.73,26.83,32.49,26.47,46.04,5.79,72.99,Red Gram
33.54,33.24,31.49,32.87,62.07,6.05,99.81,Black Gram
79.47,57.44,35.77,23.86,61.98,6.36,137.67,Maize
119.74,70.97,115.79,31.61,77.51,7.01,161.55,Banana
88.7,50.26,61.09,27.28,76.37,4.68,245.17,Tea
84.14,40.67,28.2,17.54,54.21,7.33,80.19,Barley
69.58,31.75,27.08,26.8,47.54,6.74,84.27,Castor
56.5,38.43,27.05,29.9,29.67,7.15,67.41,Pearl Millet
26.11,34.61,37.31,13.95,41.74,7.16,36.15,Peas
51.16,27.41,69.72,32.31,67.69,6.63,83.82,Bottle Gourd
75.46,27.67,24.45,27.17,61.58,6.83,65.79,Sunflower
65.25,47.75,54.4,29.19,74.6,6.72,67.33,Cucumber
41.56,28.8,29.32,23.83,53.79,6.25,93.56,Foxtail Millet
24.71,32.69,36.44,32.88,44.91,6.76,55.1,Pearl Millet
98.97,66.86,92.68,19.93,71.44,5.22,76.56,Potato
48.7,33.39,23.58,26.96,51.18,6.87,97.95,Castor
53.16,24.42,58.87,30.89,70.96,5.87,235.82,Cashew
95.4,78.98,84.55,29.29,75.2,6.8,161.6,Papaya
92.62,41.79,110.71,28.86,60.48,6.07,165.88,Orange
51.28,34.8,17.19,28.69,62.36,6.98,49.97,Groundnut
99.14,37.51,33.48,15.71,54.66,7.37,68.82,Barley
74.52,91.81,75.68,25.05,69.71,5.64,145.49,Orange
39.88,19.71,25.08,25.06,65.1,6.48,73.94,Cowpea
63.11,41.56,27.84,26.75,62.78,6.81,63.99,Sunflower
37.5,27.53,28.15,30.72,60.75,5.8,80.26,Sesame
58.17,37.54,26.78,24.24,46.04,7.23,95.72,Little Millet
123.75,60.44,123.05,28.6,76.54,7.24,159.04,Banana
102.96,47.4,46.62,24.51,84.52,6.04,257.66,Rice
52.85,31.11,28.98,24.69,65.49,6.43,88.8,Finger Millet
76.52,21.27,72.08,20.76,62.93,6.48,65.57,Beetroot
80.25,52.55,69.53,21.84,71.55,6.85,72.35,Cauliflower
34.81,34.08,35.05,19.0,46.14,6.8,72.76,Linseed
79.6,43.16,27.8,22.04,53.3,6.89,66.81,Barley
32.55,28.36,36.93,30.39,59.07,6.87,78.7,Sesame
98.69,78.15,97.43,23.83,60.31,7.12,146.67,Orange
88.03,53.83,110.35,23.76,67.72,6.58,82.69,Grapes
100.92,46.4,95.62,24.97,79.8,5.91,243.0,Arecanut
30.9,37.08,18.81,31.25,48.91,5.9,52.22,Horse Gram
108.41,67.42,89.23,18.27,61.1,6.9,54.91,Potato
103.56,78.39,74.08,32.01,98.54,5.49,235.1,Rubber
115.09,56.44,33.41,31.97,63.11,6.37,93.34,Brinjal
57.16,39.73,76.49,30.87,71.14,6.28,155.77,Litchi
78.22,55.49,50.45,27.32,68.3,6.18,76.71,Cucumber
34.03,32.44,25.42,30.6,59.03,6.97,89.48,Field Bean
80.95,61.01,84.28,22.51,73.74,6.67,80.64,Tomato
46.97,34.5,27.41,29.5,47.95,5.82,51.59,Safflower
38.69,30.71,34.69,28.33,61.01,6.89,106.74,Niger Seed
51.75,29.2,26.05,27.51,62.11,6.51,108.98,Finger Millet
66.97,23.34,32.99,23.12,58.45,6.59,62.81,Radish
86.23,50.98,56.69,22.46,73.91,6.75,92.82,Cabbage
97.64,69.28,110.13,28.48,65.35,6.73,138.11,Orange
62.96,28.49,16.38,24.21,47.63,6.33,68.94,Castor
76.53,86.01,60.43,22.68,53.88,6.94,87.07,Chilli
93.88,43.2,66.66,23.92,91.32,4.44,187.8,Tea
31.25,31.81,35.58,25.19,55.47,6.45,98.95,Rajma
97.68,48.63,62.55,19.53,71.02,6.15,73.64,Cauliflower
75.76,50.44,88.21,29.61,83.61,6.73,227.86,Arecanut
104.12,61.22,85.94,30.42,93.37,6.44,262.17,Rubber
65.9,37.41,30.51,16.4,52.14,6.88,54.94,Mustard
108.86,35.18,27.31,18.16,53.33,6.92,62.79,Wheat
88.07,54.62,55.09,28.68,74.97,5.11,219.54,Tea
58.03,30.63,24.61,29.19,55.24,7.26,77.72,Sunflower
36.7,30.5,25.13,24.41,42.1,6.88,62.98,Chickpea
47.92,31.34,70.69,29.23,69.98,6.23,89.64,Pumpkin
96.74,55.1,68.46,18.47,64.23,6.37,54.52,Cauliflower
68.97,26.91,69.55,25.92,76.16,6.51,60.47,Pumpkin
36.96,31.89,29.04,26.81,34.85,7.0,47.95,Safflower
69.51,31.1,23.48,24.55,70.46,6.7,74.75,Maize
97.49,51.96,35.85,18.2,59.26,6.45,44.0,Wheat
36.44,24.71,38.06,29.89,65.42,5.62,79.82,Cowpea
96.23,49.22,81.09,22.99,57.42,6.09,149.71,Orange
80.55,53.34,46.12,22.56,62.0,6.67,101.74,Okra
76.5,56.03,60.38,27.56,62.84,5.92,112.53,Guava
60.64,22.13,25.62,37.54,45.82,6.99,53.69,Sorghum
67.18,22.35,24.01,33.21,61.07,6.59,77.43,Sorghum
48.28,40.76,25.82,23.45,50.32,7.01,44.8,Linseed
36.62,35.09,32.85,10.05,51.9,7.49,46.93,Peas
64.86,47.17,55.02,19.75,58.03,6.49,35.79,Garlic
85.73,43.56,26.68,13.07,56.81,7.02,52.23,Wheat
79.94,42.03,78.72,21.22,77.13,4.63,159.02,Pineapple
39.16,25.43,26.65,27.79,61.0,6.63,81.97,Cowpea
50.84,32.89,62.61,18.44,57.55,6.25,62.22,Beetroot
67.46,24.58,50.83,19.44,66.37,6.43,54.4,Beetroot
66.02,22.24,22.94,32.52,48.86,6.13,66.98,Pearl Millet
99.54,76.42,56.69,27.83,65.15,6.85,65.34,Tomato
88.57,46.58,62.23,20.66,62.63,6.57,77.64,Cabbage
85.39,50.79,65.78,18.93,67.64,7.1,51.31,Cauliflower
39.6,34.19,30.42,30.95,53.76,5.91,47.33,Sesame
45.8,33.14,80.73,25.92,68.98,6.66,81.27,Bottle Gourd
108.72,49.6,94.11,27.87,72.99,6.71,163.48,Mango
121.5,43.31,106.96,28.74,54.28,5.83,153.59,Mango
46.77,38.12,19.96,25.91,61.05,6.83,121.56,Foxtail Millet
63.62,44.83,65.99,22.57,82.57,6.07,187.99,Coffee
145.68,65.36,117.63,27.14,81.26,7.49,163.12,Banana
47.46,26.25,32.08,18.47,46.03,6.85,43.13,Linseed
76.54,38.68,31.5,19.87,44.06,6.73,68.47,Barley
94.92,39.77,26.68,16.01,63.3,7.8,55.56,Wheat
95.71,68.61,78.3,19.9,71.4,5.73,69.58,Potato
43.13,37.99,30.57,22.31,49.69,6.91,99.93,Soybean
123.49,40.91,62.1,28.38,68.1,5.95,113.03,Brinjal
75.18,40.48,91.76,33.85,73.74,6.72,146.9,Litchi
80.97,43.07,35.98,19.52,52.87,6.5,59.6,Wheat
87.64,50.24,77.67,28.8,75.98,5.96,192.78,Arecanut
79.88,45.97,45.8,18.81,61.22,6.38,78.62,Cabbage
68.07,21.6,57.45,34.45,79.95,6.68,56.39,Bottle Gourd
108.59,56.08,104.19,35.09,74.81,7.31,184.37,Coconut
58.47,34.3,38.3,25.24,60.73,6.51,71.8,Castor
83.24,32.91,90.84,24.56,67.18,6.76,129.58,Guava
106.81,57.84,56.08,26.29,75.51,6.48,84.68,Tomato
30.64,36.27,25.73,24.4,58.17,7.23,83.58,Niger Seed
24.13,26.68,27.61,16.87,52.49,6.98,55.26,Lentil
87.86,42.2,37.65,15.18,40.78,6.92,68.88,Wheat
86.27,58.74,72.43,8.97,59.93,5.95,119.05,Apple
44.71,35.62,27.73,31.33,47.85,6.85,138.0,Red Gram
78.54,54.36,52.68,22.16,63.09,7.14,65.21,Chilli
88.44,38.49,35.6,27.46,66.85,6.77,67.63,Maize
56.4,25.83,33.07,20.91,43.13,6.88,43.26,Linseed
39.91,25.25,31.68,24.5,50.18,6.95,97.41,Little Millet
36.66,31.57,27.25,17.85,52.53,6.6,60.69,Lentil
62.99,51.68,61.74,18.32,58.62,6.3,44.92,Onion
105.0,58.89,66.51,25.83,56.76,5.71,69.86,Tomato
47.33,28.29,31.21,21.42,43.14,6.85,74.6,Chickpea
99.48,42.91,25.79,13.69,54.0,5.72,49.15,Barley
94.36,71.46,55.89,23.34,58.75,6.61,98.38,Tomato
30.81,34.61,35.75,21.39,52.4,6.25,91.91,Field Bean
41.37,29.39,41.79,29.98,43.37,6.44,92.8,Pearl Millet
114.19,71.76,92.14,24.78,68.82,6.06,102.51,Orange
78.98,66.3,67.1,29.21,78.13,6.62,107.38,Brinjal
66.03,30.02,64.86,30.63,65.68,6.67,64.5,Pumpkin
96.39,25.64,52.26,27.4,69.91,6.19,175.47,Cashew
78.11,65.58,65.92,19.14,65.49,6.63,70.09,Onion
75.42,52.19,69.65,20.5,81.94,5.73,160.63,Coffee
66.71,48.47,74.53,12.67,57.97,6.15,102.14,Apple
49.74,32.78,32.86,25.36,68.32,6.92,114.77,Soybean
50.2,38.55,58.66,19.17,59.24,6.1,51.62,Carrot
98.35,38.93,37.11,20.28,52.49,6.7,73.02,Wheat
114.84,43.19,115.94,32.53,75.81,7.57,143.36,Coconut
96.51,51.0,54.91,16.85,68.4,6.58,52.37,Cabbage
32.64,27.93,28.61,20.7,44.97,6.78,51.4,Lentil
83.8,70.96,69.33,20.19,74.52,6.16,51.03,Tomato
99.52,55.46,90.45,27.45,62.64,6.45,148.01,Orange
72.86,29.36,44.91,25.04,77.3,6.05,219.02,Coffee
97.31,58.31,85.53,29.12,88.05,6.25,253.1,Rubber
99.04,64.16,97.82,19.8,72.84,6.0,64.83,Potato
102.45,44.49,43.15,26.01,77.66,4.48,282.19,Tea
61.59,33.04,32.66,26.39,46.98,6.93,72.53,Foxtail Millet
66.93,30.47,66.76,25.54,60.98,6.55,99.45,Pumpkin
75.14,51.72,89.13,30.12,54.73,5.83,90.02,Pomegranate
92.92,70.75,104.17,20.92,68.59,5.94,111.05,Orange
57.31,27.95,32.59,19.41,63.14,6.69,71.64,Radish
97.25,42.14,45.93,24.22,70.13,6.41,63.08,Cauliflower
52.51,25.03,39.87,28.65,41.63,7.4,75.31,Pearl Millet
90.02,39.56,96.86,25.68,82.19,5.94,203.91,Arecanut
98.28,58.94,84.14,25.75,63.84,6.13,142.34,Orange
54.19,28.51,58.42,21.33,48.83,7.22,34.11,Beetroot
39.99,30.7,28.18,28.04,41.81,5.99,85.79,Kodo Millet
44.0,30.42,24.91,32.0,41.3,6.33,83.78,Groundnut
86.22,34.91,38.64,12.89,40.86,6.51,75.27,Wheat
21.81,20.56,34.8,29.2,63.99,6.65,64.53,Green Gram
52.54,33.75,32.38,29.09,49.73,6.01,104.02,Foxtail Millet
55.5,28.09,36.17,32.98,43.54,5.89,47.19,Pearl Millet
104.01,41.45,32.0,10.1,58.63,6.13,46.08,Wheat
109.19,60.47,45.51,27.59,63.46,6.83,94.54,Brinjal
34.01,37.95,30.97,27.75,58.2,6.37,115.6,Red Gram
41.49,23.83,26.79,20.26,55.54,7.1,55.49,Safflower
46.29,24.41,61.85,25.72,76.89,6.85,77.6,Bottle Gourd
57.55,32.69,24.67,20.72,68.81,6.1,94.2,Finger Millet
31.07,29.66,36.88,30.49,54.56,6.16,72.74,Kodo Millet
74.73,26.5,32.56,28.97,42.97,6.42,113.89,Castor
105.65,52.57,97.36,37.09,73.75,6.39,266.16,Coconut
66.12,48.4,76.64,18.28,75.5,6.52,188.33,Coffee
31.17,27.79,27.73,21.56,58.3,7.1,62.85,Peas
107.19,64.77,107.82,26.65,55.46,6.46,126.14,Orange
61.94,26.81,34.31,26.2,59.91,6.78,66.04,Sunflower
44.13,26.03,26.3,18.32,45.93,6.72,68.36,Lentil
95.07,61.0,105.24,28.47,64.26,5.69,156.96,Orange
87.53,75.51,70.87,31.04,78.55,5.52,196.81,Rubber
72.04,38.52,37.7,28.08,60.97,6.82,48.02,Okra
36.83,32.17,28.09,29.2,44.02,6.37,59.55,Horse Gram
94.83,49.42,67.47,21.67,82.47,5.57,145.66,Coffee
44.77,32.63,23.06,30.37,53.36,7.0,94.07,Groundnut
68.61,31.31,66.61,29.37,74.1,6.33,59.23,Pumpkin
94.35,52.01,61.98,20.45,75.78,6.45,78.67,Cabbage
38.09,34.54,35.13,25.43,40.76,6.58,97.2,Little Millet
89.47,58.2,92.86,26.13,73.77,6.49,179.41,Papaya
87.96,47.56,94.15,26.94,80.42,5.0,166.57,Pineapple
61.39,52.76,80.13,21.89,61.18,6.86,47.82,Garlic
69.93,36.44,81.47,28.79,66.44,6.39,104.19,Guava
65.44,40.22,29.43,14.2,46.32,7.18,60.68,Barley
62.16,30.95,68.59,29.37,64.81,6.45,136.82,Cashew
96.95,66.6,115.36,27.57,61.74,6.2,154.3,Papaya
85.97,46.93,94.09,25.86,65.51,6.53,149.95,Mango
38.79,31.1,31.61,27.83,80.81,6.58,64.33,Black Gram
32.01,24.62,25.53,22.0,55.11,6.66,65.21,Lentil
70.1,35.44,33.24,28.36,44.99,5.97,91.32,Castor
85.89,21.95,52.24,20.79,60.02,7.14,59.49,Beetroot
26.34,28.84,33.81,22.36,51.46,6.39,69.27,Cowpea
90.68,43.85,66.76,27.52,49.13,6.56,62.5,Pomegranate
97.99,53.79,46.9,25.33,78.2,6.7,70.2,Brinjal
106.71,63.42,83.93,30.84,90.04,6.5,210.71,Arecanut
81.68,46.99,95.17,27.67,61.53,6.23,136.82,Orange
38.11,31.27,33.29,26.55,38.63,6.06,78.21,Horse Gram
37.58,27.01,29.7,20.96,54.81,6.3,99.46,Rajma
89.02,58.24,76.25,27.51,78.81,6.98,61.46,Tomato
32.0,35.77,26.8,25.02,62.85,5.92,89.55,Niger Seed
63.69,27.38,77.53,33.32,64.61,7.49,114.78,Guava
107.31,60.17,49.49,24.17,69.08,6.89,106.6,Tomato
56.83,32.14,55.93,23.99,59.03,5.98,51.19,Beetroot
108.28,45.83,98.98,22.22,51.68,6.94,58.97,Grapes
46.99,27.9,27.21,21.1,51.93,6.47,57.89,Lentil
44.21,26.71,26.67,17.32,53.47,6.32,43.29,Mustard
85.29,54.64,51.39,26.78,85.07,6.24,174.37,Rice
86.43,69.49,51.08,27.47,59.83,6.64,73.96,Chilli
78.22,42.85,58.62,32.8,64.56,7.42,66.06,Okra
80.19,40.07,46.71,29.58,68.33,6.8,76.42,Cucumber
106.19,46.06,89.75,26.87,86.21,6.56,192.94,Arecanut
82.1,42.02,81.48,21.62,60.17,6.14,86.76,Apple
67.33,45.06,28.3,27.19,62.5,6.66,108.08,Maize
105.01,52.62,49.72,22.43,71.7,6.49,73.8,Cauliflower
72.18,50.86,60.21,20.79,61.76,6.41,50.29,Onion
53.35,37.48,25.26,18.38,48.43,7.69,39.22,Mustard
95.79,38.14,39.62,19.05,58.94,6.99,79.52,Wheat
76.7,48.22,47.57,28.84,74.58,6.41,75.66,Cucumber
32.89,24.58,27.93,27.41,67.36,6.51,85.09,Niger Seed
30.99,31.85,32.24,25.37,54.27,6.42,79.22,Field Bean
114.76,54.37,109.41,34.16,73.24,6.14,105.28,Papaya
74.88,60.09,81.44,23.05,59.2,5.77,82.54,Pomegranate
78.98,64.29,68.89,22.12,63.7,6.34,78.22,Brinjal
48.17,27.08,30.4,23.68,37.8,6.7,102.48,Little Millet
43.25,22.97,36.28,17.3,59.94,6.8,87.48,Rajma
63.3,27.6,27.68,30.86,27.49,7.87,65.71,Pearl Millet
51.31,27.94,26.78,25.97,60.85,6.34,72.95,Sunflower
89.64,49.35,62.97,18.21,77.49,6.11,66.29,Cauliflower
124.76,59.87,63.47,28.78,68.95,6.34,83.25,Chilli
24.43,29.78,23.1,31.19,55.53,6.82,74.49,Horse Gram
48.87,24.86,20.87,21.64,69.48,6.34,64.7,Kodo Millet
74.34,52.07,68.45,26.97,75.53,6.22,119.59,Guava
64.21,22.97,69.18,32.53,72.13,7.13,76.27,Pumpkin
48.43,31.69,36.41,31.2,61.56,7.45,51.98,Green Gram
114.14,48.11,53.4,21.56,67.21,6.92,74.13,Cauliflower
69.69,25.08,33.36,20.76,67.25,6.31,133.1,Finger Millet
78.41,46.04,75.59,8.54,62.31,5.46,95.84,Apple
84.94,45.67,97.9,24.45,74.69,5.91,180.53,Litchi
19.61,38.56,29.88,31.35,67.21,7.13,74.48,Green Gram
141.65,63.52,136.11,32.21,72.29,6.62,192.4,Banana
77.08,22.32,62.88,25.73,68.7,6.32,123.67,Cashew
127.33,79.92,106.73,29.32,78.32,7.29,158.21,Banana
82.37,27.52,80.8,26.52,73.76,6.82,121.95,Guava
50.87,35.91,30.29,19.72,48.5,6.42,50.3,Linseed
68.64,39.05,42.78,28.27,72.61,5.48,68.97,Okra
85.1,47.85,56.09,20.15,82.32,5.63,241.65,Coffee
114.18,58.86,81.46,30.49,86.83,5.53,228.51,Coconut
74.8,44.39,90.99,31.8,71.01,6.43,223.12,Litchi
66.63,28.34,27.68,25.73,51.82,6.86,65.04,Sunflower
56.24,54.31,53.66,15.27,62.52,7.14,37.19,Garlic
42.53,30.58,30.39,33.06,71.04,6.6,131.77,Red Gram
52.3,40.25,60.3,31.45,66.73,6.48,197.89,Cashew
17.17,29.62,30.4,20.02,52.22,6.96,73.64,Lentil
36.49,23.84,23.27,17.92,63.09,6.6,89.16,Rajma
41.28,40.16,31.28,23.26,49.16,6.35,67.89,Linseed
115.45,46.86,64.97,30.11,83.02,5.01,306.47,Rubber
39.67,30.81,28.51,18.33,51.53,6.41,52.72,Linseed
76.17,50.41,46.86,28.57,66.27,6.58,58.7,Okra
50.21,33.01,36.5,25.8,59.76,6.63,85.67,Castor
49.32,25.0,27.98,26.9,63.76,6.42,102.14,Green Gram
38.88,26.83,24.48,13.77,46.55,7.0,48.12,Mustard
62.25,31.2,26.37,26.44,54.68,7.11,85.82,Groundnut
27.04,27.53,25.47,27.93,52.57,6.87,58.0,Chickpea
99.67,41.44,120.87,27.91,77.53,6.84,181.45,Mango
44.71,31.97,22.1,19.68,41.6,6.53,78.16,Safflower
98.35,43.98,62.8,20.03,83.02,5.22,183.59,Coffee
34.22,17.87,26.87,34.46,48.52,7.26,98.61,Sesame
82.22,58.2,103.24,31.58,65.06,6.98,157.66,Orange
64.42,32.01,27.35,26.99,55.6,6.51,35.2,Mustard
88.7,32.49,84.22,28.31,66.69,6.29,210.81,Litchi
42.42,28.19,32.69,29.66,63.45,6.94,106.19,Black Gram
92.54,57.21,114.85,17.53,64.79,6.81,155.64,Orange
47.45,28.94,36.6,15.84,55.77,7.45,62.5,Radish
86.44,47.75,82.86,23.16,68.1,6.8,77.22,Cabbage
103.68,64.03,94.51,30.05,84.74,5.1,148.35,Rubber
60.69,37.02,49.1,29.4,64.88,5.85,216.87,Cashew
47.49,27.09,23.05,25.79,38.63,6.5,113.14,Foxtail Millet
89.42,50.32,75.5,21.94,76.81,6.09,214.28,Arecanut
131.37,57.45,116.59,29.11,76.25,6.83,225.13,Banana
79.79,62.01,55.84,27.39,61.94,6.49,101.84,Chilli
50.87,25.73,42.15,26.7,61.46,5.71,88.01,Finger Millet
51.42,35.44,30.28,18.43,37.57,6.91,39.48,Safflower
64.66,54.72,67.85,26.3,50.31,6.71,80.61,Pomegranate
87.05,69.93,52.21,23.82,70.46,6.58,79.9,Tomato
38.77,36.15,36.13,24.7,56.52,5.87,78.46,Niger Seed
81.36,51.19,56.46,17.72,77.46,4.9,167.85,Coffee
66.34,68.81,42.64,37.45,69.53,6.73,104.17,Brinjal
64.39,24.09,32.96,28.25,65.08,6.53,48.35,Castor
78.16,70.29,67.74,18.83,72.71,6.63,103.19,Tomato
42.77,30.26,28.19,16.0,54.79,7.03,52.85,Lentil
43.54,33.57,57.66,26.32,69.33,6.65,110.38,Bottle Gourd
23.87,24.24,27.62,23.5,69.8,6.75,111.01,Field Bean
43.32,27.85,32.34,20.16,47.48,6.3,49.62,Linseed
98.39,40.51,69.04,15.95,75.83,6.65,81.15,Cauliflower
53.39,27.62,27.01,35.23,63.58,6.83,81.39,Groundnut
88.55,50.36,58.42,18.8,69.49,6.81,64.19,Cauliflower
64.88,22.73,27.27,23.22,58.55,7.04,66.64,Sunflower
66.09,23.63,25.95,20.5,50.02,7.14,70.29,Chickpea
34.0,33.39,24.44,31.71,54.49,7.23,77.56,Red Gram
101.78,50.64,78.69,22.31,72.86,6.39,65.61,Cauliflower
38.77,35.12,28.76,24.78,55.38,7.32,100.78,Niger Seed
65.79,43.69,38.82,18.88,68.21,6.65,77.04,Onion
74.47,29.48,31.82,30.51,49.53,6.75,104.19,Castor
46.67,28.47,20.59,23.1,48.58,7.43,58.66,Chickpea
51.61,35.43,35.22,19.67,42.0,6.4,62.78,Linseed
45.45,31.47,29.61,27.29,56.49,7.23,68.79,Black Gram
94.09,44.09,120.61,28.82,74.89,5.7,232.13,Coconut
31.28,28.18,29.92,28.34,56.98,5.87,58.96,Horse Gram
94.8,50.31,99.68,33.57,68.01,6.36,142.53,Papaya
102.32,52.07,50.86,32.4,79.18,6.12,168.85,Rice
90.41,46.51,51.21,30.22,68.44,6.58,259.97,Rice
75.36,44.3,40.86,25.87,59.63,7.09,117.47,Maize
41.08,35.58,32.71,19.71,65.97,6.87,62.27,Peas
55.21,29.08,32.22,25.61,54.28,6.67,91.92,Finger Millet
116.59,59.75,94.5,28.39,77.8,5.63,271.24,Coconut
63.1,37.32,35.13,24.15,77.08,6.66,57.41,Bottle Gourd
40.31,39.42,34.08,25.76,56.65,6.38,108.7,Foxtail Millet
69.92,34.83,24.94,16.83,65.82,6.74,40.7,Barley
63.13,85.52,54.61,17.92,75.62,6.16,69.16,Tomato
112.55,35.35,76.17,22.2,89.1,5.66,233.88,Tea
79.82,42.47,94.16,23.8,76.38,4.85,153.42,Pineapple
59.51,29.52,15.26,27.18,52.97,6.75,96.05,Groundnut
41.16,32.04,38.49,22.59,49.89,6.61,67.01,Chickpea
93.06,49.66,116.7,26.15,85.04,6.07,282.6,Coconut
102.35,35.04,31.53,13.8,51.26,6.89,86.62,Wheat
98.05,63.23,99.08,21.12,63.17,6.37,59.51,Potato
49.2,36.02,56.38,27.96,70.69,6.58,96.71,Bottle Gourd
78.96,47.31,40.1,29.06,75.92,6.24,92.9,Cucumber
69.82,29.74,64.22,21.12,57.51,6.94,60.04,Beetroot
91.67,54.03,69.15,25.32,57.08,6.97,74.44,Chilli
56.47,33.53,22.4,25.78,45.05,6.14,60.15,Sunflower
96.91,59.46,68.2,32.75,89.14,5.32,331.79,Rubber
67.31,29.41,25.93,28.86,45.65,7.3,68.11,Pearl Millet
30.23,25.44,32.77,22.64,55.37,6.85,52.54,Chickpea
92.78,52.62,86.04,30.08,57.36,6.69,171.51,Mango
58.83,23.84,34.49,30.11,71.41,7.34,81.05,Black Gram
45.59,26.81,32.19,25.15,52.65,6.23,77.36,Cowpea
88.39,60.98,106.5,29.43,52.72,5.83,170.26,Mango
99.43,43.94,33.66,18.46,52.2,6.99,48.35,Wheat
56.39,35.58,56.66,24.87,74.26,7.38,84.06,Pumpkin
56.38,18.32,61.39,15.35,60.53,6.6,68.09,Beetroot
104.77,49.84,48.12,16.04,69.39,6.32,100.22,Cabbage
76.77,32.19,98.94,21.83,61.03,5.35,101.44,Guava
70.39,32.82,27.95,30.34,41.7,6.49,68.95,Pearl Millet
28.51,19.67,35.49,20.3,51.69,6.71,44.49,Lentil
84.73,35.18,85.23,25.83,64.77,6.57,51.66,Pomegranate
53.12,37.66,58.93,31.58,69.12,7.29,94.77,Pumpkin
85.59,51.97,53.64,20.15,70.34,6.34,59.27,Onion
59.33,31.57,34.74,33.65,47.44,6.53,72.19,Sorghum
87.56,46.91,28.73,22.52,48.48,6.34,56.62,Barley
94.85,45.74,25.42,20.01,42.96,6.47,51.64,Wheat
65.91,39.49,78.9,31.8,65.43,6.36,182.9,Cashew
66.78,25.29,84.82,28.31,69.39,6.43,140.01,Guava
48.76,38.65,31.13,28.41,62.87,6.52,89.75,Foxtail Millet
118.77,50.66,49.41,28.18,88.26,5.98,127.43,Rice
81.16,58.26,49.9,21.79,84.12,6.28,160.15,Coffee
83.01,42.54,29.37,9.59,56.4,6.87,75.05,Wheat
43.87,40.27,39.81,35.19,50.56,5.69,79.17,Cowpea
104.15,57.22,102.19,23.17,64.43,5.75,52.01,Potato
75.9,42.79,38.31,22.77,71.06,6.48,80.86,Maize
67.74,38.0,25.54,12.69,42.73,6.31,45.29,Mustard
42.37,31.76,30.76,21.46,63.51,6.12,46.02,Lentil
88.03,51.43,60.15,30.51,60.23,6.51,116.45,Brinjal
41.0,28.81,37.46,28.02,49.3,6.8,113.32,Red Gram
69.84,47.98,59.45,28.2,58.53,6.78,65.02,Onion
27.8,31.18,31.15,18.09,57.69,6.65,97.78,Rajma
83.39,42.31,39.7,28.71,83.67,6.92,90.68,Maize
52.16,32.81,31.73,35.49,65.97,6.92,98.82,Black Gram
32.71,29.31,32.13,19.18,38.83,6.02,57.04,Safflower
80.66,50.37,32.43,23.78,63.59,6.7,124.09,Maize
27.14,37.29,29.58,33.39,49.39,6.4,73.99,Sesame
64.88,32.06,61.15,23.61,86.51,5.62,203.26,Coffee
124.61,65.96,138.81,32.4,86.45,7.0,109.96,Banana
72.66,55.66,44.15,18.03,56.54,6.76,61.99,Garlic
64.2,35.5,26.24,27.33,50.78,6.62,117.18,Sunflower
75.33,38.84,46.84,26.81,67.89,6.49,93.79,Cucumber
81.48,45.12,86.69,23.49,80.63,6.32,200.38,Litchi
74.35,39.9,78.35,23.23,70.54,5.81,150.16,Litchi
48.43,29.67,65.76,17.47,63.43,6.25,62.1,Beetroot
100.28,50.58,99.55,33.05,68.02,6.76,86.17,Grapes
51.83,16.79,28.94,23.73,52.59,7.43,63.97,Groundnut
65.7,30.28,29.3,23.28,79.7,7.04,73.23,Soybean
105.83,40.73,25.02,15.16,55.8,6.61,78.92,Wheat
91.69,35.92,23.25,19.81,43.45,6.84,66.79,Wheat
42.63,31.74,22.42,31.85,32.85,6.47,99.79,Kodo Millet
15.43,17.89,33.83,16.21,55.21,6.53,68.54,Peas
69.25,44.41,59.34,29.11,77.01,6.45,161.26,Coffee
72.32,77.41,80.14,24.14,66.31,5.87,138.49,Orange
51.8,30.95,21.47,21.05,54.75,7.46,35.41,Radish
68.31,26.79,31.65,29.39,43.14,6.07,56.0,Sorghum
64.58,35.06,35.38,26.73,49.65,6.74,74.95,Pearl Millet
50.15,22.64,30.53,31.15,38.44,7.24,59.45,Castor
77.2,53.32,72.28,27.88,68.33,5.92,126.43,Guava
97.06,34.84,38.14,18.54,65.1,6.22,82.33,Wheat
112.87,58.62,75.68,27.55,83.98,6.15,175.96,Arecanut
107.28,66.45,102.28,30.47,77.3,6.19,165.48,Banana
147.22,49.75,124.64,27.99,77.52,6.84,157.89,Banana
48.05,33.43,32.32,16.34,63.03,6.7,50.05,Lentil
105.84,55.61,96.97,18.6,64.02,6.98,43.03,Grapes
49.46,29.44,24.22,24.6,55.95,6.62,89.66,Foxtail Millet
53.12,12.57,34.04,19.85,49.32,6.95,56.53,Mustard
35.12,21.91,25.03,28.31,50.82,6.63,109.26,Foxtail Millet
84.71,58.56,48.68,22.87,74.98,6.58,81.31,Cauliflower
111.3,54.08,88.99,34.81,59.07,6.64,77.51,Grapes
106.87,54.81,93.32,33.25,79.19,6.58,250.36,Coconut
104.23,47.88,74.35,19.83,79.85,6.62,64.41,Cabbage
47.13,31.5,27.54,39.93,34.74,6.99,16.19,Pearl Millet
102.79,75.76,81.67,34.72,64.98,6.22,46.81,Brinjal
67.92,37.57,43.93,26.67,58.36,6.77,82.63,Okra
104.64,65.37,114.65,30.82,47.14,6.02,167.17,Mango
93.07,61.5,110.31,28.98,58.69,6.71,223.23,Mango
58.13,39.73,80.35,25.05,73.92,4.58,141.93,Pineapple
87.11,51.01,80.88,30.94,87.05,5.75,287.97,Arecanut
55.45,24.26,25.53,30.02,56.13,6.38,100.25,Castor
40.87,35.53,23.85,21.37,54.68,6.48,55.66,Peas
78.29,56.22,108.86,27.61,54.81,6.61,106.96,Orange
51.27,38.34,33.3,23.79,47.53,7.37,48.5,Mustard
84.91,59.3,64.96,2.71,64.29,6.33,76.18,Apple
82.52,41.55,78.63,16.26,59.84,6.22,91.94,Apple
59.88,26.09,59.35,18.27,54.45,6.45,43.64,Carrot
123.78,55.06,86.29,25.13,63.96,6.32,116.16,Orange
42.38,28.68,33.54,24.6,59.43,6.04,95.37,Soybean
35.02,25.85,31.61,27.66,58.76,7.13,101.88,Kodo Millet
73.41,53.84,67.08,28.72,76.3,6.22,101.32,Litchi
63.5,62.38,66.71,25.1,72.01,6.02,114.65,Tomato
34.88,27.05,32.91,32.99,46.99,5.56,65.35,Horse Gram
112.91,47.4,77.27,25.13,64.28,7.11,65.62,Onion
79.81,51.25,79.23,29.97,75.93,6.0,254.23,Arecanut
45.12,35.54,29.16,20.71,53.55,6.93,63.0,Linseed
73.14,47.75,73.27,26.85,78.99,5.88,225.89,Pineapple
98.45,53.75,46.9,26.64,87.39,6.09,249.17,Rice
63.78,31.39,22.23,36.0,56.52,6.44,111.37,Castor
57.45,32.74,32.45,28.16,64.79,7.38,105.15,Castor
28.83,25.02,37.32,25.32,55.51,7.36,76.95,Field Bean
77.83,55.51,67.8,27.96,60.04,6.28,113.75,Apple
102.97,50.47,71.45,31.67,76.54,5.92,145.44,Litchi
103.79,62.08,108.94,22.43,63.47,5.96,60.1,Grapes
31.91,33.61,29.5,29.9,67.11,6.23,104.66,Black Gram
59.2,41.85,63.24,28.13,69.96,7.44,106.03,Bottle Gourd
40.94,31.05,31.8,19.87,50.3,6.31,43.24,Linseed
48.01,34.78,29.82,21.2,60.61,7.22,38.58,Safflower
53.44,28.49,26.47,25.91,65.86,6.53,76.2,Foxtail Millet
88.86,54.21,77.98,33.34,75.11,5.75,248.06,Arecanut
33.75,33.33,24.16,23.23,53.22,6.5,104.41,Rajma
79.93,39.95,29.55,19.64,56.0,6.6,44.7,Barley
82.35,31.88,80.38,24.46,77.18,5.91,238.4,Pineapple
28.76,32.95,35.04,16.77,59.69,6.39,88.82,Rajma
74.74,41.71,73.76,20.36,91.27,6.55,179.77,Pineapple
67.69,51.42,67.91,18.23,64.07,7.58,62.04,Garlic
77.91,55.68,87.93,30.66,81.95,6.29,152.22,Litchi
34.43,17.83,34.01,16.69,58.14,7.14,55.77,Peas
69.97,52.2,80.89,18.69,87.68,6.94,134.37,Coffee
46.85,40.54,32.98,30.67,45.37,6.33,74.88,Kodo Millet
74.13,38.39,71.11,28.8,53.48,6.36,98.34,Pomegranate
58.84,28.15,59.62,27.52,70.59,6.17,61.0,Bottle Gourd
57.6,33.61,59.86,22.8,64.04,6.65,53.81,Garlic
61.42,34.19,34.1,30.96,44.25,7.23,60.56,Sorghum
39.27,27.91,32.6,19.89,54.21,6.36,74.21,Mustard
88.09,35.19,86.79,27.66,61.07,7.06,104.29,Guava
98.28,51.16,68.67,23.22,81.02,4.94,243.22,Tea
106.0,61.88,107.21,27.91,56.59,7.11,143.17,Mango
93.04,51.51,99.79,26.08,84.88,5.63,257.69,Coconut
131.97,66.24,65.15,28.3,73.62,6.29,77.25,Brinjal
33.54,28.2,29.01,19.44,47.0,5.89,53.57,Lentil
94.15,46.05,89.42,30.41,73.02,6.36,120.84,Litchi
74.22,16.32,80.94,17.6,62.08,6.59,95.7,Apple
65.56,33.42,34.76,27.63,62.52,7.26,57.46,Pearl Millet
37.61,30.64,41.26,16.05,49.27,5.79,59.84,Linseed
41.01,33.57,35.13,26.56,50.8,7.24,67.56,Chickpea
47.5,28.88,28.73,31.34,60.5,7.48,79.76,Red Gram
34.29,25.7,33.06,21.58,48.31,6.91,44.71,Peas
23.94,32.7,33.36,28.68,60.22,6.51,54.58,Groundnut
85.1,45.24,78.42,27.14,48.33,6.39,61.64,Pomegranate
88.0,43.48,32.6,22.96,32.49,6.21,46.63,Barley
34.75,24.47,30.46,29.64,56.22,7.76,92.88,Black Gram
45.24,26.04,23.11,23.81,59.75,6.73,69.54,Radish
60.52,28.2,30.43,23.53,67.66,6.91,126.35,Finger Millet
68.08,45.56,30.61,25.75,64.7,7.61,118.81,Maize
110.17,47.35,70.17,17.83,69.65,6.64,91.98,Cabbage
73.55,53.16,40.58,22.04,45.78,5.94,40.12,Garlic
63.04,32.63,20.74,33.31,52.27,7.05,39.37,Pearl Millet
98.84,53.58,69.74,28.31,80.95,6.01,268.2,Arecanut
29.38,30.21,34.53,22.55,53.01,6.53,112.32,Rajma
49.83,34.47,24.51,30.43,59.4,6.43,76.56,Sesame
79.52,36.15,32.95,15.04,53.46,7.4,42.59,Barley
48.86,34.25,37.47,32.52,60.73,6.25,38.92,Green Gram
96.46,49.69,116.04,30.95,65.73,7.41,72.33,Grapes
51.68,41.22,27.9,17.31,47.18,6.59,41.07,Mustard
40.85,36.85,28.23,23.4,49.93,7.33,124.78,Red Gram
57.47,27.22,29.26,35.0,66.21,7.03,102.88,Sorghum
23.07,35.7,24.8,33.87,62.83,7.2,48.86,Horse Gram
79.11,54.99,64.55,19.2,48.35,7.61,49.24,Garlic
93.86,51.34,81.52,30.89,89.51,6.23,247.4,Arecanut
55.29,35.95,25.27,24.38,41.79,6.44,48.83,Foxtail Millet
80.08,74.46,50.11,27.3,66.82,6.8,78.38,Brinjal
71.0,50.7,86.26,14.46,62.39,6.29,114.72,Apple
63.29,35.77,56.65,25.17,67.67,7.7,111.75,Pumpkin
57.89,26.74,40.46,30.45,53.38,7.02,77.11,Groundnut
86.65,63.46,105.6,26.72,76.98,6.5,161.69,Papaya
46.98,33.36,73.91,21.03,56.17,6.75,63.21,Carrot
38.11,33.7,30.21,21.52,48.96,6.63,94.28,Rajma
45.06,19.87,34.54,24.38,57.91,6.85,90.95,Little Millet
87.12,39.96,37.88,12.56,58.35,6.73,86.9,Wheat
83.95,47.34,24.86,24.7,68.55,6.48,122.9,Maize
60.5,35.1,87.82,24.03,69.07,6.19,125.53,Litchi
87.97,67.01,50.76,26.09,61.49,6.88,95.73,Chilli
78.43,41.56,61.41,29.02,64.12,5.69,161.09,Litchi
97.98,46.26,65.65,32.83,58.36,6.34,64.25,Chilli
81.45,47.03,61.13,25.66,55.22,6.03,82.88,Onion
71.1,43.79,96.61,31.07,54.06,6.75,76.28,Pomegranate
99.68,45.51,59.7,22.99,58.33,7.1,70.72,Chilli
44.15,25.6,31.61,29.59,53.65,6.97,79.56,Field Bean
100.26,58.49,69.41,23.88,70.99,6.66,70.88,Tomato
76.88,45.34,52.13,27.3,56.25,6.3,63.85,Okra
47.95,28.24,28.68,30.33,52.52,7.03,76.29,Groundnut
35.02,32.21,35.32,28.58,43.72,5.88,61.19,Cowpea
63.11,33.64,31.13,24.94,60.13,6.38,106.99,Soybean
50.47,45.3,70.08,18.73,65.29,7.62,58.35,Garlic
91.39,43.2,106.1,26.32,61.07,6.51,92.85,Grapes
42.64,26.7,32.3,23.76,58.24,6.11,60.88,Sunflower
88.02,44.94,95.47,31.46,47.19,5.4,158.77,Mango
117.14,49.42,59.93,27.93,63.4,6.23,91.91,Brinjal
30.45,29.19,31.84,23.65,59.72,6.96,93.92,Niger Seed
72.94,34.17,58.83,15.52,63.68,6.32,42.67,Beetroot
75.08,29.65,25.79,31.59,50.1,6.78,77.32,Pearl Millet
45.18,34.53,31.17,24.03,55.95,7.13,43.6,Radish
95.25,47.88,52.28,26.75,68.94,6.15,107.8,Tomato
87.98,55.72,101.24,28.83,77.59,6.46,151.98,Papaya
102.18,63.94,57.63,31.65,60.37,6.67,81.83,Chilli
67.53,26.37,65.45,27.39,85.79,5.96,161.04,Cashew
80.07,31.89,42.65,25.91,65.33,7.62,110.43,Maize
96.13,45.03,127.52,36.68,82.77,5.52,243.45,Coconut
79.3,49.05,44.39,25.15,58.6,6.22,81.6,Onion
65.43,50.34,61.17,23.51,54.56,6.79,58.64,Onion
32.41,29.81,24.42,18.12,48.14,6.96,35.51,Safflower
87.84,37.03,35.49,16.92,51.92,6.97,60.14,Barley
48.76,17.32,30.86,25.31,43.2,6.29,80.49,Foxtail Millet
116.48,67.09,130.25,30.66,81.44,6.36,200.45,Banana
49.65,28.74,24.59,34.1,83.28,6.78,85.5,Black Gram
66.28,32.41,74.86,25.78,52.23,6.06,53.35,Carrot
40.54,28.76,26.38,29.6,51.78,6.94,49.95,Green Gram
102.69,48.14,65.75,18.13,70.1,6.28,57.37,Cauliflower
87.28,33.08,27.76,22.56,60.0,6.77,60.23,Barley
73.78,42.66,51.75,21.15,79.41,5.83,226.51,Coffee
71.66,38.6,57.99,29.32,93.78,5.04,272.41,Pineapple
60.85,28.38,28.03,35.87,39.34,7.48,79.46,Pearl Millet
62.35,38.61,78.83,14.44,62.5,5.95,125.33,Apple
43.07,29.66,34.42,33.77,65.92,7.28,71.26,Black Gram
81.34,40.62,30.04,18.58,46.71,6.46,72.56,Wheat
42.41,35.15,25.73,29.88,66.57,7.04,118.72,Black Gram
98.56,45.24,55.43,24.75,85.06,4.8,233.54,Tea
40.87,30.85,27.16,20.19,58.68,7.09,87.77,Niger Seed
99.52,88.6,114.77,32.67,59.43,6.63,208.84,Mango
88.43,71.58,64.5,26.17,70.11,6.2,94.42,Tomato
90.33,52.58,42.71,16.61,74.48,6.54,88.54,Cabbage
82.28,49.65,81.82,21.18,73.65,6.18,288.66,Pineapple
31.63,22.91,26.36,27.16,54.98,6.92,77.79,Field Bean
50.87,26.53,28.31,26.38,68.47,6.8,145.64,Finger Millet
78.19,34.92,26.19,18.35,50.93,6.47,71.0,Barley
81.77,45.47,41.66,28.88,78.41,6.53,71.04,Cucumber
27.49,20.65,33.91,25.66,54.71,6.68,114.85,Niger Seed
74.33,41.81,80.23,28.56,63.85,6.01,140.33,Guava
82.72,45.23,53.99,21.22,72.93,5.9,225.83,Coffee
32.97,36.32,26.22,23.95,53.0,6.71,115.62,Foxtail Millet
92.01,48.91,56.51,22.14,72.76,6.75,93.29,Cabbage
110.13,53.7,54.16,25.7,82.75,6.1,218.52,Rice
47.94,29.27,62.5,22.46,64.48,6.74,57.65,Pumpkin
54.58,31.38,28.1,28.92,59.23,6.72,106.63,Castor
18.25,34.48,21.22,30.3,57.96,6.23,93.79,Green Gram
51.56,36.62,62.33,32.57,75.6,6.76,55.97,Pumpkin
67.71,43.72,39.52,32.81,67.15,6.42,79.61,Cucumber
45.11,22.48,32.9,31.25,53.22,6.53,79.37,Black Gram
100.29,54.4,80.71,30.72,64.07,6.15,106.04,Papaya
30.44,30.46,32.12,32.54,44.84,6.95,70.97,Sesame
55.74,28.37,62.62,28.14,64.08,7.4,214.0,Cashew
91.91,52.32,66.85,28.14,85.41,5.24,292.55,Rubber
33.64,31.57,28.1,31.61,66.29,6.7,83.95,Black Gram
42.15,27.57,26.74,19.89,51.65,7.03,51.06,Linseed
90.13,60.18,50.16,26.68,80.03,5.97,332.15,Rice
59.65,38.88,76.21,19.67,51.19,6.61,60.29,Beetroot
90.05,56.21,59.98,24.59,76.46,6.19,266.85,Arecanut
51.66,24.69,34.86,22.18,45.26,7.16,44.45,Barley
48.06,22.13,22.86,23.69,63.96,7.05,79.54,Foxtail Millet
49.46,29.92,24.08,29.62,58.59,7.15,64.32,Groundnut
65.3,38.48,37.57,19.23,73.67,7.15,106.78,Soybean
56.76,31.54,26.24,31.03,62.17,7.24,101.09,Red Gram
48.76,37.05,30.41,27.74,45.78,6.53,76.86,Sorghum
76.58,34.23,29.32,18.76,54.1,6.75,50.33,Barley
55.3,18.22,34.48,32.96,46.24,6.17,88.2,Sorghum
61.08,28.46,52.64,30.83,69.52,6.83,75.01,Pumpkin
38.37,34.67,25.09,30.95,56.53,6.27,80.83,Green Gram
58.07,36.2,41.61,24.69,68.4,6.5,93.17,Soybean
105.39,74.41,104.68,22.82,74.46,4.94,66.15,Potato
103.24,61.09,97.24,27.45,79.17,6.33,95.61,Papaya
100.93,51.05,64.07,19.15,84.48,5.3,205.6,Tea
57.22,27.18,30.09,30.44,56.86,6.31,94.08,Sorghum
61.53,24.65,67.07,27.02,67.51,7.29,75.84,Pumpkin
53.47,31.42,37.38,26.34,77.02,6.36,117.89,Finger Millet
76.59,40.97,87.57,26.8,63.81,6.2,117.52,Guava
45.87,27.36,67.47,29.57,74.9,6.12,175.86,Cashew
26.21,29.15,31.43,28.73,54.95,5.77,76.12,Niger Seed
65.62,31.11,37.64,28.89,59.68,6.94,44.89,Sunflower
24.51,36.28,29.15,30.09,43.61,7.09,119.41,Red Gram
27.55,29.64,40.81,30.02,38.79,6.51,72.74,Horse Gram
31.17,37.58,33.75,21.19,46.38,6.41,52.71,Mustard
35.43,23.33,28.95,30.75,53.92,5.34,74.81,Cowpea
80.75,50.68,28.59,30.24,70.88,6.15,115.45,Maize
32.96,30.98,36.0,21.77,64.01,6.36,125.84,Rajma
98.23,51.24,101.34,28.38,67.46,6.1,81.19,Grapes
49.23,34.12,28.11,29.15,55.38,6.7,142.04,Red Gram
24.35,34.64,20.01,17.82,58.84,6.06,98.84,Rajma
94.71,53.61,48.35,24.97,81.43,4.86,181.95,Tea
60.66,28.49,33.94,21.89,56.26,6.61,58.31,Radish
99.42,48.05,70.15,30.15,85.32,5.82,207.9,Arecanut
95.59,51.12,75.73,26.02,87.05,5.93,209.71,Arecanut
46.22,30.73,78.28,29.89,77.78,6.64,220.6,Cashew
78.18,46.64,43.89,28.41,75.73,6.64,69.94,Cucumber
65.93,37.73,81.79,20.59,57.97,6.37,110.3,Guava
69.72,38.37,30.38,18.66,52.03,6.67,42.08,Barley
19.94,37.44,29.46,29.24,55.65,6.63,61.61,Green Gram
71.6,27.93,34.82,27.62,61.52,6.35,51.58,Sunflower
99.84,45.24,89.27,29.71,50.12,6.58,92.04,Pomegranate
37.06,30.39,38.73,28.56,48.74,6.03,63.5,Sesame
55.12,37.82,30.67,25.3,53.17,7.29,85.35,Foxtail Millet
57.41,35.74,75.71,15.99,59.17,6.2,116.19,Apple
37.62,29.77,24.91,25.11,64.96,6.99,28.0,Foxtail Millet
64.4,40.26,57.14,19.97,61.4,6.67,56.2,Garlic
104.89,50.3,94.7,22.37,66.65,5.5,59.19,Potato
32.87,30.81,26.38,32.68,67.01,6.93,66.06,Green Gram
62.74,30.02,53.18,16.81,73.86,6.21,71.33,Beetroot
54.68,26.36,21.63,34.58,54.37,7.05,74.47,Groundnut
36.62,31.23,26.81,29.92,57.17,6.72,87.26,Green Gram
97.09,69.08,98.81,31.67,82.47,6.14,123.36,Mango
27.81,28.58,24.13,28.25,42.17,6.26,65.47,Horse Gram
93.38,53.97,102.02,27.33,72.09,6.67,136.01,Papaya
59.32,40.39,43.64,24.57,44.35,6.97,70.03,Okra
40.14,38.49,28.32,29.59,64.09,6.91,53.48,Black Gram
110.33,70.57,125.83,21.13,69.51,5.93,66.73,Potato
100.81,51.46,98.47,21.76,73.33,6.19,215.56,Arecanut
73.59,51.92,72.94,16.27,56.57,6.02,148.55,Apple
43.7,26.25,24.34,30.04,62.77,6.15,64.7,Cowpea
47.11,35.0,33.3,28.33,63.55,6.88,75.79,Groundnut
81.6,49.13,77.77,24.61,68.59,7.22,114.02,Guava
58.15,32.76,23.29,27.89,83.08,7.49,117.83,Soybean
52.59,28.47,48.99,25.41,64.36,6.13,149.05,Cashew
56.18,31.12,32.31,33.67,48.71,6.64,67.33,Sorghum
78.8,47.04,109.04,20.68,79.04,5.9,47.35,Potato
111.25,62.22,43.05,26.0,83.93,5.08,159.33,Tea
61.49,34.73,47.18,21.92,54.9,6.9,47.46,Carrot
57.65,37.78,44.75,29.32,72.27,6.29,46.31,Okra
101.97,49.67,64.8,25.46,69.13,6.46,74.77,Pomegranate
96.24,43.86,87.79,29.11,84.39,5.79,261.07,Rubber
76.61,48.34,59.9,23.16,58.04,6.65,51.54,Onion
37.67,28.08,33.17,24.45,51.28,6.45,70.3,Little Millet
112.36,51.46,68.81,28.85,81.22,5.52,190.73,Rubber
53.55,31.73,31.1,24.74,46.57,6.09,43.57,Mustard
49.2,24.21,28.19,23.36,41.05,7.62,76.56,Safflower
63.28,32.64,87.0,31.27,47.82,6.27,77.55,Pomegranate
79.43,60.77,53.28,26.32,67.01,6.6,67.06,Chilli
39.74,28.74,33.3,29.6,51.82,7.41,88.14,Green Gram
90.27,54.7,77.99,22.95,71.66,5.12,261.02,Pineapple
79.13,28.77,56.32,31.09,75.77,7.46,81.3,Bottle Gourd
96.68,58.78,101.92,26.67,63.37,6.61,74.65,Papaya
46.86,22.39,32.69,29.52,66.21,6.79,102.59,Little Millet
34.47,22.49,25.62,25.9,55.95,6.47,62.35,Horse Gram
63.74,28.9,60.58,27.08,71.73,6.71,165.52,Cashew
77.53,30.01,55.89,20.15,63.87,6.59,52.08,Carrot
42.0,32.33,36.23,29.9,55.66,7.17,63.94,Sesame
25.38,30.44,33.38,27.54,57.76,6.74,104.87,Field Bean
38.58,32.63,26.5,20.63,59.75,6.75,90.15,Rajma
90.09,34.07,64.02,25.74,79.45,5.5,264.45,Pineapple
91.75,52.23,88.68,23.74,71.39,6.46,210.54,Coconut
46.35,27.41,36.53,16.68,44.69,6.73,57.62,Lentil
100.7,35.81,34.76,15.36,56.0,7.54,45.8,Barley
98.51,44.44,69.66,24.89,79.17,6.38,214.93,Arecanut
73.38,51.89,96.95,32.44,49.91,6.02,86.93,Pomegranate
93.26,52.38,65.64,25.62,79.7,4.74,270.42,Tea
29.35,27.99,27.15,18.3,59.77,6.38,61.4,Peas
116.67,50.72,94.23,26.0,63.11,6.77,79.26,Grapes
49.94,32.26,23.63,24.97,61.57,6.41,89.06,Sunflower
69.42,44.66,62.11,24.43,83.31,5.81,178.65,Coffee
36.88,39.49,36.73,28.93,64.23,7.04,105.95,Black Gram
106.18,46.89,100.73,29.32,94.92,6.35,297.77,Coconut
35.85,25.04,38.1,25.12,62.24,6.8,89.98,Field Bean
50.72,35.67,28.39,30.1,42.16,6.74,67.28,Sorghum
51.76,23.93,38.61,12.11,51.54,7.47,62.27,Peas
105.52,54.24,88.72,29.36,64.21,6.67,136.12,Papaya
98.94,47.62,93.34,19.32,60.93,7.06,80.51,Grapes
80.22,57.43,45.55,31.21,65.07,6.85,59.52,Okra
74.43,39.58,30.46,25.77,56.13,7.33,92.18,Castor
86.88,63.27,53.32,23.24,78.16,6.69,86.54,Tomato
74.71,51.58,42.66,19.37,69.17,6.57,73.74,Cauliflower
65.15,47.92,91.42,29.88,47.05,7.12,84.56,Pomegranate
60.09,27.68,36.16,30.5,74.94,6.76,86.3,Soybean
38.57,23.4,23.54,25.08,66.2,5.93,123.84,Niger Seed
104.75,46.11,93.98,28.32,51.39,7.02,69.64,Grapes
49.8,31.01,32.07,19.39,56.8,6.55,49.85,Radish
113.96,45.5,113.54,24.54,55.14,6.67,89.59,Grapes
39.41,29.0,36.54,23.34,56.72,6.95,81.07,Little Millet
29.58,38.55,34.81,18.72,51.51,6.16,65.07,Rajma
71.83,29.97,40.0,20.7,48.4,6.23,54.48,Mustard
86.31,64.09,97.99,21.11,63.55,5.11,147.53,Orange
28.29,27.7,30.45,16.78,65.33,6.71,57.95,Peas
50.59,28.38,30.12,17.0,59.63,7.3,37.31,Lentil
79.7,38.5,38.05,19.19,61.41,5.66,34.96,Barley
48.73,26.69,35.69,21.86,64.51,6.47,72.13,Radish
49.52,25.91,20.96,27.62,75.41,6.34,124.21,Finger Millet
79.06,32.21,76.53,28.71,78.36,6.49,159.14,Litchi
81.97,39.5,38.4,26.61,41.17,6.14,53.78,Barley
33.85,29.48,23.81,30.06,60.28,6.46,125.15,Red Gram
79.95,29.61,75.38,29.88,63.66,6.86,93.95,Guava
25.26,24.42,32.21,21.39,58.59,6.98,88.06,Niger Seed
86.43,50.46,64.4,17.94,73.59,6.71,82.52,Cabbage
45.98,26.69,27.96,19.57,52.15,7.3,42.09,Safflower
93.32,29.5,29.69,27.52,56.77,6.68,82.99,Wheat
47.66,30.13,28.43,24.98,61.64,6.61,112.75,Niger Seed
39.27,31.68,31.64,25.24,61.33,7.24,126.95,Black Gram
43.16,37.96,27.93,19.58,49.61,6.53,40.82,Lentil
83.11,59.4,63.64,22.71,66.64,6.31,72.36,Cabbage
42.81,30.78,31.2,29.33,41.58,6.43,95.01,Red Gram
88.86,46.67,41.55,15.92,70.67,6.28,44.39,Cauliflower
86.77,53.8,38.4,30.99,72.65,6.25,166.84,Rice
27.7,34.13,36.93,30.64,46.28,6.78,59.7,Black Gram
55.05,22.3,35.1,27.71,55.64,6.62,70.91,Green Gram
45.33,22.68,28.7,26.49,57.71,6.19,119.56,Little Millet
110.9,48.87,61.86,29.22,81.95,6.48,289.68,Arecanut
40.49,21.36,26.69,19.92,43.65,7.22,70.29,Chickpea
67.67,30.02,25.07,23.46,49.95,6.68,47.59,Mustard
49.75,29.31,20.43,24.17,55.95,5.99,57.12,Little Millet
43.39,23.36,20.95,35.5,53.48,6.48,118.14,Red Gram
92.06,43.74,92.41,11.83,51.97,6.33,106.25,Apple
38.18,25.08,34.31,25.67,62.67,6.12,75.64,Foxtail Millet
95.71,37.3,79.44,29.53,77.7,5.88,83.84,Guava
99.39,45.73,114.35,33.61,88.49,6.08,182.06,Coconut
72.13,63.43,67.52,26.19,62.4,7.17,77.51,Chilli
33.4,32.13,20.46,31.82,63.78,7.05,138.24,Red Gram
111.93,50.75,88.9,26.33,55.98,6.17,135.87,Orange
23.95,30.05,26.17,29.98,57.37,6.99,67.09,Green Gram
17.37,27.89,27.29,20.65,60.58,6.72,101.15,Rajma
59.36,25.12,20.85,20.83,51.07,6.57,50.46,Lentil
67.76,30.16,76.29,17.65,66.98,6.7,64.28,Carrot
44.15,36.03,29.85,23.12,73.57,6.02,83.07,Foxtail Millet
32.35,36.45,26.31,26.65,64.04,5.95,85.34,Niger Seed
85.79,57.3,52.41,24.55,62.83,6.38,71.92,Tomato
72.87,30.7,24.24,32.06,46.86,6.72,58.42,Sorghum
44.41,28.06,30.15,26.07,55.55,6.57,90.33,Foxtail Millet
37.51,30.11,33.87,31.94,62.98,7.04,56.91,Green Gram
35.69,28.6,32.66,22.93,57.96,6.65,87.69,Niger Seed
111.21,49.08,37.52,15.75,56.69,6.51,74.91,Wheat
107.35,62.95,74.53,22.42,78.25,6.57,77.28,Tomato
101.43,48.5,70.48,22.82,60.13,6.25,68.89,Onion
97.06,51.37,59.79,20.02,59.29,6.45,71.87,Cabbage
63.06,44.39,60.64,11.36,63.84,5.59,128.77,Apple
41.21,40.39,31.71,15.33,47.96,6.22,47.43,Lentil
33.66,27.09,28.54,36.06,56.98,6.53,68.65,Green Gram
98.77,64.03,118.84,31.77,66.15,6.33,145.67,Papaya
45.44,30.79,25.16,18.05,59.31,7.56,83.83,Linseed
74.19,55.6,56.7,29.78,51.29,6.47,69.96,Onion
35.55,38.13,35.79,27.67,58.93,6.74,110.27,Sorghum
59.79,30.87,33.49,29.23,52.0,6.24,77.45,Kodo Millet
46.21,25.51,25.57,20.47,48.52,6.32,57.3,Chickpea
96.22,47.7,76.24,22.79,78.15,5.52,216.16,Pineapple
88.72,46.24,99.95,29.7,56.69,7.17,51.0,Pomegranate
37.94,24.59,24.93,28.39,36.74,6.0,73.34,Horse Gram
84.09,45.18,92.6,21.79,79.37,6.58,176.49,Litchi
45.37,31.09,27.24,27.04,60.87,6.14,86.86,Little Millet
127.03,69.55,109.76,31.64,86.69,6.88,191.87,Banana
72.52,52.41,73.69,18.32,73.0,6.78,57.35,Cauliflower
112.1,60.67,93.29,28.3,60.19,6.11,158.75,Orange
44.22,31.76,25.98,21.77,77.19,6.58,118.64,Soybean
72.27,32.16,23.0,18.2,49.5,6.49,49.14,Mustard
62.76,32.84,57.84,21.76,57.74,6.6,54.28,Beetroot
68.5,36.27,65.69,22.43,54.38,6.82,66.58,Carrot
38.75,34.47,36.15,28.44,55.86,6.85,47.17,Safflower
51.07,30.19,35.44,28.96,67.3,6.31,103.76,Foxtail Millet
57.59,35.99,39.59,26.08,53.7,6.36,111.57,Foxtail Millet
68.09,35.27,31.82,33.06,43.24,6.83,73.32,Castor
28.55,33.37,29.25,25.49,59.09,6.12,84.82,Niger Seed
35.87,28.49,32.55,25.08,37.75,6.55,92.29,Foxtail Millet
59.82,33.07,59.71,31.08,61.27,5.66,193.08,Cashew
97.73,53.1,92.94,30.05,71.89,6.57,180.78,Papaya
42.88,23.29,26.6,21.01,57.05,7.08,36.56,Chickpea
70.97,21.67,38.6,21.73,62.36,6.82,138.44,Maize
46.79,27.21,23.42,25.55,60.03,6.95,74.4,Little Millet
48.76,24.2,27.78,29.55,48.37,6.73,88.65,Foxtail Millet
66.85,38.55,48.12,26.37,67.79,7.09,88.27,Pumpkin
75.73,45.15,78.2,31.69,82.74,5.42,117.44,Pineapple
63.73,54.66,41.89,30.99,58.26,7.98,60.01,Okra
111.69,55.84,87.39,29.33,74.47,5.13,296.5,Rubber
43.53,29.87,35.29,20.32,55.03,6.79,46.96,Radish
50.83,37.62,46.1,17.7,48.68,7.17,56.91,Beetroot
82.97,48.66,42.97,30.23,69.21,7.19,29.43,Okra
60.96,32.19,28.64,34.52,44.32,7.61,47.01,Pearl Millet
115.2,44.76,60.66,26.48,63.15,6.67,89.39,Tomato
96.07,45.09,87.2,28.7,81.59,5.68,215.2,Arecanut
84.6,38.08,46.64,31.23,74.63,7.11,78.52,Cucumber
28.87,34.64,42.02,16.63,51.52,6.54,57.59,Peas
106.36,39.85,73.35,20.33,70.35,6.05,74.56,Cauliflower
86.0,74.72,64.84,28.12,67.45,6.46,87.54,Tomato
84.61,52.94,55.8,23.58,58.7,6.58,58.89,Onion
55.67,26.36,38.78,24.07,55.83,5.7,68.5,Little Millet
89.24,46.04,93.0,24.3,92.91,5.37,174.65,Pineapple
44.47,36.82,34.29,36.63,47.01,6.08,80.48,Cowpea
59.12,32.81,68.08,13.6,56.66,6.54,35.46,Carrot
34.51,24.1,28.64,20.48,47.42,7.23,56.66,Peas
60.81,23.35,29.02,25.12,46.73,6.97,67.82,Pearl Millet
90.14,37.07,27.32,20.31,55.49,6.43,68.3,Wheat
61.67,21.93,27.5,28.33,52.66,6.89,70.3,Safflower
61.96,22.25,31.31,22.98,71.08,6.67,93.64,Soybean
29.22,28.11,37.92,29.39,41.63,5.87,61.76,Horse Gram
70.03,31.52,35.97,30.53,54.05,6.41,71.9,Sunflower
44.37,29.43,27.16,19.32,65.93,6.5,84.47,Rajma
60.48,28.65,41.04,26.68,44.13,6.13,79.31,Sunflower
73.72,31.57,63.39,34.9,69.06,6.68,86.99,Bottle Gourd
57.9,29.42,16.78,24.61,64.26,6.48,135.31,Red Gram
83.26,45.73,29.18,27.14,68.02,7.16,98.84,Maize
59.01,41.63,41.4,24.2,77.27,7.44,52.39,Okra
100.08,36.77,66.28,24.9,70.37,5.92,239.18,Pineapple
53.5,30.52,30.49,33.82,62.83,7.11,109.88,Black Gram
31.13,29.26,22.66,25.51,52.52,5.82,92.94,Field Bean
59.18,27.99,64.25,33.95,71.46,6.77,85.12,Bottle Gourd
43.91,38.26,29.79,28.88,68.26,6.76,92.9,Little Millet
82.85,58.1,71.23,33.05,74.98,5.82,148.78,Litchi
72.07,30.29,59.17,24.68,66.09,6.23,62.8,Cashew
49.02,35.73,35.43,21.52,65.24,6.6,80.47,Niger Seed
39.75,37.46,34.73,25.16,53.74,6.61,81.15,Kodo Millet
112.54,54.6,92.91,23.11,56.52,7.39,141.31,Orange
66.41,34.48,31.75,32.19,59.71,7.26,52.51,Pearl Millet
77.86,28.31,30.95,29.31,50.77,6.85,87.21,Castor
73.92,38.77,52.89,29.57,83.38,6.55,60.77,Okra
45.64,32.48,27.05,30.89,54.1,6.77,77.24,Groundnut
52.97,25.99,32.53,23.03,44.66,6.64,61.03,Safflower
68.69,61.29,75.19,25.29,73.59,6.72,57.3,Tomato
67.19,48.74,91.42,25.17,51.43,6.28,58.16,Onion
37.94,31.39,32.16,26.94,62.14,6.97,56.47,Chickpea
53.1,36.33,68.84,33.67,69.86,7.36,86.46,Bottle Gourd
36.64,32.97,29.11,29.03,46.14,7.27,54.05,Kodo Millet
110.5,46.02,87.11,22.79,59.64,6.55,88.52,Grapes
99.55,48.02,69.51,26.84,88.86,6.2,201.12,Arecanut
70.46,27.95,74.62,20.66,68.88,6.7,43.7,Beetroot
49.34,33.53,26.38,27.1,40.14,7.53,79.73,Sorghum
71.82,47.94,72.69,28.65,74.2,6.9,144.68,Guava
40.26,26.66,33.4,29.91,59.45,6.71,59.18,Niger Seed
50.23,28.3,32.92,34.42,63.78,7.08,78.12,Sesame
33.18,40.8,36.0,23.41,51.65,6.98,46.94,Lentil
101.59,51.23,63.35,21.63,69.96,5.64,130.76,Litchi
78.05,35.0,25.29,31.43,42.12,7.08,79.65,Pearl Millet
44.85,31.49,31.28,30.12,68.5,6.86,81.8,Black Gram
62.91,59.94,46.25,28.65,70.16,6.29,60.39,Cucumber
102.03,61.96,99.99,23.31,65.99,5.83,184.98,Orange
79.38,40.41,28.82,13.42,60.93,6.99,61.78,Barley
104.7,47.33,31.38,17.26,45.07,6.84,65.44,Wheat
49.69,28.76,27.73,23.82,62.83,6.8,134.01,Finger Millet
71.7,53.3,59.38,31.72,62.9,7.22,70.52,Chilli
97.08,51.18,37.49,30.49,84.55,6.25,201.4,Rice
87.34,32.82,61.18,22.35,68.36,6.56,58.46,Carrot
92.1,37.63,71.11,23.2,68.44,6.38,228.52,Arecanut
48.66,34.76,51.34,18.85,60.98,6.2,57.35,Carrot
135.99,52.12,121.04,28.8,71.77,6.67,206.24,Banana
81.61,74.03,96.38,24.88,77.85,6.29,148.17,Orange
55.01,44.22,51.71,19.28,68.23,7.18,40.38,Garlic
88.83,45.09,46.66,31.69,64.73,6.98,71.59,Okra
127.94,45.89,39.49,16.88,77.3,6.04,78.13,Cauliflower
85.61,42.95,51.05,19.58,83.16,5.24,169.02,Coffee
40.37,36.63,30.58,27.59,60.8,6.44,84.25,Groundnut
103.36,70.9,94.51,29.98,70.89,6.06,220.77,Mango
86.1,32.65,58.43,12.81,68.37,5.92,120.7,Apple
118.94,50.8,104.26,32.45,79.69,6.48,128.73,Banana
35.02,27.35,28.11,29.41,55.03,5.89,76.79,Cowpea
47.92,28.63,23.21,24.33,52.42,6.51,63.16,Safflower
46.9,26.72,29.78,36.52,40.71,7.44,61.71,Pearl Millet
43.52,25.41,32.52,24.69,48.12,7.53,78.37,Little Millet
51.06,44.35,22.17,34.2,65.5,6.71,82.5,Groundnut
96.92,52.2,70.38,29.36,82.35,6.13,265.36,Rubber
33.71,33.69,27.54,30.93,41.41,5.65,79.54,Green Gram
56.26,45.61,37.64,27.36,69.98,6.61,83.5,Cucumber
88.76,47.07,31.65,24.02,73.44,6.05,143.5,Maize
72.35,69.89,54.9,25.54,61.05,6.08,72.29,Tomato
62.61,34.36,31.86,27.97,75.86,6.19,103.13,Soybean
45.42,33.67,30.53,29.68,28.03,6.78,67.34,Sorghum
107.69,48.58,78.41,22.6,83.9,5.88,229.73,Arecanut
105.89,52.5,68.73,29.77,86.31,4.59,281.5,Rubber
68.56,27.02,33.48,22.94,56.11,6.87,87.87,Castor
80.44,49.07,61.23,22.71,61.53,6.47,47.32,Onion
73.51,48.25,64.28,16.72,55.24,7.66,55.71,Garlic
85.45,42.35,32.86,13.04,62.02,7.03,36.77,Wheat
49.77,20.37,27.89,27.07,51.25,6.29,73.87,Kodo Millet
113.36,52.29,63.57,19.38,65.13,6.44,69.84,Cabbage
93.83,51.34,95.12,26.26,63.03,7.07,65.26,Grapes
75.09,44.98,60.6,21.29,60.1,6.43,44.94,Garlic
84.55,40.43,57.16,25.34,84.52,6.26,191.75,Coffee
36.37,35.68,27.0,19.74,58.89,5.84,102.7,Rajma
59.4,28.57,35.06,32.1,65.95,6.33,83.15,Cucumber
109.63,53.13,67.84,23.56,81.15,5.47,196.6,Tea
120.92,60.55,97.94,29.17,63.89,6.66,87.71,Mango
88.25,26.35,51.72,31.25,72.37,5.91,66.06,Bottle Gourd
72.32,30.29,62.89,31.39,69.28,6.85,68.08,Bottle Gourd
25.0,31.38,25.87,22.01,65.3,6.38,83.82,Rajma
83.56,41.97,34.1,15.84,41.69,6.51,39.39,Wheat
46.64,28.75,32.13,25.13,63.33,7.18,86.07,Field Bean
56.52,44.17,64.1,20.25,71.27,6.99,51.92,Garlic
107.89,44.89,54.69,24.77,63.78,6.38,71.21,Cabbage
40.06,30.02,27.19,20.0,41.97,6.5,72.61,Chickpea
36.87,32.59,32.37,27.17,58.44,6.88,110.39,Field Bean
67.18,35.08,31.16,24.53,66.25,6.84,129.9,Finger Millet
97.71,67.22,120.87,27.2,53.37,6.53,126.11,Orange
98.11,68.8,54.11,28.96,76.09,6.67,88.93,Brinjal
24.95,31.15,32.49,23.18,40.77,6.37,87.02,Field Bean
77.84,52.97,100.66,24.66,83.05,5.28,270.3,Pineapple
46.07,29.31,31.01,20.38,59.85,6.14,34.17,Radish
64.11,27.85,30.04,20.34,56.28,6.81,42.64,Radish
100.91,48.5,60.43,24.8,63.87,6.67,76.34,Chilli
29.76,30.25,28.45,9.35,49.18,6.99,61.28,Peas
112.43,67.52,89.44,22.06,67.06,6.08,54.63,Potato
87.12,36.6,86.0,23.82,55.33,6.31,148.64,Guava
91.08,69.19,50.7,26.86,57.73,6.92,79.56,Chilli
83.61,55.27,37.73,26.82,67.57,5.93,51.48,Cucumber
34.51,36.58,27.35,36.18,47.25,6.51,69.96,Horse Gram
45.65,35.36,25.84,24.6,54.97,6.4,77.75,Sunflower
108.02,53.63,79.65,17.55,70.44,6.31,83.5,Cauliflower
34.23,25.27,34.65,25.5,55.54,6.66,82.93,Rajma
87.69,52.93,65.97,24.83,67.17,6.81,80.31,Cabbage
102.5,61.79,79.74,18.13,65.8,5.78,145.44,Orange
89.8,48.17,73.08,26.02,79.71,4.88,269.86,Tea
105.68,55.29,90.43,25.47,68.78,6.25,178.97,Papaya
37.97,31.11,26.56,25.28,43.71,6.77,56.19,Safflower
58.69,18.86,28.84,36.35,54.87,6.9,56.93,Pearl Millet
85.82,48.93,56.48,18.91,65.55,7.06,74.78,Cauliflower
66.46,21.63,30.46,29.22,38.72,7.16,72.47,Pearl Millet
109.88,56.97,62.67,32.2,68.31,7.23,104.76,Brinjal
60.18,24.53,27.48,30.99,36.95,7.21,86.93,Pearl Millet
59.3,39.89,34.17,23.63,49.11,6.38,78.46,Castor
78.47,54.0,44.8,29.69,70.5,6.24,52.3,Okra
57.68,24.4,52.47,26.57,68.29,7.03,61.54,Bottle Gourd
90.6,55.34,67.24,24.59,76.39,4.67,250.61,Tea
101.39,45.71,58.43,17.27,65.67,6.03,81.49,Cauliflower
51.72,20.37,36.94,33.58,62.73,6.84,91.17,Groundnut
48.53,19.04,28.55,26.46,40.26,6.67,56.51,Sesame
71.22,33.96,32.53,25.38,54.85,5.97,66.24,Sunflower
35.8,21.78,37.2,32.22,62.04,6.69,79.34,Groundnut
154.13,61.87,127.24,31.92,82.56,7.01,196.23,Banana
35.53,44.45,25.4,25.19,66.75,6.73,92.16,Kodo Millet
105.23,59.81,118.69,30.8,73.49,6.69,121.8,Mango
40.29,33.11,35.46,32.04,49.16,7.12,100.02,Red Gram
50.01,37.61,34.12,31.17,57.87,6.64,110.81,Green Gram
40.6,26.36,25.26,29.43,57.85,6.69,63.94,Black Gram
51.0,26.24,38.0,30.11,49.74,6.59,74.56,Green Gram
122.47,51.76,54.47,24.13,86.63,4.78,257.6,Tea
58.09,27.37,37.86,28.97,66.48,6.45,53.73,Black Gram
59.16,25.11,33.38,30.13,70.36,6.98,107.17,Soybean
73.65,43.42,85.55,30.03,88.0,5.55,157.62,Pineapple
91.57,41.93,40.9,16.32,71.33,6.61,44.63,Cauliflower
31.32,23.92,31.24,34.41,50.3,6.47,89.07,Groundnut
32.64,30.68,28.65,27.32,59.08,6.96,95.32,Little Millet
73.88,44.72,48.66,16.94,66.88,6.23,50.54,Cauliflower
56.6,25.45,32.68,29.6,62.59,6.58,103.95,Black Gram
31.37,29.85,31.28,25.04,52.51,6.88,71.26,Field Bean
90.52,32.09,59.25,24.73,79.46,5.52,204.22,Coffee
82.87,34.67,75.24,27.45,82.58,5.79,194.36,Pineapple
86.08,53.61,92.49,9.5,56.15,5.7,116.47,Apple
49.48,16.47,28.22,27.63,63.94,6.8,111.0,Niger Seed
43.02,31.94,32.36,29.21,61.75,7.41,68.07,Black Gram
42.66,29.3,26.31,25.33,49.81,5.95,74.79,Cowpea
50.45,22.73,23.91,32.09,78.62,7.94,76.4,Sorghum
86.47,67.35,59.94,21.29,64.13,6.98,67.82,Brinjal
82.8,62.89,75.73,25.94,56.8,6.45,52.01,Onion
94.04,57.07,78.72,30.33,89.02,5.03,213.54,Rubber
99.36,77.86,133.31,29.68,82.28,6.69,113.69,Banana
60.33,32.32,31.42,19.12,45.73,6.76,41.38,Mustard
56.18,29.61,58.37,31.67,65.44,5.7,160.98,Cashew
66.56,48.79,43.21,28.97,70.83,5.87,127.66,Maize
68.11,30.04,24.4,30.97,49.56,6.62,68.81,Pearl Millet
92.91,57.7,55.52,17.24,74.09,6.28,66.58,Cauliflower
108.75,50.56,110.77,31.9,74.3,7.23,132.64,Mango
50.55,33.07,31.22,25.62,58.0,6.54,91.07,Little Millet
45.26,26.07,33.39,16.63,48.65,6.55,61.11,Linseed
61.08,28.23,67.27,24.72,70.57,6.29,108.34,Pumpkin
44.45,21.79,33.84,15.79,62.18,6.53,38.88,Radish
44.16,32.47,21.9,22.34,64.31,6.34,102.21,Soybean
49.1,33.41,28.25,25.67,54.75,6.07,103.33,Cowpea
32.35,32.5,23.64,23.99,65.69,6.37,40.38,Radish
67.85,24.09,22.05,27.64,58.13,6.9,64.96,Sunflower
86.61,56.64,58.48,19.96,71.12,5.79,110.12,Brinjal
58.71,50.5,63.38,17.47,50.52,6.48,58.58,Garlic
44.62,26.94,32.54,20.51,54.56,7.16,59.06,Lentil
54.74,22.27,66.69,28.74,67.18,6.09,174.99,Cashew
86.32,48.78,56.3,25.88,68.56,6.6,64.76,Onion
38.88,28.57,36.63,23.71,44.58,6.46,30.16,Foxtail Millet
95.81,53.51,93.11,24.1,80.8,5.06,175.58,Pineapple
27.37,26.48,30.26,29.29,62.8,6.46,56.33,Sesame
62.29,29.76,63.06,27.03,80.56,6.61,42.34,Bottle Gourd
31.94,19.52,33.09,21.86,54.3,6.38,99.34,Field Bean
103.88,64.44,95.9,30.05,69.21,6.16,190.63,Papaya
79.5,68.36,82.22,11.28,69.56,6.11,123.47,Apple
29.22,37.95,35.1,28.09,55.03,6.64,85.11,Field Bean
113.45,53.87,98.28,21.6,74.3,6.1,61.39,Potato
85.1,37.28,27.2,15.35,53.17,6.63,78.47,Wheat
98.28,41.51,66.11,3.82,55.04,5.86,132.81,Apple
88.31,59.73,55.79,32.06,79.53,5.43,198.05,Rubber
40.74,28.11,29.4,17.45,60.66,7.45,41.16,Radish
96.22,38.47,32.86,22.68,38.49,6.97,57.8,Barley
71.28,34.1,53.62,29.99,62.13,7.68,102.12,Pumpkin
98.75,53.44,54.37,28.51,90.24,5.08,297.38,Tea
38.81,32.02,31.16,23.82,55.25,6.78,92.82,Little Millet
128.84,74.1,143.24,28.12,85.32,7.11,169.2,Banana
94.12,37.89,57.31,18.02,60.87,6.86,48.22,Garlic
63.98,42.96,51.21,26.61,78.9,6.18,230.59,Coffee
61.31,38.47,32.88,20.8,70.21,7.06,66.48,Radish
96.12,63.08,84.53,22.59,56.41,7.07,57.27,Pomegranate
112.07,46.81,72.1,21.43,64.47,6.42,64.93,Cabbage
83.96,41.91,80.57,32.4,64.84,6.14,106.05,Guava
106.84,55.96,92.44,17.66,66.02,6.36,59.33,Potato
101.91,78.37,67.18,24.21,81.32,5.24,347.32,Rubber
109.19,58.09,92.9,25.82,62.95,6.48,129.38,Papaya
30.42,31.6,28.83,18.6,53.85,6.23,42.8,Peas
43.78,19.94,32.7,34.88,43.01,6.92,67.71,Green Gram
90.2,74.37,71.05,27.19,67.24,5.39,72.06,Brinjal
69.34,50.94,55.63,20.04,56.02,6.61,46.11,Garlic
81.91,51.05,110.01,25.49,85.99,5.84,155.1,Pineapple
60.6,41.51,39.31,30.37,70.47,6.47,89.61,Okra
78.68,50.99,39.21,24.59,61.44,6.27,105.77,Maize
42.89,24.26,25.05,19.04,42.37,6.35,69.37,Safflower
48.48,35.71,24.96,24.71,57.92,7.26,68.91,Soybean
92.04,59.65,111.29,29.94,68.59,6.63,146.14,Orange
72.15,40.75,79.27,13.54,49.71,6.04,135.63,Apple
48.31,33.29,32.29,28.0,47.67,7.62,65.45,Chickpea
73.89,39.54,26.51,14.97,63.79,6.26,61.04,Barley
70.19,39.89,51.87,33.51,63.42,6.96,71.16,Okra
106.31,54.23,49.13,29.97,91.98,5.91,233.67,Rice
35.17,33.17,26.18,23.48,59.55,6.18,82.81,Peas
38.77,23.53,40.39,15.66,56.09,7.19,72.36,Linseed
38.02,20.45,34.36,24.43,55.42,6.83,67.08,Foxtail Millet
107.17,58.73,116.17,29.95,64.98,6.3,149.74,Papaya
81.61,41.92,89.79,32.63,82.44,5.87,251.46,Coconut
80.26,42.28,83.75,30.66,80.66,5.89,154.81,Pineapple
47.85,26.91,29.79,28.33,61.54,7.24,75.87,Groundnut
78.62,34.63,30.93,21.5,49.74,6.29,44.91,Barley
45.43,33.2,41.04,28.49,55.66,6.21,109.1,Kodo Millet
62.63,47.7,24.01,24.06,51.08,6.2,92.92,Maize
113.87,67.95,99.4,22.55,75.54,6.15,126.12,Papaya
23.61,35.5,34.14,27.18,54.11,6.74,57.88,Green Gram
106.56,49.14,95.47,29.12,86.3,6.38,248.28,Coconut
31.53,27.59,38.99,26.75,44.0,6.1,59.88,Horse Gram
30.3,28.11,27.67,17.53,61.86,6.55,64.28,Rajma
82.85,34.85,33.55,21.63,59.48,6.98,74.57,Barley
34.44,33.91,23.38,27.47,64.37,6.2,77.9,Niger Seed
93.89,57.09,85.52,29.57,73.55,6.08,243.85,Arecanut
101.09,47.73,85.2,25.58,57.72,6.42,60.78,Grapes
74.17,53.42,60.03,25.14,59.15,6.11,48.86,Onion
51.13,29.25,29.23,25.93,53.41,6.44,66.05,Sunflower
43.01,25.97,31.41,33.02,44.81,7.08,76.19,Groundnut
104.8,40.59,22.0,18.98,67.57,6.34,74.56,Wheat
38.44,34.17,32.22,20.69,54.34,6.74,58.83,Chickpea
38.78,33.73,25.61,17.57,65.19,6.67,84.07,Rajma
43.59,30.29,23.1,16.03,55.11,6.39,53.52,Radish
87.38,53.95,68.6,17.35,71.14,6.5,61.58,Cabbage
29.04,32.37,25.46,18.38,49.12,6.55,79.29,Peas
83.33,42.97,35.04,26.56,61.91,5.86,130.56,Maize
48.02,32.23,25.58,28.04,59.4,6.56,112.26,Red Gram
51.52,28.83,30.31,35.79,41.8,6.5,95.97,Sorghum
106.71,57.93,58.94,24.13,63.73,6.54,60.82,Cauliflower
44.28,29.96,27.5,32.08,50.48,6.7,76.71,Castor
79.6,53.11,63.32,25.44,75.52,5.28,215.83,Coffee
70.56,33.03,60.06,21.45,55.17,6.67,60.9,Beetroot
78.45,55.43,56.6,17.08,65.44,6.48,56.56,Cauliflower
46.78,19.77,36.09,24.61,58.39,6.86,95.32,Little Millet
70.09,26.97,34.56,22.56,67.76,5.78,118.45,Finger Millet
89.03,31.82,54.29,21.89,80.01,5.85,194.83,Coffee
61.72,35.57,66.71,27.36,71.19,6.16,255.47,Cashew
73.03,43.46,93.78,28.78,82.27,4.84,197.29,Pineapple
70.43,46.36,32.17,18.53,46.23,7.13,37.17,Barley
24.3,28.01,26.88,26.63,58.49,7.17,81.99,Field Bean
43.02,32.29,25.6,30.54,48.49,6.43,68.64,Chickpea
63.88,32.91,26.23,21.39,57.98,5.76,102.73,Sunflower
100.75,60.03,96.74,29.45,74.44,6.81,113.32,Mango
98.56,51.62,53.46,19.71,68.25,6.83,90.48,Cauliflower
89.69,51.64,35.94,25.69,68.82,5.92,117.31,Maize
67.15,50.93,36.12,30.78,74.57,7.09,51.75,Cucumber
81.14,65.95,87.0,16.84,68.34,6.12,171.92,Orange
111.65,72.15,63.7,21.93,67.7,6.19,84.6,Brinjal
62.32,36.42,30.8,32.88,33.28,6.76,85.93,Pearl Millet
36.49,33.65,31.24,28.51,59.76,7.03,84.65,Red Gram
26.68,26.29,33.94,18.03,50.27,6.79,66.17,Peas
62.16,29.3,61.35,14.84,55.74,5.99,48.42,Beetroot
100.12,45.13,43.69,23.03,82.51,4.85,239.72,Tea
81.36,28.36,82.12,20.28,61.29,6.42,95.94,Apple
35.77,34.63,34.08,30.5,44.86,6.21,67.73,Horse Gram
60.67,30.7,75.55,29.37,74.34,6.41,220.83,Cashew
50.21,29.26,29.09,28.14,55.87,6.63,117.98,Little Millet
76.88,49.27,90.06,24.6,95.84,5.75,90.41,Litchi
99.37,63.87,93.13,27.03,55.62,6.52,245.83,Mango
59.7,29.58,22.4,17.96,52.6,7.14,42.86,Mustard
76.59,50.35,57.25,30.42,67.29,6.7,61.36,Cucumber
35.7,20.85,30.18,31.63,39.19,6.77,73.98,Green Gram
53.84,31.54,73.12,22.74,58.62,6.38,55.02,Carrot
50.26,27.0,28.0,18.87,59.04,6.93,67.67,Chickpea
74.88,32.28,27.77,29.79,44.54,7.56,47.91,Pearl Millet
43.16,28.59,51.62,27.69,65.99,6.65,172.51,Cashew
34.11,31.35,30.28,18.7,39.98,7.03,51.25,Lentil
103.66,53.9,96.66,25.94,66.92,6.31,61.58,Grapes
39.76,28.59,37.42,25.62,72.6,6.67,98.91,Soybean
82.09,25.34,30.44,34.71,50.35,6.73,76.6,Castor
61.12,16.51,36.22,28.16,67.26,6.93,92.31,Finger Millet
84.48,62.35,63.63,26.09,67.77,5.94,57.36,Tomato
65.06,29.23,63.05,23.7,70.45,7.08,70.01,Pumpkin
37.32,34.39,26.42,33.5,51.45,7.22,60.17,Sesame
39.82,36.33,38.58,23.98,40.8,6.7,42.04,Safflower
34.02,25.8,33.71,24.45,62.67,6.77,117.05,Little Millet
89.0,43.97,92.87,30.99,66.95,6.58,97.26,Grapes
62.77,49.12,47.34,30.85,60.38,6.25,79.56,Cucumber
62.38,28.81,43.67,32.17,72.97,6.79,117.41,Pumpkin
55.17,36.26,24.76,29.6,49.06,6.88,88.46,Castor
94.86,28.41,37.46,23.01,55.03,6.15,49.74,Barley
102.92,67.44,47.23,21.62,70.76,6.17,56.7,Brinjal
92.21,34.59,27.04,14.83,45.9,6.4,64.18,Barley
49.37,30.91,33.98,20.12,49.28,7.31,82.06,Linseed
93.58,50.62,31.26,21.41,62.63,6.51,69.73,Cabbage
112.47,54.51,88.22,25.64,78.07,5.23,189.07,Tea
81.55,45.52,55.49,20.95,63.52,5.87,107.06,Cabbage
34.04,33.48,25.89,23.73,56.08,6.43,99.76,Rajma
58.14,32.95,26.85,31.02,53.94,7.38,60.85,Groundnut
23.55,35.19,36.17,17.54,60.49,6.67,79.16,Rajma
68.46,41.01,66.72,20.39,76.89,5.44,168.84,Coffee
94.14,51.37,87.47,28.95,80.9,5.02,208.51,Pineapple
52.29,35.51,32.98,34.49,51.76,6.18,49.5,Pearl Millet
64.99,25.65,29.88,30.41,39.78,7.05,48.13,Pearl Millet
53.33,29.36,26.83,29.92,57.06,6.49,98.77,Black Gram
71.34,48.89,67.43,21.18,70.11,5.44,176.51,Coffee
58.42,28.38,22.19,25.05,58.48,7.46,86.48,Black Gram
82.4,47.99,80.26,24.45,70.13,5.17,204.77,Pineapple
86.0,61.31,102.75,32.11,65.69,6.71,124.64,Papaya
92.0,38.5,58.28,24.27,81.79,5.05,272.87,Tea
48.69,27.26,29.8,29.7,66.57,6.4,62.73,Groundnut
51.84,23.86,48.58,15.16,73.43,7.23,64.94,Beetroot
53.18,31.24,30.98,24.74,61.15,6.92,113.34,Little Millet
83.82,49.54,81.98,29.81,75.02,6.26,265.65,Arecanut
93.52,48.15,68.27,23.86,80.8,5.3,248.81,Tea
49.86,31.8,34.89,31.9,59.63,6.67,94.58,Kodo Millet
104.57,50.54,54.08,30.01,89.96,6.54,252.18,Rice
38.4,40.13,28.67,30.37,57.85,6.42,53.31,Cowpea
28.6,23.91,36.76,28.5,47.75,5.86,52.22,Cowpea
82.85,47.32,47.32,21.39,79.67,5.7,128.24,Coffee
53.7,37.99,36.96,21.87,48.44,7.01,75.98,Linseed
90.55,43.11,68.21,17.0,76.21,5.54,190.46,Coffee
80.38,46.02,69.97,29.25,51.84,6.5,73.93,Pomegranate
55.07,24.09,36.41,38.61,48.84,7.2,84.34,Pearl Millet
45.32,29.66,22.75,27.15,47.95,6.91,90.27,Field Bean
46.76,32.11,28.38,26.51,57.27,7.18,93.86,Niger Seed
29.0,27.97,38.87,25.87,54.51,6.43,114.65,Niger Seed
51.15,31.91,35.26,30.76,54.1,7.02,52.86,Safflower
56.26,28.92,31.63,30.63,43.88,6.71,78.01,Sorghum
34.19,26.77,36.18,20.13,50.54,6.78,104.55,Rajma
41.75,25.46,29.33,28.54,57.82,6.1,89.08,Foxtail Millet
83.89,45.24,29.86,28.98,71.37,6.01,56.5,Maize
58.43,32.16,37.11,31.9,50.55,6.55,82.73,Sorghum
114.14,44.81,53.61,21.66,66.12,6.4,57.06,Cabbage
68.36,26.92,23.11,27.84,47.53,6.91,96.91,Castor
68.16,30.78,36.3,31.77,46.33,7.57,72.09,Sorghum
49.32,26.95,26.94,24.0,64.57,6.53,101.44,Finger Millet
93.15,53.28,67.83,21.45,69.33,6.91,91.47,Cabbage
91.56,48.46,84.31,18.38,64.76,6.66,118.86,Cabbage
52.79,34.53,31.51,19.32,51.86,6.06,54.78,Radish
97.38,51.63,52.76,21.28,72.75,6.6,73.17,Cauliflower
38.68,28.7,34.3,14.26,46.67,7.02,68.72,Chickpea
81.73,57.4,81.75,10.51,67.52,6.47,94.73,Apple
71.76,30.77,57.46,28.7,69.54,6.67,90.16,Pumpkin
52.56,14.91,35.72,24.84,72.01,6.33,95.05,Finger Millet
29.93,22.67,27.94,22.15,48.78,6.24,55.89,Chickpea
88.66,44.4,89.98,32.53,77.2,6.49,273.78,Coconut
54.39,40.5,33.54,15.89,62.82,6.55,51.0,Radish
55.53,53.31,39.65,27.85,74.72,5.76,72.73,Cucumber
42.62,29.11,28.86,21.72,49.18,7.2,46.13,Safflower
55.49,31.96,25.64,25.09,53.25,6.83,52.91,Safflower
32.37,28.45,31.49,21.66,58.0,6.72,95.59,Field Bean
69.55,42.06,84.34,10.68,67.7,5.93,109.94,Apple
90.86,58.23,86.96,17.58,82.26,6.59,148.55,Orange
39.49,37.12,39.72,23.91,65.28,6.25,98.07,Niger Seed
70.64,40.71,83.73,27.87,57.58,6.39,81.83,Guava
36.7,30.54,28.73,22.97,65.82,6.09,75.97,Field Bean
31.71,24.68,37.53,18.22,51.07,7.38,65.68,Lentil
70.15,47.96,53.34,23.0,60.33,6.37,62.01,Onion
76.95,28.03,39.04,25.38,43.08,6.27,85.07,Castor
45.96,32.48,21.78,26.8,50.56,5.7,108.81,Little Millet
112.22,69.46,71.35,31.14,90.17,5.85,322.55,Rubber
45.51,18.59,26.7,21.6,71.03,6.21,42.22,Radish
71.45,43.67,67.25,22.02,71.51,5.97,168.92,Coffee
77.26,80.29,53.02,30.95,76.04,5.06,106.11,Brinjal
35.63,38.56,35.29,30.19,54.54,6.14,50.99,Horse Gram
43.74,32.57,34.48,17.21,57.22,6.94,48.07,Lentil
94.74,49.77,89.48,29.35,76.42,6.01,264.18,Arecanut
38.27,27.19,22.66,31.97,68.35,7.05,90.57,Black Gram
113.01,68.17,100.33,18.75,66.14,5.98,59.25,Potato
107.37,62.19,76.49,24.72,74.69,6.54,166.73,Arecanut
89.12,49.51,87.25,33.97,63.33,5.66,91.45,Guava
35.19,32.4,27.33,33.76,66.11,6.42,86.32,Red Gram
96.63,49.28,64.99,20.9,76.75,6.58,77.96,Cabbage
38.08,22.98,29.49,25.83,63.19,6.92,95.11,Foxtail Millet
136.7,56.65,129.79,29.81,82.38,6.15,218.8,Banana
26.46,29.12,30.13,30.3,58.31,6.52,87.66,Cowpea
49.59,24.91,29.11,20.01,52.87,7.07,53.47,Linseed
105.53,42.99,85.27,29.01,85.85,6.79,190.46,Arecanut
53.9,32.9,32.34,20.02,45.95,6.29,56.64,Safflower
64.26,42.37,41.54,24.35,67.88,6.31,70.37,Cucumber
67.78,35.09,45.44,16.78,61.05,6.2,66.2,Carrot
33.79,28.22,33.72,14.66,54.19,6.22,55.9,Peas
32.89,23.98,32.44,27.02,58.28,6.85,101.26,Field Bean
64.0,61.39,49.69,28.5,64.0,6.53,53.68,Cucumber
53.67,21.63,35.62,31.66,47.92,6.84,68.86,Groundnut
47.16,35.9,25.68,18.93,60.13,6.87,47.63,Lentil
113.35,72.37,88.06,35.17,65.0,5.66,136.86,Orange
92.77,64.23,105.89,33.0,67.72,7.23,82.84,Mango
111.16,58.89,132.32,31.21,80.95,6.76,178.77,Banana
78.21,50.01,76.01,31.09,76.67,6.3,243.73,Pineapple
44.8,36.4,27.13,17.91,47.26,7.38,50.36,Linseed
64.44,47.65,59.43,25.9,77.89,6.74,77.57,Okra
61.03,30.02,33.3,29.74,52.29,7.68,59.68,Castor
30.22,27.58,30.18,29.65,43.47,6.99,58.5,Sesame
53.61,28.19,49.49,32.92,78.55,5.69,201.0,Cashew
110.26,46.3,59.97,17.79,70.24,6.89,79.68,Cauliflower
82.04,38.14,19.89,27.24,60.58,6.66,98.18,Maize
92.81,47.2,34.51,23.31,66.28,7.1,124.24,Maize
24.74,27.71,31.44,33.59,50.01,6.79,89.94,Cowpea
42.33,30.75,35.25,27.34,45.05,6.46,75.77,Green Gram
93.39,67.04,66.7,25.17,64.51,6.86,103.78,Brinjal
50.77,28.77,27.84,25.29,60.84,6.16,78.45,Groundnut
100.4,49.25,63.07,19.5,65.74,6.37,69.5,Cabbage
59.94,26.69,33.31,19.75,38.5,7.0,41.75,Linseed
119.22,54.8,37.62,30.18,66.03,6.54,84.84,Chilli
92.15,44.71,25.15,12.49,51.95,6.79,40.51,Barley
102.19,39.68,49.29,27.34,82.92,6.07,148.59,Rice
82.74,40.27,82.6,31.53,51.05,6.41,85.43,Pomegranate
105.35,58.08,100.66,29.65,72.76,6.19,143.16,Papaya
62.26,39.31,32.8,25.53,54.23,6.6,46.47,Barley
67.53,52.02,39.85,31.09,70.4,7.5,52.57,Okra
54.62,21.48,29.26,31.57,55.68,6.97,79.53,Castor
106.94,59.9,42.01,20.37,65.66,7.6,70.83,Chilli
29.49,32.45,33.29,9.89,54.64,6.02,65.32,Peas
54.57,27.23,32.11,11.0,44.74,6.93,43.45,Mustard
40.01,26.68,24.42,27.55,46.6,7.37,64.51,Safflower
51.47,30.27,25.19,27.67,58.95,5.93,97.13,Kodo Millet
42.05,32.52,37.22,7.97,53.26,6.39,55.69,Peas
76.81,66.17,79.71,20.53,65.0,6.06,119.17,Tomato
73.16,28.66,28.63,32.95,45.38,6.77,63.5,Sorghum
53.62,37.11,55.56,27.44,67.6,6.66,60.15,Pumpkin
38.05,33.16,34.51,25.58,55.96,6.21,73.94,Linseed
27.51,30.37,42.55,28.07,67.02,7.44,82.23,Field Bean
91.39,52.28,65.82,20.85,83.26,5.81,171.03,Coffee
54.56,26.41,26.26,28.09,49.35,6.64,77.29,Groundnut
56.12,28.87,78.94,30.29,63.0,6.68,95.67,Pumpkin
60.41,36.99,20.42,28.84,50.35,6.76,145.62,Finger Millet
37.54,30.64,35.98,16.29,58.18,6.87,67.2,Chickpea
69.95,57.17,92.03,36.11,58.03,6.58,109.44,Guava
73.96,53.58,44.93,33.14,62.3,5.96,75.86,Okra
91.11,46.13,63.08,22.7,67.57,6.41,81.22,Cabbage
37.44,29.99,31.08,28.48,53.83,6.22,73.38,Cowpea
81.26,51.43,61.57,20.76,80.1,5.39,224.58,Tea
96.15,42.28,96.3,29.74,76.16,6.17,266.45,Arecanut
50.75,25.51,30.96,30.61,62.59,6.1,83.15,Red Gram
58.25,28.15,35.94,20.82,45.26,6.31,44.28,Mustard
80.56,24.78,60.2,29.85,65.52,6.82,50.63,Bottle Gourd
78.97,45.23,74.7,30.93,71.42,5.36,149.9,Pineapple
48.43,37.16,21.89,19.5,66.26,6.08,30.57,Radish
65.17,25.32,35.33,26.72,56.17,6.55,114.78,Kodo Millet
62.34,49.96,30.72,23.76,59.3,6.4,78.76,Cucumber
99.61,57.32,81.21,20.02,68.22,6.07,85.47,Potato
90.35,32.55,81.63,31.17,68.18,6.46,124.65,Guava
107.31,47.01,98.94,30.73,77.73,6.51,245.32,Coconut
112.25,43.86,48.0,20.89,85.4,4.63,250.7,Tea
34.03,31.0,33.99,27.92,53.09,6.71,83.57,Groundnut
48.24,36.25,50.78,20.47,59.29,5.74,68.19,Beetroot
45.64,38.47,36.48,24.32,56.65,6.65,71.66,Linseed
81.55,48.85,74.6,31.09,40.92,6.79,62.14,Pomegranate
60.77,41.68,64.84,18.6,60.51,6.27,51.72,Garlic
77.13,41.22,34.85,17.69,52.44,7.82,78.81,Wheat
28.83,37.71,30.74,21.11,50.91,6.65,55.51,Linseed
73.29,28.09,68.21,23.16,73.03,6.52,55.22,Bottle Gourd
64.74,28.66,35.41,21.31,54.84,6.92,70.74,Castor
42.3,34.46,32.4,22.77,50.87,6.8,66.14,Field Bean
77.93,32.21,76.1,28.11,77.55,6.6,166.72,Litchi
48.35,29.85,34.24,24.79,78.72,6.22,138.18,Finger Millet
80.83,35.57,48.3,26.06,74.04,6.83,74.96,Pumpkin
54.53,35.83,36.15,19.9,58.2,6.88,45.92,Radish
68.8,17.39,26.28,29.63,43.24,7.47,69.3,Pearl Millet
68.11,31.28,62.71,18.31,59.07,6.65,61.51,Garlic
58.4,25.86,28.08,28.6,59.57,6.97,87.04,Castor
66.23,41.79,22.66,17.31,55.76,6.58,73.67,Wheat
29.62,34.27,26.11,25.11,44.37,6.43,99.94,Field Bean
110.3,61.99,109.35,19.64,66.49,5.37,52.85,Potato
91.6,51.56,44.43,28.21,86.07,5.6,215.3,Rice
77.31,58.85,57.34,20.02,50.76,6.29,59.26,Onion
82.36,55.22,78.24,29.03,84.71,5.5,272.48,Rubber
95.04,47.83,26.08,21.1,57.55,6.33,76.15,Wheat
45.66,38.29,21.2,21.15,48.77,6.69,65.58,Linseed
79.06,58.13,56.03,25.46,86.55,5.9,134.55,Coffee
50.45,38.86,31.51,26.32,58.47,6.64,66.66,Groundnut
47.45,25.68,26.4,18.74,44.77,6.69,50.72,Chickpea
52.17,33.65,65.76,25.72,65.88,6.57,49.53,Pumpkin
65.29,24.85,68.01,29.08,67.01,6.78,71.07,Pumpkin
74.98,46.57,61.02,21.22,65.71,6.77,100.24,Cabbage
82.46,40.0,26.84,24.69,60.35,6.81,89.22,Maize
105.71,42.25,39.75,16.23,48.8,6.9,76.84,Wheat
48.01,29.01,65.54,25.07,68.45,6.68,81.96,Pumpkin
91.14,56.1,46.97,20.0,63.93,6.5,68.83,Cabbage
58.8,28.7,36.13,18.92,58.15,6.3,59.49,Lentil
91.58,49.71,55.07,20.6,70.36,6.42,77.22,Cabbage
43.54,31.56,31.7,29.11,50.19,7.07,95.89,Foxtail Millet
29.36,32.46,29.74,24.14,61.66,6.06,67.82,Horse Gram
44.44,29.15,26.48,16.59,51.04,7.23,78.01,Linseed
31.68,33.95,28.31,29.55,65.33,5.96,75.61,Cowpea
60.21,48.22,45.06,20.99,66.32,6.46,72.41,Cucumber
26.92,28.57,28.46,16.57,57.87,6.98,57.28,Peas
84.34,40.93,65.83,21.41,58.68,7.04,59.28,Garlic
30.65,37.59,32.3,27.06,44.93,6.49,56.9,Horse Gram
69.52,37.36,65.22,31.77,62.38,6.63,88.31,Pumpkin
79.58,54.2,30.21,24.0,79.22,7.02,162.87,Maize
83.22,58.64,113.7,28.56,63.8,6.44,89.92,Orange
95.74,47.56,61.03,19.63,52.79,6.65,107.87,Cauliflower
37.83,33.39,25.99,28.44,48.59,6.35,56.05,Horse Gram
73.5,42.75,80.67,24.46,64.63,6.34,53.18,Onion
69.46,49.7,58.58,21.62,72.77,6.82,61.88,Cucumber
86.12,38.64,26.59,17.35,46.07,7.37,54.64,Wheat
98.63,46.59,59.95,26.92,68.61,5.92,93.27,Brinjal
114.46,56.37,65.87,27.66,84.94,5.63,205.82,Rubber
45.49,29.81,26.54,30.03,50.98,5.77,73.91,Foxtail Millet
89.94,73.09,66.25,28.18,68.23,6.93,68.83,Chilli
106.15,52.05,87.87,32.1,86.44,7.14,257.14,Coconut
47.8,30.91,34.23,25.68,49.61,7.16,53.89,Chickpea
51.69,54.92,55.86,23.74,50.29,7.04,65.16,Chilli
95.91,53.17,100.07,30.71,67.46,5.63,158.0,Mango
111.18,64.4,112.62,31.18,88.09,6.8,173.95,Banana
61.88,46.84,50.6,30.6,76.4,6.9,67.4,Okra
64.15,33.13,48.65,19.04,58.1,6.48,34.79,Carrot
94.71,46.07,48.32,28.51,89.51,6.19,236.05,Rice
98.85,50.11,68.26,27.66,79.71,5.86,217.95,Rubber
106.48,50.44,117.34,30.77,56.7,6.76,79.99,Grapes
36.74,40.04,34.83,17.11,59.3,6.77,52.97,Peas
90.05,50.77,97.99,28.06,60.79,5.74,157.78,Orange
90.98,51.07,102.73,29.88,69.42,6.92,139.1,Mango
58.47,28.7,27.02,31.12,49.73,7.04,63.49,Sorghum
78.18,29.13,56.1,30.66,71.82,6.55,83.71,Pumpkin
86.45,61.38,54.26,29.59,69.33,6.1,103.14,Brinjal
33.21,36.61,30.11,28.27,58.25,6.19,76.06,Cowpea
47.86,33.61,28.41,24.95,72.09,6.58,57.06,Groundnut
60.29,30.63,26.3,27.75,74.36,6.16,84.73,Finger Millet
37.46,26.47,24.24,17.96,47.44,6.8,60.46,Linseed
52.97,33.52,27.65,14.31,48.17,6.27,71.52,Mustard
43.88,35.88,37.37,21.6,59.45,6.64,93.31,Rajma
77.86,71.55,72.63,29.7,84.32,4.7,374.11,Rubber
60.51,31.47,29.05,21.62,57.01,6.48,30.5,Barley
108.14,62.43,77.49,30.75,58.91,6.94,48.38,Chilli
87.11,43.26,80.37,23.66,75.91,6.12,149.08,Litchi
106.43,41.99,102.29,24.28,74.08,6.37,177.19,Orange
30.57,20.47,35.77,31.21,63.39,6.56,108.61,Sesame
24.11,24.7,28.04,29.86,58.15,6.45,57.17,Cowpea
38.29,28.32,24.9,34.55,52.28,7.02,90.41,Green Gram
80.05,43.67,83.84,25.99,74.16,8.52,88.52,Guava
73.81,35.65,36.03,34.14,68.36,6.56,57.91,Cucumber
51.96,30.99,31.95,24.9,57.51,5.6,85.81,Kodo Millet
95.23,55.27,123.42,27.23,66.36,6.84,78.18,Grapes
99.81,48.51,88.25,28.83,73.97,6.11,226.95,Arecanut
52.07,25.89,63.1,29.55,77.06,6.14,88.95,Pumpkin
118.77,56.7,97.69,24.18,73.73,5.94,94.39,Mango
84.19,36.1,30.12,30.45,60.3,6.57,116.22,Maize
51.08,32.99,24.91,26.48,64.87,6.61,82.23,Castor
40.27,27.87,32.84,22.63,56.89,5.87,74.17,Rajma
62.32,27.26,61.58,28.68,72.1,7.36,78.07,Pumpkin
54.71,30.53,28.2,31.17,56.35,6.89,79.11,Sunflower
58.18,31.56,29.85,37.79,55.24,7.68,82.98,Sorghum
67.44,56.12,49.46,17.9,63.85,6.92,49.28,Onion
45.34,29.88,32.97,19.58,51.12,6.64,58.73,Lentil
59.19,26.92,61.67,24.61,58.77,6.63,55.62,Carrot
85.48,47.41,67.33,21.72,63.4,6.53,41.49,Garlic
62.21,28.26,50.25,16.95,66.38,6.6,55.34,Beetroot
42.78,25.27,30.35,28.9,52.53,6.36,94.52,Kodo Millet
82.26,65.7,60.24,27.67,65.91,6.32,89.36,Tomato
79.96,52.42,44.83,15.75,68.52,6.24,84.88,Cauliflower
54.66,29.01,32.03,27.98,47.69,6.68,63.34,Sunflower
68.34,29.9,61.27,18.83,65.5,6.65,54.25,Beetroot
74.73,34.82,71.78,22.18,55.34,6.37,123.89,Apple
33.91,34.56,28.79,15.7,55.93,6.17,89.6,Rajma
48.49,48.61,44.64,30.92,62.2,6.58,54.16,Cucumber
96.45,50.7,101.76,26.91,73.25,5.3,249.38,Coconut
92.07,48.05,65.11,25.63,83.8,5.19,237.01,Pineapple
74.87,55.6,66.57,29.55,53.71,5.93,80.46,Pomegranate
40.82,38.19,35.15,27.07,61.72,6.3,59.88,Cowpea
33.34,32.44,30.16,29.8,55.72,6.99,110.94,Red Gram
40.52,23.89,28.63,16.76,41.89,6.42,46.33,Rajma
84.95,58.45,82.73,31.23,87.32,5.53,323.92,Rubber
46.73,34.48,34.39,28.1,57.05,5.9,63.83,Foxtail Millet
62.45,24.86,37.88,25.46,52.26,6.82,81.49,Castor
141.13,67.21,120.93,33.46,67.71,6.57,131.48,Banana
70.5,28.5,32.5,25.39,57.53,7.06,68.35,Castor
78.69,33.7,74.55,25.16,76.97,6.42,163.59,Coffee
89.31,49.27,94.14,25.63,55.74,7.22,74.7,Grapes
102.18,52.98,94.78,29.45,57.2,6.82,64.62,Grapes
67.31,45.92,87.11,20.55,63.15,7.16,116.61,Guava
58.86,35.98,36.79,31.37,46.66,6.86,68.63,Groundnut
55.3,30.14,28.21,20.75,50.32,6.43,65.85,Lentil
93.26,48.02,114.39,30.91,86.12,6.33,227.74,Coconut
52.65,33.69,24.93,21.83,47.87,8.04,54.79,Safflower
30.28,25.84,30.14,34.9,64.05,6.58,84.68,Black Gram
86.46,49.59,75.94,28.47,82.98,5.7,343.9,Rubber
74.44,40.78,66.93,20.44,59.75,6.41,41.38,Garlic
88.42,37.62,84.4,23.96,60.35,6.62,79.48,Pomegranate
62.38,39.27,24.87,22.69,41.22,6.28,63.91,Barley
85.31,36.2,89.36,21.16,55.26,5.78,100.66,Apple
35.47,39.78,35.73,29.82,48.4,6.58,112.66,Red Gram
100.26,77.65,94.96,26.92,54.18,5.95,176.32,Orange
83.52,32.83,30.02,27.57,77.19,6.92,111.45,Maize
23.71,33.19,30.78,28.43,61.64,6.45,94.21,Green Gram
94.86,44.1,24.44,17.21,60.37,6.52,76.98,Barley
93.32,55.49,55.36,26.69,69.95,6.47,95.8,Brinjal
50.62,24.49,41.52,15.98,62.95,7.18,56.55,Radish
113.61,47.09,84.62,25.48,89.99,7.45,285.88,Coconut
88.57,56.57,63.66,20.55,69.02,6.22,84.76,Tomato
79.34,49.49,67.82,32.98,65.38,6.91,63.65,Chilli
103.69,45.03,70.05,30.4,68.62,6.17,106.36,Guava
101.77,47.88,55.25,34.87,75.6,6.04,254.43,Rice
37.07,32.97,36.97,23.26,60.83,6.16,83.06,Niger Seed
34.63,37.16,25.29,29.61,47.39,7.19,105.4,Sorghum
34.31,29.06,29.71,31.93,61.85,6.46,76.87,Cowpea
73.26,28.13,53.84,24.47,65.18,7.35,74.96,Bottle Gourd
48.04,22.95,19.88,16.99,49.85,6.76,47.72,Lentil
47.75,28.26,28.52,14.41,47.14,6.25,93.94,Rajma
51.46,32.92,25.51,21.97,60.16,6.75,74.39,Radish
40.5,19.8,41.11,18.08,66.37,6.51,50.45,Radish
87.26,57.93,41.54,23.1,55.63,6.45,77.51,Chilli
34.1,33.05,27.55,16.85,55.51,6.34,118.26,Rajma
35.03,33.88,25.04,21.44,52.89,6.3,126.86,Rajma
80.94,27.24,80.18,29.67,51.8,6.1,110.15,Guava
86.72,41.26,105.53,26.02,63.13,6.12,127.49,Guava
45.71,22.27,27.32,30.89,66.41,6.72,72.37,Black Gram
109.15,57.41,104.98,22.24,67.41,6.07,63.87,Potato
29.85,40.73,25.88,32.41,45.67,6.41,70.99,Sesame
114.64,57.34,46.85,21.21,60.35,6.4,52.85,Cauliflower
55.76,28.7,51.77,25.98,62.27,6.79,103.69,Pumpkin
36.5,25.08,32.2,31.22,66.33,6.97,100.19,Sesame
46.29,37.12,29.98,22.61,57.43,6.58,89.4,Little Millet
35.43,31.91,35.47,28.46,51.21,6.83,90.88,Little Millet
33.38,25.45,31.4,24.81,73.22,6.88,67.51,Soybean
50.63,28.85,28.57,29.31,42.14,6.94,57.5,Green Gram
47.06,25.05,27.42,30.62,61.63,7.12,68.81,Green Gram
77.71,52.18,90.56,33.51,40.14,6.58,83.68,Pomegranate
39.13,32.05,36.42,28.61,62.77,6.95,108.19,Foxtail Millet
30.74,36.62,28.39,24.4,47.48,6.37,56.37,Horse Gram
68.65,23.45,63.31,21.53,61.26,6.47,64.26,Beetroot
30.16,31.08,22.49,22.3,66.92,6.25,57.09,Peas
61.16,37.9,57.11,21.82,56.25,6.85,50.93,Garlic
46.08,29.26,24.56,17.79,51.57,6.89,46.29,Lentil
95.2,43.05,92.69,32.34,93.54,6.01,284.49,Rubber
88.97,46.74,79.61,24.27,74.95,6.2,139.76,Litchi
89.58,45.26,97.66,33.82,82.0,6.51,271.92,Coconut
110.35,45.27,59.13,16.61,69.28,6.62,77.65,Cauliflower
67.01,49.98,77.89,22.68,61.89,6.25,44.59,Garlic
72.19,44.39,86.02,20.01,74.14,5.78,205.5,Litchi
25.16,23.51,29.14,17.41,48.64,6.82,64.44,Lentil
71.96,28.03,64.04,25.03,66.05,7.16,83.99,Pumpkin
56.78,32.84,28.49,32.11,78.29,6.76,69.07,Sorghum
32.94,27.42,34.82,14.58,53.21,6.27,104.03,Rajma
76.34,53.43,56.42,27.96,67.76,5.65,164.68,Litchi
102.85,46.32,74.37,24.83,92.01,5.41,201.81,Tea
57.93,36.46,26.12,23.77,72.2,7.31,101.22,Finger Millet
85.87,54.51,80.12,30.45,60.98,6.09,58.98,Onion
90.2,49.61,92.97,29.95,85.74,5.89,267.38,Rubber
30.05,28.0,27.46,20.06,46.76,6.46,102.53,Rajma
101.2,50.98,42.3,25.59,65.04,6.51,118.65,Maize
55.75,26.52,28.8,20.23,54.26,6.64,60.42,Lentil
80.09,53.91,43.42,32.39,78.44,6.51,66.14,Okra
72.26,23.02,36.36,27.79,62.9,6.43,61.6,Sunflower
85.33,49.1,49.53,26.73,91.49,5.72,196.37,Rice
55.84,31.08,44.29,29.87,67.07,6.62,91.5,Bottle Gourd
91.54,53.41,99.16,16.51,66.15,6.23,54.43,Potato
74.72,26.51,24.68,18.88,54.29,6.88,42.78,Mustard
70.54,55.03,61.86,14.79,55.38,7.28,62.68,Garlic
107.0,43.24,54.4,21.52,79.15,6.05,157.76,Coffee
94.08,76.29,85.3,29.12,89.3,5.43,264.02,Rubber
40.44,23.42,28.37,26.83,54.47,7.12,52.06,Horse Gram
69.69,57.87,68.24,14.53,58.85,6.76,40.68,Garlic
25.72,30.17,20.42,15.59,49.87,7.3,50.47,Lentil
51.0,31.87,29.27,21.53,42.25,7.3,56.78,Lentil
97.71,53.16,51.26,16.93,61.57,6.46,63.55,Cabbage
89.86,45.26,62.8,25.36,81.07,5.28,248.5,Tea
52.16,33.82,34.44,31.7,67.76,6.59,51.18,Bottle Gourd
132.0,67.31,124.62,30.41,79.16,6.66,161.03,Banana
56.4,41.15,58.84,28.72,67.15,6.48,186.88,Litchi
32.23,32.67,24.46,22.79,50.65,6.73,58.09,Chickpea
37.02,36.46,24.21,26.09,50.08,6.73,105.88,Red Gram
102.86,62.99,43.49,33.16,91.71,6.06,243.33,Rice
98.66,53.26,101.64,36.15,73.24,6.32,141.34,Mango
36.74,35.76,28.57,26.16,53.4,6.35,99.06,Field Bean
36.78,28.59,18.95,29.86,57.62,6.98,79.45,Sesame
46.24,26.66,31.77,23.98,55.94,6.93,87.48,Rajma
108.72,50.31,90.88,32.69,62.2,6.72,70.15,Grapes
98.29,53.65,57.61,31.34,61.23,6.97,77.83,Brinjal
99.0,60.24,62.51,28.72,83.85,4.63,254.95,Rubber
66.6,42.78,53.02,31.38,64.51,6.55,77.06,Okra
56.39,25.21,65.37,20.28,61.53,6.83,63.29,Beetroot
32.29,30.42,37.73,22.09,48.84,6.57,37.45,Linseed
88.33,54.02,55.51,34.74,89.79,5.34,272.34,Rubber
38.53,32.25,30.41,29.2,56.95,6.32,96.37,Kodo Millet
110.68,44.22,93.02,32.54,82.8,6.33,253.71,Rubber
61.23,33.21,27.7,35.89,55.94,6.18,54.58,Kodo Millet
98.51,49.45,116.94,27.18,73.75,6.45,149.96,Papaya
73.5,30.11,23.92,30.92,57.29,6.53,122.4,Castor
99.84,51.37,53.01,22.75,73.21,4.9,209.51,Tea
67.67,19.3,29.07,31.92,36.52,6.95,24.79,Pearl Millet
91.48,65.2,119.85,32.23,70.5,6.74,176.86,Mango
49.46,23.43,34.89,27.82,48.84,6.35,85.45,Field Bean
40.83,27.41,23.77,18.49,47.1,7.31,50.57,Chickpea
45.36,28.78,36.29,14.55,46.01,6.29,79.13,Rajma
37.63,26.11,33.68,31.57,48.12,6.64,63.92,Green Gram
108.4,40.03,48.89,30.96,65.14,6.08,207.38,Rice
105.11,54.04,55.58,19.27,67.34,6.38,51.37,Cauliflower
81.94,59.63,57.27,22.9,63.32,6.67,98.26,Brinjal
78.14,42.61,78.48,27.77,52.05,6.11,74.14,Grapes
99.12,64.54,89.65,18.44,70.71,5.38,50.42,Potato
77.13,54.17,91.67,17.33,54.41,5.84,125.21,Apple
34.24,37.09,21.84,21.0,48.31,6.55,91.31,Rajma
99.76,65.62,90.2,29.05,85.15,5.21,268.6,Rubber
38.14,28.47,30.7,26.58,50.57,6.0,74.97,Cowpea
39.76,30.12,32.71,18.44,60.03,6.3,67.51,Rajma
92.22,49.09,83.52,23.23,97.56,4.97,265.93,Tea
57.35,36.41,69.89,14.94,60.95,6.58,61.8,Carrot
86.96,55.61,40.32,23.54,69.6,6.6,65.78,Brinjal
56.23,58.34,42.12,26.81,69.85,6.72,73.35,Okra
22.87,31.56,30.89,29.99,47.06,6.63,66.52,Cowpea
53.97,32.74,57.02,16.04,56.4,6.43,22.95,Carrot
80.7,53.56,78.85,33.45,71.08,7.06,174.37,Orange
81.6,41.52,71.01,20.98,83.51,5.42,153.06,Coffee
107.95,52.25,102.24,32.95,78.82,6.01,221.3,Coconut
94.56,55.8,52.25,24.31,72.97,6.64,61.18,Brinjal
36.94,27.71,35.71,21.97,40.48,6.44,36.93,Lentil
93.72,43.19,88.93,27.5,61.97,6.2,96.83,Guava
88.22,81.71,67.35,27.7,69.36,6.68,88.73,Tomato
27.61,30.05,30.05,21.59,59.19,6.26,106.57,Niger Seed
81.26,31.77,28.56,20.0,58.4,6.54,53.72,Barley
38.01,30.7,31.46,28.87,55.55,6.56,78.45,Cowpea
33.7,35.2,28.57,25.48,60.25,6.2,87.52,Red Gram
34.17,37.71,32.69,22.73,45.41,6.54,82.58,Rajma
28.77,25.87,31.36,31.08,37.7,6.89,58.87,Horse Gram
54.29,21.99,22.93,29.55,47.76,5.97,74.52,Castor
36.96,28.25,32.02,30.43,25.7,6.0,91.16,Sesame
117.26,52.84,63.37,23.88,91.93,4.79,243.22,Tea
65.46,39.59,79.38,8.16,53.26,5.53,125.81,Apple
21.26,28.06,27.53,30.22,52.28,6.16,57.62,Green Gram
98.68,61.61,57.33,20.73,59.25,6.74,89.13,Chilli
46.95,39.0,30.68,23.72,51.34,6.79,83.14,Sunflower
85.38,42.34,73.46,29.81,63.85,5.87,102.65,Guava
28.64,32.97,35.0,29.02,55.39,6.34,67.15,Sesame
47.62,35.49,33.07,27.73,56.4,5.47,84.14,Kodo Millet
51.7,27.02,25.08,22.05,73.52,6.14,118.76,Soybean
108.79,55.89,44.83,26.06,88.04,6.17,151.77,Rice
29.61,39.45,34.41,19.48,53.16,6.58,54.88,Rajma
54.28,29.99,23.92,32.2,34.91,6.7,48.51,Pearl Millet
93.33,54.97,65.37,27.33,76.95,6.45,311.52,Arecanut
93.91,70.77,123.92,31.27,73.99,6.79,85.88,Papaya
88.23,40.48,87.72,27.16,52.75,6.08,65.5,Pomegranate
29.61,26.66,25.0,24.68,45.79,5.36,81.15,Horse Gram
66.48,50.1,58.45,19.79,74.83,6.6,110.38,Cauliflower
47.32,35.93,71.62,30.69,66.42,6.4,125.88,Pumpkin
50.44,35.46,34.17,28.01,56.59,6.7,96.37,Kodo Millet
112.74,50.54,69.8,30.64,78.87,6.48,199.51,Arecanut
114.08,59.46,56.99,21.84,70.9,6.93,60.56,Cauliflower
74.87,36.48,35.42,37.4,30.89,6.82,57.29,Pearl Millet
115.27,64.28,108.88,27.32,80.28,6.86,194.5,Banana
87.0,41.64,28.78,11.61,43.92,6.96,73.52,Wheat
65.53,36.86,41.64,18.63,49.2,6.89,44.69,Barley
35.31,29.54,29.54,28.56,68.02,6.89,102.86,Black Gram
115.73,46.19,34.89,12.62,62.53,6.13,78.26,Wheat
64.23,58.4,60.26,24.87,71.23,6.49,87.69,Cucumber
103.04,45.83,92.3,32.72,67.85,5.82,153.32,Mango
34.08,32.27,33.69,21.06,53.18,6.65,50.37,Lentil
16.89,30.38,22.06,21.44,67.21,6.76,108.09,Niger Seed
67.09,26.1,30.49,30.74,50.85,7.14,77.52,Pearl Millet
16.83,34.64,27.48,26.22,52.69,6.66,78.64,Cowpea
96.23,55.67,104.11,30.4,68.73,6.89,202.21,Mango
74.76,35.75,36.28,23.4,46.02,6.51,50.18,Barley
82.28,58.73,74.49,25.74,67.89,6.55,121.09,Guava
26.55,29.62,40.37,28.7,33.3,7.3,64.47,Horse Gram
68.16,31.56,25.4,34.9,45.67,7.4,75.42,Pearl Millet
81.3,48.12,107.71,32.53,70.65,5.67,246.72,Coconut
104.35,46.23,51.68,28.5,96.87,6.71,206.52,Rice
51.04,26.76,30.35,21.96,55.6,6.54,72.48,Linseed
79.28,63.12,78.32,30.65,68.31,5.95,120.73,Guava
36.92,25.5,36.37,30.21,48.76,6.41,76.68,Groundnut
100.12,70.13,89.03,22.27,65.94,6.0,63.51,Potato
91.54,47.06,57.77,20.02,74.38,6.38,83.61,Tomato
108.45,46.6,49.55,19.27,65.63,6.39,53.39,Cauliflower
60.86,30.61,56.58,25.57,73.06,7.14,80.71,Pumpkin
96.95,42.96,75.05,26.18,78.25,5.98,225.93,Arecanut
52.98,31.41,37.14,33.08,46.27,6.87,72.2,Pearl Millet
101.43,41.98,85.57,29.54,91.75,6.84,269.83,Coconut
58.78,26.22,64.68,29.17,67.62,6.98,79.3,Pumpkin
87.34,50.84,50.71,24.98,61.92,6.43,84.07,Tomato
95.69,51.92,60.42,19.73,64.49,6.39,83.55,Cauliflower
81.53,49.03,84.47,24.55,75.68,6.05,114.98,Guava
68.51,33.73,86.1,20.65,51.77,6.75,88.2,Pomegranate
34.86,24.88,35.17,20.66,45.28,7.31,49.38,Lentil
31.47,24.34,32.47,15.25,48.5,6.31,104.81,Rajma
86.61,40.86,78.01,14.11,73.83,6.18,104.73,Apple
46.98,27.43,30.71,30.11,52.51,7.01,62.13,Groundnut
64.32,40.57,54.4,17.26,51.78,6.43,55.08,Carrot
88.17,53.4,97.07,34.62,75.64,5.74,198.2,Coconut
39.66,35.26,30.47,29.18,47.01,6.91,54.19,Safflower
39.15,37.25,30.08,24.21,65.9,7.09,70.39,Soybean
97.0,44.55,131.7,29.14,66.12,6.74,181.15,Mango
76.73,26.01,35.04,35.42,31.28,7.07,39.63,Pearl Millet
51.46,28.1,28.73,27.16,47.42,5.75,37.67,Castor
27.39,28.92,31.5,25.59,42.8,6.47,131.92,Red Gram
60.41,38.03,50.52,20.2,63.07,6.51,71.12,Beetroot
39.4,28.62,28.87,22.48,53.02,6.5,103.33,Field Bean
55.24,33.15,59.69,30.19,77.94,6.36,67.31,Pumpkin
65.21,56.55,59.6,27.64,62.46,6.45,47.44,Onion
36.53,27.46,27.11,28.48,55.19,6.33,130.23,Red Gram
32.11,30.6,32.17,22.04,56.71,6.45,105.86,Rajma
84.82,39.84,50.28,26.14,78.18,6.89,78.07,Maize
114.56,71.27,140.74,28.27,73.18,6.87,232.61,Banana
33.2,25.34,34.07,26.23,46.65,7.62,74.75,Safflower
72.76,56.3,71.69,28.06,81.97,7.09,138.72,Litchi
101.81,48.61,62.11,20.18,68.34,6.41,66.49,Cauliflower
51.4,34.84,27.69,24.18,47.68,6.19,50.78,Lentil
25.02,32.86,31.01,27.32,42.63,7.46,65.41,Sesame
98.27,50.74,95.83,30.94,79.62,6.09,214.95,Papaya
83.99,48.94,61.26,29.16,60.8,6.99,92.57,Chilli
98.62,68.83,94.66,20.5,70.09,5.36,54.75,Potato
51.92,29.43,35.94,31.27,49.43,7.05,67.14,Groundnut
95.36,62.75,42.16,22.47,73.4,6.67,42.37,Brinjal
103.76,55.86,78.48,22.55,61.5,6.07,122.53,Orange
80.98,53.58,54.29,20.97,57.81,6.16,45.5,Garlic
111.24,80.04,116.49,31.48,64.72,5.43,133.4,Mango
99.65,52.76,99.09,29.64,63.76,6.57,70.71,Grapes
59.68,33.62,22.03,21.9,55.25,7.15,69.77,Radish
33.6,32.4,25.48,24.35,51.25,6.21,74.44,Kodo Millet
60.91,27.49,62.03,22.2,55.91,6.98,49.44,Beetroot
61.86,28.71,33.12,26.11,41.69,6.27,51.63,Sorghum
47.91,50.85,52.07,17.84,58.0,6.5,55.6,Garlic
102.29,50.62,81.46,33.55,91.36,6.56,174.4,Arecanut
52.3,50.35,53.38,26.81,65.55,6.19,58.08,Onion
60.64,20.31,30.32,29.09,52.72,7.09,73.39,Sorghum
35.29,21.94,34.76,21.94,52.31,7.25,83.35,Horse Gram
98.37,31.8,40.13,28.6,59.61,6.11,101.81,Maize
45.84,27.88,29.61,20.86,53.61,6.27,82.69,Mustard
68.9,35.25,63.2,17.73,56.24,6.21,60.34,Carrot
88.27,57.0,60.42,30.86,67.48,6.96,127.25,Brinjal
38.43,23.07,29.89,21.44,48.21,6.91,63.9,Linseed
85.41,36.61,56.07,22.4,76.89,6.35,208.6,Coffee
38.95,20.01,23.87,23.16,55.95,6.87,72.44,Lentil
40.61,30.49,32.8,26.93,58.23,6.47,79.42,Kodo Millet
26.22,30.65,31.97,21.78,47.82,6.07,80.31,Rajma
81.51,51.99,56.78,20.61,64.33,7.02,50.91,Garlic
69.15,54.42,42.16,22.86,73.06,5.69,184.37,Coffee
87.88,49.9,58.26,19.81,69.6,6.76,63.37,Cauliflower
65.16,25.89,38.48,36.0,53.5,7.18,48.69,Sorghum
91.09,69.21,104.18,30.84,60.84,7.69,142.8,Mango
42.68,35.18,30.43,25.42,49.44,6.83,84.57,Green Gram
86.28,34.96,31.06,23.28,58.94,6.51,27.7,Barley
87.3,64.41,96.59,26.21,62.85,7.15,178.08,Orange
34.35,38.77,38.5,20.1,55.28,6.44,99.29,Rajma
94.88,46.51,47.97,32.29,75.1,6.47,183.1,Rice
52.69,26.09,31.48,28.08,50.34,6.86,65.65,Sunflower
52.76,30.83,72.19,19.87,56.39,6.62,47.14,Carrot
64.17,29.43,34.92,26.33,66.81,6.46,140.29,Soybean
57.47,28.13,31.5,32.5,75.53,7.64,87.76,Sorghum
80.3,43.51,29.55,17.56,53.53,6.67,73.87,Barley
53.14,22.75,62.22,35.15,71.05,7.05,65.99,Bottle Gourd
45.55,28.56,26.98,17.66,62.89,5.98,57.17,Chickpea
55.58,26.54,65.73,20.12,66.24,6.69,61.23,Beetroot
83.58,38.73,49.17,26.42,77.53,6.76,94.85,Maize
51.54,28.76,29.11,24.93,45.7,6.68,57.26,Chickpea
110.11,45.83,55.52,20.66,81.71,4.95,281.08,Tea
44.42,25.32,24.18,14.8,50.31,5.91,72.61,Peas
48.45,42.23,34.62,30.58,50.51,6.34,76.35,Kodo Millet
35.27,29.91,28.17,24.91,41.84,6.12,57.11,Field Bean
39.12,26.64,27.66,25.65,50.43,6.76,88.84,Little Millet
45.41,28.24,58.82,33.21,72.9,6.99,90.04,Pumpkin
43.23,31.25,27.89,28.3,58.63,5.91,76.73,Niger Seed
45.32,42.37,22.45,12.33,63.81,6.39,58.69,Peas
49.14,14.86,37.36,28.25,79.44,6.79,123.66,Finger Millet
66.03,25.12,76.0,17.82,57.01,6.14,48.7,Carrot
28.82,29.86,31.38,27.35,49.26,6.33,87.92,Sesame
74.27,43.71,76.74,19.15,72.87,5.58,140.07,Pineapple
61.78,35.17,25.65,23.7,54.18,7.35,89.13,Sunflower
87.34,38.92,33.11,16.16,66.48,6.76,33.21,Barley
46.16,24.86,37.13,24.39,64.66,6.31,84.03,Foxtail Millet
81.92,53.38,77.7,27.83,78.37,5.56,115.13,Pineapple
97.09,55.1,72.11,27.09,78.27,6.67,123.35,Guava
81.13,62.33,97.72,23.81,70.07,7.08,104.14,Papaya
72.91,26.37,23.12,32.06,64.58,7.01,96.99,Castor
56.96,31.97,43.47,30.82,76.39,6.18,156.11,Cashew
97.31,54.89,82.4,28.63,78.89,5.18,251.22,Rubber
46.26,27.07,30.46,15.21,43.88,6.72,66.51,Safflower
26.08,28.64,37.7,21.12,60.88,6.54,85.89,Niger Seed
86.75,38.83,94.45,10.99,60.79,6.19,138.1,Apple
35.52,29.35,22.38,18.24,53.87,7.64,33.29,Radish
49.77,21.34,52.38,21.33,64.48,6.98,57.0,Beetroot
42.66,25.21,29.68,27.26,57.38,6.49,78.41,Kodo Millet
35.79,27.69,34.51,25.21,40.63,6.57,108.77,Field Bean
40.11,35.86,28.32,27.39,62.66,5.78,87.4,Foxtail Millet
29.69,24.66,31.43,28.54,55.7,7.28,57.44,Sesame
41.67,18.04,24.15,34.06,49.62,7.02,65.49,Sesame
41.99,31.89,28.91,17.27,60.96,6.75,69.63,Peas
90.07,29.17,59.46,21.89,79.8,5.59,247.39,Coffee
116.55,46.13,101.93,30.67,61.07,7.63,90.15,Grapes
74.53,39.17,52.54,29.05,75.42,6.22,89.18,Cucumber
102.21,58.72,117.77,29.62,80.24,5.93,162.67,Mango
39.32,32.78,22.07,24.26,61.15,7.72,92.55,Little Millet
45.98,23.9,27.76,18.07,65.99,6.64,31.21,Radish
44.19,30.33,30.65,27.44,49.0,6.36,47.27,Green Gram
91.17,47.83,96.69,30.01,60.58,6.42,102.59,Papaya
52.46,27.1,56.96,18.4,61.75,6.56,50.93,Beetroot
42.46,23.49,32.87,26.05,59.64,6.28,93.74,Kodo Millet
87.48,51.94,58.94,26.68,52.69,6.67,54.09,Onion
43.76,31.83,25.97,22.84,49.23,7.35,51.75,Linseed
56.27,26.22,29.21,20.4,60.36,6.58,50.27,Radish
95.73,48.97,61.91,32.09,78.75,6.16,252.37,Rice
115.73,65.58,124.33,25.05,88.55,7.48,110.65,Banana
59.64,37.11,62.41,18.95,58.3,6.33,71.34,Beetroot
77.17,43.69,55.4,27.66,74.85,6.63,89.67,Cucumber
103.44,55.24,72.29,23.62,49.83,6.8,56.53,Onion
87.86,50.71,92.6,26.15,54.75,5.92,84.79,Pomegranate
59.85,29.53,21.49,20.73,41.4,5.57,67.53,Mustard
31.95,30.39,30.36,29.52,54.96,6.69,85.8,Horse Gram
95.48,45.85,111.5,30.19,55.33,6.57,167.63,Mango
99.2,52.3,38.74,32.77,69.19,5.91,144.15,Rice
110.21,64.0,107.05,28.78,65.1,6.63,192.27,Mango
98.13,56.09,114.8,30.44,76.06,6.4,115.03,Papaya
47.1,35.55,33.02,26.38,45.87,6.65,95.57,Kodo Millet
80.27,24.18,27.74,27.72,61.09,6.7,76.64,Sunflower
68.15,27.67,33.29,14.57,46.26,7.12,44.87,Mustard
30.32,30.63,24.48,25.41,51.2,7.15,85.96,Horse Gram
60.71,22.63,64.34,16.58,52.98,6.73,58.19,Carrot
38.34,24.24,23.5,28.27,58.85,6.21,115.53,Foxtail Millet
62.02,29.52,49.73,27.14,70.53,6.65,80.13,Bottle Gourd
54.9,31.89,40.84,17.6,49.91,7.14,75.73,Safflower
82.52,47.47,64.15,23.69,67.13,6.51,73.7,Brinjal
43.11,23.06,33.46,21.31,73.21,7.3,91.41,Finger Millet
66.12,49.63,52.2,31.48,72.32,6.28,80.41,Cucumber
27.54,32.8,27.62,19.48,53.85,6.19,81.65,Rajma
48.89,25.46,37.18,29.76,50.94,6.75,64.05,Cowpea
39.76,28.29,26.51,20.31,49.12,6.62,57.3,Linseed
94.35,67.09,86.93,19.62,68.78,6.19,128.79,Orange
42.79,25.51,51.68,27.42,73.39,5.91,237.52,Cashew
62.31,42.36,39.02,24.2,63.78,5.85,67.28,Okra
79.12,56.08,65.27,23.12,73.06,6.48,50.88,Tomato
82.13,39.82,75.32,14.12,68.11,5.92,104.88,Apple
49.57,32.22,28.07,29.61,48.82,6.63,101.18,Kodo Millet
111.18,71.95,49.17,19.43,65.02,6.39,58.76,Brinjal
91.73,47.39,105.82,26.77,76.24,4.94,225.73,Coconut
49.2,26.1,28.71,21.66,56.14,7.33,77.91,Safflower
91.63,62.01,103.82,38.59,57.36,6.92,101.2,Orange
38.79,28.28,30.29,25.35,58.58,7.43,93.45,Little Millet
55.05,22.91,64.39,27.75,72.46,6.5,181.04,Cashew
49.42,24.43,31.03,18.78,51.2,6.89,73.26,Lentil
32.75,25.71,21.22,17.6,38.9,6.74,47.13,Peas
73.73,47.66,60.47,25.49,55.94,6.06,59.95,Onion
67.93,35.71,80.36,30.05,79.87,5.34,264.54,Pineapple
108.61,55.68,67.72,29.48,85.12,5.91,197.73,Arecanut
80.86,51.25,60.83,26.52,71.31,6.22,75.42,Tomato
38.2,29.94,38.92,29.18,51.42,7.02,150.9,Red Gram
47.14,28.13,25.79,27.24,51.25,6.35,96.84,Foxtail Millet
56.13,19.24,76.81,28.32,67.16,6.55,54.2,Bottle Gourd
52.28,31.95,36.3,24.52,52.56,6.15,68.14,Foxtail Millet
29.8,26.34,40.27,35.75,55.33,6.44,86.66,Cowpea
80.64,40.06,34.25,19.6,52.88,6.79,25.15,Barley
81.11,56.41,52.09,32.27,61.23,6.68,77.78,Chilli
100.68,49.11,23.68,18.52,53.04,6.99,58.67,Wheat
114.55,49.33,71.18,21.01,77.69,6.07,56.92,Potato
92.02,46.99,91.72,27.38,56.99,7.19,61.85,Grapes
71.38,48.27,70.18,12.11,60.08,6.02,143.88,Apple
53.69,30.52,26.95,24.12,66.39,7.28,171.51,Soybean
49.02,30.42,24.96,24.92,54.94,6.6,70.51,Kodo Millet
82.9,45.21,89.11,25.35,80.5,5.71,188.12,Pineapple
93.0,57.88,62.41,15.21,66.2,6.68,76.26,Cauliflower
27.15,30.89,38.95,28.97,65.8,6.06,105.58,Cowpea
83.39,47.19,87.39,34.13,51.82,7.08,142.17,Mango
90.02,51.53,44.83,29.22,67.39,6.47,73.98,Cucumber
48.33,17.68,30.34,25.22,53.05,6.62,73.11,Little Millet
34.78,33.3,25.74,23.2,68.38,6.79,83.07,Kodo Millet
70.32,29.81,35.11,26.43,54.85,6.66,82.32,Castor
48.55,29.75,35.1,27.66,63.95,6.87,84.51,Foxtail Millet
66.34,34.45,68.3,21.58,63.8,6.99,49.99,Garlic
63.34,31.39,28.09,16.94,46.63,6.66,59.7,Mustard
83.87,53.02,80.61,25.09,53.42,6.39,61.85,Pomegranate
44.93,30.98,31.84,17.54,52.91,7.41,68.98,Linseed
97.94,59.98,89.09,29.63,65.75,5.89,135.17,Mango
59.97,33.89,32.58,25.51,53.64,6.22,69.22,Castor
51.89,36.4,25.7,26.95,66.69,6.57,107.22,Soybean
59.03,31.42,62.83,32.98,70.89,6.44,99.85,Pumpkin
36.34,28.33,27.52,21.94,48.25,6.39,82.33,Rajma
66.04,32.9,34.66,24.68,69.21,6.4,71.75,Cucumber
89.95,53.35,92.89,35.15,78.53,6.14,281.7,Arecanut
50.56,25.75,28.94,25.73,57.97,6.76,41.06,Radish
80.82,58.49,50.12,24.63,55.94,6.46,56.22,Onion
92.67,43.31,110.57,30.64,85.93,6.24,252.24,Coconut
57.95,22.25,41.35,24.68,58.74,6.88,80.58,Castor
33.39,26.75,24.43,19.76,57.18,7.62,61.97,Chickpea
65.98,50.29,42.18,27.15,65.51,6.75,94.07,Okra
60.95,37.58,80.17,7.89,65.11,6.08,117.09,Apple
38.98,28.54,32.21,18.21,49.89,6.54,37.6,Lentil
47.67,28.8,26.9,27.03,58.47,6.64,72.14,Foxtail Millet
29.06,32.75,32.77,29.0,57.83,6.73,71.09,Cowpea
52.37,29.45,25.67,9.87,50.81,6.63,61.51,Mustard
37.18,27.54,24.48,24.66,60.23,7.36,116.75,Little Millet
76.28,28.95,27.33,28.38,63.25,7.36,56.81,Castor
60.42,26.35,30.85,19.93,63.2,6.64,83.17,Sunflower
30.17,21.71,25.69,16.88,53.62,6.88,32.49,Lentil
44.07,26.03,27.79,30.54,47.62,6.77,64.98,Green Gram
28.99,30.96,25.58,20.97,52.58,6.52,35.84,Lentil
43.89,41.81,25.8,28.99,52.83,7.02,95.21,Kodo Millet
90.38,67.88,111.41,29.21,66.04,6.66,133.06,Orange
63.71,43.54,31.29,28.78,63.59,6.81,143.57,Maize
57.63,28.71,25.87,37.03,59.43,6.51,86.62,Black Gram
85.6,51.87,88.16,17.52,78.4,5.72,67.34,Potato
70.87,34.13,69.59,16.54,52.64,6.49,52.87,Carrot
48.92,29.13,34.7,20.15,57.15,7.11,63.11,Radish
103.8,50.22,105.61,25.04,64.06,7.1,91.1,Grapes
104.47,51.57,54.17,21.34,69.31,6.79,87.03,Cabbage
77.74,56.11,65.66,25.76,72.23,5.87,236.88,Pineapple
59.62,28.04,27.85,28.39,58.28,6.43,66.96,Groundnut
44.1,19.66,39.16,26.57,50.01,7.32,113.89,Castor
137.52,76.03,121.82,27.29,78.39,6.75,160.31,Banana
42.96,34.09,34.36,33.13,50.46,6.89,109.02,Black Gram
84.83,36.55,31.3,22.39,54.54,7.21,105.34,Wheat
91.27,44.1,33.75,22.84,48.12,6.77,69.4,Wheat
114.69,47.41,94.62,29.75,87.76,7.61,288.16,Coconut
47.4,32.08,24.07,26.06,43.27,7.66,46.67,Safflower
26.11,37.21,42.17,25.55,72.85,7.45,73.73,Black Gram
109.51,50.11,61.75,28.27,84.54,4.62,181.41,Tea
75.34,41.33,32.75,23.57,75.07,6.39,86.29,Maize
39.22,24.54,20.53,27.01,75.06,6.69,70.47,Black Gram
103.92,44.72,51.32,22.47,65.86,6.82,59.27,Cabbage
110.01,45.93,112.36,27.78,80.38,5.87,180.97,Coconut
43.32,31.43,31.64,19.11,54.7,6.76,46.26,Lentil
89.78,43.99,105.13,31.59,80.38,6.35,226.06,Coconut
62.64,53.34,37.19,28.59,66.19,6.44,92.02,Cucumber
99.42,58.44,60.82,17.78,78.11,6.22,74.09,Cauliflower
101.22,64.84,68.57,24.78,70.85,6.85,77.69,Tomato
31.41,31.5,25.87,29.22,58.18,7.17,80.71,Green Gram
80.6,48.78,59.22,28.74,64.19,6.8,84.45,Chilli
71.25,32.9,32.87,27.28,55.1,6.24,68.07,Castor
57.1,32.29,24.74,11.81,57.15,6.68,33.27,Mustard
48.42,37.13,30.29,24.7,51.74,7.06,78.31,Kodo Millet
48.1,29.82,23.82,22.4,65.19,7.1,106.37,Soybean
47.55,29.37,38.78,28.62,40.13,6.14,64.83,Sorghum
56.48,30.3,28.68,22.01,54.32,6.34,70.91,Sunflower
53.23,37.31,32.44,21.25,60.92,7.06,47.5,Radish
74.39,30.5,73.19,27.47,74.49,7.05,111.72,Pumpkin
59.21,28.34,68.97,26.45,85.81,6.9,83.61,Bottle Gourd
24.07,34.09,37.88,29.67,45.74,6.52,59.97,Horse Gram
51.51,17.43,25.62,19.49,66.69,7.0,41.12,Radish
38.5,30.24,33.68,24.37,52.89,6.86,33.89,Safflower
89.06,45.94,101.19,27.77,78.16,5.93,230.03,Coconut
50.81,42.23,87.08,30.76,74.06,6.8,153.4,Litchi
75.8,50.24,83.6,23.52,77.46,6.63,173.59,Litchi
36.21,27.72,35.57,30.11,66.85,6.45,107.44,Little Millet
58.59,25.93,50.57,17.13,61.87,7.05,72.24,Beetroot
93.03,52.27,61.63,28.67,67.32,6.43,67.82,Tomato
88.25,51.67,66.85,28.08,75.88,6.28,102.63,Tomato
65.19,55.1,34.91,31.75,66.74,6.26,87.8,Cucumber
54.39,34.12,29.38,29.79,56.44,6.26,88.71,Sesame
26.57,33.94,32.91,20.6,60.76,7.01,115.26,Red Gram
57.5,29.88,32.26,27.82,51.91,7.14,72.76,Sunflower
68.48,50.92,71.06,24.71,73.83,5.88,75.71,Tomato
49.82,31.35,31.98,27.84,73.26,7.9,86.36,Sorghum
68.69,29.77,56.19,26.93,77.44,6.49,71.5,Bottle Gourd
40.5,35.88,29.84,17.47,55.08,6.91,35.42,Peas
86.1,55.99,41.3,25.98,75.37,6.2,89.27,Cucumber
75.09,53.83,80.82,16.42,65.01,6.25,109.08,Apple
33.16,24.75,25.53,24.91,58.69,5.87,91.92,Field Bean
68.74,48.59,51.39,22.16,64.6,6.65,73.94,Cabbage
47.12,31.2,28.66,27.12,74.88,6.24,82.1,Black Gram
57.45,24.22,56.13,21.24,63.9,6.7,43.39,Carrot
52.95,38.06,31.51,30.18,40.16,6.6,83.44,Castor
98.09,60.62,78.4,28.01,79.53,5.73,238.77,Rubber
57.73,30.12,61.4,19.88,64.6,7.04,58.82,Carrot
95.87,62.27,84.1,27.65,78.07,6.49,195.85,Arecanut
40.18,36.26,34.0,30.08,51.79,5.99,43.74,Foxtail Millet
70.48,50.63,41.68,31.76,65.63,6.76,81.66,Cucumber
109.79,77.29,86.08,30.17,89.35,5.69,243.85,Rubber
21.74,34.92,31.13,26.88,51.02,6.88,82.08,Green Gram
87.66,46.53,58.53,23.73,61.64,6.6,58.18,Onion
100.45,56.53,85.75,25.29,70.04,7.03,163.71,Papaya
62.14,21.7,42.98,19.26,60.68,6.37,64.09,Beetroot
105.84,49.28,98.36,29.24,78.2,6.74,286.89,Arecanut
26.33,26.41,34.48,22.24,48.94,6.86,107.97,Rajma
39.76,23.32,34.91,27.91,49.7,6.64,79.95,Cowpea
108.07,51.43,60.78,24.9,95.84,4.58,275.28,Tea
46.57,32.38,24.14,23.33,54.09,5.48,117.61,Foxtail Millet
32.92,27.21,56.08,29.14,79.33,7.3,102.99,Pumpkin
47.07,30.83,23.24,30.7,55.28,6.93,61.29,Green Gram
91.09,50.01,113.15,27.94,63.45,6.98,86.31,Grapes
54.8,34.51,33.17,28.5,55.19,7.21,79.64,Sunflower
44.91,30.89,32.86,24.31,51.32,6.66,145.79,Field Bean
89.49,43.59,75.0,24.43,57.97,6.1,98.96,Orange
115.84,76.29,100.2,34.51,77.76,6.98,209.14,Banana
39.1,32.09,24.65,30.1,59.31,6.79,96.05,Foxtail Millet
99.6,39.93,74.92,16.55,75.33,5.67,199.7,Tea
102.29,42.4,29.16,16.79,69.87,6.15,71.38,Wheat
92.18,48.65,60.81,22.39,75.49,4.99,211.42,Tea
82.68,40.0,88.44,20.21,77.04,5.29,244.28,Pineapple
71.59,61.47,47.49,20.96,73.07,6.07,110.03,Brinjal
85.29,61.81,44.39,26.91,44.21,6.41,102.75,Maize
71.77,38.71,87.0,23.26,59.68,6.68,102.38,Guava
40.33,40.16,31.99,30.92,65.48,6.45,90.04,Green Gram
61.9,29.54,27.6,33.32,58.56,6.59,95.64,Castor
72.3,30.25,58.77,33.8,73.71,6.86,102.74,Bottle Gourd
59.46,34.78,35.76,40.64,44.27,7.44,55.08,Pearl Millet
58.38,32.58,61.38,28.63,74.79,6.2,189.84,Cashew
52.16,39.08,30.21,23.6,52.44,6.43,87.24,Little Millet
45.66,21.58,29.51,33.3,49.81,6.71,83.89,Green Gram
54.69,24.27,33.91,15.55,54.8,6.73,51.24,Mustard
20.19,31.17,28.68,21.12,52.31,7.3,57.52,Safflower
83.2,61.17,59.08,25.79,64.32,6.96,77.54,Brinjal
84.69,52.93,100.02,8.76,63.44,5.76,135.57,Apple
102.45,43.41,111.18,29.33,81.89,6.47,193.54,Coconut
40.19,23.5,27.03,23.9,42.24,6.32,76.98,Little Millet
74.03,38.53,57.2,24.01,59.91,6.91,71.36,Onion
67.86,41.0,60.8,17.35,60.05,6.36,57.94,Carrot
129.44,65.43,121.92,29.09,84.85,5.95,176.17,Banana
113.35,57.9,95.6,28.17,87.47,6.65,203.88,Coconut
69.28,41.34,51.08,36.7,61.74,7.15,66.88,Okra
49.71,21.82,63.13,25.84,53.86,6.82,70.87,Beetroot
86.27,53.03,98.18,30.76,71.99,6.71,108.3,Papaya
55.46,59.71,57.33,28.15,66.12,6.28,56.18,Cucumber
26.19,33.43,33.18,26.99,64.44,6.79,49.72,Green Gram
82.99,68.43,52.5,26.65,73.06,7.39,62.68,Brinjal
96.97,40.41,32.56,13.82,60.5,6.63,57.73,Wheat
48.9,36.8,61.05,28.44,62.77,6.99,73.88,Bottle Gourd
90.74,61.97,72.61,29.87,79.26,6.88,57.26,Brinjal
73.08,40.34,49.25,28.72,57.09,6.48,96.42,Maize
41.58,27.88,26.18,25.62,64.19,6.52,91.98,Soybean
127.43,56.22,52.44,19.23,69.23,6.74,73.93,Cabbage
104.05,51.74,84.0,23.77,84.0,5.61,189.74,Arecanut
31.51,26.49,34.72,27.24,56.43,6.95,88.28,Green Gram
61.04,30.92,62.29,19.39,61.37,7.04,72.75,Beetroot
88.87,49.9,32.92,24.13,62.72,6.48,174.79,Maize
74.45,15.86,65.75,31.01,71.56,6.67,82.89,Pumpkin
60.73,41.31,32.16,25.95,59.72,6.66,101.39,Finger Millet
90.66,52.61,55.25,28.51,80.93,6.05,248.22,Rice
87.91,74.7,62.92,32.07,64.06,6.68,117.47,Brinjal
115.39,57.18,66.67,17.57,65.02,6.5,86.89,Cabbage
48.55,27.86,20.62,27.04,60.45,6.38,130.88,Finger Millet
64.26,28.16,34.88,26.11,65.23,7.06,128.44,Soybean
30.03,34.73,26.78,18.37,50.43,6.6,55.17,Peas
44.64,32.46,18.56,17.78,55.03,6.31,59.31,Mustard
47.62,33.03,20.35,27.12,52.1,6.41,124.51,Red Gram
82.73,43.52,53.24,29.73,80.33,6.03,241.33,Rice
43.29,37.27,17.76,32.04,68.91,7.04,58.09,Foxtail Millet
72.19,61.26,31.42,34.56,76.86,5.93,85.28,Cucumber
101.12,50.81,113.1,29.77,84.3,6.86,210.02,Coconut
85.83,47.56,82.54,26.47,58.54,6.65,100.05,Guava
102.83,47.74,95.12,22.89,73.23,6.19,63.54,Potato
70.6,56.23,56.09,23.16,80.28,5.12,236.49,Coffee
108.22,60.57,111.7,22.19,65.02,6.55,110.65,Papaya
47.42,24.86,34.78,32.62,60.6,7.0,67.35,Black Gram
98.22,72.37,74.27,30.97,81.81,5.59,271.64,Rubber
24.21,23.13,29.97,30.87,59.19,5.92,70.63,Cowpea
66.4,44.42,50.98,24.58,73.68,6.08,79.55,Cucumber
56.78,40.54,77.21,25.73,86.01,5.76,160.38,Coffee
71.4,50.01,75.05,14.56,65.62,6.74,53.45,Garlic
68.15,40.14,57.65,18.06,60.89,7.29,61.91,Garlic
95.33,50.3,94.05,25.82,52.0,6.58,67.18,Grapes
35.91,30.47,26.13,27.81,60.56,7.42,59.45,Horse Gram
101.41,55.27,61.36,24.74,71.67,7.26,87.39,Chilli
79.6,46.09,59.4,25.29,58.9,6.76,68.54,Garlic
45.9,29.32,29.58,28.98,50.45,6.2,70.13,Groundnut
63.53,49.28,67.28,22.61,56.56,7.02,44.25,Garlic
71.05,49.49,36.9,26.99,75.93,6.71,77.96,Cucumber
101.67,52.44,91.67,31.1,78.22,7.06,170.2,Papaya
95.26,47.98,61.74,22.71,79.65,6.6,175.01,Coffee
37.27,35.92,26.67,29.75,59.79,5.86,74.57,Sesame
61.04,25.3,85.29,23.25,52.91,6.61,33.83,Garlic
57.89,19.98,32.75,23.71,80.83,6.66,107.29,Finger Millet
51.6,27.81,55.69,18.06,55.55,7.07,79.97,Beetroot
57.53,27.43,75.64,19.67,57.36,6.21,47.19,Carrot
108.46,52.33,120.12,28.65,73.48,7.85,287.91,Coconut
71.56,41.61,97.06,24.03,52.45,5.74,110.41,Guava
87.12,41.64,70.3,22.99,83.83,6.15,197.69,Litchi
59.2,36.92,65.21,32.18,64.16,6.47,180.88,Cashew
80.2,40.44,37.06,16.48,68.68,6.57,60.08,Cauliflower
92.68,47.02,64.64,21.95,82.78,5.66,229.87,Coffee
41.88,28.27,39.9,31.37,55.05,6.39,72.84,Green Gram
48.41,24.01,39.81,18.72,51.21,6.74,53.53,Linseed
94.99,55.41,90.96,28.18,75.11,6.46,97.39,Orange
42.34,28.66,36.37,19.57,52.46,6.31,59.27,Lentil
55.0,31.72,48.67,18.72,59.79,6.23,48.38,Beetroot
56.82,32.43,29.41,26.76,42.49,7.38,67.25,Pearl Millet
59.45,27.33,31.36,28.08,73.83,7.07,82.86,Black Gram
95.97,40.55,41.2,31.31,57.56,6.42,99.82,Maize
73.01,47.76,72.03,30.97,51.48,6.2,106.82,Pomegranate
66.2,28.56,59.25,23.48,55.8,7.35,55.45,Beetroot
76.77,23.46,12.83,27.84,57.86,6.18,83.49,Castor
50.49,39.79,38.37,30.64,40.34,6.53,81.58,Green Gram
36.61,17.45,33.17,17.64,60.66,6.02,53.8,Radish
40.67,30.7,31.76,23.88,48.68,6.47,90.86,Little Millet
87.58,41.88,104.07,20.76,63.65,5.35,53.86,Potato
42.85,30.51,62.74,23.95,62.67,6.67,67.59,Carrot
102.82,52.31,104.25,32.19,75.24,6.56,205.46,Mango
93.45,26.18,53.62,22.79,76.75,5.94,173.16,Coffee
39.02,29.92,24.68,26.88,64.56,6.43,65.25,Groundnut
67.44,48.06,55.97,33.0,68.09,6.05,83.45,Okra
100.13,57.29,79.97,30.22,85.97,7.34,265.99,Coconut
131.32,60.81,140.72,30.3,85.48,7.0,143.7,Banana
50.44,32.34,36.86,28.87,61.31,6.44,62.11,Horse Gram
50.8,30.51,27.5,30.21,34.46,6.66,57.32,Groundnut
104.85,51.28,75.62,27.99,80.98,6.8,199.86,Arecanut
53.82,25.99,28.51,23.37,45.96,6.84,41.62,Lentil
72.18,52.62,59.49,16.85,62.8,7.03,55.73,Garlic
64.15,32.34,60.24,20.87,53.5,7.13,62.3,Beetroot
104.23,47.16,85.14,28.43,77.59,5.94,221.15,Arecanut
32.57,35.53,28.26,32.42,66.97,7.07,81.52,Black Gram
89.35,48.75,51.99,21.88,98.18,5.0,260.47,Tea
67.0,25.84,27.76,11.35,51.54,6.44,50.46,Mustard
78.26,52.73,52.65,21.45,66.63,6.16,107.74,Tomato
50.52,27.8,25.18,17.58,42.49,7.6,61.9,Safflower
26.02,30.46,33.82,12.88,58.75,6.86,64.95,Peas
80.43,41.83,37.68,24.35,53.44,6.7,108.28,Maize
103.84,64.85,79.96,18.05,62.43,6.21,138.52,Orange
31.91,35.65,29.91,26.73,41.19,6.0,79.01,Cowpea
102.93,64.92,110.67,34.16,59.66,7.72,131.37,Mango
26.3,31.09,33.65,21.59,59.84,6.73,75.21,Rajma
81.8,37.88,34.32,22.75,68.97,6.24,75.42,Cucumber
41.7,24.79,37.34,21.95,56.44,7.18,56.02,Peas
92.84,42.84,65.54,11.01,60.53,5.79,118.02,Apple
96.52,34.71,24.15,21.81,49.43,6.97,64.06,Wheat
78.73,70.67,66.61,30.32,69.86,5.97,89.47,Brinjal
45.44,31.89,30.36,31.36,52.86,6.36,63.76,Green Gram
50.58,49.08,50.31,31.46,64.08,6.31,97.6,Cucumber
61.97,37.91,44.18,28.76,67.95,6.66,61.99,Okra
72.42,60.68,57.09,19.89,89.81,5.42,174.48,Coffee
45.86,26.92,24.39,25.43,66.21,6.18,94.11,Niger Seed
95.29,37.79,76.5,28.66,80.19,6.17,258.37,Pineapple
44.83,29.29,24.15,32.01,47.08,6.44,69.34,Green Gram
34.78,35.52,38.05,27.93,44.59,6.58,73.66,Horse Gram
39.27,36.21,35.05,24.38,71.88,7.05,92.71,Niger Seed
53.58,32.94,33.89,32.75,60.81,6.02,130.89,Finger Millet
53.56,30.54,37.95,21.91,61.41,6.79,88.14,Sunflower
38.54,36.15,27.05,31.43,56.3,7.33,60.75,Sesame
30.84,30.53,28.77,18.71,65.95,7.54,81.22,Red Gram
70.88,46.62,70.62,6.9,59.8,5.86,129.05,Apple
69.08,43.6,61.86,29.16,71.35,5.2,212.83,Pineapple
100.4,81.08,77.03,34.34,76.33,6.83,87.38,Brinjal
15.56,22.69,36.83,29.27,52.71,5.98,70.43,Cowpea
89.62,34.09,60.23,25.46,76.77,5.43,179.27,Pineapple
83.99,36.16,54.51,21.03,56.98,7.13,40.4,Garlic
90.42,52.65,70.97,28.63,58.0,6.67,64.46,Onion
59.47,36.2,83.69,28.01,57.15,7.36,78.77,Pomegranate
52.89,28.24,23.98,31.8,56.68,6.27,122.56,Kodo Millet
75.4,26.85,60.6,26.24,73.57,6.87,65.96,Bottle Gourd
55.5,26.27,25.87,22.61,70.67,6.72,119.52,Soybean
84.66,46.17,53.58,30.54,73.98,6.4,84.9,Cucumber
86.53,51.21,42.65,25.25,62.66,6.29,46.69,Onion
27.06,28.02,36.18,28.66,39.73,5.18,68.54,Horse Gram
76.92,62.61,64.99,29.9,73.79,6.45,141.77,Litchi
95.02,48.41,51.58,17.59,63.8,6.74,55.94,Cabbage
62.26,46.78,35.12,29.01,75.09,6.21,104.5,Cucumber
88.04,59.37,69.13,22.94,78.97,4.88,261.48,Tea
83.55,55.1,71.2,22.94,51.25,6.97,43.21,Garlic
88.36,51.64,57.01,28.48,77.86,4.96,225.72,Tea
97.25,51.17,45.65,26.93,87.34,5.91,218.68,Rice
43.63,29.44,34.26,27.46,57.47,6.87,84.46,Black Gram
46.61,37.34,30.66,28.24,44.09,5.94,67.29,Kodo Millet
84.6,42.77,28.7,13.69,57.99,6.73,73.8,Wheat
53.35,40.27,35.9,28.77,46.05,5.59,88.48,Kodo Millet
43.35,33.61,27.71,16.43,49.26,6.71,39.07,Mustard
93.21,48.87,67.86,28.62,83.27,5.76,175.97,Pineapple
96.02,46.98,66.38,18.61,63.61,6.25,65.28,Cabbage
76.09,43.94,50.12,24.21,75.42,6.72,83.1,Cucumber
49.37,22.35,40.07,27.28,75.93,7.48,89.94,Soybean
95.32,49.46,102.23,31.45,89.21,6.63,247.65,Coconut
41.13,30.49,29.99,30.89,55.05,6.15,65.87,Sesame
86.06,46.37,41.44,17.45,65.85,6.06,56.61,Cauliflower
32.38,25.86,30.25,22.48,51.3,6.95,112.41,Rajma
107.73,68.53,141.18,37.89,83.88,6.64,223.56,Banana
91.2,54.06,64.18,20.63,82.37,4.67,231.4,Tea
71.2,44.26,99.34,14.6,60.87,6.34,100.82,Apple
35.0,32.74,28.98,33.23,64.28,6.58,71.68,Sesame
64.56,32.29,69.57,24.71,63.74,7.7,82.1,Bottle Gourd
87.3,48.29,34.56,21.26,59.93,6.64,59.0,Wheat
54.21,38.87,33.27,32.36,35.12,6.96,86.84,Sorghum
37.14,28.23,26.98,24.58,50.48,6.84,83.27,Field Bean
108.66,54.53,95.7,31.67,61.02,6.39,112.33,Mango
49.2,31.2,28.44,20.8,62.39,6.66,53.05,Radish
47.48,19.57,31.9,19.45,50.2,5.4,44.09,Lentil
94.57,33.01,32.05,20.61,71.07,7.35,63.33,Barley
44.0,24.4,25.44,19.14,50.72,6.81,60.77,Linseed
36.6,28.32,37.55,21.84,59.58,7.15,79.62,Niger Seed
45.42,29.44,82.18,16.96,69.62,6.91,49.05,Carrot
54.19,37.55,22.55,16.09,49.27,6.27,56.65,Mustard
114.34,58.09,101.1,32.97,56.13,6.54,189.98,Mango
75.22,45.89,35.65,23.9,68.65,6.55,112.96,Maize
64.7,47.57,75.36,18.97,74.85,6.38,61.46,Cauliflower
86.13,23.91,22.03,23.65,65.56,6.6,75.44,Maize
109.01,56.19,97.86,29.11,83.21,4.96,299.09,Rubber
78.4,33.37,35.66,31.31,41.96,6.25,69.63,Sorghum
42.43,28.23,15.7,25.88,66.54,6.43,103.44,Finger Millet
69.67,37.9,53.85,19.32,63.31,6.38,51.64,Carrot
81.26,47.96,50.26,24.68,74.15,5.76,183.92,Coffee
29.17,22.35,26.22,32.03,37.13,6.63,63.64,Sesame
110.89,69.79,86.64,26.9,70.96,6.8,159.83,Papaya
34.46,26.1,32.71,13.84,49.13,6.65,48.49,Mustard
85.56,65.34,99.35,29.53,72.07,5.64,90.86,Orange
47.2,32.94,34.11,25.51,53.71,7.08,95.01,Sunflower
71.34,32.05,21.0,28.96,53.35,6.78,80.39,Sunflower
62.04,32.05,72.27,25.48,74.16,7.08,60.55,Pumpkin
68.01,48.5,70.28,19.48,62.32,6.85,49.59,Garlic
79.55,38.41,25.67,16.84,57.58,6.35,35.89,Mustard
38.16,28.86,34.61,22.12,49.68,6.23,59.95,Linseed
100.77,81.1,46.78,23.88,70.58,6.53,108.9,Tomato
70.78,63.7,69.18,25.94,68.22,6.25,41.21,Tomato
47.62,32.7,27.35,16.43,40.24,6.42,74.88,Linseed
58.14,32.4,31.01,24.89,71.54,5.92,98.13,Soybean
37.21,37.29,36.68,26.07,56.38,7.27,90.34,Niger Seed
64.35,38.86,41.95,33.66,66.37,6.5,76.86,Okra
99.02,50.27,48.77,33.31,79.76,5.69,195.63,Rice
44.77,29.17,35.81,26.96,44.15,5.66,81.05,Little Millet
97.9,88.2,62.16,35.83,66.37,6.51,103.8,Chilli
51.97,29.42,31.38,22.8,48.3,6.59,42.34,Linseed
76.38,62.49,50.25,24.56,66.55,6.57,123.79,Tomato
96.69,51.24,106.05,34.4,55.05,6.09,75.81,Grapes
49.55,29.75,64.37,32.5,65.57,6.19,198.63,Cashew
116.59,75.75,98.86,28.31,69.72,6.17,137.41,Papaya
32.78,37.85,24.24,27.62,50.61,6.23,106.84,Red Gram
122.34,65.58,159.52,26.08,70.63,5.98,219.13,Banana
78.23,37.35,31.24,29.18,48.34,7.26,62.15,Pearl Millet
103.61,51.35,55.03,25.23,69.82,6.33,109.09,Tomato
94.49,42.0,109.2,17.92,72.84,5.61,66.13,Potato
48.31,23.43,24.71,31.19,56.83,6.59,132.21,Red Gram
82.28,55.38,88.23,23.43,82.45,7.2,130.25,Orange
83.37,46.98,82.93,28.58,79.72,7.41,91.87,Guava
58.36,28.64,78.34,18.6,74.82,6.46,67.19,Beetroot
29.97,43.35,28.63,18.57,54.3,6.81,48.74,Chickpea
115.29,70.93,120.5,33.89,71.48,6.94,199.25,Banana
58.59,22.2,31.31,25.69,64.22,6.77,71.26,Castor
104.12,52.53,87.34,32.77,84.06,6.06,269.47,Rubber
54.8,29.25,37.02,24.94,73.79,5.9,93.79,Kodo Millet
46.34,36.97,29.01,27.96,62.76,7.0,88.18,Black Gram
62.85,25.75,31.81,24.33,61.05,6.37,68.53,Sunflower
46.85,30.73,27.83,29.77,60.78,6.99,86.82,Soybean
87.58,34.08,60.04,22.22,65.75,6.62,54.85,Beetroot
78.37,58.74,74.89,23.25,73.53,6.77,77.39,Tomato
25.93,31.03,29.39,28.24,50.99,6.42,64.32,Horse Gram
38.66,32.08,30.15,27.91,59.19,6.72,102.92,Red Gram
80.61,48.72,56.8,26.34,73.04,6.38,80.6,Brinjal
68.53,34.84,33.52,21.78,63.81,6.63,73.2,Sunflower
63.87,34.87,34.09,29.51,61.26,6.92,86.22,Castor
103.97,53.26,101.45,29.18,97.05,6.5,212.01,Coconut
55.35,26.6,58.54,25.91,72.98,6.07,169.16,Cashew
96.53,78.9,94.33,31.84,65.51,6.23,131.09,Papaya
36.36,17.52,27.48,30.9,57.79,6.43,71.83,Groundnut
103.2,72.74,101.8,23.68,64.79,5.73,44.18,Potato
44.13,33.68,32.19,30.3,50.29,6.36,41.0,Kodo Millet
80.47,29.87,62.99,28.68,67.37,6.81,79.81,Pumpkin
93.1,67.58,99.89,29.1,65.96,6.36,133.82,Orange
55.14,31.94,36.88,25.76,58.96,6.71,105.67,Castor
87.58,43.06,35.16,15.54,52.74,6.58,58.93,Barley
96.74,55.13,107.34,18.35,67.55,5.08,58.3,Potato
112.29,57.06,113.98,25.78,60.82,7.13,75.83,Grapes
60.53,40.5,48.51,33.6,66.22,6.36,60.47,Okra
89.16,41.76,72.45,24.74,78.38,7.52,86.7,Guava
61.87,24.3,41.06,33.38,48.22,6.77,77.49,Sorghum
47.82,34.44,24.03,25.61,59.26,6.83,107.96,Little Millet
91.57,78.39,84.59,32.3,73.62,6.29,73.39,Papaya
98.99,52.64,64.33,23.33,84.0,4.75,252.28,Tea
40.97,31.66,44.49,31.92,60.99,7.73,129.11,Black Gram
35.33,38.73,40.99,26.38,59.07,7.13,81.91,Field Bean
73.29,24.45,76.97,15.4,61.68,6.73,66.81,Carrot
33.84,36.68,23.74,32.66,73.26,6.82,86.36,Black Gram
90.26,42.08,70.27,29.16,60.46,6.44,75.0,Chilli
131.89,48.3,72.64,29.36,70.6,6.64,166.42,Arecanut
108.86,51.32,100.55,33.59,82.66,6.51,200.68,Coconut
70.74,57.59,60.95,28.33,71.51,6.9,99.76,Tomato
34.08,33.76,31.09,26.14,64.24,6.58,73.75,Foxtail Millet
34.81,33.25,27.97,26.47,57.42,6.94,76.89,Foxtail Millet
85.94,65.77,64.88,20.13,64.15,6.7,102.77,Tomato
100.64,39.42,102.21,19.07,81.79,6.57,48.53,Potato
70.41,31.43,38.94,30.39,72.04,6.14,72.08,Cucumber
114.71,59.11,47.96,27.67,78.61,6.24,229.95,Rice
48.05,32.2,31.27,27.71,62.75,5.96,103.68,Kodo Millet
53.87,27.54,64.06,32.12,71.86,6.56,78.59,Bottle Gourd
84.0,37.68,85.35,32.06,58.3,6.35,98.26,Guava
101.87,58.87,116.08,15.64,79.88,5.77,51.79,Potato
72.9,52.44,65.61,21.9,84.53,5.87,157.75,Coffee
33.92,23.21,29.56,27.91,54.13,5.93,44.69,Horse Gram
109.93,71.67,93.43,32.97,68.01,5.56,236.97,Mango
97.57,51.44,81.99,28.37,94.57,5.06,270.04,Rubber
100.39,59.27,108.9,22.66,63.92,6.13,199.36,Orange
39.3,39.86,34.05,29.26,47.12,6.01,83.06,Cowpea
71.18,55.14,38.76,28.27,72.88,6.7,90.04,Cucumber
93.33,44.98,33.19,15.84,50.34,6.66,58.6,Wheat
72.86,48.79,36.7,27.85,79.32,6.69,122.49,Maize
35.55,25.6,26.16,27.08,57.1,7.3,77.96,Field Bean
88.18,51.75,29.22,28.68,73.63,6.77,75.38,Maize
65.18,30.78,30.05,23.3,56.68,6.87,55.65,Sunflower
72.29,58.86,62.38,25.39,69.32,5.59,131.75,Orange
93.68,60.86,63.66,23.08,66.44,6.58,74.15,Tomato
73.33,58.44,82.79,28.67,53.19,6.64,77.92,Pomegranate
61.89,37.12,28.31,30.52,48.59,6.93,66.38,Sorghum
120.58,79.64,80.65,34.15,93.95,4.84,175.53,Rubber
112.21,51.37,84.24,34.21,80.91,5.94,217.59,Arecanut
58.0,21.92,29.26,30.06,54.57,6.41,117.01,Foxtail Millet
70.17,62.0,58.32,34.11,69.82,6.58,71.48,Cucumber
91.65,45.06,68.03,24.84,80.84,5.69,187.16,Litchi
64.47,50.22,33.31,26.78,72.41,6.42,80.4,Cucumber
57.58,46.91,66.04,25.22,75.94,5.54,195.56,Pineapple
40.94,40.11,31.68,28.99,55.62,5.78,103.0,Cowpea
57.63,28.31,52.91,29.2,62.73,5.97,185.21,Cashew
88.59,42.56,90.98,32.34,68.23,5.99,197.25,Litchi
44.46,24.52,25.74,30.7,52.71,6.59,72.99,Sesame
50.33,28.74,28.19,14.02,47.41,6.53,42.32,Linseed
57.21,27.34,24.96,26.94,55.39,6.62,33.62,Sunflower
55.67,30.22,27.65,31.47,55.8,6.79,75.42,Groundnut
47.22,24.52,26.37,30.21,51.44,7.57,76.21,Soybean
43.59,34.96,32.97,30.67,52.88,6.94,75.44,Green Gram
76.8,49.34,50.23,25.2,58.28,6.33,85.7,Maize
97.11,37.91,37.22,16.75,50.11,6.69,54.61,Barley
77.81,60.1,71.16,19.75,62.92,6.36,54.79,Onion
54.96,27.58,30.87,25.23,70.06,6.64,102.74,Finger Millet
58.58,27.3,30.5,19.21,66.33,6.4,33.76,Radish
111.56,60.36,91.95,21.3,69.12,6.23,90.19,Papaya
65.88,29.28,53.45,25.97,70.68,5.95,209.21,Cashew
57.21,31.16,63.22,30.16,67.76,6.11,95.57,Pumpkin
89.13,44.16,70.03,29.56,75.62,5.44,164.37,Pineapple
51.09,35.0,30.05,25.42,49.26,6.04,99.75,Kodo Millet
40.09,26.43,30.07,29.07,53.98,6.63,74.9,Sesame
50.35,25.14,59.44,22.75,68.84,6.66,51.68,Bottle Gourd
72.26,30.06,65.1,30.9,68.92,7.08,53.19,Bottle Gourd
40.47,33.39,23.75,22.86,58.33,6.67,67.73,Foxtail Millet
47.58,25.34,19.86,28.28,55.9,6.93,99.09,Red Gram
92.54,52.76,100.19,26.31,57.64,6.53,68.51,Grapes
73.06,38.13,50.94,32.35,64.51,7.35,81.38,Chilli
106.35,49.34,52.74,26.87,87.98,6.2,192.63,Rice
95.72,53.56,81.69,26.05,69.04,6.58,151.95,Papaya
88.45,80.4,69.26,32.76,82.25,4.93,207.22,Rubber
38.95,27.86,38.22,19.71,54.93,6.78,59.87,Mustard
90.37,36.19,27.42,14.56,47.15,6.25,59.65,Wheat
46.84,37.85,28.24,24.17,63.8,6.05,73.9,Soybean
82.89,60.21,53.58,20.98,59.32,6.47,67.5,Chilli
29.19,37.61,23.18,21.16,46.74,7.66,51.6,Chickpea
68.82,42.75,71.51,20.48,52.63,6.72,55.13,Garlic
30.84,37.34,26.94,23.49,58.44,6.91,88.5,Niger Seed
30.35,29.96,23.47,22.12,51.38,6.39,73.49,Chickpea
63.21,60.35,65.42,22.32,80.83,5.5,157.96,Coffee
82.49,59.41,68.33,27.99,55.52,6.7,74.35,Chilli
42.43,29.99,33.99,18.71,52.66,6.77,59.67,Linseed
102.28,47.79,50.15,27.62,76.8,6.18,169.81,Rice
86.9,39.24,69.33,28.63,88.42,6.39,150.66,Litchi
44.0,33.83,68.26,29.38,64.51,6.26,158.31,Cashew
50.45,32.09,20.76,19.62,51.24,6.56,38.3,Mustard
28.98,13.11,40.31,28.46,54.19,7.33,69.3,Field Bean
44.31,29.42,55.21,25.06,63.74,6.44,47.37,Bottle Gourd
66.76,58.91,54.13,24.54,67.07,6.48,72.87,Cucumber
26.98,23.86,29.16,23.03,63.33,6.47,64.72,Niger Seed
102.47,74.38,102.22,20.09,71.99,6.25,58.53,Potato
79.0,39.92,53.42,17.25,58.55,7.12,59.47,Garlic
115.29,65.26,129.2,32.0,85.96,6.43,145.11,Banana
71.17,50.8,54.44,20.83,79.01,6.27,68.29,Cauliflower
31.23,32.88,33.86,28.73,52.21,6.69,76.68,Horse Gram
67.63,27.2,60.03,28.62,73.77,6.09,135.78,Cashew
43.96,23.73,25.14,33.41,59.06,6.39,80.78,Black Gram
30.44,27.79,27.05,31.46,66.98,7.58,64.84,Black Gram
46.2,31.95,26.75,32.88,48.07,5.99,118.38,Red Gram
59.43,39.72,26.39,17.6,51.85,7.29,61.14,Mustard
98.22,53.32,55.84,19.51,71.05,6.49,63.29,Cauliflower
45.23,34.74,31.59,24.15,67.59,5.75,99.25,Kodo Millet
35.78,30.07,19.4,28.33,60.11,6.48,78.43,Cowpea
56.39,34.19,38.9,25.67,40.65,6.89,47.65,Safflower
34.53,29.22,27.55,25.18,60.36,5.55,97.27,Little Millet
61.43,29.13,65.44,18.1,57.23,6.57,49.57,Carrot
41.17,38.93,31.54,16.65,45.78,6.93,40.12,Lentil
47.04,40.6,75.37,15.11,60.62,7.37,67.34,Carrot
62.48,42.04,71.32,32.57,65.36,6.39,95.65,Guava
47.67,24.07,29.8,34.67,67.71,6.72,103.93,Black Gram
82.13,54.37,77.24,24.92,62.11,6.26,80.66,Chilli
60.91,32.47,31.76,17.09,62.25,6.63,42.27,Radish
90.86,40.67,106.29,26.37,48.53,6.61,50.55,Grapes
51.16,30.41,54.02,31.98,73.14,5.78,120.37,Cashew
102.07,61.73,88.45,25.06,71.45,5.4,114.85,Orange
69.65,38.38,39.1,29.76,54.98,5.91,245.12,Cashew
78.54,42.71,73.63,21.31,75.46,4.78,179.69,Pineapple
100.87,47.88,107.99,23.38,52.46,7.56,63.19,Grapes
66.55,36.39,36.11,14.68,53.84,6.0,53.88,Mustard
24.64,31.22,41.87,16.4,53.4,7.01,69.55,Peas
44.49,31.85,30.63,21.05,40.98,7.68,42.26,Safflower
63.02,49.14,37.27,28.14,68.52,6.98,91.02,Maize
89.29,55.15,122.04,19.58,68.28,6.55,157.01,Orange
41.52,27.85,28.63,29.75,50.74,6.84,102.57,Little Millet
103.62,40.18,53.4,25.71,86.05,4.8,162.36,Tea
102.54,47.3,80.4,25.72,73.21,6.13,278.13,Arecanut
93.59,37.23,77.76,26.99,60.91,6.42,52.18,Pomegranate
8.12,38.72,34.64,30.66,58.41,6.78,73.13,Green Gram
40.7,23.62,18.73,31.67,42.46,6.72,77.8,Red Gram
34.24,23.34,31.65,28.5,48.76,6.76,142.73,Red Gram
80.8,37.77,73.65,25.09,83.93,4.84,250.32,Pineapple
67.19,41.3,77.36,29.7,64.53,6.93,139.63,Guava
101.04,48.67,84.3,27.2,72.05,6.28,113.53,Litchi
44.3,39.75,29.94,20.28,52.62,8.04,58.53,Chickpea
41.43,25.14,29.51,19.0,50.21,6.32,59.52,Linseed
58.59,32.92,20.68,26.18,44.43,7.39,68.06,Pearl Millet
107.75,52.36,104.53,31.67,76.26,6.49,164.96,Papaya
36.64,33.67,34.93,32.06,48.93,6.67,57.98,Black Gram
52.61,23.76,65.95,28.74,75.85,5.7,164.37,Cashew
80.25,39.5,47.83,28.28,64.31,6.79,71.48,Okra
59.32,22.13,30.49,20.29,72.11,6.95,31.54,Radish
51.16,37.29,26.35,17.48,62.0,6.97,60.63,Radish
90.42,45.73,99.94,23.56,59.18,6.65,69.49,Grapes
90.08,55.13,46.72,27.76,55.58,6.53,76.73,Okra
80.63,50.18,76.75,25.17,52.54,6.19,55.12,Onion
100.09,44.32,99.69,28.93,87.16,7.28,228.04,Coconut
60.07,33.58,60.6,28.27,77.17,7.3,57.79,Bottle Gourd
40.93,30.79,33.8,15.89,51.4,6.53,30.96,Safflower
61.5,30.09,25.1,31.09,45.37,7.4,61.76,Sorghum
48.31,33.34,30.28,27.93,42.15,6.71,53.63,Sorghum
91.38,46.64,26.08,19.58,45.14,6.86,60.22,Wheat
75.15,44.86,29.32,28.47,55.97,6.67,104.03,Maize
18.72,39.64,30.35,21.51,59.69,5.97,80.68,Niger Seed
122.18,78.07,122.22,25.61,75.75,6.61,207.64,Banana
35.08,27.25,31.9,25.17,53.29,7.1,60.01,Chickpea
99.24,54.84,104.88,28.32,75.53,5.24,240.59,Coconut
54.77,22.46,29.66,31.73,58.64,7.17,55.52,Groundnut
98.04,70.38,60.83,23.52,53.16,7.52,67.65,Chilli
85.68,46.07,94.01,27.96,71.18,5.92,179.59,Coffee
74.63,38.54,71.1,23.48,52.45,6.79,46.32,Pomegranate
89.4,41.04,67.23,22.46,68.3,6.37,63.68,Cauliflower
36.12,37.63,33.93,24.51,52.06,6.6,59.5,Peas
93.5,56.15,90.49,22.3,65.48,5.22,213.49,Pineapple
79.0,47.57,79.23,29.98,58.89,6.59,127.83,Guava
34.17,26.69,35.69,32.08,41.56,6.73,96.83,Cowpea
49.79,34.83,32.99,19.3,61.63,6.81,56.6,Radish
98.76,59.1,48.6,23.28,60.55,6.77,91.53,Chilli
84.78,60.47,71.06,31.83,93.62,5.43,299.01,Rubber
48.01,30.4,33.25,20.86,44.67,6.77,55.31,Lentil
39.73,36.09,37.36,28.11,49.68,6.58,75.41,Sunflower
26.15,30.58,27.67,22.22,61.68,6.61,106.5,Niger Seed
38.15,27.53,44.33,22.88,72.84,6.53,88.68,Pumpkin
53.46,26.24,30.79,17.94,56.52,6.8,60.91,Lentil
73.01,43.9,40.66,28.81,63.11,7.4,53.75,Okra
97.51,69.05,59.19,23.29,56.93,5.86,105.98,Tomato
73.19,46.01,77.66,23.0,75.03,5.56,174.8,Coffee
93.19,49.05,50.16,25.68,90.57,5.26,253.85,Rice
79.61,41.0,80.11,15.14,54.25,6.02,93.6,Apple
41.2,29.54,33.31,26.85,55.81,6.97,85.65,Kodo Millet
52.36,40.49,43.61,24.18,68.35,6.73,57.72,Okra
42.67,26.93,28.72,17.7,43.3,6.47,84.09,Peas
94.76,52.86,62.95,26.06,64.74,6.37,68.36,Onion
66.76,36.78,29.66,31.93,72.7,6.91,80.59,Maize
83.24,37.75,67.24,21.7,64.77,6.4,64.19,Onion
35.08,34.52,34.45,27.88,46.76,7.53,83.85,Sesame
68.63,27.28,29.96,23.31,58.14,6.8,56.52,Beetroot
80.09,47.87,65.96,16.51,63.4,6.68,75.65,Cabbage
47.76,33.19,28.7,21.62,67.44,6.45,120.95,Soybean
43.14,38.18,30.19,30.52,66.62,6.85,69.35,Black Gram
69.34,25.46,62.66,26.43,75.69,6.62,182.0,Cashew
54.74,31.52,69.83,21.39,57.37,7.34,69.59,Beetroot
96.84,29.84,70.01,28.34,82.45,5.24,207.18,Pineapple
36.23,33.42,23.55,29.21,59.08,6.66,98.17,Field Bean
60.36,24.35,29.81,31.57,35.98,6.83,56.12,Pearl Millet
73.75,54.49,47.69,22.9,61.97,6.25,58.97,Garlic
48.29,29.81,46.17,23.76,69.95,6.6,199.82,Cashew
121.61,46.63,42.76,25.48,85.56,5.18,177.41,Tea
105.98,68.76,104.04,18.68,68.32,6.11,47.03,Potato
56.29,23.45,31.54,22.02,55.72,6.82,55.73,Radish
76.34,48.19,36.76,26.9,66.12,6.41,60.9,Okra
27.91,24.37,30.22,26.76,59.7,5.49,101.73,Niger Seed
82.62,43.31,34.13,25.29,57.27,6.1,60.73,Wheat
87.49,58.0,76.27,28.61,84.4,4.89,243.04,Tea
55.4,23.89,24.35,22.91,63.88,7.29,54.38,Radish
107.11,49.37,49.59,28.38,82.19,5.84,235.87,Rice
36.7,37.55,29.91,28.31,38.66,6.62,60.84,Cowpea
84.74,46.95,68.78,34.8,81.81,6.15,202.49,Arecanut
72.62,46.02,47.62,32.41,73.62,6.31,57.35,Cucumber
71.55,30.13,23.78,31.2,41.0,7.53,94.06,Sorghum
80.31,51.66,83.56,25.76,59.09,6.48,123.85,Apple
32.15,37.4,35.69,23.51,52.48,6.74,58.32,Lentil
31.55,28.64,24.6,17.59,49.3,7.49,70.11,Chickpea
35.07,30.07,30.2,31.12,60.17,6.56,104.29,Sesame
67.87,27.09,36.52,23.86,47.13,6.72,96.39,Finger Millet
86.96,35.63,74.9,24.52,86.95,5.65,227.28,Pineapple
70.98,41.58,83.38,32.32,63.37,6.16,63.52,Pomegranate
79.33,41.13,37.24,29.15,61.52,5.98,74.74,Cucumber
42.45,23.03,30.4,31.12,51.86,6.49,69.57,Green Gram
54.06,40.0,47.14,28.13,65.73,6.44,76.17,Pumpkin
62.48,30.41,23.52,23.84,71.02,6.63,86.11,Finger Millet
60.82,28.15,58.22,23.26,58.51,6.66,59.24,Beetroot
66.71,20.65,28.46,28.51,49.09,8.07,81.17,Sorghum
69.01,26.85,31.93,27.43,63.4,6.41,107.43,Finger Millet
36.72,29.12,25.73,22.86,62.3,6.32,105.32,Niger Seed
74.63,22.37,24.23,31.7,40.75,6.34,58.22,Pearl Millet
103.23,56.69,79.31,29.53,83.1,6.15,248.47,Arecanut
78.73,65.34,69.74,30.48,56.16,6.51,92.65,Chilli
112.1,37.79,56.79,23.55,74.93,6.55,97.42,Tomato
35.39,22.7,25.51,24.26,51.94,6.7,105.23,Field Bean
92.15,56.95,74.86,32.25,69.25,6.59,110.56,Brinjal
96.28,45.92,107.55,30.91,91.58,6.54,232.43,Coconut
103.23,58.61,49.74,26.9,56.51,6.58,81.64,Chilli
104.13,46.03,95.15,27.58,55.09,7.56,87.44,Grapes
45.25,18.96,29.55,21.91,48.01,6.67,51.91,Linseed
88.52,49.34,83.09,22.44,82.22,6.33,216.02,Litchi
58.29,80.82,64.61,25.55,64.41,6.76,102.89,Brinjal
74.87,56.04,99.59,27.73,84.99,5.76,282.63,Coconut
33.34,28.34,20.17,24.39,53.19,6.44,74.87,Horse Gram
55.29,29.33,34.16,33.06,52.98,6.52,88.68,Sesame
101.9,62.62,107.5,15.77,72.76,6.11,70.78,Potato
86.48,67.8,62.66,25.54,69.53,5.74,81.96,Brinjal
62.32,31.94,40.66,27.19,45.41,6.53,45.86,Pearl Millet
46.65,30.92,34.57,31.98,57.54,6.54,65.92,Sorghum
54.78,23.62,29.39,19.0,58.16,6.72,19.76,Radish
56.27,26.25,55.32,20.31,60.31,6.87,59.79,Beetroot
42.64,45.33,56.05,19.48,58.76,6.88,43.71,Garlic
62.0,31.97,28.37,17.78,59.99,6.56,49.89,Radish
79.57,57.9,82.75,29.09,58.12,6.09,89.37,Pomegranate
89.62,45.65,109.74,30.76,90.82,6.07,255.12,Coconut
76.33,51.06,86.48,26.63,72.2,6.62,225.31,Litchi
53.05,30.4,25.53,27.1,59.1,6.7,119.19,Soybean
121.0,73.23,137.41,30.33,76.3,6.81,146.44,Banana
84.07,46.28,34.81,26.97,67.53,6.7,58.64,Maize
37.4,27.11,24.03,29.59,53.87,6.77,56.93,Sesame
29.02,34.87,32.71,22.52,50.39,5.78,50.16,Lentil
63.86,26.55,33.2,30.6,54.3,6.12,48.76,Pearl Millet
60.49,28.79,22.23,23.14,51.92,7.52,72.5,Sunflower
61.94,28.14,31.85,23.05,71.53,6.14,99.1,Finger Millet
112.24,53.8,123.97,28.89,73.47,6.54,230.19,Banana
80.38,59.93,38.75,28.22,65.09,6.66,100.18,Maize
106.33,61.86,91.08,30.14,83.47,6.15,208.64,Rubber
74.31,65.39,37.46,32.81,67.39,6.29,71.46,Chilli
52.52,25.34,33.81,17.97,51.32,6.44,42.15,Radish
45.1,23.39,29.07,21.88,45.76,6.15,50.53,Safflower
29.94,29.93,26.66,30.64,37.36,6.76,74.18,Horse Gram
23.69,44.91,26.29,30.72,57.11,6.84,85.05,Black Gram
48.38,27.5,28.49,27.59,57.68,6.47,93.38,Green Gram
77.9,55.28,55.9,18.7,65.53,6.46,76.48,Cauliflower
71.57,26.6,60.11,29.42,76.73,5.69,185.79,Cashew
13.55,33.13,26.8,26.01,57.99,6.48,88.51,Red Gram
47.48,32.01,32.38,20.26,60.3,6.87,58.53,Peas
46.59,21.14,28.16,22.9,63.49,6.83,47.34,Radish
41.05,31.65,38.67,24.08,44.92,6.65,58.68,Linseed
88.24,53.55,63.81,23.83,57.27,6.41,62.07,Onion
78.62,27.3,31.13,29.12,45.78,7.06,67.55,Sorghum
108.54,48.02,134.87,33.79,82.91,6.24,246.98,Banana
41.24,32.3,28.15,20.57,55.13,6.34,69.41,Rajma
37.67,21.25,26.97,35.13,60.3,6.49,82.44,Horse Gram
65.03,30.49,28.88,31.56,51.21,6.44,69.38,Sorghum
100.31,50.5,51.26,24.76,72.7,6.36,249.7,Rice
90.86,66.1,85.41,28.98,85.48,5.86,304.55,Rubber
58.7,40.03,38.67,28.04,80.61,6.89,50.0,Okra
36.5,28.25,38.92,31.85,56.91,6.03,55.8,Cowpea
47.38,33.88,56.18,32.95,69.27,6.2,147.46,Cashew
21.75,30.04,35.12,18.2,54.8,6.73,57.27,Lentil
35.5,27.79,38.94,23.85,60.31,7.67,84.85,Niger Seed
52.01,35.26,26.66,28.43,53.07,6.63,86.6,Foxtail Millet
44.46,29.35,34.75,28.68,52.35,6.82,65.3,Green Gram
69.25,46.99,30.77,27.02,72.01,7.2,75.16,Maize
112.06,52.26,48.1,32.99,72.28,5.68,210.12,Rice
99.9,47.81,81.48,29.84,56.77,6.94,55.38,Pomegranate
118.43,61.2,73.07,31.51,73.56,6.24,98.22,Brinjal
96.66,52.33,51.09,31.23,85.71,6.1,248.46,Rice
100.05,45.01,37.94,20.76,67.66,6.26,77.92,Cabbage
67.01,54.27,45.71,29.89,72.44,6.31,87.33,Cucumber
35.6,31.91,31.19,26.34,54.75,6.39,64.38,Cowpea
91.03,50.62,59.57,14.26,62.26,6.73,61.37,Cauliflower
48.53,28.41,22.0,24.82,44.51,5.95,89.39,Little Millet
47.9,25.56,30.31,24.31,53.47,6.92,86.53,Soybean
78.98,23.93,76.31,24.65,55.68,6.69,61.7,Pomegranate
103.99,40.32,72.21,24.15,61.82,7.07,65.43,Pomegranate
99.08,42.09,42.6,29.31,64.94,5.95,101.48,Maize
90.62,51.34,48.77,22.4,73.03,6.41,64.88,Tomato
32.6,36.36,30.81,24.6,49.52,6.73,42.78,Safflower
99.31,49.31,60.79,26.81,70.42,7.32,61.0,Brinjal
54.72,33.99,24.17,32.28,47.95,5.94,86.56,Groundnut
62.88,22.51,32.06,35.49,40.86,7.94,89.6,Pearl Millet
101.52,60.0,89.59,18.2,66.56,5.8,58.75,Potato
34.01,27.37,30.69,22.67,66.79,6.52,117.74,Soybean
52.85,27.26,26.88,28.91,46.48,6.96,61.17,Pearl Millet
65.05,19.32,21.76,21.55,73.03,7.47,123.32,Finger Millet
43.4,29.53,29.91,18.16,51.72,6.68,57.77,Peas
35.51,19.56,30.67,22.39,51.39,6.87,122.82,Field Bean
55.45,20.06,32.54,26.64,59.15,6.46,83.23,Little Millet
92.77,60.52,106.42,25.39,67.73,7.07,134.57,Orange
34.34,33.82,40.35,28.91,57.43,6.67,68.93,Sesame
81.42,49.99,68.66,21.34,78.04,5.01,214.66,Coffee
38.3,38.16,31.23,30.43,50.16,5.95,77.84,Green Gram
42.15,27.8,32.18,24.71,49.55,6.93,58.06,Sesame
75.0,42.11,89.7,5.6,63.26,5.81,125.05,Apple
33.93,32.16,35.86,23.84,62.17,6.8,74.31,Field Bean
90.94,41.79,62.81,20.97,69.99,7.05,77.72,Cabbage
28.23,38.5,18.84,30.16,57.46,6.4,69.05,Cowpea
111.91,55.75,86.89,20.15,65.51,5.89,72.59,Potato
99.91,48.6,78.03,15.52,66.06,6.35,108.27,Cabbage
100.31,58.16,98.9,29.03,71.66,6.37,201.83,Papaya
63.19,32.81,32.01,29.83,60.89,7.08,93.6,Castor
52.5,25.67,26.47,23.63,53.82,7.21,70.1,Safflower
51.41,39.86,32.44,27.92,55.85,7.17,99.32,Soybean
66.03,47.36,72.97,29.97,72.05,6.1,184.48,Litchi
38.54,35.76,33.16,28.96,54.22,6.4,81.42,Foxtail Millet
101.06,47.81,101.72,28.09,92.12,7.7,301.47,Coconut
95.64,61.06,61.67,33.37,79.66,5.95,241.22,Arecanut
39.48,37.36,29.4,24.3,56.1,6.85,103.25,Red Gram
62.12,19.92,52.34,31.23,72.61,6.62,86.06,Pumpkin
47.92,66.02,75.27,24.8,83.82,6.27,141.07,Pineapple
110.61,45.57,59.82,23.93,66.43,6.58,93.07,Cauliflower
32.14,33.69,20.84,20.91,58.25,6.42,40.98,Radish
66.9,45.61,64.4,14.57,57.32,6.05,115.75,Apple
57.76,29.85,25.38,30.3,36.99,6.4,58.8,Castor
55.62,39.36,42.95,28.94,64.9,6.4,80.47,Pumpkin
94.0,51.46,107.8,20.58,63.41,6.64,117.45,Orange
66.0,29.2,32.84,28.92,46.75,7.69,35.39,Pearl Millet
88.29,48.7,84.43,23.52,55.45,6.69,79.67,Pomegranate
59.67,46.05,48.57,31.01,78.52,6.24,64.58,Cucumber
58.57,35.24,61.53,18.0,66.55,6.48,45.0,Carrot
81.79,45.86,43.28,28.74,64.44,7.12,99.07,Okra
52.55,25.26,28.58,17.52,57.37,6.43,53.12,Radish
47.15,30.68,29.36,34.77,50.37,6.76,71.52,Green Gram
96.01,82.68,59.16,27.32,61.27,6.11,124.65,Brinjal
38.38,27.34,21.8,26.2,49.81,6.6,83.43,Green Gram
56.18,31.48,51.29,27.95,80.33,7.53,58.77,Bottle Gourd
77.98,55.11,75.23,30.88,76.86,6.01,92.31,Brinjal
55.31,26.87,27.81,28.13,41.16,6.92,59.91,Safflower
53.83,32.66,28.48,26.81,43.37,7.37,76.9,Pearl Millet
54.17,55.15,56.62,22.93,57.95,6.17,55.58,Garlic
38.46,30.84,27.49,29.72,67.93,6.45,100.35,Niger Seed
81.94,42.16,61.15,17.66,61.64,6.56,60.41,Cauliflower
102.33,55.76,92.44,21.97,60.81,7.25,76.83,Grapes
24.44,33.65,37.15,31.94,54.53,6.17,81.79,Horse Gram
101.73,59.49,54.75,28.09,79.08,7.04,77.29,Brinjal
54.64,32.87,66.91,31.0,68.77,6.57,80.19,Bottle Gourd
49.38,25.66,41.54,16.78,64.86,7.08,40.19,Beetroot
50.0,39.9,28.77,27.97,49.03,7.26,91.78,Foxtail Millet
49.94,40.49,36.25,24.27,60.33,6.67,85.42,Cucumber
81.7,54.48,48.05,16.1,76.23,6.32,82.58,Cabbage
67.39,32.37,62.26,29.47,65.65,7.07,58.32,Bottle Gourd
42.29,15.2,31.92,21.89,71.19,7.17,97.63,Niger Seed
113.51,65.0,122.73,27.14,81.44,6.78,171.78,Banana
89.79,48.63,85.17,22.54,55.1,5.81,92.92,Pomegranate
59.37,25.3,54.17,25.58,61.54,6.02,66.81,Bottle Gourd
84.93,73.03,61.71,31.33,60.21,6.25,94.88,Chilli
97.37,49.98,90.6,22.03,74.71,5.79,193.76,Pineapple
48.33,33.17,70.76,28.71,72.1,6.21,123.21,Cashew
91.57,57.82,47.06,29.26,66.89,6.75,93.35,Brinjal
47.05,28.83,29.22,24.05,57.92,7.29,49.08,Sorghum
109.9,36.98,110.44,25.7,71.34,6.13,162.0,Mango
32.46,29.19,32.73,26.05,57.67,5.93,74.81,Field Bean
121.26,64.16,129.34,27.31,70.83,7.14,143.47,Banana
37.48,23.39,30.49,26.93,55.39,6.2,71.7,Niger Seed
55.45,29.22,27.49,26.98,69.19,6.35,75.21,Sunflower
50.64,33.93,25.34,19.19,48.51,6.85,41.62,Peas
39.89,36.88,33.4,29.4,68.79,6.11,68.69,Cowpea
124.69,66.88,116.16,24.34,74.85,6.78,217.83,Banana
98.72,43.42,65.42,25.63,60.24,6.46,60.75,Tomato
85.73,45.22,61.21,24.76,68.66,6.62,95.06,Tomato
76.09,54.77,55.14,23.75,56.13,6.47,80.59,Onion
85.6,53.44,67.67,20.22,76.85,6.02,72.12,Cauliflower
44.62,40.6,48.45,31.36,75.04,6.75,80.18,Bottle Gourd
55.72,31.71,21.7,28.73,50.03,7.08,81.0,Groundnut
43.23,22.88,28.46,23.19,54.12,6.71,87.23,Niger Seed
47.24,25.93,35.43,30.3,74.03,6.29,101.13,Red Gram
83.98,38.05,32.81,19.28,48.21,6.12,55.1,Barley
44.48,34.06,29.69,23.38,51.47,7.26,92.14,Field Bean
65.34,29.41,71.16,26.43,71.07,6.58,89.24,Bottle Gourd
92.75,49.27,54.14,26.27,67.32,6.58,70.13,Tomato
35.26,31.32,37.87,18.89,49.06,6.87,77.83,Linseed
109.99,43.41,57.63,14.98,64.25,6.24,71.8,Cabbage
75.43,57.98,94.36,30.57,63.62,6.72,148.09,Papaya
52.27,29.41,26.88,23.71,47.2,6.86,89.73,Sunflower
108.12,53.88,58.51,24.55,71.34,6.49,105.56,Tomato
97.0,52.8,98.98,25.01,71.13,6.55,181.27,Mango
76.93,60.44,40.52,21.99,65.39,6.19,68.8,Tomato
45.35,23.79,35.99,25.52,58.73,7.07,72.72,Sorghum
84.06,65.67,120.85,27.31,47.4,6.86,91.27,Mango
84.05,45.12,60.83,21.82,57.44,7.06,56.33,Onion
80.02,36.5,29.86,13.4,55.85,7.02,50.08,Wheat
67.18,53.81,60.84,20.28,51.48,6.55,44.81,Garlic
45.14,29.24,31.29,31.01,74.07,6.95,98.21,Black Gram
121.78,71.82,95.12,22.52,64.19,5.75,47.12,Potato
48.15,28.69,32.53,27.61,50.98,6.9,55.45,Linseed
51.82,31.88,41.14,19.74,59.91,7.42,54.87,Radish
86.7,71.28,79.52,27.91,79.82,6.44,202.91,Pineapple
91.34,45.68,56.06,28.49,93.37,6.41,239.75,Rice
94.67,74.18,108.7,23.11,75.7,6.46,96.7,Mango
51.06,37.71,27.85,20.25,60.3,6.61,54.23,Carrot
31.77,33.49,34.06,25.79,50.35,5.76,83.12,Niger Seed
50.24,24.17,30.18,12.5,56.58,6.26,74.46,Chickpea
83.78,56.17,58.31,17.52,66.11,6.72,92.5,Cabbage
64.57,27.09,51.46,26.29,67.95,6.81,83.24,Pumpkin
56.68,45.67,98.4,22.32,66.0,7.04,131.97,Guava
43.24,30.37,25.96,33.88,42.63,6.8,50.92,Sorghum
35.97,36.36,27.55,24.87,43.19,6.2,72.65,Field Bean
44.79,29.8,34.92,27.6,67.38,6.77,87.33,Little Millet
92.56,43.74,29.04,24.47,45.23,6.85,60.68,Barley
71.44,51.05,33.38,13.25,59.51,6.45,59.82,Wheat
83.06,45.19,67.67,28.85,82.66,6.6,252.07,Arecanut
84.57,38.96,82.83,-0.46,60.14,5.94,108.31,Apple
89.15,43.82,73.55,30.69,68.43,7.15,163.05,Litchi
48.66,22.53,29.03,29.81,64.11,7.27,99.5,Red Gram
61.07,22.9,57.24,27.32,69.31,6.46,180.32,Cashew
50.16,37.09,23.33,26.68,47.8,6.94,72.66,Kodo Millet
58.25,33.58,60.95,30.04,81.67,6.83,66.66,Bottle Gourd
37.25,30.83,32.76,17.17,43.06,5.96,103.28,Rajma
53.16,27.39,33.35,20.28,55.4,6.27,18.56,Radish
106.73,56.05,77.87,29.3,86.62,4.92,274.95,Rubber
30.82,26.91,27.79,27.91,60.53,6.31,75.76,Cowpea
86.54,38.24,78.37,30.79,60.44,6.5,102.2,Guava
102.98,54.42,123.19,24.31,74.29,6.49,180.22,Mango
70.33,57.99,49.38,25.69,63.96,7.39,42.6,Okra
87.08,51.03,67.07,24.61,49.76,6.55,122.61,Pomegranate
57.7,29.12,34.84,16.12,47.01,6.92,67.17,Chickpea
107.09,51.79,90.71,25.43,71.91,6.0,218.97,Arecanut
93.4,84.29,64.53,29.89,70.19,6.21,98.71,Brinjal
66.68,26.18,28.79,29.79,60.62,6.66,91.65,Finger Millet
43.7,32.81,29.88,19.42,58.33,6.81,98.91,Rajma
86.09,58.97,67.9,20.04,73.47,6.53,84.34,Cabbage
40.55,28.79,33.03,27.39,64.05,6.14,77.16,Black Gram
93.56,46.16,50.98,24.92,57.99,6.6,60.52,Chilli
58.86,26.76,37.12,21.07,41.56,6.7,51.39,Safflower
91.61,65.47,80.95,17.21,79.72,6.4,110.17,Orange
20.0,34.73,26.21,35.32,57.34,7.0,77.09,Sesame
94.91,44.46,92.73,22.57,86.29,5.11,182.71,Tea
65.81,44.12,43.02,22.67,68.81,6.49,77.3,Cucumber
84.48,54.78,31.93,21.48,75.06,6.4,120.07,Maize
61.96,29.27,76.25,18.96,59.67,6.24,40.09,Carrot
26.09,30.21,32.08,28.85,63.55,6.58,88.87,Red Gram
71.92,46.3,69.66,9.12,70.34,6.19,109.52,Apple
107.34,47.69,102.61,22.1,69.55,5.84,49.3,Potato
67.24,52.06,60.13,25.55,74.8,5.89,194.05,Coffee
32.34,33.86,29.5,27.69,57.93,5.73,93.65,Kodo Millet
56.26,41.45,30.93,25.47,46.59,8.0,60.11,Pearl Millet
78.1,31.22,59.66,26.65,54.56,6.83,50.43,Beetroot
31.73,27.16,23.7,29.46,43.61,6.42,91.75,Horse Gram
78.07,46.9,71.48,22.94,54.14,6.28,77.42,Onion
100.55,76.86,56.82,35.17,60.1,6.33,82.03,Chilli
26.69,25.11,24.59,29.84,44.95,6.28,56.42,Horse Gram
39.97,25.29,30.86,20.79,49.5,7.33,91.95,Field Bean
47.23,35.15,26.61,28.29,66.48,7.0,70.32,Sorghum
76.81,29.24,61.33,22.02,53.39,6.33,42.5,Carrot
96.07,52.29,49.43,23.5,87.61,5.5,250.06,Tea
37.3,19.31,21.08,22.89,49.05,6.99,57.37,Chickpea
55.63,26.97,35.32,25.68,60.1,6.76,54.56,Sunflower
107.2,55.06,93.43,25.2,60.21,6.73,83.08,Grapes
69.03,28.04,67.28,18.01,65.6,7.14,52.69,Beetroot
62.97,27.31,56.9,30.84,79.71,6.64,79.03,Bottle Gourd
102.3,44.47,90.06,30.56,48.84,6.93,63.55,Grapes
93.55,37.17,72.86,25.23,80.2,5.8,180.21,Coffee
98.9,48.22,51.07,23.79,72.47,6.9,88.98,Cauliflower
93.75,41.9,62.28,25.29,52.05,6.44,79.69,Chilli
43.72,24.67,33.82,30.0,58.9,5.62,92.76,Cowpea
73.25,54.18,35.88,26.72,78.19,7.13,80.82,Okra
19.63,34.68,28.91,32.42,40.37,6.38,61.85,Sesame
15.18,22.8,29.69,12.39,51.9,7.03,36.28,Peas
74.24,37.6,35.55,24.71,65.06,5.99,79.93,Maize
86.17,52.8,68.85,31.69,59.84,5.77,66.6,Chilli
23.7,30.52,24.1,29.28,49.99,6.47,90.61,Cowpea
111.74,65.41,69.44,24.39,69.32,6.3,23.37,Tomato
82.41,57.25,86.03,25.48,69.5,6.94,118.3,Papaya
78.4,44.77,26.17,19.83,73.7,6.15,57.35,Wheat
91.25,48.98,72.18,28.63,62.13,6.16,132.34,Guava
59.8,30.83,20.04,30.02,45.98,6.68,85.39,Castor
93.66,59.0,64.33,25.74,73.51,6.71,88.26,Tomato
60.28,30.26,26.32,24.54,80.1,7.23,116.85,Finger Millet
69.05,34.52,74.02,20.11,56.62,6.77,104.01,Apple
48.73,42.55,51.31,31.68,75.55,6.89,105.42,Cucumber
47.54,36.44,51.37,17.6,57.17,6.53,51.86,Carrot
50.95,28.82,34.01,17.77,58.43,6.7,41.77,Radish
63.1,31.65,26.13,23.82,59.78,6.86,69.58,Sunflower
41.85,26.83,29.63,29.57,36.48,7.29,59.93,Safflower
45.1,33.26,24.7,28.9,60.5,6.71,92.82,Little Millet
61.31,31.61,29.45,9.36,59.11,6.9,64.28,Mustard
45.39,35.32,22.88,17.1,50.08,6.59,47.43,Peas
88.3,46.44,78.99,29.0,80.33,6.49,217.54,Arecanut
35.87,26.31,21.56,20.74,47.19,6.77,70.33,Safflower
93.24,52.74,94.01,25.74,58.61,6.7,80.24,Grapes
27.37,22.84,36.72,25.69,62.48,7.1,91.4,Field Bean
36.2,24.41,31.63,24.71,70.16,8.1,76.13,Foxtail Millet
82.75,33.44,51.75,22.14,89.87,6.36,106.73,Coffee
42.32,30.41,32.91,18.57,44.36,6.97,46.23,Safflower
85.86,35.62,32.22,15.18,74.14,6.73,32.6,Barley
97.32,63.63,71.08,29.44,67.74,6.08,114.25,Brinjal
44.75,28.3,48.99,26.72,71.7,6.94,79.93,Bottle Gourd
99.05,50.2,40.09,34.82,70.61,7.0,107.47,Brinjal
81.36,46.91,79.83,20.72,56.04,6.15,134.73,Apple
68.23,54.86,61.85,20.18,64.01,6.14,55.01,Onion
128.0,63.17,116.61,28.53,80.81,6.82,190.56,Banana
105.84,53.56,64.44,24.17,76.72,4.78,234.24,Tea
81.95,53.21,65.1,24.51,69.22,6.8,86.5,Cabbage
43.01,25.06,28.47,31.25,58.8,5.64,54.7,Cowpea
26.28,33.27,31.08,17.19,51.69,7.02,55.68,Peas
31.61,30.85,29.09,28.21,60.31,6.3,64.85,Sesame
36.68,29.18,36.93,29.95,67.89,7.63,71.63,Black Gram
32.63,28.75,27.19,31.37,57.63,6.21,74.87,Sesame
102.43,71.53,75.75,35.37,59.87,6.4,62.53,Pomegranate
50.48,35.21,25.46,38.25,49.93,6.36,52.21,Sorghum
73.52,47.5,29.12,17.59,54.87,5.8,70.86,Barley
43.02,33.79,29.95,17.92,59.67,7.28,36.92,Radish
117.66,69.18,121.96,29.03,82.6,6.63,161.64,Banana
32.25,21.9,30.23,29.37,44.93,6.34,71.55,Horse Gram
73.73,46.02,29.47,26.01,74.72,6.24,123.69,Maize
61.74,30.28,63.04,18.52,55.79,7.58,80.53,Beetroot
25.31,30.24,22.99,27.97,38.31,7.17,75.21,Horse Gram
86.78,52.46,78.66,27.63,73.05,5.42,117.27,Guava
58.25,28.99,53.76,25.62,72.67,6.71,61.22,Bottle Gourd
38.58,59.96,47.44,24.25,54.5,6.83,64.62,Chilli
99.68,50.98,91.84,32.36,80.14,7.46,219.25,Coconut
56.35,32.75,32.64,16.6,58.2,6.0,40.7,Linseed
88.43,50.57,75.33,24.13,61.68,6.1,96.72,Cabbage
50.58,28.35,25.93,19.15,42.59,6.67,76.88,Mustard
97.91,38.97,105.97,31.99,54.77,6.08,51.97,Grapes
53.5,26.44,36.51,29.27,50.76,6.6,63.14,Sunflower
78.82,49.36,78.18,27.37,66.91,5.84,95.61,Guava
22.93,31.73,25.56,27.95,62.73,6.47,82.57,Niger Seed
86.74,48.51,47.11,27.62,96.44,5.41,291.64,Rice
88.72,58.27,62.1,19.88,67.07,6.58,78.45,Cauliflower
42.08,31.65,32.25,25.53,49.75,6.74,127.16,Soybean
65.01,33.73,32.52,31.35,65.2,7.17,87.23,Sorghum
24.75,36.76,26.26,25.3,55.18,6.94,92.55,Black Gram
62.51,36.75,29.18,41.32,45.55,7.06,45.61,Pearl Millet
35.54,23.66,35.36,25.43,71.29,5.67,107.47,Kodo Millet
42.59,27.53,26.27,26.68,52.44,6.06,112.13,Little Millet
42.07,42.79,31.43,15.02,51.17,7.14,35.11,Mustard
43.91,35.42,31.61,22.94,59.63,7.26,112.95,Field Bean
100.69,54.12,106.04,19.0,70.72,5.85,55.69,Potato
102.79,62.33,98.11,31.07,64.1,6.11,206.53,Mango
29.5,29.77,36.17,19.93,59.57,6.47,65.67,Radish
34.35,28.47,26.56,24.32,60.56,6.02,90.01,Soybean
104.38,52.99,103.24,16.07,71.87,6.17,62.51,Potato
85.53,46.77,44.98,28.04,68.57,6.49,88.46,Cucumber
63.43,23.64,64.41,15.9,57.43,6.58,90.28,Garlic
65.75,30.2,41.74,20.98,53.32,7.17,45.34,Beetroot
64.0,36.08,49.58,32.78,66.7,7.34,245.43,Cashew
100.66,58.72,42.88,30.31,81.34,6.44,235.27,Rice
82.19,57.23,62.16,18.52,63.58,6.47,45.79,Onion
83.67,47.16,26.07,20.21,65.24,6.66,125.34,Maize
101.95,44.74,112.54,18.75,65.73,6.24,205.09,Orange
49.38,25.68,32.61,19.93,46.73,6.25,42.59,Linseed
66.19,29.57,31.22,17.0,60.41,7.03,61.88,Wheat
51.28,37.1,53.05,15.41,61.29,6.09,52.6,Beetroot
117.74,43.65,85.58,36.17,82.48,6.09,157.38,Arecanut
38.43,29.76,28.54,30.12,69.17,6.91,82.37,Black Gram
91.99,56.63,86.92,25.46,73.14,6.33,183.59,Papaya
81.16,35.74,72.63,21.59,85.57,5.85,210.56,Coffee
107.96,43.9,58.9,18.97,70.26,6.68,91.86,Cabbage
88.97,65.62,103.62,23.15,58.64,6.49,61.83,Orange
77.56,42.76,25.85,22.07,47.69,6.75,62.11,Barley
40.34,36.66,23.78,28.5,51.95,7.18,104.41,Kodo Millet
105.4,55.48,42.5,29.06,71.83,6.34,110.31,Brinjal
83.91,47.48,45.54,26.67,58.22,6.66,51.45,Okra
69.28,53.45,36.08,23.16,57.23,6.53,57.29,Onion
50.03,32.45,74.43,24.66,71.35,6.86,91.09,Pumpkin
59.58,29.53,65.65,25.43,66.63,5.96,175.85,Cashew
58.74,22.97,24.29,20.77,57.23,6.62,42.09,Chickpea
64.02,40.55,31.28,24.92,44.92,6.55,36.44,Pearl Millet
58.13,31.59,27.54,23.72,42.81,6.29,75.02,Castor
42.28,28.23,34.48,16.79,45.67,7.16,55.17,Linseed
88.43,44.05,81.06,28.61,74.97,5.34,141.17,Pineapple
71.33,36.7,29.98,20.68,66.1,6.52,103.33,Soybean
26.78,24.72,40.05,21.0,53.45,6.53,111.99,Rajma
43.45,32.42,42.49,29.93,75.78,6.71,93.9,Red Gram
85.35,60.52,94.32,31.46,71.24,6.27,190.54,Papaya
41.24,39.62,58.91,20.15,57.92,6.41,54.93,Beetroot
87.08,46.0,42.75,31.55,62.09,6.92,96.31,Okra
91.44,73.47,112.33,23.23,75.88,5.77,60.55,Potato
69.4,46.62,57.49,18.7,73.19,6.34,80.09,Cabbage
34.38,30.74,25.95,16.6,51.17,6.92,42.61,Lentil
67.43,26.18,65.04,33.27,67.31,6.19,170.17,Cashew
73.52,43.89,32.91,9.5,50.77,6.68,48.66,Barley
88.46,42.42,97.22,27.95,61.34,6.34,108.78,Guava
42.13,29.96,37.54,31.15,56.22,7.22,69.36,Green Gram
102.5,54.33,54.1,27.57,74.26,6.86,93.23,Brinjal
52.35,33.5,53.13,26.87,69.49,6.41,72.95,Cucumber
105.64,31.54,53.77,25.0,76.37,5.77,212.92,Coffee
74.97,34.96,42.17,28.54,72.46,6.93,53.85,Okra
32.76,27.26,27.35,21.23,49.1,6.6,84.47,Rajma
30.27,20.55,27.46,29.83,55.18,5.91,63.16,Cowpea
40.26,38.27,26.39,21.53,63.62,6.49,55.17,Radish
113.71,58.06,65.26,30.9,57.41,6.62,72.17,Mango
35.33,33.16,22.54,24.32,47.78,5.38,68.32,Little Millet
51.51,31.86,34.64,23.09,49.04,5.95,95.85,Little Millet
86.09,33.16,30.64,14.5,52.34,6.72,40.27,Barley
68.15,35.95,35.83,26.47,40.11,6.97,79.7,Sorghum
83.15,50.91,104.92,13.61,58.0,5.66,117.21,Apple
68.14,37.07,24.91,18.78,53.1,6.05,61.6,Wheat
46.85,29.76,32.21,32.24,50.0,6.76,95.93,Green Gram
28.13,25.32,27.87,32.28,57.02,6.52,80.88,Cowpea
62.77,31.84,25.63,29.54,52.58,7.22,86.2,Castor
86.08,71.5,60.0,29.22,67.67,7.6,70.46,Brinjal
72.56,37.6,72.44,30.24,74.44,6.69,71.64,Pomegranate
59.49,29.71,80.9,15.99,58.11,6.49,62.1,Beetroot
58.67,32.85,22.88,34.88,49.52,7.41,34.23,Pearl Millet
42.05,37.07,48.2,23.14,59.1,6.41,56.86,Carrot
93.36,50.71,84.64,23.0,72.62,7.04,88.25,Guava
91.4,52.55,54.59,20.55,71.99,6.55,76.03,Cabbage
40.28,36.55,26.4,23.59,60.45,6.96,48.71,Field Bean
96.83,79.14,103.58,18.4,73.98,6.07,64.53,Potato
83.64,42.3,67.27,21.38,83.73,5.42,190.38,Pineapple
34.03,29.24,24.53,24.59,56.82,6.58,91.52,Sesame
85.18,60.3,58.69,29.4,93.96,6.66,291.36,Rubber
67.86,72.41,81.44,24.86,57.86,5.74,131.25,Orange
107.82,62.79,96.0,25.27,49.32,5.62,122.52,Orange
96.16,47.53,96.51,33.27,74.99,6.48,215.23,Coconut
70.23,54.7,70.02,19.37,62.87,6.24,53.31,Onion
92.22,44.05,54.65,25.01,78.23,5.09,213.99,Tea
95.79,66.93,73.18,26.85,48.92,6.87,64.49,Chilli
62.82,30.86,70.54,25.23,61.62,7.59,65.45,Bottle Gourd
64.19,25.83,64.7,31.15,75.84,6.67,79.49,Bottle Gourd
108.19,72.2,59.87,29.87,73.19,6.13,79.16,Tomato
76.42,48.29,67.41,29.43,46.36,5.93,71.19,Pomegranate
104.13,44.14,44.8,27.75,86.0,5.46,192.15,Rice
96.01,40.45,24.01,13.23,34.72,6.88,39.96,Wheat
103.07,40.26,67.31,25.95,81.52,6.08,177.22,Coffee
130.98,69.82,127.52,28.55,87.32,6.41,199.22,Banana
102.63,35.58,84.42,21.4,56.94,5.6,121.09,Apple
91.4,41.84,85.42,34.25,65.24,6.41,224.98,Litchi
33.57,27.04,28.7,23.38,61.74,6.24,94.94,Niger Seed
30.75,20.21,30.91,23.13,62.72,7.01,47.48,Peas
45.41,41.07,34.67,24.01,46.87,6.51,42.51,Mustard
64.1,35.43,51.11,18.55,61.46,7.0,63.77,Beetroot
92.58,50.91,65.33,31.88,60.86,5.93,67.83,Chilli
35.26,30.39,25.54,34.03,49.16,6.9,117.49,Red Gram
29.38,32.11,28.39,30.0,61.69,6.52,65.92,Cowpea
74.77,36.41,37.29,20.3,51.31,6.29,82.33,Barley
57.96,24.9,34.33,20.15,55.12,6.45,34.12,Mustard
89.77,50.46,49.52,29.6,77.75,6.34,183.98,Rice
49.61,32.18,25.31,18.84,55.53,6.93,31.62,Mustard
46.48,23.24,28.89,26.37,59.43,6.06,75.57,Cowpea
41.02,24.22,18.59,20.92,55.95,6.68,67.17,Peas
94.22,39.92,39.21,14.35,49.95,7.21,48.49,Wheat
27.77,31.5,25.9,26.29,61.55,6.41,81.9,Field Bean
43.53,33.67,24.49,26.95,65.55,6.75,72.04,Green Gram
43.3,24.14,33.03,27.3,54.06,7.01,96.07,Foxtail Millet
43.7,27.37,29.36,16.62,61.57,6.59,44.07,Peas
39.72,32.74,41.72,28.71,48.41,7.17,96.3,Little Millet
87.68,48.37,37.75,18.54,66.4,6.51,80.63,Cabbage
85.69,51.05,58.86,26.43,80.75,5.23,213.18,Pineapple
48.87,22.31,35.12,25.71,52.71,5.68,71.83,Foxtail Millet
29.15,27.37,25.52,26.22,49.98,6.77,64.5,Horse Gram
56.46,30.19,32.7,22.38,48.45,6.58,41.94,Lentil
59.12,27.33,21.58,27.61,43.73,6.88,57.55,Pearl Millet
52.5,36.0,66.93,21.8,53.72,6.23,54.02,Carrot
96.97,42.24,96.5,29.36,76.49,5.95,297.04,Pineapple
84.43,59.79,83.25,31.9,60.84,7.62,160.42,Mango
41.41,31.71,28.23,28.98,44.42,7.43,68.4,Green Gram
67.88,47.4,84.43,31.11,85.43,5.62,252.13,Pineapple
84.74,49.75,51.86,27.77,67.14,5.89,98.68,Brinjal
53.31,29.66,27.28,26.02,64.31,6.66,143.77,Red Gram
75.0,47.96,73.04,18.24,51.63,6.79,121.29,Apple
70.55,49.95,59.56,21.37,58.13,7.0,58.8,Garlic
122.39,48.34,101.61,25.24,57.41,6.82,75.19,Grapes
71.91,33.84,35.19,23.37,62.66,6.4,110.07,Maize
79.96,46.41,46.96,30.06,61.57,6.56,84.33,Okra
29.9,29.82,32.83,23.66,66.55,6.2,69.67,Field Bean
71.96,34.78,31.8,10.89,50.6,6.47,67.25,Barley
91.94,51.57,68.13,21.72,80.96,5.76,157.15,Pineapple
82.06,55.28,74.76,27.87,57.79,6.35,81.83,Chilli
94.24,62.06,108.85,22.26,57.75,6.77,63.03,Grapes
69.93,32.24,69.33,25.15,64.08,6.99,68.07,Beetroot
93.24,57.74,111.57,23.17,64.91,5.85,48.23,Potato
72.42,50.05,28.77,30.58,56.74,6.22,79.22,Cucumber
70.09,30.7,45.99,35.26,42.03,6.43,73.54,Sorghum
99.53,49.88,81.68,32.02,64.39,6.43,158.64,Papaya
54.14,25.57,30.32,27.76,64.42,6.25,83.77,Groundnut
79.07,58.02,67.3,23.31,62.26,7.11,64.7,Chilli
46.11,14.94,24.19,23.98,56.7,6.32,113.85,Field Bean
74.31,27.88,35.18,27.37,37.35,7.03,88.03,Sorghum
65.17,49.87,68.65,20.12,57.9,6.22,45.47,Garlic
60.27,49.6,36.2,18.55,62.12,6.56,44.08,Barley
41.01,30.88,37.52,21.75,50.13,6.37,64.63,Peas
89.16,35.34,65.98,16.05,60.37,5.74,102.75,Apple
64.23,62.08,54.93,23.28,66.66,5.85,83.23,Brinjal
106.89,50.47,47.2,24.3,83.42,4.85,204.68,Tea
77.61,26.71,39.34,30.18,69.77,6.56,84.88,Maize
68.6,50.7,88.49,27.47,78.29,5.25,298.23,Pineapple
60.78,23.81,23.49,25.65,31.32,7.1,68.34,Pearl Millet
80.89,48.2,34.42,31.13,69.2,6.73,78.45,Maize
53.88,34.45,23.77,30.54,56.44,6.38,106.22,Red Gram
41.06,27.97,34.18,27.48,56.12,6.35,73.19,Kodo Millet
66.13,24.27,37.08,24.66,49.58,6.97,55.73,Mustard
38.67,34.31,25.11,29.68,44.3,7.09,105.66,Green Gram
65.72,27.56,65.28,19.33,58.8,6.89,66.72,Beetroot
66.42,31.73,26.71,30.74,52.32,6.89,73.63,Sorghum
122.25,62.22,80.48,33.52,87.62,6.05,254.02,Rubber
42.06,44.86,39.69,28.19,58.62,7.2,62.47,Okra
33.59,40.35,37.3,29.93,58.78,6.66,92.32,Green Gram
29.11,26.49,35.27,21.12,65.57,6.64,50.71,Peas
33.65,34.18,25.54,19.63,39.79,7.23,41.41,Safflower
75.09,25.68,26.85,21.89,62.35,6.45,40.35,Mustard
57.68,27.47,40.37,17.74,44.11,6.58,52.3,Lentil
39.8,30.86,28.26,26.4,49.49,6.11,73.72,Field Bean
74.85,43.22,82.01,25.42,67.47,5.57,178.27,Orange
47.37,28.25,51.25,31.18,77.42,6.97,77.22,Bottle Gourd
109.37,48.24,95.95,28.75,79.16,6.92,282.06,Coconut
120.25,66.8,139.02,29.37,87.2,6.92,229.74,Banana
119.14,43.73,66.35,17.34,75.63,6.65,92.96,Cabbage
47.73,40.82,23.8,24.03,62.75,7.11,60.24,Linseed
51.78,28.98,33.0,15.75,41.18,7.13,61.87,Safflower
40.4,34.78,32.19,35.11,54.79,6.16,96.57,Cowpea
110.88,51.03,67.86,17.78,70.14,6.47,76.68,Cauliflower
63.75,22.96,29.86,15.01,48.2,6.82,55.97,Mustard
28.12,50.93,33.56,18.1,45.88,7.19,45.98,Linseed
90.96,45.33,35.53,24.57,48.31,6.01,89.06,Maize
47.99,31.08,34.07,31.94,59.72,6.65,70.69,Groundnut
91.42,51.18,59.66,24.45,62.14,6.51,81.41,Onion
52.84,30.63,29.2,20.5,41.01,6.01,75.51,Linseed
58.95,33.29,28.38,15.07,48.55,6.03,57.4,Mustard
30.26,26.82,29.9,27.65,69.93,6.32,35.6,Cowpea
60.89,23.9,31.98,12.89,40.97,6.71,67.76,Mustard
55.8,23.95,40.64,29.82,54.68,6.55,67.39,Sunflower
26.56,36.76,37.82,28.04,50.1,6.65,63.14,Horse Gram
97.96,46.53,95.77,21.69,61.57,5.05,64.09,Potato
45.11,28.25,29.12,26.9,58.94,6.8,62.48,Cowpea
55.53,26.1,64.54,25.08,75.68,6.39,73.78,Pumpkin
94.84,72.61,88.51,21.07,63.83,5.53,63.85,Potato
31.61,24.07,28.92,29.83,63.43,6.53,84.27,Kodo Millet
107.5,57.82,56.96,25.71,55.96,7.24,85.17,Chilli
102.25,46.7,99.92,19.68,75.88,5.69,48.05,Potato
92.58,58.36,109.34,26.29,65.25,7.39,72.71,Orange
98.42,55.81,99.44,24.96,63.92,6.65,64.91,Grapes
90.92,56.36,85.91,27.73,79.64,6.33,182.9,Litchi
37.62,30.17,22.1,28.34,49.51,6.39,83.01,Cowpea
57.73,33.16,59.83,22.5,59.3,6.98,47.84,Carrot
37.55,35.26,42.06,25.98,50.82,7.3,152.35,Red Gram
55.6,22.28,26.22,29.82,67.64,6.4,91.11,Finger Millet
131.63,55.82,134.62,32.42,78.23,7.28,224.4,Banana
130.15,65.21,119.55,30.75,88.37,7.01,184.58,Banana
42.63,28.25,30.61,18.0,54.69,6.45,64.55,Peas
95.2,55.51,51.22,18.37,58.75,6.49,57.78,Garlic
78.39,51.45,68.51,18.34,80.2,6.24,89.93,Cauliflower
37.33,30.97,31.35,29.07,53.53,5.89,69.47,Foxtail Millet
105.76,55.1,95.21,32.74,79.66,5.89,250.17,Coconut
30.5,36.04,31.16,28.12,72.74,6.07,87.14,Kodo Millet
97.19,43.48,84.06,19.18,76.92,5.87,222.87,Arecanut
72.72,52.17,73.12,26.14,63.89,6.15,79.21,Onion
50.77,28.88,61.6,27.88,72.78,6.19,80.16,Pumpkin
71.38,40.81,88.79,29.4,49.22,6.02,51.76,Pomegranate
94.28,48.2,40.86,23.05,71.91,7.07,90.93,Maize
21.83,28.03,35.94,16.97,41.05,7.6,59.05,Lentil
93.16,41.72,67.18,20.77,81.72,6.62,59.14,Cabbage
99.11,31.49,29.63,15.92,53.69,6.53,62.86,Wheat
57.06,25.88,31.82,27.74,67.62,6.09,140.43,Finger Millet
93.83,46.82,104.01,27.96,59.82,6.49,72.81,Grapes
92.32,41.19,91.57,31.68,59.6,6.25,93.29,Orange
49.63,32.08,34.78,28.31,47.93,6.79,69.58,Castor
73.59,33.32,44.79,29.44,52.0,6.7,76.18,Maize
92.76,44.82,74.17,25.43,67.13,6.42,63.33,Onion
67.63,27.95,30.71,36.21,48.55,6.67,65.2,Sorghum
111.13,55.77,67.38,23.02,93.67,5.15,223.68,Tea
47.13,31.59,26.82,31.0,70.39,6.71,64.97,Black Gram
80.63,54.88,103.47,27.48,84.7,5.76,236.96,Coconut
36.43,38.49,31.57,25.32,44.7,6.82,126.69,Red Gram
65.88,44.31,80.71,31.35,74.65,4.65,245.61,Pineapple
53.94,31.25,53.89,20.82,60.6,6.66,41.2,Carrot
73.76,48.12,69.46,16.26,68.62,6.25,50.38,Garlic
41.85,29.81,27.13,17.17,37.21,6.67,64.44,Linseed
111.93,66.0,91.89,31.0,90.64,5.44,285.01,Rubber
39.12,32.56,23.69,24.73,50.1,6.95,47.93,Safflower
96.89,66.94,100.32,26.17,75.89,6.93,112.46,Papaya
68.68,25.06,69.27,17.75,63.92,6.4,65.49,Beetroot
61.75,25.83,69.59,24.7,76.32,6.02,212.16,Cashew
55.32,31.96,24.44,21.81,60.14,6.64,45.41,Radish
48.27,29.37,31.28,22.73,54.93,6.92,32.7,Safflower
55.9,31.8,24.33,34.88,48.08,7.02,58.51,Pearl Millet
76.09,44.86,55.61,23.07,59.62,6.65,49.19,Onion
94.16,51.36,20.78,21.49,43.41,6.59,66.71,Wheat
48.82,31.08,28.55,29.81,44.85,6.52,84.51,Kodo Millet
31.1,26.05,23.92,9.51,66.43,6.25,65.99,Peas
105.97,63.87,54.39,30.83,75.78,6.39,92.7,Brinjal
69.05,37.81,62.31,25.56,61.38,6.75,166.56,Cashew
69.13,25.48,60.41,31.37,63.96,6.6,79.83,Bottle Gourd
58.15,27.89,36.21,32.09,50.68,6.97,82.68,Groundnut
52.24,39.3,39.63,29.11,49.31,6.81,65.31,Kodo Millet
41.54,32.32,26.06,26.58,68.44,6.62,66.6,Field Bean
97.68,52.41,63.27,30.18,62.9,6.51,63.21,Onion
65.01,39.58,66.28,20.97,66.44,6.81,52.29,Garlic
130.79,65.73,117.0,31.78,74.66,7.22,142.7,Banana
80.5,49.2,73.38,28.75,61.43,6.93,85.64,Pomegranate
3.07,32.87,20.47,23.43,62.66,7.61,93.11,Field Bean
30.15,32.28,32.05,30.7,43.76,6.97,43.75,Sesame
99.54,54.98,48.88,21.81,68.47,6.47,111.95,Tomato
60.76,25.84,27.86,15.77,59.26,6.89,55.12,Radish
99.13,47.88,98.71,30.49,63.12,5.61,79.27,Grapes
109.78,66.68,68.83,26.81,71.33,6.06,85.01,Brinjal
41.14,33.37,38.39,25.53,81.48,6.56,99.63,Soybean
93.39,48.84,52.95,21.25,71.49,6.82,60.48,Cauliflower
106.45,48.46,99.28,25.22,65.16,6.03,98.13,Grapes
20.11,25.84,28.62,23.69,60.37,6.98,106.51,Red Gram
71.27,45.41,18.61,16.14,45.38,6.7,51.16,Barley
102.09,64.07,112.66,19.07,72.71,5.47,45.75,Potato
38.24,34.7,27.38,17.88,54.09,7.23,61.04,Chickpea
108.47,51.17,49.23,18.96,84.71,5.31,297.15,Tea
85.24,57.69,94.47,20.31,63.33,6.3,133.19,Apple
75.5,35.98,24.59,26.24,50.71,7.39,49.02,Sunflower
36.9,34.32,26.31,32.85,51.13,5.64,70.45,Cowpea
65.3,29.39,26.66,11.31,51.0,6.82,40.67,Mustard
72.18,47.49,62.64,24.36,59.38,6.25,88.26,Onion
73.48,53.03,63.49,27.29,57.29,6.8,58.4,Onion
31.48,29.34,43.0,24.27,61.73,6.99,91.38,Foxtail Millet
16.59,34.67,31.93,19.74,53.85,6.74,48.88,Niger Seed
48.71,21.8,51.91,33.59,76.24,6.21,172.29,Cashew
104.42,65.38,100.19,19.8,84.45,5.69,59.01,Potato
101.42,52.77,54.18,25.25,78.6,5.68,185.08,Rice
52.1,39.1,72.84,27.16,67.35,6.52,80.35,Pumpkin
41.49,29.65,25.45,28.5,55.97,5.48,87.74,Sesame
78.52,43.13,78.13,32.96,76.3,6.1,117.95,Guava
67.81,35.6,59.83,22.23,57.95,6.19,53.38,Carrot
86.43,52.3,74.42,23.61,54.58,6.22,67.23,Garlic
133.85,73.54,121.97,33.1,67.78,6.67,201.3,Banana
90.67,65.25,70.47,27.09,55.84,6.91,96.93,Orange
74.05,39.85,48.03,21.4,70.14,6.77,57.81,Beetroot
85.59,33.84,80.91,31.1,77.34,5.87,140.34,Litchi
50.12,31.73,33.78,28.21,63.78,6.38,80.92,Little Millet
39.62,15.65,27.01,29.42,64.69,6.31,76.42,Sesame
116.64,54.71,70.42,20.42,69.01,6.47,98.88,Tomato
89.89,69.05,106.66,27.83,65.19,5.64,207.35,Mango
56.33,32.16,24.01,21.98,55.25,6.31,48.73,Chickpea
69.96,53.03,58.23,27.87,67.54,6.26,71.03,Onion
75.46,55.37,76.16,17.46,67.94,6.66,84.53,Cabbage
87.21,33.64,82.42,30.82,58.23,6.47,55.57,Pomegranate
33.84,28.81,27.54,30.64,47.12,7.76,77.66,Green Gram
95.54,50.84,64.55,16.33,70.23,6.55,60.51,Cauliflower
60.35,28.98,59.17,20.71,61.25,7.15,70.44,Beetroot
101.77,69.68,95.63,29.6,72.2,7.54,206.65,Mango
37.06,33.41,31.01,21.11,39.94,6.74,85.06,Safflower
112.0,44.24,97.25,32.66,71.34,6.42,163.03,Papaya
81.24,51.97,70.21,25.01,48.05,6.14,81.05,Pomegranate
104.79,42.94,38.21,21.68,56.33,6.23,67.81,Wheat
59.79,26.6,33.95,30.23,42.69,5.85,72.14,Cowpea
38.41,23.43,23.6,17.81,58.28,7.46,42.92,Peas
126.85,43.49,113.43,25.13,68.96,6.42,123.01,Orange
50.8,37.97,64.22,16.5,59.19,6.53,51.87,Carrot
69.73,46.09,43.42,28.36,63.7,6.21,144.68,Maize
86.14,40.37,75.88,25.79,73.62,6.49,235.63,Pineapple
39.55,43.29,32.42,22.53,46.94,6.49,89.26,Little Millet
47.42,32.86,34.86,29.33,69.02,6.73,91.26,Groundnut
67.48,23.73,75.81,21.79,61.64,6.92,64.25,Beetroot
28.44,25.19,27.62,16.93,44.9,6.71,47.51,Lentil
83.4,54.54,58.6,31.49,71.42,5.41,78.86,Brinjal
65.86,27.1,60.13,31.43,65.59,6.31,60.97,Bottle Gourd
98.37,55.74,57.14,28.62,64.03,6.09,262.37,Rice
49.99,23.16,33.81,27.27,56.39,5.61,81.68,Cowpea
50.23,28.15,28.39,16.98,57.43,6.05,82.68,Rajma
52.39,28.89,32.68,21.12,60.99,6.68,50.05,Mustard
96.22,49.1,55.56,28.31,82.83,6.13,204.2,Rice
88.79,53.74,63.97,20.9,76.46,5.27,260.66,Tea
68.59,51.16,85.96,16.25,64.98,6.66,128.58,Apple
67.05,24.41,52.28,31.43,68.99,6.94,84.82,Pumpkin
137.66,64.07,135.62,32.31,83.75,6.35,189.07,Banana
44.32,31.41,43.44,22.31,44.9,6.34,66.01,Lentil
25.64,30.07,27.11,27.8,40.81,6.18,103.12,Field Bean
66.68,21.55,25.27,29.82,54.65,7.11,80.09,Castor
43.0,28.54,37.61,16.7,71.33,6.45,59.01,Radish
110.42,45.98,112.46,26.84,80.91,6.77,220.38,Coconut
64.05,30.49,66.8,30.4,74.32,6.57,97.83,Pumpkin
59.63,31.75,30.88,38.19,39.74,6.15,38.82,Pearl Millet
54.44,33.57,31.65,32.7,56.48,6.79,72.52,Sorghum
73.57,48.1,81.96,23.35,58.64,5.86,159.67,Litchi
53.75,30.1,33.41,28.14,44.44,6.0,74.56,Little Millet
80.33,42.63,27.87,20.31,58.42,6.7,56.91,Barley
113.28,51.02,66.89,23.26,75.84,4.86,209.59,Tea
78.13,38.77,62.21,23.75,63.14,6.13,59.89,Onion
32.42,31.26,27.46,28.05,45.08,6.7,46.89,Horse Gram
75.08,44.53,98.34,27.54,70.47,5.39,116.43,Litchi
54.38,18.79,24.83,32.28,55.76,6.4,76.88,Pearl Millet
66.89,25.66,33.87,30.21,56.85,6.18,95.29,Castor
27.37,30.11,27.4,17.86,49.25,6.54,64.67,Rajma
39.74,24.61,28.88,17.3,58.4,6.87,52.65,Peas
97.46,66.92,80.35,26.15,79.49,6.29,266.96,Rubber
97.19,42.83,39.35,23.88,63.06,6.86,128.95,Maize
40.81,27.19,30.38,28.32,44.64,6.95,57.17,Red Gram
84.11,78.66,70.41,23.65,72.48,5.47,101.94,Brinjal
70.92,28.98,27.89,31.75,49.8,6.99,88.6,Sorghum
91.46,66.04,107.76,27.65,52.49,7.24,198.99,Mango
119.24,64.39,138.98,31.18,74.44,6.69,135.28,Banana
88.09,53.47,70.35,27.63,52.35,6.19,56.38,Onion
59.37,30.83,25.25,30.16,54.14,7.41,77.95,Sorghum
60.1,35.69,79.66,20.59,63.88,6.44,114.85,Apple
46.18,23.68,37.48,23.45,61.29,6.93,145.28,Finger Millet
55.39,36.64,24.72,23.22,72.17,6.64,119.57,Finger Millet
42.2,40.36,34.13,24.07,37.06,8.27,66.24,Safflower
61.16,28.15,58.52,20.97,63.85,6.44,45.86,Beetroot
88.24,48.2,38.0,14.34,67.04,6.71,71.41,Wheat
59.68,28.11,26.92,31.03,50.14,6.45,59.68,Groundnut
93.16,54.59,81.26,11.32,70.74,6.36,136.17,Apple
55.8,28.38,52.94,32.95,71.48,6.6,104.68,Pumpkin
92.91,54.89,79.61,31.99,59.91,6.47,83.38,Grapes
49.06,28.16,30.24,20.25,51.27,6.33,59.92,Lentil
116.91,55.11,106.91,29.71,59.56,6.93,80.64,Grapes
98.59,49.76,104.66,30.65,90.13,6.76,188.41,Coconut
74.93,41.5,75.28,27.06,93.77,6.45,157.37,Litchi
48.76,39.9,24.81,27.13,57.47,6.33,70.05,Groundnut
66.84,21.16,29.18,26.48,57.71,6.45,75.42,Sunflower
101.73,48.3,51.01,29.24,84.78,5.63,253.87,Rice
65.02,23.14,79.66,29.16,61.11,5.79,167.93,Cashew
46.41,33.51,26.5,29.99,57.2,6.7,101.21,Foxtail Millet
102.66,45.97,92.73,28.24,74.48,6.58,152.34,Papaya
38.36,34.1,32.6,29.24,47.21,7.01,105.29,Red Gram
48.07,27.71,68.38,22.45,55.35,6.68,56.56,Carrot
108.0,70.52,83.24,17.97,63.29,5.96,71.09,Potato
48.28,23.45,60.03,30.35,66.79,7.08,78.77,Pumpkin
57.2,24.35,62.61,29.31,72.23,7.02,187.81,Cashew
101.37,59.09,81.48,32.8,60.07,6.58,156.44,Orange
52.41,35.41,26.68,26.6,67.11,5.86,82.03,Little Millet
71.57,38.08,59.19,18.21,50.23,6.95,56.19,Beetroot
59.93,28.61,26.76,31.65,29.63,7.0,72.47,Pearl Millet
56.37,30.0,24.23,28.83,47.04,7.08,79.12,Sorghum
51.21,36.51,32.47,27.7,48.88,6.29,44.83,Safflower
38.92,24.69,27.05,22.04,50.99,7.42,49.33,Chickpea
55.87,30.83,27.25,29.26,40.59,6.69,62.63,Pearl Millet
66.09,30.88,21.14,21.44,63.64,6.05,109.81,Finger Millet
129.92,74.46,135.01,26.63,80.26,6.87,240.59,Banana
43.38,31.03,31.18,28.75,58.26,6.22,91.06,Finger Millet
70.93,28.2,29.39,28.05,43.37,7.48,72.77,Sorghum
60.61,37.41,62.79,18.81,62.62,7.01,60.25,Carrot
44.5,31.76,34.66,28.51,60.97,6.87,64.84,Sorghum
59.8,31.14,60.88,19.49,59.62,7.19,59.3,Beetroot
21.0,26.28,30.18,20.27,51.41,6.48,63.03,Peas
88.8,58.18,55.14,20.07,49.25,6.66,102.55,Chilli
90.84,47.2,71.59,27.93,70.99,5.82,143.52,Litchi
31.0,27.83,23.11,18.97,67.65,6.74,67.78,Peas
76.49,60.73,51.64,18.98,75.08,6.2,72.37,Cabbage
10.1,31.58,27.14,19.08,40.07,6.98,43.8,Lentil
101.16,62.8,89.57,18.52,71.67,5.82,66.75,Potato
48.3,16.43,54.65,33.75,76.13,6.24,107.89,Cashew
43.0,24.54,27.79,24.19,44.33,6.75,53.3,Chickpea
98.72,61.26,100.37,13.71,66.84,6.64,99.93,Orange
40.2,29.95,33.53,33.92,58.01,6.87,83.81,Black Gram
63.92,28.95,28.34,28.29,59.0,7.46,72.36,Groundnut
72.77,26.69,27.3,27.29,51.37,6.55,81.33,Sunflower
78.62,29.26,34.55,15.17,50.3,6.75,37.39,Mustard
68.51,25.66,38.82,25.24,44.98,7.09,47.78,Pearl Millet
130.71,53.91,131.46,30.17,74.77,6.39,144.03,Banana
96.82,36.77,60.02,20.02,66.34,6.39,84.43,Cabbage
83.4,44.08,52.82,21.93,80.03,6.21,208.22,Coffee
51.04,31.79,38.43,25.36,57.59,6.36,103.69,Foxtail Millet
95.84,70.91,63.37,22.77,65.49,7.0,97.26,Tomato
110.6,62.57,116.05,23.15,71.71,6.66,117.75,Papaya
94.6,56.95,63.54,18.39,73.89,6.63,66.53,Cabbage
72.56,31.18,54.88,22.16,64.88,6.59,77.92,Bottle Gourd
84.08,66.36,113.19,26.95,63.9,6.83,83.47,Papaya
66.63,51.51,80.32,22.02,56.29,5.7,77.36,Pomegranate
107.31,32.59,97.65,29.4,73.06,6.86,140.85,Mango
102.55,45.8,61.01,18.76,69.63,5.96,47.17,Cauliflower
67.27,42.77,36.29,28.73,60.81,6.54,71.94,Okra
70.84,34.04,79.76,30.4,74.49,6.37,193.66,Litchi
77.65,40.48,33.8,19.89,53.31,6.9,51.95,Barley
93.8,79.22,98.66,26.38,57.48,6.53,152.27,Papaya
88.39,49.43,37.49,24.18,54.59,6.74,78.0,Cabbage
38.58,25.82,31.77,28.15,46.86,6.37,85.67,Kodo Millet
57.35,34.48,68.0,20.94,58.53,6.44,53.26,Carrot
69.23,28.98,29.72,28.13,52.96,6.83,125.69,Red Gram
66.17,23.79,74.27,28.22,66.09,6.72,173.93,Cashew
91.06,46.47,91.21,20.96,70.43,6.59,125.27,Papaya
82.6,65.33,52.09,27.01,55.61,6.55,99.8,Chilli
56.36,33.09,22.65,12.57,50.77,6.46,40.99,Mustard
37.47,22.72,34.02,14.54,64.73,6.94,52.35,Radish
69.38,44.68,60.64,23.8,70.52,5.65,169.56,Coffee
46.84,32.01,31.8,24.37,50.92,6.49,87.02,Sunflower
55.39,35.63,31.67,26.68,57.88,7.05,77.28,Groundnut
53.03,30.29,28.27,25.36,76.53,6.89,92.0,Finger Millet
36.69,40.25,22.34,25.7,43.44,6.53,72.25,Sorghum
42.7,27.99,29.75,25.54,60.65,6.52,118.37,Red Gram
43.46,25.39,32.17,31.39,55.02,5.81,66.66,Cowpea
32.08,23.55,27.98,28.47,52.49,6.98,97.06,Field Bean
49.9,26.0,31.96,21.17,76.84,7.05,84.95,Black Gram
32.12,30.48,28.23,16.29,48.17,6.9,53.72,Lentil
31.72,30.16,30.75,29.36,39.99,6.38,65.69,Cowpea
31.45,30.71,36.05,25.12,61.09,7.54,98.23,Field Bean
54.68,28.7,30.84,23.29,71.02,7.03,66.77,Soybean
87.21,56.24,47.61,30.19,59.83,6.39,70.3,Okra
33.09,35.37,20.28,24.79,60.47,6.57,73.22,Field Bean
80.19,35.77,27.13,30.3,58.66,6.19,93.86,Maize
67.83,61.72,70.87,28.27,71.84,6.12,56.37,Brinjal
66.02,51.1,22.61,26.94,67.73,6.59,81.67,Maize
103.64,60.22,100.41,34.06,76.59,7.8,266.48,Coconut
74.0,34.82,20.33,31.51,52.14,6.07,95.16,Castor
59.42,33.82,25.97,23.97,45.68,6.58,88.8,Castor
38.06,27.05,24.57,26.01,66.73,6.69,89.21,Field Bean
54.2,42.82,60.59,22.43,65.86,6.72,50.74,Onion
42.02,34.21,26.47,24.86,55.3,6.05,73.7,Rajma
72.94,23.67,48.47,31.8,66.52,5.96,212.07,Cashew
93.9,39.74,31.54,26.11,66.77,6.15,37.82,Maize
72.39,34.64,50.84,21.16,64.76,6.33,43.97,Carrot
49.35,31.79,32.11,29.02,46.5,5.93,56.26,Sesame
39.07,28.92,32.56,28.05,57.38,6.88,96.57,Foxtail Millet
99.96,52.04,101.37,33.14,61.1,6.6,81.08,Grapes
107.72,52.39,50.4,21.08,84.85,6.17,92.03,Cabbage
73.63,31.29,31.91,20.77,66.94,6.12,115.59,Finger Millet
63.33,25.52,31.21,23.35,52.76,6.74,44.67,Linseed
34.45,28.78,24.44,24.01,53.56,5.52,124.7,Niger Seed
34.4,25.46,23.75,21.42,64.39,6.13,106.27,Rajma
51.0,32.92,34.2,30.99,73.52,6.66,96.03,Kodo Millet
29.49,30.19,30.57,24.91,59.51,6.77,91.94,Field Bean
48.21,31.0,26.83,16.67,46.94,6.86,47.65,Lentil
36.87,33.72,25.53,33.87,58.08,7.09,69.82,Cowpea
91.42,45.5,105.49,29.69,63.66,6.54,63.48,Papaya
31.46,29.24,23.52,27.2,49.7,6.61,106.25,Red Gram
103.26,48.28,61.13,17.59,67.95,6.32,60.54,Cabbage
44.5,37.9,25.69,22.58,40.5,7.36,70.09,Safflower
92.57,50.08,82.76,23.84,64.58,6.43,117.42,Litchi
108.7,49.85,105.47,30.61,58.35,6.99,136.38,Mango
74.77,46.39,52.4,24.94,63.79,6.62,82.7,Tomato
66.17,37.24,26.62,18.46,48.1,6.63,81.2,Wheat
123.16,75.44,109.07,28.82,86.79,7.29,206.75,Banana
108.37,68.26,57.19,22.96,71.51,6.11,97.63,Tomato
32.32,32.09,35.38,24.41,61.97,6.05,80.18,Niger Seed
83.23,39.15,68.33,28.8,63.83,6.44,79.52,Pomegranate
93.68,48.86,65.81,27.22,84.09,5.12,213.96,Tea
89.6,56.57,72.27,31.67,59.95,7.01,153.05,Guava
102.2,47.03,38.6,29.83,82.36,6.4,152.94,Rice
21.81,28.49,29.82,29.26,54.34,5.78,74.94,Cowpea
77.93,55.4,74.75,21.66,61.47,6.45,27.14,Garlic
153.66,57.55,116.33,31.99,82.25,6.85,231.98,Banana
53.35,21.79,32.14,27.73,56.44,6.07,77.56,Foxtail Millet
88.75,46.55,57.25,28.68,85.3,6.58,141.23,Litchi
95.87,54.3,104.22,27.92,57.83,6.92,93.22,Grapes
38.38,29.6,33.73,20.14,28.62,6.13,106.35,Rajma
77.95,66.15,48.56,20.88,63.03,5.96,63.66,Tomato
72.33,38.76,71.09,19.04,55.6,7.49,48.5,Garlic
97.26,54.02,86.95,25.74,65.4,6.25,109.32,Grapes
87.61,51.94,84.28,28.63,81.11,6.63,272.56,Coconut
54.59,32.95,27.91,35.48,62.2,6.57,76.99,Green Gram
23.05,23.73,28.62,32.25,59.6,6.66,81.25,Black Gram
106.79,42.09,50.82,29.74,81.43,6.33,210.58,Rice
81.1,47.06,22.97,21.86,64.92,6.47,72.56,Wheat
44.51,28.23,31.97,32.46,53.59,6.7,69.97,Green Gram
85.56,47.36,62.49,18.05,64.62,6.45,75.87,Cabbage
97.13,57.82,36.64,21.68,87.16,6.16,207.07,Rice
49.42,40.55,58.12,19.22,57.85,6.78,72.65,Beetroot
38.41,24.66,33.5,24.85,53.21,6.65,85.41,Kodo Millet
98.13,50.17,118.95,31.16,79.13,6.26,188.01,Coconut
46.63,24.27,28.5,20.72,55.61,7.31,56.64,Radish
38.31,28.86,35.29,30.23,56.31,6.73,63.55,Green Gram
19.06,28.28,32.01,32.49,57.13,6.61,77.45,Cowpea
62.61,34.16,35.91,17.83,55.2,7.34,69.14,Barley
53.7,32.56,51.04,21.25,55.67,6.58,46.97,Beetroot
88.63,53.54,53.84,28.51,53.91,6.78,70.83,Chilli
47.54,29.12,33.79,33.38,66.31,6.48,94.75,Castor
36.7,22.8,35.67,32.83,41.35,6.15,74.67,Sesame
49.56,22.3,27.48,26.9,40.09,6.87,111.97,Kodo Millet
96.53,83.12,64.76,30.25,78.23,6.58,108.35,Brinjal
103.63,54.64,86.89,31.68,62.49,6.78,80.65,Grapes
36.51,33.29,25.35,31.89,62.16,6.77,89.99,Niger Seed
36.92,30.77,39.64,32.9,48.33,6.3,80.92,Cowpea
68.51,34.08,81.98,18.09,70.72,6.63,46.93,Beetroot
33.33,32.35,25.79,23.52,50.81,6.96,53.51,Chickpea
42.62,31.3,30.57,33.46,51.91,6.79,90.13,Green Gram
96.11,40.66,95.59,32.39,58.16,6.33,87.4,Guava
53.79,26.5,26.72,14.98,41.5,6.73,51.42,Mustard
90.14,57.3,87.35,25.44,63.47,7.37,65.67,Grapes
47.83,32.91,31.21,17.18,53.13,7.11,55.2,Lentil
44.53,35.73,59.64,20.22,60.69,6.5,69.52,Beetroot
85.03,46.69,73.97,16.8,80.07,6.87,69.01,Cauliflower
33.53,26.48,30.49,29.3,54.12,6.43,68.52,Little Millet
95.25,51.55,95.01,20.72,68.82,7.78,139.24,Orange
86.51,53.23,87.31,6.19,53.51,5.64,95.41,Apple
57.38,29.76,25.08,19.54,56.08,6.73,48.12,Radish
58.2,30.82,65.78,24.47,49.08,6.36,54.57,Carrot
78.58,41.25,32.44,17.95,61.24,6.79,41.25,Barley
74.05,81.55,53.14,27.89,56.98,7.73,65.32,Chilli
42.45,32.69,32.54,23.38,49.32,7.23,120.15,Niger Seed
60.93,30.53,30.86,26.11,68.49,6.96,81.14,Castor
54.87,27.95,28.32,24.95,63.92,7.04,126.92,Finger Millet
87.88,46.35,75.97,22.01,78.85,6.08,148.44,Coffee
89.36,37.32,31.96,21.23,55.49,7.29,59.1,Wheat
93.5,49.86,63.91,20.79,72.53,6.26,62.61,Cauliflower
89.16,49.04,39.42,27.73,91.26,6.77,222.38,Rice
68.05,37.89,27.47,31.84,56.66,6.77,90.9,Groundnut
60.69,32.67,46.83,30.33,69.18,6.24,308.3,Cashew
68.89,26.74,44.0,29.33,66.75,6.09,138.64,Cashew
111.94,57.11,66.47,22.35,68.87,6.3,83.25,Tomato
69.02,42.55,82.66,20.72,54.25,5.72,119.88,Guava
53.49,27.62,27.37,26.93,68.94,5.89,96.14,Little Millet
121.9,49.21,89.85,28.02,89.86,5.87,198.56,Arecanut
115.32,37.89,30.14,15.66,65.36,6.11,66.62,Wheat
67.17,56.65,70.31,22.89,66.49,6.15,60.73,Onion
86.09,63.4,100.5,31.22,63.1,6.7,143.29,Mango
50.91,27.0,51.14,22.03,65.29,6.6,102.38,Bottle Gourd
94.91,58.47,99.8,32.78,53.53,6.49,144.64,Mango
20.64,40.07,34.57,27.42,65.61,6.97,57.29,Black Gram
49.08,22.99,31.7,26.76,46.22,6.57,72.61,Chickpea
59.49,29.14,34.6,20.62,43.0,7.47,46.87,Safflower
44.16,31.35,29.01,28.17,50.75,5.65,47.74,Kodo Millet
43.43,32.24,32.27,28.05,62.59,6.46,77.9,Kodo Millet
37.39,43.4,30.44,26.17,60.58,6.58,99.09,Black Gram
69.21,35.89,44.01,29.58,70.42,6.27,163.28,Cashew
50.93,30.73,34.43,35.68,71.27,6.29,78.06,Black Gram
67.01,28.93,47.99,32.19,76.6,6.87,95.53,Pumpkin
99.06,59.1,68.13,29.31,84.85,6.74,229.16,Arecanut
91.73,64.12,113.15,30.19,72.17,6.58,136.89,Papaya
63.13,26.93,33.87,25.77,66.11,7.21,72.31,Castor
87.65,38.2,43.2,21.42,66.42,7.1,97.89,Maize
113.57,44.41,57.54,21.73,82.45,4.84,226.77,Tea
47.8,28.0,30.53,19.6,55.6,6.78,63.03,Linseed
58.01,33.46,23.5,19.49,39.91,6.68,52.1,Linseed
63.38,25.67,67.73,25.93,61.67,6.03,87.24,Bottle Gourd
100.24,30.7,88.83,26.46,88.08,5.66,232.58,Rubber
98.48,48.46,51.73,24.55,73.53,6.42,86.96,Tomato
68.78,25.59,28.02,28.18,54.77,6.53,66.77,Castor
41.63,34.2,37.78,17.32,59.14,7.01,52.95,Radish
79.08,60.12,112.92,31.52,62.45,7.17,223.24,Mango
48.06,32.3,31.15,26.39,62.61,6.5,99.34,Kodo Millet
37.2,31.54,22.44,34.17,52.45,6.39,70.36,Sesame
80.95,54.07,55.33,25.17,79.14,6.02,205.29,Pineapple
103.87,57.76,87.99,29.3,91.4,4.33,230.79,Rubber
45.82,31.13,35.9,18.06,42.62,7.26,57.95,Linseed
84.18,48.29,46.8,20.47,68.69,6.64,89.91,Brinjal
61.15,47.53,54.49,23.26,66.29,6.03,83.41,Cucumber
83.82,46.91,51.33,22.08,62.3,6.13,54.94,Garlic
108.32,49.19,60.1,24.03,74.83,6.07,53.67,Cabbage
62.49,37.5,31.72,27.33,58.98,6.76,80.69,Castor
108.85,50.26,98.8,20.81,63.54,5.94,86.92,Grapes
54.29,35.7,37.41,23.47,52.65,7.74,62.68,Chickpea
39.28,29.97,31.78,27.87,52.39,6.42,61.5,Little Millet
80.38,44.97,27.14,17.96,52.34,6.6,71.6,Barley
84.49,67.44,76.56,24.49,70.02,6.41,53.36,Tomato
35.1,23.25,22.82,21.68,45.75,6.75,72.44,Horse Gram
43.32,35.24,33.76,18.69,40.51,6.32,54.3,Lentil
44.98,30.58,38.05,16.28,55.07,6.38,70.58,Chickpea
48.14,29.29,40.13,21.64,44.87,7.74,58.47,Safflower
43.55,29.29,38.76,13.63,49.27,7.03,56.53,Peas
70.32,31.94,45.23,26.02,54.59,6.73,86.0,Pumpkin
45.35,27.48,67.0,26.61,71.6,6.8,67.55,Bottle Gourd
69.11,32.73,53.64,28.28,71.48,7.5,70.37,Pumpkin
48.17,38.64,67.67,28.06,68.81,6.65,75.99,Pumpkin
50.39,27.43,70.33,22.4,63.79,6.47,50.51,Carrot
49.3,24.84,28.63,32.25,53.26,7.48,80.89,Red Gram
55.43,33.54,42.11,28.92,60.8,6.78,57.95,Bottle Gourd
68.42,42.22,62.93,22.35,57.82,7.47,57.03,Beetroot
112.73,40.16,64.55,24.0,89.59,5.31,246.87,Tea
29.5,27.0,31.48,30.68,48.95,6.4,78.92,Horse Gram
67.8,31.85,81.73,15.9,66.97,6.45,60.31,Beetroot
94.84,72.4,72.97,32.94,77.94,6.08,250.02,Rubber
65.46,43.33,22.95,31.77,56.21,6.39,80.37,Castor
46.85,37.79,32.64,24.5,52.15,6.4,50.48,Lentil
27.59,32.05,23.71,17.43,50.97,6.14,71.29,Chickpea
47.57,33.92,26.11,27.68,46.75,7.13,81.01,Foxtail Millet
52.91,29.98,35.59,28.91,44.57,6.29,75.3,Kodo Millet
72.23,63.98,70.36,20.53,61.5,6.45,75.14,Garlic
84.83,36.61,81.02,30.76,48.53,7.15,62.77,Pomegranate
100.87,72.94,87.28,31.83,64.7,6.55,224.43,Mango
106.97,77.44,96.09,28.77,66.53,6.74,113.51,Papaya
55.15,36.01,63.04,21.77,56.14,6.85,48.57,Beetroot
29.62,32.02,32.27,18.05,69.1,6.6,54.69,Peas
95.45,48.58,51.28,27.75,85.03,6.19,228.93,Rice
86.41,50.18,38.03,27.41,68.63,6.9,122.04,Maize
92.21,69.27,66.17,27.1,73.74,6.4,106.08,Brinjal
81.09,26.65,65.18,21.79,63.66,6.37,48.16,Beetroot
78.3,45.53,58.99,20.92,75.65,5.19,199.42,Coffee
86.66,57.04,64.43,28.78,54.79,6.91,96.04,Chilli
27.68,27.35,26.07,32.12,50.22,5.89,59.92,Horse Gram
70.33,43.19,76.37,25.86,81.51,6.96,112.35,Guava
81.69,43.67,96.67,5.84,54.5,6.46,88.46,Apple
32.44,24.45,30.78,30.44,55.11,6.92,54.89,Sesame
49.97,29.09,38.62,30.53,73.78,7.64,59.58,Pumpkin
64.95,35.85,69.1,16.19,58.18,6.86,51.54,Garlic
48.89,48.16,49.99,26.54,61.71,7.46,65.29,Okra
101.24,41.78,99.98,29.13,95.62,6.67,206.71,Coconut
90.35,75.1,82.24,29.56,86.41,4.65,286.44,Rubber
75.46,40.59,93.22,22.12,53.74,6.48,117.68,Apple
85.41,47.34,61.49,20.2,73.38,6.7,62.27,Tomato
53.34,27.16,28.96,21.68,66.35,5.85,104.99,Little Millet
83.41,59.41,104.43,19.71,71.96,5.77,51.13,Potato
120.58,70.81,114.15,27.22,76.94,6.41,167.91,Banana
48.25,36.38,31.44,16.83,58.03,6.6,42.6,Radish
44.39,31.18,32.15,21.45,47.45,6.94,72.49,Linseed
109.52,55.03,122.05,29.07,87.82,6.62,220.43,Banana
74.48,43.87,57.7,29.61,61.24,7.1,57.39,Okra
57.05,34.0,34.03,24.94,72.48,6.91,112.22,Finger Millet
57.39,29.82,30.92,20.23,59.68,6.02,105.82,Finger Millet
92.24,37.95,35.4,15.81,52.41,6.98,70.39,Wheat
30.67,35.1,29.88,19.75,49.39,6.89,59.67,Lentil
58.4,23.46,64.5,28.66,57.62,6.91,96.32,Pumpkin
92.17,54.2,106.44,25.0,62.76,6.36,152.66,Papaya
92.62,38.55,30.11,18.89,65.63,6.87,57.97,Barley
91.2,41.85,74.3,28.41,76.3,5.66,324.52,Pineapple
87.0,55.64,45.27,25.03,73.04,5.21,192.66,Coffee
44.35,38.95,16.68,32.37,63.68,6.97,105.67,Black Gram
39.01,29.11,42.05,19.79,55.81,6.5,52.72,Radish
26.55,26.39,27.37,29.11,69.02,6.83,72.56,Green Gram
83.25,54.3,53.15,21.1,64.57,6.31,58.62,Onion
55.91,34.93,57.15,33.35,82.97,6.21,181.46,Cashew
60.47,45.02,52.23,28.1,64.98,7.13,88.48,Okra
98.66,57.33,102.25,15.83,75.03,5.9,58.59,Potato
124.52,63.15,151.4,31.46,77.63,6.82,150.14,Banana
39.95,16.66,27.94,29.09,58.36,5.99,66.55,Cowpea
60.09,28.26,36.64,25.29,70.77,6.5,65.94,Bottle Gourd
100.59,53.31,51.51,21.21,75.13,6.67,81.98,Cabbage
53.83,37.24,25.28,32.68,68.95,7.11,68.76,Black Gram
53.41,54.57,65.61,16.18,56.95,7.25,58.6,Garlic
89.72,40.5,27.07,16.86,61.83,6.73,70.19,Wheat
38.36,30.01,30.08,22.45,41.88,6.71,38.57,Safflower
48.05,28.29,27.96,18.64,51.96,7.0,41.98,Lentil
31.4,27.07,19.39,14.87,50.48,7.21,66.71,Peas
53.05,28.62,28.75,13.29,60.19,7.53,46.87,Mustard
123.46,56.91,90.85,28.2,64.44,5.61,116.7,Orange
29.35,34.76,37.34,29.49,49.41,7.54,77.24,Green Gram
111.17,63.62,80.32,30.78,83.66,5.95,287.28,Rubber
61.22,61.32,44.6,27.3,69.39,6.35,63.26,Cucumber
36.08,27.39,19.47,22.45,62.7,7.48,59.92,Field Bean
87.69,54.88,82.44,27.65,91.44,5.95,215.29,Coconut
33.59,28.66,33.83,21.65,60.01,6.55,87.43,Foxtail Millet
84.74,58.84,112.45,33.14,62.72,6.16,116.7,Mango
35.26,27.59,27.8,28.02,48.51,8.03,64.82,Safflower
66.51,26.49,71.87,22.29,52.79,6.34,52.26,Carrot
55.11,35.95,42.66,12.2,44.36,6.17,31.91,Mustard
106.43,43.41,73.22,24.0,80.8,4.7,197.17,Tea
39.85,34.23,26.82,22.45,56.52,7.37,53.4,Linseed
109.34,45.53,77.42,31.25,81.4,5.54,235.77,Pineapple
34.46,29.02,26.66,34.78,65.34,6.96,63.02,Cowpea
94.49,45.25,23.35,23.53,53.32,7.21,47.52,Barley
107.76,66.2,66.71,33.0,59.92,7.02,65.82,Chilli
30.86,23.97,26.96,23.69,59.34,6.55,89.72,Niger Seed
46.63,31.25,22.87,16.48,52.13,6.64,57.3,Safflower
34.89,27.85,34.82,36.37,43.56,7.27,81.66,Green Gram
42.57,30.62,35.02,28.64,75.69,6.41,105.73,Black Gram
56.22,41.76,34.29,21.99,68.19,6.15,88.78,Maize
116.02,49.65,48.25,27.41,73.22,6.26,213.1,Rice
47.3,34.59,33.5,29.7,64.5,7.13,102.45,Field Bean
56.31,33.55,30.11,25.48,68.63,6.43,85.45,Finger Millet
31.38,27.09,32.19,26.33,40.26,6.45,59.42,Sesame
50.51,35.86,32.81,32.05,52.36,6.78,53.19,Groundnut
66.82,26.6,68.54,29.94,65.55,6.42,72.88,Pumpkin
91.08,36.84,30.81,21.46,49.98,6.49,60.23,Wheat
36.27,28.47,31.15,23.03,53.06,6.98,41.1,Lentil
94.16,49.03,65.48,12.05,57.71,6.09,110.46,Apple
62.75,39.98,34.31,15.89,52.06,6.18,60.99,Mustard
73.26,48.48,65.98,23.04,73.17,5.87,194.9,Coffee
27.86,32.43,30.53,31.59,51.11,7.23,42.89,Horse Gram
48.64,37.78,31.83,26.01,67.96,6.41,102.52,Soybean
102.45,56.61,119.58,16.96,62.72,5.97,69.02,Potato
43.81,28.66,36.33,25.37,44.9,6.3,66.45,Cowpea
40.03,34.86,29.1,23.64,48.44,6.49,96.85,Rajma
93.69,46.93,50.89,23.91,85.51,5.05,164.55,Tea
35.61,24.77,30.52,13.4,55.6,6.97,58.62,Peas
28.82,27.79,30.68,15.97,56.76,6.24,91.12,Rajma
77.64,45.79,39.18,27.84,76.43,7.02,49.76,Okra
100.12,52.62,57.49,29.58,82.35,6.46,232.49,Rice
66.92,29.34,22.3,32.28,49.27,6.42,65.48,Castor
56.09,33.5,33.94,21.09,52.87,6.98,75.72,Chickpea
27.05,32.27,29.52,27.76,68.14,6.82,95.24,Black Gram
96.05,42.42,25.09,21.45,62.89,6.46,103.58,Wheat
26.64,22.66,30.14,28.9,51.75,5.81,51.08,Horse Gram
96.04,48.17,105.6,24.17,65.97,5.33,83.82,Potato
138.76,60.79,108.24,26.72,74.7,6.63,214.99,Banana
44.56,29.67,28.81,30.88,77.26,6.73,136.44,Soybean
45.16,30.06,24.93,26.28,59.11,6.36,79.57,Foxtail Millet
46.75,26.37,52.14,18.63,61.22,6.71,68.51,Beetroot
107.55,34.38,73.36,13.51,65.06,6.13,103.94,Apple
58.27,27.86,61.85,25.76,77.57,6.51,77.78,Bottle Gourd
32.51,25.99,30.31,22.38,78.55,6.18,116.28,Soybean
103.44,64.49,62.01,20.23,78.63,6.41,84.05,Tomato
37.25,23.1,21.82,17.44,48.5,6.84,33.76,Peas
55.74,20.14,28.85,26.97,54.16,7.05,98.5,Little Millet
29.16,36.02,25.86,27.26,49.83,7.03,122.39,Field Bean
87.54,44.03,73.56,19.78,78.48,5.82,156.87,Pineapple
108.92,86.22,83.64,21.29,70.04,6.39,64.12,Potato
108.19,48.2,70.74,21.24,70.29,6.89,57.56,Cabbage
59.68,28.81,20.97,13.76,53.23,6.83,64.26,Mustard
56.95,43.35,54.18,31.77,60.01,7.16,113.18,Pumpkin
63.79,25.19,39.62,29.96,59.15,6.75,103.54,Pumpkin
86.75,23.74,41.17,15.75,51.16,7.25,58.53,Mustard
67.67,33.45,26.15,36.06,67.99,6.33,44.73,Pearl Millet
28.38,31.29,30.78,28.02,42.56,7.03,59.93,Horse Gram
57.32,27.39,25.76,18.15,43.81,6.46,44.21,Lentil
52.35,33.25,21.41,20.49,60.89,6.47,56.79,Radish
53.59,27.41,26.88,31.13,39.0,6.38,63.54,Sorghum
91.33,57.64,59.46,23.77,66.61,6.86,69.13,Onion
113.05,58.34,65.35,25.54,68.97,5.0,161.49,Tea
76.22,41.42,38.92,20.78,71.65,6.96,151.17,Maize
62.02,36.82,23.7,26.67,42.24,6.38,40.67,Mustard
57.24,30.51,29.79,17.02,48.91,6.66,83.22,Rajma
45.07,31.78,34.16,17.26,75.56,7.05,62.03,Sunflower
74.28,50.0,68.35,20.89,53.16,6.83,43.97,Garlic
69.75,49.91,54.82,22.1,68.35,6.57,49.71,Cauliflower
32.86,25.29,29.85,30.4,52.56,6.83,64.2,Horse Gram
54.62,27.76,34.54,23.84,56.53,6.64,112.69,Finger Millet
35.17,34.23,24.0,27.12,72.27,6.59,129.59,Soybean
87.11,42.59,31.12,20.73,56.57,6.78,61.01,Barley
103.6,64.97,99.92,30.05,57.82,6.42,183.85,Mango
59.58,27.7,27.93,21.64,52.33,6.69,40.59,Mustard
39.79,28.71,30.13,24.48,64.25,6.5,73.34,Kodo Millet
50.34,23.56,28.23,31.53,59.63,6.02,86.33,Black Gram
102.3,47.6,31.9,18.56,59.9,6.84,49.5,Barley
82.31,42.97,89.3,28.76,39.4,6.96,56.99,Pomegranate
102.59,71.61,93.91,26.68,73.77,6.83,141.17,Papaya
83.51,42.78,33.76,14.41,56.02,6.92,65.19,Wheat
127.34,48.27,80.56,35.18,83.34,5.45,271.15,Rubber
31.43,26.48,27.13,18.48,40.75,6.46,73.04,Rajma
88.26,48.16,82.77,26.13,60.79,6.9,126.41,Guava
60.19,42.68,72.76,14.91,58.79,6.53,45.58,Garlic
86.21,41.1,87.33,23.93,63.25,7.17,78.98,Pomegranate
61.67,33.14,34.63,20.59,53.38,6.97,44.48,Radish
106.04,52.27,55.8,24.03,91.95,6.42,204.32,Arecanut
31.3,34.19,37.69,26.61,63.91,6.14,97.34,Niger Seed
81.4,32.2,83.16,7.22,65.39,6.05,97.04,Apple
97.53,54.08,63.18,15.83,68.67,6.96,75.37,Cabbage
32.57,36.01,16.65,30.56,41.7,6.96,68.67,Horse Gram
100.51,46.26,97.18,30.57,86.22,7.5,232.01,Coconut
123.33,45.61,113.92,29.52,77.62,7.5,198.16,Coconut
65.04,45.51,36.4,30.06,58.95,6.55,126.25,Maize
51.86,29.65,25.34,21.76,52.98,6.68,61.44,Lentil
73.34,35.06,60.39,17.52,61.67,6.58,37.7,Garlic
66.23,26.66,24.34,23.57,67.41,6.39,94.78,Finger Millet
115.44,45.15,72.34,22.62,85.94,4.55,234.66,Tea
55.38,29.99,32.72,28.92,41.57,6.49,51.11,Sorghum
43.08,19.16,31.61,28.66,58.04,6.22,90.31,Niger Seed
100.68,49.52,97.66,28.19,77.61,5.13,292.21,Rubber
58.53,35.23,28.18,20.8,62.1,6.7,112.38,Finger Millet
91.88,69.32,87.85,31.79,77.7,6.31,126.92,Papaya
72.14,32.79,56.68,30.13,70.97,6.85,73.62,Bottle Gourd
45.43,26.38,46.31,22.75,59.9,6.14,57.12,Beetroot
78.39,54.9,57.26,24.16,69.37,6.58,61.14,Cauliflower
42.01,21.51,32.15,31.02,62.51,6.83,63.77,Groundnut
23.61,27.53,32.73,28.25,66.54,7.16,97.08,Black Gram
59.56,30.53,36.69,24.26,52.99,6.85,95.75,Soybean
81.36,44.88,60.02,20.78,82.26,5.55,217.29,Coffee
85.52,45.08,70.42,30.23,61.98,6.23,84.66,Pomegranate
76.86,54.62,68.21,27.11,64.13,6.07,75.85,Tomato
65.57,29.28,69.39,17.73,64.65,6.38,53.02,Carrot
80.28,36.5,79.76,26.59,71.39,6.62,205.12,Litchi
108.46,50.95,94.55,31.87,84.81,5.8,173.7,Coconut
18.89,35.28,31.16,18.5,50.14,6.5,48.72,Peas
65.51,30.52,42.12,17.33,60.94,6.62,57.5,Carrot
90.92,60.74,88.44,33.96,55.99,6.75,71.89,Grapes
86.45,38.8,30.6,10.31,50.44,6.27,53.94,Wheat
31.96,32.97,34.59,22.94,42.59,6.84,75.97,Niger Seed
104.52,48.87,102.96,27.44,64.93,6.56,50.76,Grapes
88.09,77.33,71.51,21.79,71.25,6.35,48.87,Tomato
64.12,48.1,52.21,29.46,49.08,6.55,81.49,Pomegranate
55.82,33.64,50.36,28.16,68.9,6.62,87.96,Pumpkin
40.29,39.2,32.85,30.68,59.3,6.49,93.94,Red Gram
75.75,49.22,60.87,26.93,52.28,7.26,86.91,Pomegranate
97.39,50.31,97.75,31.24,95.94,6.01,262.71,Rubber
49.28,29.48,36.64,25.15,47.79,5.89,92.02,Niger Seed
83.95,43.84,63.17,26.2,54.11,5.85,130.75,Litchi
94.0,37.12,34.98,27.51,53.05,6.87,145.81,Maize
42.32,33.68,25.05,28.36,61.28,6.63,91.75,Foxtail Millet
46.45,27.92,32.41,16.91,57.91,6.64,71.87,Peas
39.2,31.71,29.83,26.3,61.7,5.5,99.41,Niger Seed
75.78,38.65,54.86,26.69,73.19,5.85,179.8,Coffee
134.35,57.86,120.66,32.99,73.24,7.07,202.63,Banana
36.23,31.13,26.08,19.73,50.57,6.18,80.61,Linseed
56.87,32.71,31.82,25.24,45.6,7.21,50.55,Lentil
30.14,24.61,33.09,22.82,53.05,6.23,66.74,Chickpea
88.28,55.38,55.4,27.35,58.96,6.81,51.18,Chilli
69.58,45.36,72.44,30.34,71.07,7.03,157.58,Litchi
37.95,26.36,28.16,18.92,46.11,6.19,72.97,Chickpea
67.33,37.67,24.78,17.7,46.88,7.05,38.84,Barley
38.46,24.32,29.93,31.46,47.54,6.19,72.99,Cowpea
108.09,67.3,112.32,18.64,58.53,5.65,45.81,Potato
96.22,30.51,33.77,17.33,46.11,6.47,91.82,Wheat
109.87,36.89,83.44,24.88,83.17,5.54,180.33,Pineapple
33.81,28.99,29.27,30.34,57.64,6.71,96.47,Cowpea
43.71,20.62,24.73,31.0,68.79,6.54,65.94,Black Gram
91.76,51.46,61.98,28.08,53.28,6.48,87.08,Chilli
93.34,61.0,70.29,24.95,68.81,5.72,97.69,Brinjal
58.06,27.48,39.0,25.47,51.16,7.34,51.22,Safflower
46.61,20.02,35.73,31.83,51.71,6.32,62.14,Pearl Millet
92.72,56.29,64.82,23.76,82.72,4.81,306.76,Tea
73.12,32.27,64.25,20.7,72.47,6.84,79.57,Bottle Gourd
102.07,44.48,96.22,27.94,68.05,5.99,218.21,Arecanut
92.81,42.8,28.75,27.71,60.92,6.89,93.33,Maize
29.55,30.47,32.54,33.53,65.58,6.39,48.69,Horse Gram
28.17,30.87,22.08,28.46,70.3,6.89,72.9,Black Gram
109.37,55.97,51.72,25.46,67.45,6.62,76.98,Tomato
33.78,23.63,29.22,22.42,48.57,7.15,75.68,Chickpea
35.44,36.09,31.13,27.11,56.21,6.52,58.56,Cowpea
45.23,25.4,34.27,24.11,43.92,6.17,69.35,Linseed
82.17,43.15,66.75,25.3,68.69,7.13,123.87,Guava
88.12,44.37,52.05,36.59,74.56,5.93,70.73,Cucumber
67.31,38.67,53.6,29.63,70.11,6.08,241.59,Cashew
97.34,51.67,42.79,27.32,77.97,5.9,289.59,Rice
93.02,55.14,80.72,34.73,79.67,5.08,336.4,Rubber
41.85,41.14,32.21,19.67,57.35,6.74,50.74,Peas
123.88,58.67,136.88,29.3,80.44,6.92,196.51,Banana
24.72,28.14,26.37,19.84,58.92,7.75,58.84,Chickpea
45.57,30.19,29.76,28.4,56.83,6.37,123.86,Red Gram
86.13,41.86,87.25,12.81,61.15,6.11,134.08,Apple
83.79,37.56,24.77,18.9,52.53,6.61,67.76,Wheat
56.14,23.13,29.41,25.58,51.67,6.83,43.47,Mustard
26.6,27.12,34.54,18.35,50.32,6.75,59.34,Lentil
29.95,26.12,25.15,29.87,63.77,7.06,119.0,Black Gram
39.43,24.94,28.65,30.98,42.03,6.65,61.09,Sesame
44.57,33.07,27.16,31.16,70.07,6.75,94.71,Black Gram
45.41,30.67,47.59,32.39,61.86,6.29,70.23,Bottle Gourd
47.04,30.95,25.73,25.42,52.83,6.11,78.4,Little Millet
157.4,60.14,107.37,28.33,83.91,6.57,149.18,Banana
104.13,57.2,45.1,19.48,71.95,6.33,101.33,Cabbage
76.29,32.79,23.16,18.98,56.84,6.99,58.67,Barley
23.61,26.74,32.07,22.25,55.59,7.42,49.93,Chickpea
48.15,27.98,30.24,26.1,52.52,7.14,60.61,Safflower
38.92,29.04,35.15,22.72,46.91,7.43,69.77,Linseed
47.68,26.65,33.26,28.29,50.66,7.09,79.37,Green Gram
82.16,42.39,27.62,29.68,61.01,6.24,117.68,Maize
59.58,29.77,23.69,22.86,40.14,5.94,54.42,Mustard
60.09,34.38,56.21,28.98,70.59,6.4,162.23,Cashew
49.6,31.91,30.62,24.96,52.34,6.99,96.91,Castor
62.71,33.86,47.53,29.64,73.46,6.52,218.24,Cashew
65.18,28.52,29.71,27.96,54.58,6.89,64.36,Pearl Millet
55.6,40.26,32.21,20.0,47.29,6.75,39.34,Linseed
74.73,53.22,97.73,18.87,60.52,6.71,109.75,Orange
60.92,18.04,33.5,25.89,63.72,7.03,101.8,Soybean
96.75,37.83,36.84,19.07,69.56,6.68,75.99,Wheat
46.71,37.06,34.89,22.81,49.85,7.05,55.64,Chickpea
44.01,30.92,40.42,29.8,71.08,6.2,48.66,Green Gram
64.71,30.34,30.5,20.32,48.27,6.49,71.89,Chickpea
88.06,48.3,57.74,22.06,75.35,6.44,57.58,Cauliflower
97.44,40.37,75.18,19.05,71.62,6.52,75.91,Cabbage
78.22,60.36,99.72,26.19,66.34,6.08,235.79,Mango
89.13,42.27,41.5,16.0,44.97,6.86,58.21,Wheat
72.48,30.93,35.51,24.97,60.08,6.95,138.91,Soybean
41.97,29.12,19.9,26.61,50.75,6.65,72.69,Sesame
99.58,61.52,113.83,24.69,61.69,6.17,130.58,Orange
61.3,51.46,42.93,23.94,59.48,6.17,72.76,Okra
80.12,41.57,82.57,33.38,54.48,6.75,44.28,Pomegranate
23.9,33.04,22.15,24.5,46.06,7.11,64.43,Chickpea
40.9,34.61,28.72,25.59,63.36,6.22,85.49,Soybean
94.57,60.66,65.13,30.49,76.14,6.84,238.84,Rubber
82.25,51.09,103.5,28.74,68.55,6.46,121.54,Orange
90.91,45.04,34.37,20.43,49.65,6.47,74.1,Wheat
42.52,35.38,29.0,29.04,57.5,6.25,99.45,Cowpea
86.5,78.7,61.1,22.58,66.7,5.71,89.2,Brinjal
39.21,28.92,24.94,31.35,53.37,6.86,57.83,Green Gram
65.47,52.91,40.07,22.3,55.63,7.17,45.03,Garlic
66.04,31.57,29.66,32.39,65.08,6.57,83.53,Sunflower
108.38,44.41,51.7,26.41,80.13,6.54,197.46,Rice
76.47,56.21,40.12,22.78,63.39,6.14,53.24,Okra
92.24,82.51,64.91,30.12,61.83,6.22,88.79,Brinjal
45.91,30.35,35.81,27.51,62.92,6.77,90.09,Black Gram
49.53,37.28,29.52,20.19,42.0,6.51,37.02,Safflower
60.26,28.48,74.41,19.92,63.81,5.97,61.35,Beetroot
63.93,25.65,21.2,18.74,43.48,7.13,53.24,Mustard
55.55,31.65,27.69,23.98,62.75,5.6,147.92,Finger Millet
74.42,50.02,77.11,32.93,65.12,6.89,75.27,Pomegranate
61.0,24.21,24.89,35.11,44.0,6.63,62.1,Pearl Millet
115.71,47.45,98.07,29.17,87.13,7.05,217.84,Coconut
68.87,25.12,54.54,23.18,80.8,6.04,148.32,Coffee
84.68,69.89,95.25,27.38,57.06,6.77,156.79,Mango
101.76,47.71,95.79,29.63,74.0,5.76,235.69,Coconut
92.19,41.58,56.79,20.34,77.94,6.08,194.35,Coffee
38.22,22.36,27.28,27.27,57.99,6.19,67.47,Sunflower
82.6,37.07,40.89,21.59,61.15,6.16,99.1,Maize
45.55,19.96,24.89,28.9,58.07,6.78,65.0,Black Gram
37.94,28.93,25.4,27.33,45.09,6.6,96.93,Field Bean
99.23,68.07,99.16,25.27,67.22,6.46,46.11,Mango
65.37,27.71,28.06,27.08,47.3,6.77,78.83,Castor
62.18,24.57,26.75,24.52,54.71,6.44,58.88,Sunflower
32.56,33.66,33.93,18.64,52.35,6.44,63.3,Peas
30.81,27.87,31.55,30.54,67.44,5.96,71.21,Green Gram
52.63,27.17,33.5,16.33,47.69,6.84,48.57,Mustard
27.09,20.92,29.66,25.66,57.51,6.21,104.34,Field Bean
38.16,38.81,27.08,14.64,43.74,6.5,53.33,Chickpea
42.41,25.84,60.62,18.84,70.45,6.5,69.31,Beetroot
103.12,64.97,49.7,23.93,65.73,6.57,101.29,Tomato
78.18,43.57,40.87,27.08,75.5,6.65,73.28,Okra
96.64,49.87,84.5,32.74,66.99,6.37,212.31,Mango
76.34,58.27,41.62,25.99,65.64,6.61,66.5,Tomato
92.64,77.11,90.24,23.35,68.62,6.56,131.98,Papaya
56.42,29.69,29.03,27.25,52.19,7.16,103.64,Little Millet
89.03,51.02,65.89,30.04,97.04,5.96,249.77,Rice
20.5,21.92,22.65,25.14,61.24,6.48,77.93,Red Gram
110.06,73.34,69.34,25.67,88.13,6.18,283.92,Rubber
80.73,51.88,39.95,29.8,71.72,7.04,63.75,Tomato
45.23,36.62,36.51,32.59,56.95,6.85,62.89,Foxtail Millet
96.25,40.37,56.12,31.83,74.86,6.55,72.87,Brinjal
88.48,44.97,23.97,22.82,47.38,6.09,99.65,Maize
33.2,30.29,29.13,22.29,64.1,5.99,85.02,Niger Seed
68.52,39.32,27.56,16.45,62.94,6.82,72.3,Barley
98.06,60.25,84.39,27.72,78.19,4.77,175.18,Tea
46.56,31.77,32.65,25.0,71.34,6.75,92.73,Soybean
101.1,50.01,65.34,18.76,74.31,6.98,72.37,Cauliflower
43.55,34.22,49.31,19.7,60.39,6.44,49.07,Carrot
93.6,57.74,106.1,31.38,78.04,6.78,187.43,Mango
54.55,32.63,27.15,19.2,47.78,7.19,47.05,Lentil
57.23,38.49,23.52,19.98,52.3,6.96,49.85,Safflower
63.76,51.42,49.86,26.48,50.82,7.03,84.83,Okra
96.32,51.93,48.19,29.1,80.47,5.9,253.76,Rice
68.25,42.24,74.39,18.09,56.66,6.65,68.69,Pomegranate
51.5,33.15,31.95,18.98,45.04,6.68,48.34,Safflower
90.36,50.56,78.05,27.37,86.31,6.66,182.99,Arecanut
38.69,28.17,37.5,31.36,59.95,6.54,66.37,Sesame
54.95,34.89,25.39,25.49,45.49,5.29,74.75,Kodo Millet
59.16,52.91,58.68,24.57,80.51,5.83,169.29,Coffee
77.88,29.05,21.2,23.96,47.76,6.21,59.02,Castor
86.98,52.8,53.57,24.61,69.8,4.86,256.96,Tea
61.09,29.29,27.68,30.41,58.95,6.91,93.73,Black Gram
41.93,41.66,26.04,25.27,50.79,6.3,98.32,Niger Seed
73.93,34.98,43.12,19.11,49.21,6.59,42.84,Carrot
24.65,21.94,30.26,29.77,54.63,6.97,101.84,Sesame
102.32,43.17,87.39,27.82,90.79,4.55,223.17,Coconut
44.06,24.28,31.2,24.86,67.07,5.67,77.88,Finger Millet
131.21,74.44,122.34,31.19,81.63,6.99,98.77,Banana
63.06,34.37,71.21,27.02,63.24,6.45,70.69,Pomegranate
47.15,24.07,31.65,13.08,37.95,6.63,64.2,Peas
38.16,29.97,26.32,23.21,46.54,7.46,52.27,Chickpea
64.19,27.27,66.19,22.7,66.28,6.41,52.11,Carrot
30.75,32.0,31.71,22.03,47.86,6.62,99.37,Field Bean
95.78,62.83,73.13,34.61,85.86,6.01,250.27,Rubber
66.05,26.84,76.4,26.25,65.88,6.26,63.14,Bottle Gourd
38.43,26.35,25.66,17.41,51.45,6.56,59.56,Chickpea
85.81,50.87,48.63,19.93,47.1,6.35,63.36,Onion
34.05,28.0,32.39,26.82,44.98,6.15,108.18,Red Gram
39.13,36.29,30.31,27.53,50.73,6.79,78.33,Green Gram
35.66,25.89,36.63,27.81,35.7,6.21,69.76,Cowpea
55.37,26.78,18.73,28.36,56.3,6.37,65.98,Sesame
72.79,35.46,49.19,27.01,64.06,6.37,63.3,Okra
54.04,29.67,27.32,16.66,60.76,6.37,57.07,Chickpea
87.16,48.92,119.79,22.93,66.98,6.98,124.03,Orange
91.65,56.41,63.47,25.72,72.17,6.48,75.16,Tomato
60.39,27.57,57.35,18.21,60.45,6.6,19.63,Carrot
34.44,28.98,27.24,23.87,53.15,6.49,70.57,Little Millet
83.02,37.79,72.73,23.46,65.93,5.81,105.65,Guava
28.11,21.67,34.84,24.53,48.32,5.88,108.27,Cowpea
56.44,24.39,26.28,27.8,50.56,7.26,95.7,Red Gram
32.91,30.81,35.04,26.74,68.12,5.71,102.92,Niger Seed
90.93,42.82,78.65,25.58,79.1,6.38,258.79,Arecanut
51.63,29.06,33.05,26.23,60.18,6.79,70.62,Little Millet
55.85,36.83,31.66,11.11,52.36,7.0,43.88,Mustard
99.67,62.63,49.25,27.24,61.96,6.35,91.48,Chilli
39.47,32.43,39.09,23.06,53.87,6.74,81.18,Soybean
86.77,35.72,98.72,31.47,54.85,6.92,94.16,Guava
98.04,37.09,86.84,26.39,97.57,4.88,294.82,Coconut
50.78,37.03,16.26,29.91,60.75,5.64,66.0,Green Gram
71.93,28.38,32.19,30.57,48.54,7.28,59.24,Pearl Millet
98.12,47.24,29.34,19.32,53.0,6.78,91.3,Wheat
61.8,26.99,35.93,30.14,52.17,6.95,86.48,Pearl Millet
107.63,44.51,57.2,19.43,69.61,6.64,64.03,Cabbage
14.09,24.88,27.75,26.62,65.93,6.46,98.12,Niger Seed
92.75,73.13,62.4,21.34,82.39,6.61,85.47,Tomato
37.65,24.53,23.51,28.58,49.56,5.97,77.86,Sesame
35.23,33.36,32.6,29.39,51.98,5.87,100.74,Little Millet
106.47,47.87,119.67,29.5,81.39,7.22,218.04,Coconut
91.94,59.12,63.12,22.16,70.81,6.56,64.86,Cabbage
67.05,38.79,28.66,33.89,52.52,6.12,62.43,Pearl Millet
71.95,42.13,84.91,19.92,72.24,5.94,90.58,Litchi
83.21,38.81,73.41,23.64,85.79,6.04,194.41,Coffee
74.83,35.21,35.52,25.05,67.87,6.3,142.02,Maize
32.07,29.99,26.96,15.38,52.74,6.94,63.73,Linseed
104.0,52.65,45.42,28.92,75.27,6.66,208.13,Rice
41.02,24.37,24.74,25.41,64.92,6.18,80.42,Cowpea
83.57,55.71,73.17,10.45,61.37,6.38,77.2,Apple
39.71,34.65,25.18,18.94,57.77,6.3,68.59,Chickpea
73.77,20.78,30.68,27.42,39.35,6.97,78.27,Castor
102.13,43.14,74.23,26.27,80.98,6.59,283.08,Arecanut
59.7,28.67,28.88,28.19,63.48,6.8,90.31,Soybean
87.84,55.46,65.8,26.22,83.94,4.96,203.6,Tea
39.41,31.19,32.0,24.82,59.48,5.71,118.38,Niger Seed
47.52,31.5,61.93,29.97,67.59,6.87,190.45,Cashew
51.55,23.42,33.85,16.97,52.12,7.81,32.11,Safflower
56.01,39.61,34.18,26.16,57.42,7.13,95.41,Sunflower
58.58,31.41,30.76,22.64,49.85,7.1,134.59,Soybean
18.82,24.0,32.09,23.24,53.92,6.35,97.15,Field Bean
86.26,57.0,86.82,30.87,81.84,6.16,201.77,Rubber
111.06,50.48,99.25,21.09,61.19,6.9,64.2,Grapes
91.28,29.8,42.2,22.73,77.01,5.9,202.08,Coffee
51.79,37.98,31.96,24.93,61.46,6.29,103.59,Little Millet
79.64,27.45,62.72,19.26,57.98,5.92,58.67,Carrot
43.26,35.07,24.69,24.91,54.26,6.49,91.19,Little Millet
87.28,53.34,58.48,27.1,60.61,7.19,41.52,Chilli
121.96,69.83,90.23,25.21,63.78,7.65,129.87,Orange
46.98,20.64,29.6,23.54,61.17,5.87,86.01,Cowpea
105.23,46.68,83.23,29.57,79.33,5.32,238.41,Rubber
91.11,50.18,87.39,23.4,68.61,6.23,92.32,Guava
30.35,45.97,27.15,21.03,49.29,6.79,55.65,Lentil
61.35,26.4,33.96,21.57,44.45,6.31,40.53,Mustard
29.24,31.21,29.22,23.59,58.7,6.27,98.1,Rajma
101.66,42.31,95.88,20.2,64.37,6.55,42.66,Potato
48.33,26.76,27.63,31.66,51.54,6.12,104.29,Red Gram
69.12,23.63,82.74,20.42,54.31,6.5,46.8,Beetroot
67.45,29.82,27.0,32.13,38.52,6.76,97.19,Castor
87.03,51.23,49.06,21.88,82.93,4.56,245.84,Tea
62.69,31.85,27.38,23.61,75.04,6.26,120.62,Finger Millet
56.87,27.21,45.86,17.22,62.04,7.06,50.29,Beetroot
46.86,36.15,26.22,17.39,47.52,6.64,68.9,Lentil
29.84,42.35,30.08,23.14,57.18,6.57,68.64,Niger Seed
43.86,29.82,31.96,15.08,56.35,6.48,37.29,Lentil
69.45,45.75,80.44,22.75,77.21,6.61,179.37,Litchi
54.26,40.46,31.55,19.85,68.65,6.44,52.2,Radish
99.55,37.91,28.22,26.72,54.93,6.96,127.24,Maize
31.24,18.64,31.62,17.24,47.17,6.01,70.42,Peas
72.09,58.36,33.24,27.98,59.56,6.19,102.83,Maize
38.89,31.16,36.97,19.92,64.32,6.45,68.68,Rajma
37.74,29.35,24.98,18.37,47.43,6.66,62.36,Lentil
47.89,28.22,26.47,28.33,41.71,5.91,87.34,Kodo Millet
31.08,24.25,25.68,25.47,56.83,6.02,61.83,Peas
69.07,51.29,49.61,23.52,49.99,6.3,46.31,Onion
39.91,18.34,33.43,27.48,39.69,7.24,69.25,Green Gram
27.6,29.1,34.08,24.53,57.36,6.62,86.22,Niger Seed
77.16,59.63,32.22,28.81,49.9,6.67,64.53,Okra
136.08,71.15,111.43,29.67,80.42,6.94,118.87,Banana
40.09,16.74,29.04,29.04,52.9,6.1,63.54,Sesame
55.38,31.96,30.38,29.41,48.27,6.75,98.36,Groundnut
55.7,29.23,69.96,21.95,66.87,6.48,50.97,Carrot
46.91,33.99,32.79,30.27,58.03,6.99,70.07,Groundnut
37.02,33.48,29.87,25.06,48.49,6.45,49.79,Horse Gram
74.57,39.04,71.22,20.18,84.79,5.99,117.67,Coffee
64.55,22.82,41.06,30.59,62.46,6.45,80.52,Pumpkin
76.94,41.03,30.74,22.89,54.03,6.86,83.07,Barley
50.67,35.54,31.26,30.74,50.44,6.45,97.6,Red Gram
111.77,53.87,103.29,21.15,59.21,7.11,97.42,Orange
87.91,61.26,114.89,25.77,69.53,6.09,79.81,Potato
27.32,33.09,37.81,25.07,61.6,6.43,72.12,Little Millet
97.81,58.18,64.02,32.08,86.12,5.19,226.02,Rubber
61.21,26.25,22.95,23.72,41.66,6.28,48.21,Lentil
88.78,46.33,45.44,23.23,58.78,7.01,47.62,Garlic
103.52,57.0,91.14,21.23,75.06,5.46,66.33,Potato
27.5,32.33,28.46,16.74,55.42,6.85,54.72,Peas
80.49,49.69,46.82,26.48,78.43,6.08,228.46,Rice
77.49,59.18,80.17,25.44,72.39,6.96,124.04,Orange
54.73,35.74,26.71,24.42,60.32,7.15,119.09,Finger Millet
92.68,51.11,84.67,28.59,88.93,6.02,198.75,Arecanut
90.35,43.41,82.31,27.83,79.05,5.14,202.54,Pineapple
76.32,51.13,66.79,28.29,68.42,6.83,78.46,Brinjal
42.77,36.67,32.88,33.26,46.74,6.34,91.84,Kodo Millet
23.15,22.75,35.52,25.38,43.82,5.92,97.9,Rajma
34.43,28.96,31.28,28.22,58.4,6.82,98.96,Black Gram
116.31,41.31,119.38,16.99,73.1,5.76,76.24,Potato
67.54,34.42,54.22,19.1,60.44,6.3,52.21,Carrot
21.66,32.01,40.09,27.37,31.09,6.15,76.8,Horse Gram
99.5,51.86,81.04,19.12,66.34,6.28,90.56,Litchi
36.69,32.79,26.03,19.68,64.7,6.44,93.2,Rajma
46.41,33.83,53.82,19.68,65.21,6.03,69.39,Pumpkin
86.22,37.17,27.2,19.87,51.98,6.68,60.96,Barley
39.39,17.83,25.82,31.07,58.8,6.73,55.38,Green Gram
34.24,25.97,33.75,32.3,64.26,6.86,89.17,Green Gram
96.73,41.76,78.68,27.33,48.65,7.23,102.46,Guava
93.31,66.99,116.51,29.77,62.3,7.11,139.09,Orange
40.21,26.06,30.33,25.62,45.88,6.71,62.77,Linseed
31.72,44.95,31.32,28.11,61.08,6.47,90.55,Niger Seed
102.53,46.47,102.07,22.26,53.81,7.15,75.07,Grapes
82.02,28.14,31.51,16.49,47.43,7.04,54.39,Wheat
54.41,24.45,28.78,27.87,36.01,7.56,78.46,Sorghum
51.52,27.76,29.18,22.98,47.72,6.83,52.38,Mustard
39.02,24.07,26.04,22.83,53.69,6.54,62.36,Foxtail Millet
62.53,51.24,75.05,13.98,61.83,6.74,110.88,Apple
109.33,48.74,67.94,28.17,75.41,6.29,243.14,Arecanut
60.6,26.59,58.6,19.25,57.23,6.57,64.24,Carrot
37.68,32.11,54.17,21.3,58.73,6.16,41.29,Carrot
98.36,51.53,71.41,32.38,84.79,6.45,206.35,Litchi
90.67,38.69,87.08,38.4,62.71,6.76,117.98,Guava
12.25,32.19,31.53,32.42,52.52,6.69,72.14,Sesame
39.31,27.1,21.6,24.87,51.63,6.87,81.32,Foxtail Millet
46.33,34.95,29.56,28.63,54.91,6.61,78.42,Sunflower
49.35,22.86,31.85,19.08,69.44,6.11,59.44,Radish
103.09,40.3,49.61,18.73,79.61,5.56,190.08,Coffee
52.22,30.29,35.55,25.69,51.13,6.5,95.98,Little Millet
50.51,26.83,41.91,25.62,69.96,6.9,107.03,Pumpkin
31.43,27.11,38.6,25.93,55.49,6.43,82.39,Niger Seed
121.27,44.51,94.48,28.85,82.02,5.77,280.7,Rubber
94.09,45.29,57.81,27.65,76.69,6.14,206.49,Rice
36.02,28.31,32.66,18.77,54.35,7.33,46.82,Linseed
98.87,66.13,72.05,27.93,57.39,6.47,75.42,Chilli
75.29,37.17,22.47,27.01,48.43,6.23,58.1,Maize
47.66,30.59,32.22,33.3,47.47,6.51,97.91,Kodo Millet
81.44,51.97,69.24,17.89,63.42,6.44,28.3,Cauliflower
41.65,27.94,34.9,15.13,45.7,6.31,81.54,Linseed
55.51,29.16,23.78,25.1,59.0,6.27,53.26,Radish
56.13,28.08,53.11,17.5,54.99,6.2,50.58,Carrot
63.99,32.33,79.86,24.36,69.56,6.71,211.58,Litchi
28.87,33.73,35.55,18.37,51.72,5.94,67.73,Rajma
86.45,55.17,69.31,33.8,82.77,6.26,283.7,Rubber
103.19,65.89,90.88,20.56,69.51,5.84,42.67,Potato
38.64,35.6,32.73,20.64,59.4,6.52,66.87,Rajma
77.42,44.2,54.73,18.77,57.28,6.63,70.44,Garlic
48.88,29.92,35.96,22.67,60.56,7.05,146.35,Soybean
72.49,44.37,50.49,22.23,66.23,6.4,152.11,Maize
86.98,53.16,65.05,19.29,80.33,6.36,70.92,Cabbage
69.37,29.2,66.6,27.05,76.45,6.13,194.03,Cashew
31.06,39.71,30.89,19.57,40.63,6.59,79.3,Linseed
113.26,50.34,82.02,27.91,81.52,6.44,201.6,Coconut
84.99,38.15,65.99,27.65,61.27,6.16,92.34,Guava
102.22,58.75,91.15,29.23,63.97,6.03,190.71,Mango
50.59,27.02,28.73,31.64,59.78,6.71,75.0,Groundnut
63.84,25.05,40.24,32.18,78.16,6.58,55.28,Pumpkin
98.09,54.22,37.18,28.61,86.21,5.63,233.83,Rice
51.81,31.33,32.5,21.23,50.23,6.94,65.34,Lentil
44.17,23.36,22.23,25.13,40.08,6.7,69.18,Safflower
29.34,37.02,37.59,26.66,45.46,6.65,61.94,Peas
99.87,84.45,64.46,29.58,83.25,5.7,234.63,Rubber
85.41,54.89,80.29,30.19,76.98,5.9,185.28,Pineapple
56.27,33.11,28.72,28.53,48.02,6.03,76.6,Sorghum
84.59,59.65,89.99,27.99,77.91,5.59,234.71,Litchi
69.72,46.38,80.47,24.04,58.44,5.71,79.38,Pomegranate
82.52,49.77,74.7,25.52,59.68,6.66,58.74,Onion
39.7,30.33,25.29,17.76,51.9,6.46,97.74,Rajma
52.53,26.41,35.08,27.83,43.7,6.61,83.89,Little Millet
53.07,29.2,26.13,25.75,49.51,7.05,67.88,Safflower
83.92,46.93,68.61,22.34,84.76,4.97,161.99,Coffee
110.86,46.35,101.64,34.38,70.45,6.8,166.65,Papaya
53.32,26.91,47.59,32.73,68.79,6.47,167.05,Cashew
23.35,36.13,32.21,22.55,63.08,6.51,111.56,Niger Seed
56.11,24.54,54.78,33.87,66.04,6.95,148.67,Cashew
51.36,32.2,33.85,29.77,49.85,6.68,92.95,Foxtail Millet
41.65,35.54,36.5,31.69,51.92,7.64,66.3,Red Gram
83.58,49.42,95.15,25.48,75.43,6.36,80.51,Tomato
70.71,34.12,70.89,29.12,60.58,6.61,87.31,Pumpkin
80.07,46.38,103.05,31.92,83.82,6.81,262.37,Coconut
57.67,18.98,51.49,26.84,68.37,5.94,154.0,Cashew
46.68,42.94,62.59,17.14,58.35,6.89,53.21,Carrot
88.71,52.14,86.09,28.2,82.09,6.25,227.46,Arecanut
130.44,67.28,120.31,34.28,90.04,7.19,222.45,Banana
44.46,29.36,33.53,13.09,48.14,6.96,30.06,Mustard
92.75,50.5,66.47,20.47,69.91,6.83,109.12,Cauliflower
50.41,31.24,37.34,19.28,54.64,6.29,37.56,Lentil
112.83,57.88,121.53,31.28,80.19,6.7,214.96,Banana
93.38,66.6,82.76,28.78,62.85,6.19,133.12,Mango
50.0,24.36,26.21,34.37,52.92,6.97,83.62,Sorghum
77.5,40.46,27.85,25.44,55.91,6.0,137.57,Maize
90.05,48.8,101.58,31.32,62.31,6.66,118.84,Guava
118.8,63.88,108.84,28.59,55.77,6.55,92.42,Orange
61.91,33.34,29.86,25.82,56.13,7.15,57.64,Sunflower
59.46,31.6,23.99,14.62,54.25,6.73,32.19,Mustard
49.88,29.32,25.99,32.6,52.82,6.78,54.66,Black Gram
103.58,47.66,60.22,33.03,62.2,6.52,64.16,Chilli
35.73,26.27,33.97,23.43,47.09,6.49,94.6,Field Bean
97.72,46.14,14.46,27.77,69.66,6.51,77.97,Maize
85.38,47.76,37.69,31.98,64.28,6.93,79.19,Maize
27.38,30.36,26.1,24.18,51.64,6.41,71.62,Niger Seed
39.2,32.81,31.88,21.11,50.37,6.38,44.78,Lentil
72.88,49.21,64.27,24.04,57.83,7.16,78.29,Pomegranate
71.51,47.04,27.48,17.39,55.03,6.9,103.61,Maize
53.64,31.31,55.01,27.02,69.37,6.06,141.47,Cashew
96.3,49.01,102.24,30.2,65.58,6.43,72.65,Grapes
36.54,35.49,34.25,25.67,60.63,7.24,95.17,Green Gram
40.02,26.38,27.3,32.5,60.96,6.75,86.24,Sesame
46.67,28.37,30.5,20.7,55.22,6.59,58.35,Lentil
64.98,71.42,63.76,20.53,60.07,6.57,91.72,Tomato
55.96,22.41,73.72,34.84,75.56,6.19,169.1,Cashew
107.59,49.41,96.12,31.3,68.35,5.64,237.9,Arecanut
40.53,27.83,20.3,18.97,68.53,6.21,61.47,Sunflower
45.96,33.11,23.59,26.38,47.84,6.42,85.94,Red Gram
97.56,61.24,90.41,29.19,57.94,6.26,79.73,Mango
86.08,45.67,76.11,23.19,58.87,6.11,58.94,Pomegranate
77.56,50.14,111.03,19.17,63.4,6.72,69.71,Grapes
59.25,29.23,32.17,15.13,44.73,6.6,62.5,Mustard
126.51,57.02,127.15,30.23,79.26,6.48,183.08,Banana
76.94,37.83,50.93,24.14,72.26,5.54,245.69,Coffee
38.14,29.26,24.9,31.92,51.61,6.97,76.14,Black Gram
88.93,74.02,82.63,24.15,66.77,5.89,94.9,Brinjal
96.33,34.06,34.45,18.14,48.04,6.87,63.17,Wheat
42.85,32.55,19.96,29.73,55.88,6.59,92.15,Red Gram
51.99,20.73,23.92,29.2,59.88,6.68,89.43,Castor
41.37,34.36,26.58,23.43,42.86,6.19,95.0,Field Bean
92.22,72.71,112.15,28.69,69.59,6.68,139.95,Papaya
46.99,28.95,37.15,26.44,55.73,6.98,95.69,Kodo Millet
79.1,43.2,26.61,20.08,52.73,6.25,67.64,Wheat
72.54,41.37,23.12,34.78,60.74,7.06,77.28,Sorghum
69.06,48.66,59.73,24.62,85.78,5.13,181.66,Coffee
89.6,49.11,78.0,35.97,74.15,5.79,165.2,Pineapple
91.57,49.18,44.35,21.47,61.08,6.44,91.32,Cauliflower
94.87,38.99,28.29,16.44,53.19,6.23,56.59,Barley
84.65,53.67,32.38,27.93,63.6,6.62,64.85,Cucumber
44.62,36.0,29.86,30.47,59.6,7.15,93.86,Groundnut
76.09,49.53,68.71,25.09,61.71,6.75,71.65,Onion
98.62,59.3,71.76,28.59,84.99,4.81,260.97,Tea
63.68,22.32,32.04,15.05,67.83,6.82,57.79,Radish
36.27,31.97,41.13,28.03,67.98,6.52,97.96,Black Gram
77.29,48.53,87.1,25.9,53.41,6.21,75.55,Pomegranate
90.91,50.35,68.8,20.78,67.57,6.76,76.85,Cabbage
81.88,33.9,29.77,33.67,39.96,8.15,51.96,Pearl Millet
49.08,39.28,43.11,29.52,75.46,5.87,47.75,Pumpkin
48.44,23.33,22.82,12.12,41.01,6.86,50.92,Mustard
44.83,27.31,25.91,23.83,55.0,6.07,72.37,Niger Seed
71.33,57.27,31.86,29.22,62.07,6.61,98.51,Maize
45.71,36.58,27.22,27.52,68.02,6.34,121.77,Soybean
29.59,22.5,30.15,31.76,53.51,6.27,58.62,Sesame
47.86,26.1,31.36,24.02,54.72,6.28,70.21,Foxtail Millet
50.72,35.79,27.55,31.49,58.37,7.45,57.76,Sorghum
56.45,36.18,33.46,29.18,65.45,6.64,102.82,Castor
32.57,26.03,31.94,24.27,51.5,6.67,102.95,Field Bean
51.91,28.85,32.25,21.31,56.58,6.8,40.11,Lentil
50.79,32.69,34.41,18.77,53.42,6.49,73.58,Linseed
31.87,22.25,39.05,30.93,60.47,6.75,63.19,Green Gram
39.85,36.35,24.3,19.36,45.02,6.27,60.13,Lentil
25.49,34.3,30.17,26.75,57.42,6.19,55.45,Cowpea
90.12,41.06,26.78,10.58,43.11,6.67,75.35,Wheat
44.59,20.0,27.24,31.3,60.51,7.21,66.1,Green Gram
74.04,48.7,83.35,17.79,66.9,6.74,101.51,Guava
100.97,43.8,76.81,22.21,84.68,6.23,218.13,Arecanut
74.33,24.49,60.86,28.41,70.54,7.05,66.39,Pumpkin
52.25,17.75,27.04,18.9,58.63,7.04,56.75,Lentil
106.49,48.27,68.62,20.67,79.57,4.68,187.44,Tea
77.25,25.38,27.91,30.16,44.08,7.24,72.8,Sorghum
83.62,49.31,64.0,19.02,69.17,6.37,55.65,Cauliflower
51.4,35.74,22.17,31.22,58.19,7.0,99.24,Kodo Millet
45.19,38.55,37.23,20.05,48.75,6.26,51.78,Linseed
94.62,52.58,59.95,21.16,54.95,6.17,70.44,Onion
39.95,46.22,26.26,31.84,79.82,6.37,50.76,Sesame
71.86,33.51,74.22,27.14,70.91,6.86,114.43,Pumpkin
86.22,53.3,85.27,25.25,56.25,6.76,113.17,Guava
89.21,47.47,42.89,22.16,62.15,6.39,57.69,Cauliflower
68.05,28.25,29.76,32.43,57.89,6.91,56.38,Pearl Millet
43.43,30.94,33.83,28.21,55.6,7.53,56.82,Groundnut
23.89,33.9,21.7,17.81,45.56,7.14,59.64,Peas
44.25,31.11,29.5,17.5,73.62,7.22,48.8,Radish
89.99,44.44,89.23,19.17,62.45,6.05,105.6,Apple
114.43,52.91,44.14,22.91,73.97,6.64,82.07,Tomato
76.44,46.07,71.91,24.8,70.4,5.06,134.77,Pineapple
61.53,32.31,23.65,28.58,60.43,6.75,64.15,Pearl Millet
48.68,34.44,27.85,33.07,39.18,6.98,80.15,Sorghum
66.05,53.81,62.2,21.19,60.87,7.05,42.57,Garlic
30.93,25.72,26.58,28.18,59.14,7.36,60.92,Horse Gram
57.81,24.77,32.26,25.75,41.36,6.57,62.61,Sunflower
121.92,53.69,81.52,26.05,88.93,6.0,206.22,Arecanut
43.03,21.81,19.64,18.12,61.26,7.16,58.78,Radish
63.84,33.09,53.69,21.5,57.31,5.9,69.36,Carrot
54.92,28.02,23.64,26.96,54.89,7.21,146.93,Red Gram
93.71,45.83,108.06,29.32,64.74,7.04,80.08,Grapes
103.01,46.92,119.46,28.85,81.92,7.29,179.97,Coconut
27.9,28.39,23.13,26.54,51.9,5.86,72.73,Horse Gram
94.78,69.69,111.41,21.35,62.74,5.94,73.64,Potato
45.12,23.52,30.11,14.12,62.48,6.63,51.84,Peas
90.14,29.04,28.71,15.04,53.05,6.69,66.31,Wheat
103.63,50.54,88.26,30.73,68.86,6.14,199.17,Papaya
32.34,34.67,27.43,24.82,65.34,7.24,81.37,Little Millet
55.45,30.74,73.02,25.24,75.38,7.07,42.39,Bottle Gourd
36.82,36.62,33.61,21.9,61.53,6.52,42.92,Radish
21.26,29.42,32.5,28.58,64.04,7.69,71.9,Green Gram
68.06,46.19,75.99,37.33,41.73,6.4,89.0,Pomegranate
81.16,51.35,25.14,27.18,71.37,6.43,99.05,Maize
92.57,37.77,34.29,22.18,59.13,7.11,79.63,Wheat
35.16,26.7,35.17,30.13,52.66,7.02,54.95,Green Gram
83.21,37.83,74.88,13.29,62.96,6.42,109.86,Apple
24.85,20.46,35.91,27.37,70.65,6.57,79.04,Sesame
92.14,45.07,67.93,21.14,57.47,6.59,93.16,Cabbage
50.57,37.07,26.88,16.52,43.18,7.59,65.94,Chickpea
46.82,37.01,31.94,30.62,46.54,6.41,80.79,Kodo Millet
72.1,34.29,31.85,20.34,51.92,6.82,29.17,Radish
69.54,47.44,62.27,22.46,80.39,5.59,184.12,Coffee
89.47,41.97,119.59,28.04,71.17,6.89,85.41,Grapes
29.86,24.53,42.85,29.08,61.91,6.35,88.35,Field Bean
100.24,62.95,75.47,31.66,81.49,4.97,225.6,Rubber
32.73,30.15,29.96,32.26,58.19,5.32,82.13,Sesame
81.7,39.66,79.18,21.65,36.37,6.58,57.07,Pomegranate
90.1,50.04,72.84,25.17,61.88,7.06,63.2,Pomegranate
51.33,29.48,35.85,27.05,54.75,6.94,111.2,Little Millet
35.5,34.02,29.86,29.89,55.9,5.84,82.21,Sesame
87.51,34.91,65.97,24.91,69.24,6.97,147.39,Litchi
85.61,64.23,101.08,21.05,64.13,5.51,53.43,Potato
58.0,30.89,32.74,25.35,62.83,6.42,60.85,Sunflower
52.27,35.89,28.15,28.67,50.85,7.12,57.5,Pearl Millet
80.35,33.56,25.84,26.69,50.91,6.64,81.9,Sunflower
119.33,63.0,114.99,28.24,83.33,6.16,219.15,Banana
71.9,45.19,71.37,32.33,74.99,5.82,149.69,Litchi
83.32,70.32,26.62,26.84,70.31,6.76,72.84,Tomato
96.92,56.86,96.12,33.16,59.34,7.77,118.85,Orange
59.85,26.36,55.66,18.34,67.25,6.61,39.88,Carrot
71.89,52.11,75.64,13.66,50.35,6.2,111.27,Apple
36.9,20.65,30.67,15.04,65.83,7.43,51.34,Peas
97.78,45.39,51.3,19.15,74.36,5.14,222.99,Tea
72.56,54.98,74.44,19.95,77.27,7.24,156.71,Orange
101.15,46.24,91.77,32.35,89.28,6.81,194.64,Coconut
42.05,31.89,38.53,29.38,56.8,6.24,67.17,Sesame
17.56,33.9,31.32,25.66,45.93,6.82,86.27,Rajma
83.35,48.13,100.2,30.84,79.83,7.14,260.94,Coconut
48.2,35.03,24.04,26.45,45.28,6.92,84.94,Red Gram
38.23,29.82,26.0,28.41,50.5,6.05,51.73,Cowpea
102.26,50.39,78.24,31.64,84.68,5.81,263.08,Arecanut
102.5,46.05,40.11,22.27,73.58,6.1,93.99,Cabbage
77.17,35.38,37.92,23.17,60.77,6.63,110.16,Maize
72.55,49.52,37.13,23.3,68.49,6.24,65.06,Cucumber
49.74,27.05,52.83,19.74,59.42,7.21,46.83,Beetroot
94.3,56.09,95.59,31.33,74.06,7.32,171.13,Mango
50.74,35.35,28.52,28.8,45.85,7.68,54.5,Safflower
69.11,39.58,57.88,24.8,80.75,5.56,156.5,Coffee
105.35,65.42,101.29,30.52,57.53,7.39,214.75,Mango
40.16,28.45,27.95,29.59,41.41,6.04,77.28,Kodo Millet
28.77,38.46,28.66,28.62,61.28,7.32,105.05,Field Bean
101.13,50.43,52.14,19.18,71.73,6.18,67.36,Cauliflower
91.68,38.55,28.45,17.77,54.9,6.25,57.04,Barley
103.21,41.58,79.69,27.78,66.61,7.96,73.97,Guava
99.46,50.35,58.93,24.02,94.46,6.07,233.07,Rice
37.09,21.95,23.59,30.29,52.58,6.71,81.37,Sesame
61.45,29.69,32.95,22.39,56.81,7.07,70.09,Groundnut
82.44,50.12,73.26,29.64,53.51,6.28,42.66,Pomegranate
31.51,34.63,31.25,23.24,58.34,7.33,45.55,Safflower
53.7,35.25,52.23,30.44,71.29,6.2,166.11,Cashew
36.52,37.56,23.43,16.57,53.44,6.12,51.46,Peas
98.87,56.27,119.1,27.99,62.44,6.91,159.01,Mango
69.74,29.97,29.15,26.39,49.86,6.96,70.36,Castor
101.72,54.17,97.07,31.74,81.4,5.89,245.05,Coconut
101.3,55.38,45.4,28.99,80.15,6.28,259.05,Rice
54.8,38.35,49.85,27.1,62.0,7.38,64.07,Bottle Gourd
53.31,29.42,25.99,29.86,52.85,6.54,66.25,Green Gram
95.16,55.59,90.63,25.98,73.23,6.52,134.54,Mango
62.76,29.63,27.46,28.92,51.83,8.31,50.91,Sorghum
44.61,35.81,47.78,20.17,55.65,6.45,59.67,Carrot
78.75,27.54,74.6,24.8,80.35,6.6,87.76,Pumpkin
99.28,35.89,23.95,21.47,54.69,6.69,43.53,Wheat
43.23,31.8,30.05,23.99,64.35,6.09,92.53,Foxtail Millet
80.78,39.69,33.43,19.08,57.26,6.38,48.55,Barley
79.33,30.97,53.61,19.36,56.36,6.05,37.18,Beetroot
111.07,66.03,97.35,26.74,76.9,6.34,219.24,Coconut
89.64,51.74,48.5,27.84,86.01,6.56,234.2,Rice
78.73,25.83,61.3,21.53,67.31,6.38,52.85,Carrot
113.91,54.01,140.34,25.09,83.6,6.23,147.77,Banana
80.19,44.8,50.81,22.97,80.91,5.1,236.56,Tea
46.88,29.4,28.96,33.83,51.97,7.05,77.55,Sorghum
32.48,25.38,36.52,33.01,46.01,6.41,93.79,Green Gram
110.17,56.33,87.71,23.65,72.11,6.03,66.3,Potato
57.82,36.52,27.42,21.05,59.81,6.9,60.92,Radish
59.98,25.61,27.67,31.33,45.63,6.62,49.4,Sunflower
95.12,60.35,91.5,27.29,89.68,5.16,261.92,Rubber
56.64,29.42,30.07,26.16,61.52,6.49,82.57,Kodo Millet
59.09,19.12,23.93,28.93,39.77,6.84,139.43,Red Gram
69.8,25.49,35.08,22.93,53.57,6.19,83.87,Sunflower
110.9,51.38,98.68,33.86,62.45,6.44,214.82,Mango
89.53,43.55,54.36,25.8,65.44,6.79,91.0,Brinjal
84.28,59.86,24.23,23.21,69.51,6.56,106.67,Maize
21.99,32.91,29.57,18.43,46.35,7.13,75.25,Peas
49.49,43.88,24.59,31.03,54.78,6.4,81.12,Green Gram
72.17,29.26,84.64,23.1,70.4,6.1,106.81,Pumpkin
75.11,53.11,49.03,33.2,71.72,6.35,78.74,Brinjal
23.89,29.75,39.89,30.11,50.04,7.02,40.04,Horse Gram
37.89,21.91,36.41,27.93,51.12,6.96,103.51,Field Bean
93.94,43.7,21.12,15.65,60.87,6.51,80.55,Wheat
34.8,22.58,27.7,18.85,45.57,6.74,49.14,Chickpea
101.3,60.92,87.11,26.87,95.29,5.09,324.78,Rubber
61.85,24.6,24.9,32.12,60.59,7.21,100.21,Green Gram
45.86,30.53,25.05,22.55,53.49,6.21,67.97,Field Bean
55.97,36.99,31.91,26.18,63.29,6.65,93.97,Foxtail Millet
66.21,29.78,67.07,32.03,69.88,6.61,85.95,Bottle Gourd
51.48,29.47,32.8,23.71,44.67,6.27,119.0,Foxtail Millet
47.98,28.83,27.23,21.27,52.16,5.74,28.98,Mustard
106.57,76.92,96.58,36.41,62.68,6.55,119.56,Mango
47.35,21.75,50.12,30.95,66.95,6.28,56.36,Cucumber
55.28,30.01,71.61,25.45,69.23,6.83,99.08,Pumpkin
63.0,38.32,51.54,29.51,61.95,6.03,86.01,Pumpkin
54.2,41.13,28.11,27.48,81.62,6.75,65.34,Cucumber
64.29,56.56,55.7,29.12,71.11,7.09,98.77,Brinjal
29.58,29.28,14.95,24.72,53.06,6.72,74.56,Sesame
90.23,61.6,77.52,26.01,78.11,6.41,104.8,Pineapple
32.29,33.05,23.42,25.41,65.49,6.32,94.02,Field Bean
120.58,48.67,36.25,24.12,78.36,5.09,243.18,Tea
33.94,35.02,22.31,31.53,45.88,6.52,64.65,Pearl Millet
39.47,30.38,27.21,25.4,52.06,6.86,76.07,Field Bean
74.19,45.38,76.7,19.8,81.28,5.02,190.04,Coffee
22.7,26.71,34.82,27.85,57.01,6.1,79.1,Black Gram
39.85,25.56,30.88,20.88,74.22,6.64,93.77,Rajma
104.54,44.64,44.14,30.56,84.56,5.83,230.94,Rice
103.35,58.2,63.26,28.31,78.91,5.75,278.48,Rubber
45.19,31.98,31.2,30.61,56.14,6.59,74.59,Groundnut
94.89,50.12,100.63,25.75,55.6,6.09,192.13,Mango
99.43,47.29,105.6,31.12,86.64,6.72,198.39,Coconut
37.93,22.39,29.3,25.7,44.48,6.66,78.54,Chickpea
113.36,49.36,73.12,25.95,77.81,5.71,135.75,Arecanut
72.09,39.69,77.79,13.14,55.48,6.05,105.49,Apple
63.37,50.45,67.18,27.72,68.41,5.99,94.06,Brinjal
33.33,29.62,24.37,28.89,48.13,6.62,55.1,Sesame
101.02,47.06,66.84,15.88,72.0,6.86,79.92,Cauliflower
86.35,64.68,72.42,29.76,86.56,5.39,237.44,Rubber
89.27,44.55,110.58,28.57,79.79,6.3,245.86,Coconut
104.85,57.82,99.02,28.02,65.8,5.91,149.0,Mango
12.53,21.23,28.67,29.26,54.22,6.11,60.75,Green Gram
50.07,26.89,23.88,26.86,42.19,6.24,86.8,Little Millet
90.46,53.54,82.17,24.75,75.96,6.2,201.21,Litchi
29.46,26.26,30.03,32.77,53.73,6.58,63.65,Green Gram
72.26,47.95,47.09,27.59,55.47,6.03,69.25,Okra
85.45,43.57,85.58,20.8,59.12,7.19,74.82,Pomegranate
66.32,36.01,24.27,32.25,45.81,7.18,23.8,Pearl Millet
43.13,24.8,33.55,21.93,69.46,6.88,133.55,Soybean
76.78,53.0,43.16,24.85,63.93,6.91,67.87,Okra
92.1,51.07,49.11,28.41,69.59,6.5,128.08,Maize
67.04,47.59,66.94,18.09,53.57,6.4,49.68,Garlic
26.25,31.54,25.15,33.19,44.54,6.7,48.27,Green Gram
77.32,57.54,43.53,19.69,68.93,6.68,90.73,Cabbage
81.81,40.99,83.4,23.06,79.49,5.75,181.08,Pineapple
86.44,66.87,81.29,29.93,69.34,6.46,100.62,Papaya
28.96,24.58,27.33,29.16,52.5,6.86,59.39,Sesame
85.74,39.55,73.1,26.78,71.84,5.95,160.95,Litchi
82.58,51.29,73.36,23.7,87.51,6.36,178.45,Litchi
50.83,24.26,31.06,27.11,62.67,7.09,96.33,Kodo Millet
88.88,40.77,93.65,21.3,77.79,5.86,188.63,Pineapple
96.32,44.75,70.1,30.9,53.15,6.73,23.4,Pomegranate
89.8,72.97,62.78,32.99,74.93,6.52,78.07,Brinjal
70.0,29.69,85.59,36.44,72.07,5.82,162.45,Litchi
64.12,20.76,83.37,23.73,69.67,6.98,68.35,Bottle Gourd
69.15,34.71,38.4,34.74,58.03,6.38,58.62,Pearl Millet
79.22,40.58,68.87,23.08,73.4,5.28,181.04,Coffee
60.3,22.02,31.8,28.59,61.79,5.94,77.86,Castor
83.0,52.82,101.4,26.91,91.3,5.68,213.35,Coconut
105.81,59.21,91.64,29.74,62.34,6.72,168.98,Papaya
66.13,22.06,27.44,27.88,65.48,6.55,98.04,Castor
42.32,28.09,14.87,34.28,44.15,7.1,42.43,Sorghum
99.82,54.26,85.57,27.95,85.86,6.34,205.87,Arecanut
43.56,31.41,39.79,29.98,47.08,6.76,79.28,Green Gram
22.16,25.84,34.14,23.6,49.32,6.37,55.42,Lentil
99.48,43.56,118.72,33.64,77.78,6.25,108.92,Papaya
61.64,33.53,41.11,28.35,59.56,6.51,58.41,Okra
81.91,54.56,61.86,21.44,82.29,6.2,75.5,Cauliflower
83.08,37.43,32.11,12.44,62.87,7.78,99.92,Wheat
60.08,29.39,26.19,25.33,54.27,6.33,73.27,Sunflower
115.9,62.05,111.6,27.76,69.09,6.04,123.27,Papaya
66.83,27.17,40.0,23.97,70.49,6.88,44.16,Sunflower
105.32,42.14,47.94,27.95,87.05,6.54,257.27,Rice
81.46,39.76,19.18,20.0,49.79,6.98,40.26,Barley
34.25,20.42,27.17,22.34,48.14,6.12,65.41,Chickpea
53.13,35.24,26.21,17.66,43.37,7.41,41.67,Mustard
31.33,27.06,40.02,17.75,60.48,7.05,76.05,Peas
76.46,27.77,34.43,19.71,41.49,6.78,66.37,Mustard
34.43,34.54,29.17,16.66,40.2,6.7,50.95,Lentil
53.17,26.8,57.9,22.11,60.38,6.74,45.91,Carrot
54.98,34.99,35.21,23.46,45.1,7.93,50.78,Safflower
96.03,62.42,117.32,20.47,66.74,5.64,66.33,Potato
52.17,25.18,68.03,31.82,73.08,6.73,72.25,Pumpkin
89.15,59.83,72.2,22.39,66.83,7.06,95.48,Chilli
75.83,33.48,73.88,32.07,78.96,6.9,176.3,Cashew
89.1,31.89,31.15,21.5,55.75,7.33,69.74,Wheat
66.38,27.07,60.24,24.28,66.85,7.06,65.27,Beetroot
110.64,65.08,76.82,30.85,88.93,5.47,249.59,Rubber
47.83,38.26,23.89,18.88,61.94,5.96,50.81,Lentil
56.22,27.66,27.35,25.51,69.51,6.96,114.93,Finger Millet
108.33,44.59,67.08,20.41,79.06,6.59,68.53,Cabbage
103.33,68.54,113.58,31.92,79.86,6.81,176.33,Banana
27.63,35.57,21.25,18.62,64.21,6.56,54.39,Linseed
48.97,61.37,62.73,29.4,63.06,7.44,74.25,Chilli
114.36,50.27,47.81,24.42,74.31,6.36,73.36,Tomato
89.6,42.33,47.11,28.83,79.46,5.95,241.59,Rice
39.21,34.73,26.11,28.85,58.7,5.96,84.61,Kodo Millet
104.08,45.22,59.24,23.55,73.57,4.83,222.6,Tea
35.69,34.79,27.76,24.93,60.57,6.32,82.87,Niger Seed
42.22,31.69,17.7,24.04,45.61,7.07,47.04,Lentil
86.5,51.74,48.87,31.88,59.35,7.39,78.27,Chilli
53.99,56.83,56.74,25.56,67.82,6.58,72.12,Tomato
68.86,33.24,22.43,27.78,39.43,7.22,54.45,Sunflower
97.09,45.82,72.21,30.19,80.43,6.98,118.96,Guava
34.75,32.16,30.16,16.95,59.68,6.18,115.68,Rajma
38.33,31.54,65.62,21.41,63.45,7.42,50.24,Beetroot
78.66,48.13,69.54,31.04,91.41,5.92,259.45,Pineapple
39.13,38.0,27.55,19.04,52.57,6.92,66.92,Chickpea
47.61,29.07,24.92,29.95,68.72,7.18,115.94,Black Gram
85.08,45.7,26.22,15.68,58.53,7.29,54.21,Wheat
89.0,55.64,100.72,22.68,60.48,6.98,60.65,Grapes
83.86,40.71,27.76,21.28,70.24,6.77,75.77,Wheat
129.98,63.46,103.13,28.07,75.72,6.44,137.58,Banana
92.25,52.39,104.85,27.9,62.38,5.38,118.59,Orange
76.32,41.75,82.14,25.95,76.52,5.85,209.1,Litchi
61.05,45.16,53.33,28.8,59.1,6.81,70.26,Okra
33.57,31.78,33.3,25.4,64.95,5.78,104.63,Niger Seed
78.14,40.73,54.06,21.77,50.11,7.02,60.94,Onion
92.63,50.43,89.16,28.32,70.33,6.44,192.68,Arecanut
105.9,66.73,64.35,23.06,76.59,6.19,47.32,Tomato
101.12,73.85,85.34,28.33,73.06,6.56,129.22,Papaya
44.14,25.48,39.0,26.15,59.17,6.56,113.05,Soybean
54.64,60.84,62.66,17.8,52.53,6.57,31.51,Garlic
95.55,69.18,95.48,32.41,59.23,6.29,103.14,Papaya
89.95,44.84,81.37,23.11,79.88,5.99,183.32,Arecanut
48.26,30.2,30.85,21.72,57.93,6.34,125.4,Finger Millet
92.49,31.04,80.21,23.87,65.63,6.24,141.55,Coffee
92.79,53.48,58.24,22.46,57.95,6.39,47.56,Onion
56.46,36.72,34.34,17.0,48.1,6.61,64.07,Linseed
29.53,27.89,29.33,25.07,35.5,7.1,57.15,Safflower
45.62,30.99,32.98,24.73,69.07,6.59,108.76,Finger Millet
81.18,26.04,55.61,20.11,60.09,6.66,56.33,Beetroot
65.54,25.69,72.43,17.49,56.38,6.16,47.31,Carrot
95.71,34.31,27.88,20.95,47.73,6.83,75.41,Barley
49.3,38.2,64.32,31.17,76.68,6.3,63.45,Bottle Gourd
84.17,66.55,75.03,27.6,59.23,6.73,68.83,Chilli
69.65,37.51,72.37,20.23,60.81,5.92,100.69,Apple
60.03,23.73,14.02,31.72,44.31,7.45,61.14,Pearl Millet
29.6,32.35,33.29,29.55,60.81,5.97,61.08,Cowpea
53.16,24.56,26.68,19.2,52.49,6.59,59.38,Linseed
64.79,48.36,80.51,24.74,71.47,6.42,130.76,Guava
99.91,70.42,58.68,24.66,65.8,6.76,52.99,Chilli
82.37,42.93,69.11,25.28,51.35,5.99,69.65,Pomegranate
31.83,38.05,30.66,29.84,68.18,6.75,83.32,Sesame
43.11,24.81,30.23,29.63,51.96,7.2,59.85,Groundnut
103.83,60.17,89.89,28.92,72.91,6.6,143.32,Papaya
50.55,35.66,33.41,27.35,51.42,6.8,79.98,Little Millet
63.49,25.5,35.23,27.42,70.27,7.15,94.4,Soybean
105.87,64.59,82.76,18.23,65.64,6.29,172.72,Orange
36.98,30.72,27.64,30.17,53.41,6.56,73.29,Foxtail Millet
40.21,24.45,37.72,24.64,62.42,7.01,126.75,Red Gram
40.0,34.7,27.27,24.62,74.2,6.59,107.87,Soybean
58.26,51.03,65.54,18.76,71.06,5.98,65.16,Cauliflower
34.9,33.06,39.88,19.92,48.23,6.25,82.71,Safflower
98.95,51.03,61.97,21.96,69.89,6.58,40.34,Tomato
39.69,27.26,33.77,30.69,55.59,7.78,73.7,Red Gram
27.82,30.93,31.95,27.1,55.96,5.77,74.51,Horse Gram
51.14,33.78,26.54,19.91,54.89,6.94,68.99,Linseed
112.4,43.95,100.98,23.74,65.45,5.69,90.87,Potato
41.15,34.93,39.13,28.89,45.29,7.25,120.8,Field Bean
42.89,29.93,52.95,17.33,62.58,6.8,47.98,Carrot
91.23,41.57,59.53,34.09,78.35,6.02,259.6,Rice
104.13,75.75,94.48,30.15,51.64,6.5,119.31,Mango
76.7,72.59,53.21,24.79,65.65,6.64,108.32,Chilli
38.49,29.2,23.16,18.41,55.92,6.96,48.91,Radish
109.39,48.31,51.66,18.99,71.97,6.47,86.11,Cabbage
71.0,35.5,26.71,25.1,63.2,6.92,69.82,Castor
66.52,29.23,53.58,23.82,55.51,6.88,48.68,Carrot
47.41,32.73,32.75,25.1,52.74,6.33,144.37,Finger Millet
64.58,36.0,53.32,18.27,68.64,6.31,38.74,Carrot
97.9,47.06,94.78,23.13,80.03,5.55,247.69,Arecanut
55.82,39.48,53.8,17.85,63.91,5.96,54.2,Carrot
45.06,36.25,29.47,24.32,56.66,6.2,88.09,Little Millet
60.39,46.88,36.81,29.62,76.85,6.94,57.59,Okra
59.41,26.72,22.47,24.59,75.08,5.84,131.15,Finger Millet
43.6,29.35,29.11,29.22,49.43,6.45,79.48,Little Millet
42.7,35.42,34.73,15.64,57.93,6.96,59.54,Linseed
45.66,34.58,32.01,18.27,50.79,7.02,65.76,Mustard
41.42,36.15,28.75,20.52,51.74,6.61,43.5,Lentil
69.64,54.54,42.91,26.08,64.11,6.74,49.2,Okra
38.38,37.75,19.14,28.33,45.15,6.7,107.76,Field Bean
52.14,26.19,26.38,24.22,52.72,6.76,54.65,Safflower
55.45,36.04,74.3,26.89,65.75,6.1,162.45,Litchi
47.6,32.21,21.95,23.8,62.76,6.61,84.89,Soybean
52.72,37.2,23.05,30.35,61.19,6.46,67.75,Foxtail Millet
74.25,44.04,34.97,15.36,62.7,6.68,47.22,Garlic
33.25,38.49,26.66,29.51,56.6,7.41,130.15,Red Gram
107.24,48.24,73.59,26.62,88.48,5.25,321.03,Tea
31.36,30.87,20.36,29.09,40.82,6.08,62.34,Horse Gram
55.8,30.51,36.38,29.68,58.3,7.15,82.36,Kodo Millet
84.93,30.43,25.69,21.34,53.26,7.06,76.54,Wheat
70.8,45.52,28.34,18.22,58.26,6.93,38.1,Barley
76.8,43.69,50.3,25.18,87.59,6.25,68.6,Okra
24.92,29.84,23.46,25.12,58.3,6.91,86.08,Niger Seed
31.97,25.26,27.54,31.43,56.89,6.42,80.74,Cowpea
74.14,33.79,61.83,28.64,66.59,6.88,87.0,Okra
47.76,27.87,75.3,19.23,62.03,7.32,59.26,Beetroot
91.47,51.29,56.07,27.71,86.59,6.17,232.7,Rice
57.05,26.06,38.87,17.66,56.96,6.69,42.24,Carrot
69.78,25.48,68.22,33.57,73.88,6.55,77.96,Bottle Gourd
32.93,30.7,36.0,23.36,49.18,5.81,89.97,Kodo Millet
103.28,44.88,39.24,24.45,69.05,6.62,58.8,Tomato
84.4,48.74,58.52,35.39,65.54,6.38,70.05,Cucumber
58.0,26.33,27.05,28.17,58.07,6.44,94.81,Groundnut
42.91,37.76,34.84,24.9,50.85,6.95,79.15,Rajma
85.83,47.78,91.32,24.6,77.17,6.33,134.76,Guava
42.69,29.23,27.94,19.02,38.56,6.55,65.62,Peas
84.52,54.04,54.09,25.47,69.87,5.41,206.44,Tea
44.93,28.84,29.32,19.97,46.32,6.69,54.68,Safflower
110.3,54.54,78.44,24.0,77.24,5.86,195.68,Arecanut
92.71,38.0,26.15,17.96,59.87,6.83,45.31,Barley
83.98,46.2,52.89,28.37,64.06,7.45,54.18,Okra
72.9,31.74,73.79,31.02,53.65,5.99,98.14,Guava
86.13,85.46,55.21,32.41,70.65,6.91,88.52,Brinjal
91.65,62.85,100.12,30.8,68.77,6.63,72.17,Mango
87.42,63.92,61.07,23.23,67.82,6.58,88.04,Brinjal
38.64,27.68,28.15,29.86,46.63,6.88,62.71,Sorghum
34.44,22.96,30.48,30.83,59.84,7.28,55.18,Sesame
36.81,29.15,27.78,30.4,55.23,6.88,87.41,Green Gram
68.35,53.19,57.17,30.98,72.99,6.45,101.42,Brinjal
79.13,54.69,60.64,25.15,65.65,6.74,74.15,Cucumber
85.43,53.23,68.74,27.86,63.57,5.38,161.8,Litchi
103.69,36.99,29.99,20.14,50.31,6.55,60.36,Wheat
59.67,12.51,28.81,29.19,58.75,5.7,101.04,Groundnut
60.44,27.27,31.34,22.11,50.73,7.82,40.41,Sunflower
86.81,57.51,45.81,25.05,62.31,6.85,94.53,Chilli
64.57,48.06,68.17,29.22,61.05,6.62,62.49,Onion
83.89,51.88,51.66,27.23,62.98,6.79,75.86,Cucumber
68.24,83.07,59.32,25.06,75.71,5.51,83.87,Brinjal
105.07,53.67,75.98,25.89,81.97,6.15,229.8,Arecanut
84.63,39.52,51.18,21.87,68.01,6.36,53.73,Carrot
43.36,29.91,23.69,28.07,53.96,7.02,113.92,Kodo Millet
26.07,33.73,34.76,28.59,54.62,6.36,61.82,Sesame
40.98,28.38,21.35,24.24,49.54,7.04,51.86,Safflower
61.84,36.46,32.74,26.94,55.65,6.53,82.69,Castor
70.56,45.34,93.23,24.15,61.4,6.43,148.86,Guava
55.44,33.08,38.4,27.4,47.62,5.69,59.48,Safflower
94.83,50.46,80.36,30.71,88.26,5.96,233.75,Arecanut
95.37,32.98,67.14,20.09,60.82,6.4,101.88,Pomegranate
74.17,44.1,45.9,22.11,72.53,6.55,84.23,Cucumber
102.65,54.35,84.55,29.98,89.93,5.27,263.11,Rubber
96.75,55.5,95.44,23.73,70.18,6.47,149.74,Orange
82.82,56.3,84.76,29.35,74.53,6.49,130.28,Mango
92.78,44.52,95.48,29.03,57.08,5.91,102.83,Guava
76.67,47.42,64.37,16.3,60.39,6.11,106.96,Apple
53.37,31.34,72.25,28.25,69.51,6.72,70.0,Bottle Gourd
100.12,60.05,49.54,23.99,75.35,6.48,93.11,Tomato
59.12,28.48,33.28,23.28,65.44,6.17,76.57,Bottle Gourd
54.59,25.19,32.21,29.34,58.81,6.99,59.05,Groundnut
69.8,34.85,45.9,34.87,59.46,6.99,74.31,Okra
71.87,50.64,76.49,28.92,81.95,6.63,187.81,Pineapple
42.96,28.17,34.28,29.06,49.31,6.39,81.61,Little Millet
65.74,38.05,74.32,24.26,80.41,5.6,138.86,Coffee
36.42,31.87,31.98,30.26,35.81,6.58,92.04,Sesame
85.91,51.68,56.8,21.21,90.94,5.87,164.82,Coffee
55.49,31.4,30.41,20.5,48.76,6.86,42.8,Mustard
60.61,30.06,59.98,29.71,59.0,7.0,76.24,Pumpkin
53.22,32.17,31.83,22.96,48.59,6.72,100.64,Little Millet
59.3,29.32,28.04,25.99,75.67,6.72,132.24,Soybean
103.48,51.75,92.97,27.14,61.5,5.77,211.75,Mango
97.22,41.65,30.71,12.46,64.19,6.21,49.85,Barley
45.02,30.4,29.72,29.32,51.56,6.24,107.12,Little Millet
31.68,23.84,28.56,29.1,68.53,6.14,83.33,Cowpea
50.18,31.98,29.42,29.12,58.02,5.4,45.65,Cowpea
47.11,32.86,35.45,26.69,65.34,6.14,107.38,Finger Millet
50.04,31.52,32.23,30.56,54.39,6.89,105.41,Field Bean
88.17,58.23,56.63,21.78,70.58,6.63,64.69,Tomato
94.31,39.97,70.07,19.36,69.68,6.49,78.52,Cabbage
33.35,28.49,34.55,26.33,56.57,6.84,101.5,Red Gram
105.2,42.88,44.93,22.01,68.57,4.67,235.83,Tea
37.86,32.45,28.51,25.16,52.98,6.64,46.21,Peas
97.61,49.51,73.44,33.23,73.66,5.07,283.93,Rubber
54.2,62.59,81.0,24.52,62.27,6.83,101.03,Chilli
67.99,69.79,57.59,20.25,71.01,6.31,81.44,Tomato
29.9,27.59,18.99,29.6,56.72,7.33,46.07,Sesame
68.91,37.55,34.68,30.32,62.68,6.34,67.97,Cucumber
69.23,55.91,84.78,27.46,84.59,4.93,209.15,Pineapple
40.58,29.56,30.24,28.09,53.77,6.01,65.33,Chickpea
80.19,44.27,78.03,28.04,84.11,5.48,174.76,Pineapple
101.39,50.04,51.77,22.82,67.96,6.4,95.98,Tomato
74.92,43.76,82.16,26.5,79.39,5.98,147.93,Litchi
68.65,34.79,54.79,21.55,63.51,6.7,61.41,Beetroot
74.0,46.78,49.71,26.75,64.25,6.3,64.72,Okra
77.58,56.42,67.01,21.41,59.78,6.34,19.99,Garlic
102.78,52.04,66.61,23.61,77.01,5.39,112.6,Coffee
30.62,26.64,28.98,28.34,55.48,6.34,85.68,Niger Seed
94.33,31.65,81.99,30.01,58.04,5.52,73.61,Pomegranate
68.29,38.01,23.89,18.64,41.6,7.32,61.82,Barley
69.52,49.32,41.94,30.47,67.08,6.84,66.19,Okra
30.63,37.53,29.88,24.58,45.15,6.61,62.35,Peas
106.41,77.06,102.7,28.08,65.97,6.32,170.77,Papaya
25.97,31.86,31.43,32.26,44.06,7.0,97.22,Field Bean
58.29,26.14,47.67,35.04,66.74,6.71,62.66,Pumpkin
33.25,40.27,26.44,30.87,56.24,7.08,115.59,Red Gram
98.69,69.66,84.85,30.77,85.41,5.69,280.97,Rubber
87.98,56.73,55.32,28.65,67.78,6.02,95.22,Brinjal
58.25,33.28,28.16,29.56,58.76,7.11,70.3,Sunflower
37.19,34.34,31.26,27.83,51.3,6.5,91.59,Field Bean
56.84,26.8,23.17,22.78,76.26,6.43,89.14,Soybean
82.31,32.84,74.18,14.5,65.7,6.75,119.12,Apple
51.16,25.38,37.1,27.21,46.51,6.98,56.74,Green Gram
79.15,51.23,45.93,30.7,66.62,6.7,76.78,Cucumber
51.42,33.45,48.57,19.6,62.99,6.54,68.77,Beetroot
35.22,24.44,33.75,26.53,53.68,6.31,68.16,Horse Gram
119.53,55.85,75.9,22.17,64.87,6.45,102.6,Tomato
36.96,16.89,30.23,18.59,53.24,6.64,98.11,Rajma
58.54,25.86,29.21,24.9,51.22,7.56,84.07,Kodo Millet
68.56,20.04,32.6,32.13,58.61,7.63,72.71,Pearl Millet
51.76,33.6,20.17,32.45,50.52,6.93,57.04,Pearl Millet
60.45,35.57,54.54,23.41,76.68,6.61,84.45,Pumpkin
18.57,32.37,30.15,30.82,66.97,6.58,64.32,Sesame
58.28,26.86,57.05,22.3,76.08,6.19,63.71,Bottle Gourd
109.31,50.29,83.19,29.09,84.19,6.79,244.05,Coconut
102.76,63.04,114.38,19.76,60.49,6.6,121.97,Orange
111.14,48.76,93.13,23.77,85.72,5.69,206.65,Arecanut
115.15,61.04,51.04,26.03,86.77,5.39,247.74,Tea
52.17,28.88,28.95,27.84,41.55,6.68,68.25,Groundnut
82.92,50.58,82.64,26.72,58.58,6.58,72.25,Onion
54.99,23.61,34.32,38.58,32.29,6.92,70.94,Pearl Millet
43.19,31.28,32.13,24.8,39.45,6.32,84.37,Foxtail Millet
100.89,46.11,69.79,24.85,65.05,6.8,152.49,Orange
77.37,56.74,79.52,9.95,53.36,5.85,127.2,Apple
46.95,39.87,24.91,33.42,48.82,7.0,79.03,Groundnut
33.61,31.68,25.91,31.58,59.81,5.97,91.43,Foxtail Millet
36.05,37.1,20.82,17.69,56.95,7.04,68.55,Peas
87.51,48.53,55.13,20.31,76.25,6.47,65.06,Cabbage
95.06,51.45,83.65,26.07,85.43,5.95,218.44,Coconut
59.97,24.12,37.74,28.52,41.07,6.45,81.47,Groundnut
41.25,36.16,27.4,20.33,44.63,6.81,68.27,Peas
32.25,29.36,25.67,24.92,51.35,6.85,68.43,Horse Gram
36.39,36.37,26.6,32.68,58.49,6.62,81.82,Red Gram
48.91,26.46,35.64,27.16,45.41,6.58,81.1,Green Gram
39.08,20.82,36.36,25.9,48.3,6.22,80.35,Cowpea
99.81,43.59,64.2,23.54,76.84,6.19,83.05,Tomato
88.05,48.41,45.3,20.04,44.64,6.97,60.57,Wheat
76.6,36.49,24.23,29.04,55.66,6.56,82.31,Sorghum
75.15,41.78,77.4,14.95,63.93,6.19,118.67,Apple
67.38,33.8,52.82,21.29,69.13,6.69,78.06,Beetroot
35.33,37.72,26.98,27.54,57.25,6.12,88.92,Soybean
20.67,43.68,29.07,31.27,41.51,6.74,134.29,Red Gram
96.03,43.81,32.33,12.78,47.76,6.49,81.17,Wheat
88.87,46.82,51.79,24.3,76.48,6.87,60.44,Okra
54.24,21.75,29.11,29.56,33.83,6.19,51.41,Pearl Millet
100.88,51.61,76.14,29.92,77.63,5.83,210.57,Arecanut
54.35,30.27,26.4,30.12,51.26,6.38,97.65,Kodo Millet
132.83,62.78,124.27,28.15,75.64,6.49,198.65,Banana
103.64,48.11,103.99,31.0,59.3,6.74,66.31,Grapes
103.53,81.17,81.64,28.2,62.84,6.87,100.4,Mango
104.57,57.25,62.54,31.17,87.59,5.39,289.27,Rubber
42.2,30.43,65.3,28.65,69.75,6.88,85.6,Pumpkin
76.48,53.74,53.68,17.05,55.29,6.52,42.85,Garlic
44.61,29.47,27.34,27.0,71.78,6.84,125.48,Soybean
46.2,31.38,21.95,17.32,63.72,6.55,42.36,Radish
95.75,40.02,74.84,29.85,56.37,6.39,51.7,Pomegranate
50.65,33.11,39.4,24.34,74.53,6.84,141.84,Finger Millet
103.76,59.07,86.07,20.11,67.7,5.95,69.2,Potato
31.97,35.15,31.97,23.88,53.68,7.23,97.41,Field Bean
64.02,32.08,77.59,26.23,80.17,7.0,94.09,Pumpkin
58.68,32.25,28.62,29.61,45.02,6.41,60.02,Castor
63.92,35.99,33.71,26.6,52.62,7.0,67.17,Sunflower
56.06,28.9,24.7,30.91,50.93,5.96,87.27,Groundnut
44.8,25.96,23.92,16.38,67.55,7.09,47.44,Radish
88.45,40.86,109.94,18.77,78.02,5.76,64.91,Potato
66.69,56.82,43.68,26.83,62.49,6.44,81.92,Okra
75.39,26.8,49.66,27.15,73.37,6.29,83.2,Cucumber
73.84,27.25,26.91,20.16,36.91,6.61,69.02,Sunflower
104.34,75.07,115.77,36.19,58.2,6.42,174.15,Mango
69.0,27.78,66.69,24.14,61.35,6.91,32.68,Carrot
55.28,24.51,70.69,31.76,70.87,6.38,163.5,Cashew
67.86,25.73,52.1,21.41,63.47,6.75,40.97,Carrot
80.54,44.44,81.18,20.94,71.59,6.26,103.53,Apple
112.53,60.42,102.84,27.74,66.23,6.62,155.93,Mango
93.8,49.36,90.76,29.24,49.05,7.28,69.03,Grapes
30.21,33.0,24.84,28.26,57.36,5.93,70.22,Chickpea
60.34,26.21,31.9,13.71,46.87,6.87,50.27,Mustard
72.26,45.14,104.65,25.17,60.59,5.78,98.46,Guava
70.96,44.59,29.1,18.71,62.71,6.55,60.65,Barley
112.05,54.64,70.14,21.56,64.05,6.21,89.26,Tomato
33.83,29.28,39.87,28.15,57.19,7.12,80.64,Foxtail Millet
79.71,67.9,114.97,22.57,71.8,5.88,58.58,Potato
109.0,46.37,95.05,27.03,64.75,6.47,174.57,Papaya
97.24,54.13,84.66,30.34,75.32,6.07,256.24,Rubber
44.14,36.12,47.62,19.33,51.98,7.23,51.3,Garlic
28.27,30.12,39.29,34.1,60.97,6.92,123.59,Red Gram
68.94,67.14,102.93,16.31,48.16,6.63,143.75,Orange
95.11,44.36,83.38,22.34,78.71,6.35,230.59,Arecanut
42.64,31.62,24.01,27.44,62.85,6.18,75.85,Cowpea
98.57,51.24,73.6,22.84,82.77,5.15,230.85,Tea
57.0,17.72,24.95,20.73,40.25,6.75,48.88,Linseed
73.55,31.64,61.1,30.49,68.12,5.65,227.06,Cashew
106.59,60.0,92.85,34.74,70.7,6.86,175.73,Papaya
51.94,38.21,30.31,28.48,45.51,6.35,85.77,Castor
37.09,31.71,29.55,23.52,43.57,6.42,98.31,Rajma
45.68,25.69,34.0,23.93,52.34,7.16,58.83,Kodo Millet
35.45,37.08,31.94,19.58,50.55,6.93,57.8,Peas
84.52,42.04,68.75,21.81,73.79,5.91,263.97,Pineapple
49.32,30.27,29.69,22.92,62.6,7.27,112.99,Soybean
39.77,24.73,31.29,34.75,44.59,6.94,70.24,Sorghum
77.84,28.5,61.02,31.36,62.54,6.03,132.46,Cashew
63.42,53.81,50.22,16.53,73.28,6.46,74.41,Cauliflower
32.64,29.55,29.16,23.89,61.69,5.81,57.55,Foxtail Millet
41.81,31.0,30.47,36.9,57.34,6.55,73.67,Black Gram
44.58,30.12,32.19,28.87,56.05,6.21,113.8,Foxtail Millet
42.55,39.09,29.32,28.47,54.96,6.67,78.52,Cowpea
35.35,33.53,38.1,28.0,56.18,6.89,88.93,Cowpea
102.27,53.97,90.61,22.86,78.95,4.73,268.64,Tea
52.47,29.11,27.28,35.23,48.32,6.36,73.66,Pearl Millet
70.3,44.28,34.99,23.51,75.78,6.39,92.42,Maize
50.53,33.68,26.57,30.02,45.1,6.81,66.35,Pearl Millet
93.56,55.67,84.81,31.32,82.78,5.43,237.9,Pineapple
77.82,41.94,55.25,19.25,61.93,6.8,43.26,Garlic
66.03,24.36,69.62,29.33,72.73,6.48,68.99,Pumpkin
47.9,28.46,37.11,26.41,57.33,6.84,84.52,Niger Seed
104.43,59.65,104.79,18.85,69.97,5.51,62.44,Potato
53.43,38.61,25.07,26.09,68.64,6.19,105.64,Kodo Millet
92.04,45.74,45.16,20.21,73.02,6.48,71.01,Cabbage
122.34,53.03,80.33,30.51,93.33,5.86,368.37,Rubber
56.54,33.11,27.31,21.91,46.87,6.8,65.8,Barley
68.08,33.26,28.17,21.24,69.58,6.57,108.83,Maize
87.03,50.01,61.41,21.32,68.81,6.39,52.4,Cauliflower
40.95,30.05,30.45,33.31,50.19,6.78,66.98,Green Gram
27.47,28.98,31.05,34.29,61.0,5.56,78.25,Sesame
25.14,33.19,34.96,27.77,59.06,6.42,64.94,Field Bean
33.35,30.76,20.38,30.45,44.9,6.86,57.03,Kodo Millet
106.42,54.17,93.41,28.27,85.33,6.9,185.27,Coconut
65.55,28.29,25.31,28.61,57.48,5.7,82.81,Castor
69.86,53.09,35.37,27.86,67.17,6.65,88.15,Maize
58.93,29.54,36.96,27.02,52.57,6.98,64.9,Groundnut
85.77,47.35,32.11,24.12,67.68,6.44,121.56,Maize
72.91,28.29,67.62,22.36,67.87,6.54,39.34,Carrot
43.05,27.57,22.35,30.87,54.9,6.14,96.93,Foxtail Millet
98.81,50.03,50.3,26.59,84.32,5.91,284.07,Rice
75.42,33.94,37.72,22.48,54.31,7.55,52.9,Barley
75.39,43.49,86.13,29.03,55.85,5.42,64.96,Pomegranate
67.58,49.98,68.85,19.0,61.65,6.14,65.49,Garlic
89.41,51.14,48.21,19.79,55.05,6.16,58.54,Onion
81.82,53.3,23.3,27.44,65.49,6.79,101.14,Maize
74.23,38.42,80.45,25.2,87.77,5.47,250.93,Pineapple
75.38,45.97,78.27,26.21,69.26,6.21,123.57,Guava
99.95,40.05,55.13,31.66,86.1,5.59,205.09,Rice
86.83,78.06,112.54,33.61,69.99,5.65,62.96,Mango
63.11,28.14,26.81,23.04,61.55,6.57,66.84,Castor
105.02,41.46,33.63,20.77,49.29,7.07,68.26,Wheat
51.21,28.98,27.28,31.43,65.83,6.52,94.94,Black Gram
32.78,24.98,31.29,17.57,54.62,6.64,36.11,Radish
52.97,26.95,29.93,21.08,60.08,5.91,50.63,Radish
30.61,34.78,35.17,31.42,50.41,6.18,65.29,Sesame
100.99,40.68,50.84,22.32,64.65,5.29,198.68,Tea
58.76,29.57,52.75,15.92,64.84,6.39,27.55,Carrot
107.98,56.19,55.71,25.45,58.46,6.57,60.85,Chilli
96.45,50.87,63.15,25.39,60.49,6.75,122.98,Orange
94.42,34.57,71.66,23.62,65.99,5.84,207.02,Litchi
60.53,33.73,28.29,27.66,46.33,6.43,92.16,Castor
96.51,46.28,41.92,27.67,77.27,5.77,217.16,Rice
27.18,20.7,37.77,27.59,66.33,6.8,69.77,Field Bean
58.27,23.64,30.96,20.6,47.21,6.46,43.7,Lentil
90.74,50.6,87.35,32.92,42.8,6.95,56.9,Pomegranate
29.46,32.54,34.88,26.63,55.45,6.73,62.82,Horse Gram
80.94,45.73,46.71,23.1,66.94,6.5,57.76,Okra
59.35,33.8,27.95,24.88,44.76,7.07,77.51,Little Millet
95.61,51.61,85.03,27.88,56.31,6.44,200.04,Mango
66.32,45.07,82.93,17.42,63.16,5.99,131.26,Apple
112.71,43.97,46.02,25.02,63.66,6.51,101.7,Maize
84.37,29.99,96.55,31.21,80.21,6.34,156.54,Litchi
63.3,16.81,22.14,28.76,63.4,6.87,86.68,Groundnut
86.11,33.75,37.07,23.7,70.87,7.19,106.48,Maize
16.99,27.78,31.85,29.17,66.28,6.78,89.36,Black Gram
68.5,29.0,47.01,25.2,78.41,5.95,188.36,Cashew
47.55,26.94,35.06,28.41,54.51,6.37,62.89,Groundnut
85.25,50.96,90.19,28.8,70.39,7.31,130.2,Guava
55.66,25.08,29.1,21.01,43.25,6.49,51.68,Linseed
95.38,44.78,52.28,26.96,85.31,5.57,184.18,Coffee
75.54,42.84,43.28,25.78,76.2,6.43,71.02,Cucumber
131.03,62.65,120.29,32.36,71.91,6.43,241.1,Banana
77.63,43.0,68.52,17.44,63.9,6.71,148.22,Apple
67.06,35.41,61.09,18.43,64.31,6.31,51.4,Carrot
93.66,36.61,39.72,19.25,52.72,6.48,60.87,Wheat
84.53,46.33,25.84,19.85,63.53,6.72,64.07,Wheat
41.18,34.96,35.26,26.4,50.25,6.3,76.41,Cowpea
60.48,51.07,80.85,17.82,62.89,7.17,48.76,Garlic
100.69,53.17,69.6,23.15,68.9,6.73,86.28,Cabbage
81.96,36.47,62.3,23.49,61.75,6.08,131.49,Litchi
60.55,38.14,47.44,37.53,64.15,6.74,58.8,Bottle Gourd
39.99,38.66,25.23,22.79,55.86,6.92,64.87,Mustard
92.5,47.8,98.27,28.23,83.99,6.12,254.22,Arecanut
95.38,33.15,27.97,24.91,51.39,6.48,55.98,Barley
52.92,33.04,51.54,30.41,74.84,6.54,80.7,Pumpkin
43.15,33.0,30.92,29.56,48.93,6.59,97.17,Little Millet
44.31,40.6,26.59,27.78,54.99,6.43,57.66,Sorghum
39.25,33.75,28.55,34.18,54.14,7.34,78.45,Groundnut
124.7,67.91,96.18,25.87,69.35,6.52,110.77,Orange
36.08,36.32,28.66,26.24,46.58,6.77,46.82,Sesame
40.09,38.99,28.36,17.56,54.66,6.64,93.27,Rajma
53.45,33.61,49.39,30.01,74.77,6.78,147.29,Cashew
99.55,55.45,51.88,23.07,73.08,4.73,205.78,Tea
49.47,33.48,25.4,22.04,47.76,6.64,65.84,Linseed
40.94,32.47,29.59,25.55,63.13,6.5,103.93,Niger Seed
51.24,24.75,30.16,18.08,34.02,7.27,58.22,Peas
61.88,29.59,37.08,37.27,45.61,6.97,75.6,Pearl Millet
47.45,24.51,30.35,25.45,46.39,7.35,47.88,Safflower
74.51,24.11,26.91,23.71,66.29,6.74,138.51,Finger Millet
57.57,40.52,40.34,23.51,70.91,6.74,68.66,Okra
77.04,43.4,76.33,24.78,85.81,5.04,140.05,Pineapple
31.83,21.11,29.33,33.62,66.43,6.85,66.66,Sesame
83.65,55.81,53.56,28.38,66.66,6.99,68.31,Onion
83.61,54.21,55.81,20.57,72.2,6.54,68.14,Cabbage
74.69,50.91,47.88,25.14,56.69,6.71,79.63,Okra
30.04,30.12,28.61,26.77,52.43,6.89,94.89,Sesame
35.05,39.25,20.34,22.87,62.15,6.46,101.86,Field Bean
84.27,36.13,52.2,25.57,69.62,6.21,80.29,Cucumber
31.91,29.65,35.53,31.4,46.44,7.07,74.64,Horse Gram
97.76,45.15,47.59,29.96,81.14,6.49,225.55,Rice
55.92,37.83,59.82,17.78,57.64,6.99,61.13,Garlic
73.69,43.53,71.9,27.9,77.32,6.23,217.04,Litchi
123.93,40.03,49.14,15.76,75.09,6.41,66.25,Cauliflower
64.85,31.64,62.37,17.81,66.87,7.46,66.95,Beetroot
47.92,30.58,20.27,27.21,60.34,6.71,93.41,Little Millet
41.1,19.44,32.64,32.68,47.75,5.71,84.53,Cowpea
66.22,60.68,80.22,26.36,56.32,7.25,103.62,Guava
84.08,49.57,89.89,29.7,76.62,5.6,329.26,Rubber
92.95,51.56,64.62,18.74,71.67,6.5,54.8,Cabbage
113.13,60.18,52.76,18.8,79.53,4.88,168.29,Tea
47.39,34.69,31.69,27.17,73.77,6.45,95.87,Soybean
60.69,58.95,43.18,27.81,71.01,6.36,76.56,Cucumber
61.84,48.63,66.37,23.11,53.12,7.21,55.58,Garlic
87.45,79.74,95.42,20.76,62.93,7.27,182.92,Orange
96.97,78.3,122.27,29.47,53.73,7.26,179.67,Mango
41.64,29.01,25.86,16.84,55.64,6.68,46.56,Peas
85.98,45.97,81.88,28.31,77.31,5.84,214.27,Rubber
87.79,33.21,86.64,11.39,66.15,6.78,148.66,Apple
43.35,19.55,39.42,28.22,32.22,6.47,62.82,Safflower
109.0,52.23,58.35,31.67,82.96,5.63,292.07,Rubber
35.52,30.01,31.81,23.69,52.97,7.21,99.21,Kodo Millet
64.39,30.26,33.97,30.16,35.79,6.39,67.82,Sorghum
70.38,33.84,65.15,13.59,52.6,5.92,62.67,Beetroot
51.21,24.89,26.0,25.89,55.61,7.16,53.86,Groundnut
72.82,38.47,36.79,20.9,38.71,7.11,53.01,Barley
80.49,53.76,72.14,31.17,73.45,7.33,109.36,Guava
81.57,31.37,27.94,22.63,60.59,7.02,70.64,Sunflower
47.35,30.37,31.09,24.7,52.09,7.05,59.76,Foxtail Millet
44.04,30.26,63.35,30.96,60.25,6.14,232.11,Cashew
41.24,30.96,26.13,27.09,66.48,6.03,92.18,Niger Seed
77.73,57.91,69.99,25.25,68.58,6.74,64.73,Onion
64.68,29.58,66.13,20.03,59.3,7.1,65.81,Beetroot
45.1,30.43,40.41,15.63,50.32,6.86,56.33,Carrot
53.05,28.64,33.7,20.52,52.06,6.39,78.46,Linseed
76.63,50.85,98.74,26.32,61.43,6.69,108.94,Orange
53.57,29.84,32.15,14.25,47.68,6.89,48.91,Mustard
80.08,29.1,56.06,20.38,57.56,6.42,54.75,Carrot
77.41,48.56,101.01,27.65,55.63,6.51,84.97,Pomegranate
41.89,31.2,21.09,30.36,55.41,7.1,84.57,Sesame
60.16,41.45,31.52,28.99,51.01,5.23,57.54,Little Millet
46.27,29.41,27.75,22.24,45.81,7.18,62.25,Safflower
41.68,35.14,38.39,26.27,59.67,7.26,77.62,Foxtail Millet
117.52,45.75,104.47,26.73,61.9,6.78,71.4,Grapes
99.29,59.53,106.71,19.66,66.84,5.32,62.9,Potato
102.84,48.94,88.43,27.88,77.99,6.38,271.91,Arecanut
84.07,59.51,57.79,29.47,53.22,6.37,87.42,Chilli
97.86,67.02,84.74,30.78,68.75,6.63,124.95,Papaya
77.56,58.85,51.33,26.56,71.74,6.46,95.47,Cucumber
35.72,29.49,32.33,19.39,48.13,6.68,45.48,Lentil
54.61,51.01,37.04,25.76,61.0,5.96,55.44,Maize
35.62,26.46,27.42,23.96,54.96,7.54,71.83,Field Bean
47.09,33.22,28.94,32.25,63.74,6.51,69.11,Green Gram
92.49,53.56,87.66,26.92,60.17,6.55,167.96,Orange
38.82,36.73,29.97,27.02,39.77,7.15,80.79,Kodo Millet
32.92,34.89,25.51,28.96,44.97,6.24,53.74,Horse Gram
58.12,37.73,24.22,22.23,62.73,6.64,95.12,Finger Millet
79.17,24.88,55.58,21.07,62.36,6.89,54.42,Carrot
43.25,38.99,27.55,23.3,67.91,6.25,121.16,Finger Millet
43.03,34.91,29.88,25.1,64.44,6.8,72.48,Green Gram
44.45,31.71,43.94,33.1,67.71,6.82,51.07,Black Gram
29.47,27.26,29.82,17.52,62.41,6.68,98.96,Rajma
42.0,25.57,22.82,29.75,62.36,7.13,111.5,Red Gram
94.47,35.83,25.91,12.17,45.91,6.57,104.15,Wheat
44.76,27.49,34.6,18.01,72.48,6.61,65.94,Rajma
75.53,38.85,31.69,18.09,53.58,6.38,53.8,Barley
64.19,24.83,31.17,31.49,46.81,5.74,69.5,Pearl Millet
24.94,31.77,23.14,27.67,43.52,6.59,64.69,Horse Gram
83.97,43.23,31.61,27.44,59.87,5.9,107.0,Maize
35.67,32.89,29.5,23.37,58.1,6.98,55.3,Field Bean
106.07,56.58,57.36,25.61,73.07,6.35,87.8,Brinjal
88.0,59.81,91.22,32.04,56.29,6.23,184.81,Mango
111.59,64.62,91.43,27.77,70.94,6.52,126.86,Papaya
74.55,56.25,88.67,25.18,78.44,6.34,163.83,Orange
95.88,51.51,97.84,21.67,72.34,6.52,95.41,Orange
36.55,26.15,26.87,21.51,49.26,7.17,72.1,Chickpea
105.08,42.9,95.67,31.67,60.7,6.65,75.18,Grapes
69.78,16.85,75.34,19.55,54.63,6.92,61.44,Carrot
99.94,52.52,92.21,38.46,83.99,6.45,147.39,Litchi
54.12,38.45,32.38,28.45,46.5,6.55,84.97,Kodo Millet
113.7,54.17,92.47,32.75,79.54,7.07,196.81,Coconut
35.39,27.03,31.46,24.58,49.63,7.47,115.37,Field Bean
81.55,52.17,81.68,16.1,64.09,6.2,139.3,Apple
55.08,27.19,26.78,19.39,49.11,6.84,57.98,Mustard
57.01,29.83,36.71,26.1,60.61,7.08,82.56,Soybean
99.09,66.16,78.4,23.12,67.45,6.7,73.2,Tomato
61.24,36.99,25.61,31.8,42.8,6.62,60.65,Pearl Millet
30.48,33.02,36.33,30.05,60.68,6.9,118.02,Little Millet
97.18,38.13,24.64,17.84,43.38,8.26,45.74,Barley
28.46,25.14,29.13,14.06,61.43,7.28,48.78,Peas
97.81,69.49,86.25,29.45,99.0,6.01,337.27,Rubber
35.2,31.43,19.06,18.6,56.31,6.08,90.01,Rajma
38.72,24.72,27.64,34.79,53.23,7.12,73.81,Sesame
27.14,36.51,28.56,20.07,48.45,6.98,55.28,Lentil
106.16,62.01,91.77,29.52,62.72,6.3,186.67,Mango
95.24,52.48,77.38,32.17,72.83,6.47,213.66,Arecanut
43.03,38.83,28.99,23.92,50.27,5.69,88.4,Kodo Millet
95.92,71.06,88.13,25.7,64.02,6.25,131.07,Mango
77.93,43.84,67.41,24.5,94.22,5.83,196.26,Coffee
76.2,59.61,87.26,31.86,94.01,6.54,290.74,Coconut
74.36,59.18,44.91,19.69,64.26,6.3,36.9,Garlic
35.18,36.75,27.9,16.05,59.71,6.59,90.02,Rajma
35.21,28.47,28.81,26.03,52.06,7.2,96.87,Field Bean
79.31,54.12,81.38,15.9,59.5,6.14,125.6,Apple
74.62,39.27,62.91,20.6,60.63,6.55,48.71,Garlic
55.62,38.89,29.54,24.0,58.66,7.01,62.5,Castor
60.01,31.96,30.59,26.45,75.45,6.84,91.59,Castor
107.13,46.59,69.5,19.82,76.86,5.41,208.6,Tea
113.37,52.36,100.61,30.6,57.78,6.36,154.57,Orange
62.88,34.57,54.88,32.96,63.6,7.28,52.3,Bottle Gourd
92.61,48.13,93.15,25.94,72.14,6.37,68.59,Grapes
87.61,54.6,68.36,30.7,67.37,6.33,99.79,Brinjal
76.93,21.37,59.22,18.21,55.38,6.88,64.22,Beetroot
101.53,41.21,80.63,25.43,61.53,6.77,79.69,Grapes
96.51,49.27,88.96,29.89,78.19,6.12,196.99,Arecanut
64.69,32.52,32.14,20.72,42.76,6.85,67.0,Mustard
31.45,31.38,26.96,17.96,69.46,6.33,69.55,Peas
97.92,59.86,99.01,22.1,65.96,7.16,149.4,Orange
36.35,27.18,39.28,18.85,43.43,6.45,41.49,Lentil
127.76,69.33,141.88,32.35,92.38,6.64,175.22,Banana
37.88,29.82,27.21,28.86,72.25,6.51,81.97,Black Gram
70.22,31.4,23.13,25.35,46.0,5.94,76.88,Sorghum
80.01,46.47,57.93,22.65,59.9,6.09,48.37,Cauliflower
64.58,32.13,31.39,31.43,67.16,7.28,62.95,Sunflower
101.65,31.96,26.69,17.07,65.81,6.2,78.28,Wheat
32.37,35.42,27.32,19.09,63.87,6.92,48.86,Radish
78.57,50.42,73.04,23.3,57.33,7.08,46.67,Garlic
78.09,24.18,63.53,32.76,48.02,5.66,69.68,Pomegranate
84.54,50.49,68.86,16.65,72.64,6.37,45.22,Cabbage
50.75,30.63,31.82,27.66,63.33,6.6,123.21,Finger Millet
46.99,30.78,23.91,19.6,54.13,6.38,63.17,Chickpea
92.37,63.24,45.53,24.5,68.06,6.88,78.45,Tomato
29.58,24.01,25.84,28.6,54.39,7.2,80.88,Kodo Millet
29.24,37.98,33.61,24.96,59.82,6.0,104.75,Niger Seed
102.21,59.12,55.37,22.66,70.68,6.5,110.01,Tomato
95.24,38.37,82.49,16.38,56.58,5.66,115.06,Apple
64.89,29.72,62.39,27.74,76.39,6.76,87.07,Bottle Gourd
94.55,66.65,113.84,22.88,70.55,7.14,111.12,Orange
59.45,30.12,73.46,19.22,56.71,7.0,57.96,Beetroot
63.78,34.41,30.43,30.17,56.25,6.39,113.76,Little Millet
94.26,51.78,80.55,21.57,63.04,6.62,70.96,Grapes
94.12,47.53,78.9,20.34,65.13,6.83,49.85,Onion
139.54,58.95,130.92,28.91,87.0,6.94,160.36,Banana
77.54,46.64,66.27,16.33,71.32,6.38,58.23,Cauliflower
29.22,35.18,29.52,24.54,56.52,6.18,115.38,Niger Seed
59.94,33.08,32.27,21.25,62.38,6.85,119.48,Finger Millet
31.22,30.41,21.65,30.82,49.86,6.51,50.78,Horse Gram
72.48,38.38,47.56,25.47,75.88,6.45,109.69,Maize
42.23,34.59,29.05,31.56,47.12,5.79,96.11,Sesame
78.67,53.71,85.3,26.55,56.72,6.51,70.65,Pomegranate
104.2,61.37,50.38,21.09,70.73,6.58,64.11,Cabbage
63.45,26.29,26.35,29.34,58.45,7.67,84.21,Groundnut
37.58,29.11,33.63,29.26,54.07,6.35,90.7,Cowpea
77.52,47.78,31.68,17.67,49.38,6.93,60.09,Barley
40.37,25.59,31.22,22.87,72.64,6.08,59.68,Foxtail Millet
57.41,33.47,58.67,29.27,78.5,6.25,139.88,Cashew
103.26,65.45,91.2,29.63,80.1,4.8,302.11,Rubber
95.6,50.8,45.28,21.7,70.0,6.51,75.58,Cabbage
107.4,42.66,97.94,23.19,63.77,6.51,66.66,Grapes
57.84,31.85,69.12,24.01,65.94,6.62,56.92,Beetroot
94.82,63.07,75.74,22.33,69.91,5.87,66.34,Potato
32.42,25.31,34.56,29.15,59.35,6.73,85.96,Green Gram
31.4,32.72,27.0,14.62,52.14,7.02,43.56,Peas
100.59,46.41,72.86,24.11,72.73,6.44,72.0,Cauliflower
77.51,55.88,72.55,18.29,55.46,6.75,59.78,Onion
33.71,33.21,25.08,22.99,57.36,7.16,116.98,Red Gram
35.98,16.61,26.33,27.71,51.41,6.77,61.87,Kodo Millet
104.22,53.53,95.33,19.34,55.16,7.18,64.93,Grapes
41.99,24.07,25.83,27.68,46.13,6.76,70.71,Sunflower
43.72,27.68,26.31,17.89,52.17,6.45,63.75,Chickpea
88.61,54.52,67.24,21.22,74.53,6.08,63.33,Onion
87.51,44.67,45.22,22.98,89.02,5.1,199.17,Tea
54.19,45.78,79.2,19.09,59.38,6.21,91.86,Apple
84.88,31.76,29.12,15.77,58.87,7.05,106.69,Wheat
37.01,30.57,43.02,23.32,47.27,6.89,49.84,Chickpea
66.23,42.89,57.87,26.23,60.99,6.59,241.71,Cashew
33.63,34.1,25.53,34.42,54.25,6.29,86.6,Kodo Millet
60.62,32.47,68.85,33.4,71.86,7.36,95.56,Pumpkin
67.34,61.07,50.03,22.35,63.43,6.31,59.06,Onion
62.14,29.89,42.04,29.44,57.64,7.32,61.19,Pearl Millet
99.53,52.79,52.52,23.95,57.11,6.75,49.1,Onion
52.59,29.83,35.96,23.42,60.72,6.38,91.8,Foxtail Millet
71.34,57.55,70.68,19.67,63.74,6.23,45.84,Onion
68.58,32.44,74.72,32.02,55.12,5.65,21.5,Pomegranate
106.79,70.06,100.81,29.87,65.54,5.42,151.51,Mango
39.14,35.98,26.52,32.87,69.51,6.56,109.88,Black Gram
48.27,37.86,32.34,29.48,55.2,6.25,70.92,Cowpea
70.61,54.2,59.91,28.38,49.34,6.46,85.92,Onion
87.53,65.8,37.04,20.51,67.13,6.67,75.41,Tomato
39.04,28.9,37.93,24.33,74.72,6.74,101.26,Finger Millet
63.85,32.5,35.91,23.9,70.26,6.41,101.7,Soybean
87.45,45.61,87.32,34.38,83.29,5.19,143.72,Arecanut
53.32,34.0,30.26,30.25,50.12,6.45,85.08,Castor
62.65,28.54,28.52,25.96,48.39,7.32,121.25,Soybean
52.29,34.08,35.07,29.92,60.8,6.84,93.53,Red Gram
117.76,47.96,61.23,25.51,72.24,6.52,213.72,Arecanut
41.55,25.86,19.46,30.49,56.94,7.06,58.52,Black Gram
63.8,35.35,64.08,19.7,61.26,6.7,39.1,Carrot
40.45,25.85,37.08,25.37,56.94,6.16,66.02,Peas
93.82,50.28,42.43,19.99,59.82,6.35,64.57,Cauliflower
34.58,29.4,34.43,24.02,49.07,7.34,57.07,Safflower
91.5,41.34,32.66,15.07,53.41,6.32,75.42,Wheat
70.74,35.73,58.65,19.36,58.64,7.09,60.01,Garlic
74.59,35.86,70.44,24.56,56.87,6.31,80.11,Pomegranate
51.37,27.58,38.28,36.49,63.74,5.85,90.25,Cowpea
35.88,32.07,24.39,22.64,64.59,6.54,100.5,Niger Seed
95.78,57.85,60.5,22.52,67.46,5.09,228.77,Tea
27.87,31.44,29.22,26.54,53.47,7.03,55.25,Chickpea
60.93,32.63,36.49,14.06,52.49,6.31,42.61,Mustard
59.41,30.66,59.78,30.75,63.82,7.02,86.1,Pumpkin
85.46,52.63,71.39,27.72,78.37,6.02,105.08,Pineapple
70.88,43.81,57.51,24.22,74.97,6.03,120.64,Coffee
101.23,46.43,31.11,15.98,49.0,6.65,59.09,Wheat
44.78,33.99,36.66,28.96,73.11,6.3,51.61,Black Gram
41.24,31.87,30.38,28.22,45.75,6.7,91.46,Little Millet
40.46,31.7,28.71,19.2,54.53,6.77,72.14,Peas
95.73,50.79,84.25,26.88,79.93,6.8,231.74,Arecanut
36.87,26.48,19.71,19.54,53.19,6.93,66.64,Linseed
48.14,32.53,35.28,24.17,58.04,7.02,80.58,Foxtail Millet
37.54,29.66,26.49,21.84,41.94,6.91,60.87,Peas
88.9,46.05,71.19,23.14,54.41,6.75,40.12,Garlic
45.05,29.17,34.1,26.91,46.82,7.51,120.39,Foxtail Millet
82.8,36.46,29.85,15.94,51.06,6.35,72.01,Barley
43.39,34.34,29.98,24.15,47.74,6.53,61.71,Linseed
87.31,28.54,65.33,26.16,76.69,5.71,135.52,Pineapple
96.42,76.25,62.39,26.46,62.18,6.36,87.96,Tomato
59.36,28.64,61.15,23.37,56.09,6.05,65.63,Carrot
52.8,23.23,63.52,26.94,65.76,6.14,155.9,Cashew
46.42,33.2,60.1,20.24,60.74,6.63,53.56,Beetroot
42.45,31.73,26.68,31.72,56.89,7.26,90.56,Green Gram
25.79,34.71,28.21,17.66,46.24,6.4,66.63,Peas
43.35,33.23,28.19,24.65,61.28,6.8,103.7,Kodo Millet
63.05,33.61,23.76,30.41,45.08,6.68,64.98,Castor
59.18,33.48,32.76,24.85,60.42,7.11,75.48,Soybean
48.35,45.33,26.43,30.18,71.73,6.08,75.36,Cucumber
79.17,53.42,50.07,25.07,79.44,6.51,63.11,Tomato
39.26,37.2,27.39,23.69,69.0,5.38,70.98,Niger Seed
63.16,42.03,59.39,23.27,50.1,6.59,50.8,Onion
59.86,31.11,59.29,28.36,56.23,6.59,65.99,Pumpkin
50.1,21.6,54.9,26.66,76.6,5.78,229.02,Cashew
82.08,47.32,77.12,20.89,53.75,6.35,64.8,Onion
28.17,25.87,19.85,16.71,49.93,7.0,92.35,Rajma
49.71,26.84,22.93,22.17,53.92,6.4,78.26,Rajma
26.58,25.07,40.32,20.65,62.56,6.72,100.19,Rajma
80.51,49.13,51.11,25.53,59.32,6.58,58.79,Onion
110.49,54.47,50.04,18.21,65.55,6.45,79.64,Cauliflower
49.16,38.46,61.3,20.26,59.79,6.6,61.58,Carrot
66.83,33.92,43.03,31.65,78.41,6.44,60.38,Cucumber
96.6,65.8,98.08,32.28,72.51,6.84,130.59,Papaya
68.98,60.39,79.35,29.72,61.5,6.49,72.74,Guava
38.05,19.02,30.57,26.27,56.7,6.49,96.22,Foxtail Millet
74.13,40.55,76.32,27.03,85.16,5.11,180.93,Pineapple
71.27,24.16,32.16,30.72,41.34,6.61,64.63,Pearl Millet
42.88,26.5,23.68,31.46,59.24,6.71,60.03,Groundnut
83.17,40.74,60.66,24.64,80.62,6.11,213.69,Coffee
67.21,23.15,60.32,16.48,57.33,6.32,53.45,Carrot
87.7,54.47,51.27,22.41,61.1,6.57,86.04,Tomato
108.89,49.69,105.94,31.66,63.41,6.22,65.66,Grapes
93.25,60.54,100.7,19.43,69.12,5.78,79.42,Potato
60.04,46.13,60.47,20.19,56.89,7.2,63.78,Beetroot
82.32,48.91,31.49,18.2,54.13,7.01,75.43,Wheat
64.09,37.85,51.91,19.1,64.55,6.43,54.21,Garlic
78.7,48.37,53.79,26.3,60.18,6.58,59.5,Onion
104.71,73.96,87.54,21.22,66.14,5.97,50.93,Potato
58.11,34.86,36.09,26.85,58.73,6.38,80.42,Foxtail Millet
31.53,32.71,30.67,25.76,58.15,6.4,67.99,Niger Seed
104.46,47.96,56.8,24.88,87.68,5.63,213.5,Rice
45.54,36.32,27.11,21.43,55.53,6.83,62.29,Chickpea
34.01,25.16,35.86,17.66,46.94,7.11,81.41,Peas
30.54,39.46,23.96,19.33,54.14,6.53,113.6,Rajma
44.48,27.06,33.02,27.5,60.83,6.34,74.95,Niger Seed
85.77,43.97,55.58,17.4,65.66,6.39,62.58,Cauliflower
55.65,27.72,33.51,28.11,74.21,5.97,68.26,Sorghum
108.4,54.05,108.47,26.75,74.44,7.05,325.63,Coconut
101.4,51.86,61.41,22.22,86.75,5.07,246.37,Tea
84.91,58.5,62.59,22.59,65.5,6.63,50.71,Onion
85.87,32.38,57.52,22.18,61.9,6.58,41.99,Garlic
73.17,72.43,68.97,18.59,74.65,5.98,44.32,Tomato
66.87,24.23,45.19,29.12,70.94,6.42,211.26,Cashew
64.26,35.82,27.94,19.56,60.64,6.61,41.36,Radish
89.91,43.6,25.82,16.8,56.73,6.24,54.39,Barley
45.14,30.18,36.42,29.73,80.09,6.73,88.64,Black Gram
41.67,29.27,24.99,24.74,48.25,6.81,55.88,Linseed
56.93,34.54,66.85,26.99,65.97,6.62,117.34,Pumpkin
58.72,33.32,34.43,23.5,60.43,6.49,102.41,Castor
98.78,49.24,62.65,21.76,66.5,6.53,49.71,Onion
31.66,27.62,26.82,26.72,59.21,7.02,83.06,Sesame
76.67,26.62,32.86,29.55,49.99,6.8,71.3,Groundnut
52.73,26.08,29.02,25.63,72.66,6.4,88.72,Finger Millet
48.2,35.07,30.63,15.16,43.42,7.25,41.04,Safflower
102.77,50.92,107.61,27.31,64.53,6.67,88.28,Grapes
57.5,18.32,44.8,22.36,45.21,7.07,52.16,Safflower
60.5,28.45,60.18,27.44,65.51,6.12,94.14,Pumpkin
105.43,67.59,108.57,18.47,65.87,5.37,62.21,Potato
71.76,40.77,39.4,27.99,74.93,6.86,71.16,Bottle Gourd
75.84,54.37,75.53,12.85,58.67,5.65,101.27,Apple
56.03,43.51,66.59,16.99,53.06,6.09,42.73,Garlic
33.78,34.7,41.43,30.15,54.39,6.54,69.83,Sesame
33.46,29.76,18.21,20.24,53.06,6.61,71.07,Field Bean
72.59,33.17,37.23,25.96,70.06,6.28,88.86,Soybean
53.49,26.35,27.9,16.33,48.76,6.63,38.3,Lentil
43.97,25.76,28.89,25.69,56.85,6.31,102.12,Little Millet
60.09,43.56,65.45,19.01,55.79,6.27,66.11,Garlic
92.47,55.11,82.87,34.88,69.62,7.13,117.58,Guava
119.74,50.87,58.96,29.76,57.6,7.08,66.01,Chilli
97.58,44.9,86.23,28.45,76.49,6.76,164.11,Orange
109.43,62.4,104.33,29.22,60.29,6.43,89.96,Mango
78.48,34.12,96.58,33.7,68.84,6.65,104.3,Guava
152.84,57.83,119.1,30.77,75.12,6.49,122.79,Banana
43.26,37.32,35.54,24.79,57.82,6.75,101.24,Soybean
96.56,71.15,99.49,31.42,70.81,6.45,132.62,Papaya
35.55,33.33,26.06,27.34,46.58,7.61,94.47,Foxtail Millet
120.38,57.46,94.0,28.58,50.35,6.23,104.35,Orange
35.87,27.32,32.98,32.12,64.23,5.96,66.02,Sesame
62.1,34.08,32.29,35.82,55.55,7.45,78.88,Pearl Millet
38.51,20.79,34.14,26.55,55.63,6.87,55.12,Safflower
36.69,26.42,28.71,25.76,54.85,6.27,76.7,Red Gram
46.91,29.83,26.12,24.76,46.32,6.85,54.55,Linseed
77.25,64.57,91.29,19.84,53.77,6.24,85.33,Orange
47.73,14.65,20.03,27.34,47.23,6.42,83.11,Cowpea
45.43,30.68,25.77,31.63,64.58,7.64,128.74,Red Gram
30.97,36.22,39.9,25.03,66.96,6.35,93.78,Field Bean
80.17,44.38,65.92,20.5,74.51,6.62,84.78,Cauliflower
24.81,33.51,37.47,30.66,51.67,6.13,54.18,Sesame
107.29,57.34,97.27,27.98,81.18,6.91,179.99,Coconut
49.91,36.76,26.88,22.94,63.84,6.45,21.73,Radish
91.17,53.16,68.84,30.16,66.94,7.24,63.96,Chilli
62.17,21.8,34.08,32.06,40.11,6.5,47.91,Pearl Millet
90.13,39.02,30.1,18.7,58.36,6.81,89.15,Wheat
40.19,27.41,27.08,18.75,53.48,6.81,51.34,Lentil
79.18,45.09,56.78,20.9,66.64,6.98,63.58,Garlic
46.41,27.58,25.71,17.74,54.86,6.79,53.29,Peas
30.72,32.8,26.95,19.41,52.43,6.17,69.36,Peas
28.84,31.15,26.17,19.63,56.97,6.64,79.23,Rajma
85.54,51.35,82.96,34.92,76.05,7.09,250.52,Coconut
25.37,35.77,34.03,26.42,60.63,6.37,106.64,Foxtail Millet
53.93,23.09,34.88,27.94,68.31,6.8,65.4,Bottle Gourd
24.56,17.49,26.73,29.09,66.33,6.65,74.75,Cowpea
93.27,66.25,99.65,29.69,70.88,6.13,125.77,Papaya
91.88,62.35,74.76,24.38,75.47,6.93,69.59,Brinjal
57.15,26.44,30.46,33.56,70.64,5.97,95.93,Castor
75.11,40.36,76.68,30.4,58.85,6.05,116.84,Guava
103.84,51.8,93.11,20.79,60.12,6.89,65.17,Grapes
40.63,32.39,25.91,21.43,62.18,6.86,93.21,Niger Seed
72.48,37.75,26.46,29.24,64.6,6.73,74.74,Maize
47.88,25.43,62.17,26.23,71.39,6.68,100.46,Bottle Gourd
53.16,26.46,32.04,34.08,52.49,7.13,89.44,Sorghum
81.0,44.68,47.71,21.1,66.65,6.54,80.73,Tomato
66.9,27.14,24.85,29.49,49.98,6.65,35.48,Pearl Millet
66.91,57.8,102.15,23.5,65.09,7.65,192.57,Orange
38.79,37.07,30.88,22.36,48.95,6.69,103.96,Little Millet
119.44,45.18,112.85,29.91,77.19,6.82,263.21,Coconut
52.05,24.2,31.62,34.82,51.71,7.09,81.96,Groundnut
49.93,30.83,54.41,26.15,68.11,6.7,45.64,Carrot
36.73,16.76,23.13,21.65,63.53,7.36,50.47,Peas
97.26,44.08,37.4,22.14,46.95,7.02,74.25,Wheat
66.05,39.43,41.76,27.79,49.78,7.41,99.05,Pearl Millet
87.86,33.09,35.08,14.4,53.8,7.01,52.18,Barley
76.45,49.9,58.05,19.3,51.8,6.62,39.84,Garlic
52.51,29.8,20.35,32.92,56.7,6.75,79.39,Black Gram
56.73,30.78,62.99,26.01,69.74,6.97,75.02,Pumpkin
46.48,31.35,32.61,30.18,66.13,6.64,115.6,Soybean
96.81,49.07,111.07,28.1,60.43,6.28,80.82,Grapes
42.84,26.99,25.38,23.24,65.58,6.99,99.54,Niger Seed
86.9,33.36,75.32,28.76,77.37,5.39,113.31,Pineapple
52.87,32.26,39.45,18.19,51.51,5.85,47.21,Mustard
109.35,35.04,35.71,19.3,53.64,6.44,33.72,Wheat
108.77,51.94,65.35,19.96,69.1,6.33,97.77,Cabbage
109.57,62.4,95.2,25.82,56.39,6.79,151.05,Orange
36.3,30.05,26.76,17.81,57.08,6.87,59.28,Radish
28.2,35.18,34.38,18.47,61.85,6.25,49.62,Radish
78.36,50.35,65.61,25.04,63.19,6.47,109.22,Guava
59.66,37.71,35.41,36.07,60.94,7.64,51.98,Sorghum
124.95,74.75,112.96,29.43,54.0,6.59,187.97,Mango
99.03,51.31,53.62,28.12,82.42,5.73,150.83,Rice
88.54,44.68,83.24,20.94,85.23,5.54,113.06,Litchi
89.13,41.12,107.06,31.65,83.31,6.38,245.24,Coconut
15.41,42.03,39.23,24.06,63.19,6.45,153.37,Red Gram
47.74,27.05,37.13,27.51,54.1,6.59,89.6,Foxtail Millet
106.89,57.23,59.72,22.36,68.32,6.54,97.73,Cabbage
65.82,38.49,29.27,29.78,47.76,6.65,67.3,Sunflower
63.85,56.59,63.46,22.13,71.84,6.66,85.45,Tomato
66.28,39.3,37.02,20.61,35.21,6.76,58.16,Barley
30.14,22.33,26.94,23.16,66.35,6.55,81.14,Field Bean
41.42,23.85,24.27,28.76,53.08,6.3,100.12,Niger Seed
71.06,44.56,45.39,35.72,77.86,6.84,93.42,Maize
49.61,22.38,24.77,34.94,55.6,6.43,85.28,Castor
21.61,33.53,24.61,32.56,62.44,5.67,93.78,Black Gram
101.0,41.93,108.72,27.19,82.6,6.3,280.54,Coconut
103.07,76.94,69.14,32.7,67.49,6.6,83.23,Chilli
61.14,30.31,65.42,31.04,72.43,7.23,74.19,Bottle Gourd
58.02,31.96,53.97,22.85,64.41,7.13,58.51,Carrot
86.66,72.9,50.72,23.87,66.36,7.04,86.16,Chilli
36.17,32.5,32.91,27.2,54.4,7.04,74.99,Niger Seed
44.44,33.32,24.48,26.53,63.45,6.42,123.94,Soybean
31.78,32.02,33.87,16.85,59.83,6.96,74.59,Peas
63.38,26.07,56.69,32.22,66.61,6.28,57.85,Bottle Gourd
76.16,55.93,59.56,24.52,67.16,7.11,75.0,Brinjal
91.28,51.36,84.63,22.51,72.78,6.89,135.22,Orange
71.52,30.13,80.77,7.73,60.85,6.36,108.66,Apple
31.99,29.36,27.23,23.92,63.28,6.46,77.48,Niger Seed
105.24,50.65,72.29,20.22,83.95,4.77,231.6,Tea
118.37,53.98,99.92,20.69,81.5,5.69,41.96,Potato
53.35,23.35,24.13,20.97,65.41,5.82,98.4,Finger Millet
34.49,35.62,28.56,19.73,64.69,6.99,34.21,Radish
95.89,35.69,28.33,18.07,65.47,6.87,74.77,Wheat
32.0,30.63,26.69,32.06,51.3,7.38,89.86,Red Gram
32.23,31.69,21.23,15.87,48.24,6.16,66.17,Peas
56.25,35.87,32.66,30.48,40.99,6.94,67.29,Sorghum
45.92,27.58,23.32,19.98,45.87,6.57,61.58,Linseed
45.4,35.72,35.4,29.97,59.86,6.52,68.53,Finger Millet
105.71,46.13,93.94,23.14,49.5,6.57,72.62,Grapes
44.49,40.39,66.63,27.42,71.13,6.7,163.99,Cashew
69.21,25.39,64.39,19.06,63.57,6.18,65.05,Carrot
83.0,46.93,57.2,32.78,63.01,6.8,92.46,Okra
31.24,28.73,18.93,24.36,63.54,6.43,106.19,Soybean
42.3,29.76,26.18,27.98,60.25,6.0,58.23,Cowpea
102.32,50.26,49.71,27.67,77.16,5.95,235.23,Rice
90.52,40.18,43.17,14.29,50.44,7.49,74.44,Wheat
58.43,39.35,33.85,24.04,57.22,5.87,122.59,Finger Millet
29.09,34.83,38.19,22.0,47.18,7.02,65.03,Chickpea
57.6,28.32,19.85,24.66,30.17,6.76,70.47,Pearl Millet
29.64,21.45,24.71,22.07,61.24,5.92,70.23,Peas
62.64,23.49,27.44,30.02,48.79,6.49,59.23,Pearl Millet
52.95,34.58,32.08,21.02,53.48,5.94,48.49,Linseed
85.16,48.75,77.87,25.11,88.31,4.97,148.77,Pineapple
71.91,39.65,63.65,27.15,72.18,6.65,82.91,Pomegranate
71.56,38.8,19.88,15.44,52.03,5.86,68.23,Barley
96.28,62.86,126.27,28.53,73.74,6.09,222.4,Mango
79.82,48.96,57.12,20.89,71.57,6.63,57.08,Onion
33.9,35.45,28.87,31.08,58.13,6.95,109.99,Black Gram
24.34,26.95,34.81,26.65,53.57,6.83,75.85,Little Millet
109.66,52.07,68.16,18.76,68.59,6.32,58.6,Cabbage
61.38,57.99,72.02,23.72,81.43,6.73,67.44,Cabbage
105.56,51.82,65.54,22.06,79.69,6.23,253.71,Arecanut
55.19,33.5,57.36,24.96,73.61,6.32,83.86,Bottle Gourd
37.04,20.98,32.54,23.88,52.57,6.72,54.07,Lentil
69.23,32.44,50.4,27.44,66.56,7.05,50.87,Bottle Gourd
46.7,35.15,37.74,23.85,56.26,6.67,70.38,Soybean
51.12,29.83,32.69,34.06,58.55,5.5,68.23,Kodo Millet
34.2,32.49,24.34,28.41,59.15,6.18,48.63,Cowpea
77.82,57.03,85.7,8.16,60.39,5.98,110.52,Apple
59.33,53.72,78.55,35.49,62.29,6.29,76.88,Pomegranate
32.13,29.1,35.69,27.02,57.64,6.58,65.13,Sesame
82.43,51.21,52.39,33.33,86.95,5.97,157.19,Rice
64.41,67.34,50.13,22.37,72.51,5.96,68.72,Tomato
88.07,50.1,85.92,33.29,81.42,5.98,257.54,Arecanut
48.08,30.34,27.07,25.47,64.08,6.82,129.53,Red Gram
88.55,49.09,106.66,28.79,60.98,5.41,200.33,Mango
40.26,28.34,29.34,19.51,46.95,6.47,53.98,Safflower
70.7,30.04,63.8,18.36,54.76,6.53,53.95,Carrot
54.6,28.13,21.3,25.52,51.84,6.19,116.0,Finger Millet
34.57,33.67,25.44,23.84,53.64,5.98,57.43,Chickpea
85.64,50.43,59.81,26.32,73.96,6.84,68.08,Brinjal
97.01,70.46,114.94,28.57,54.46,7.05,165.45,Mango
59.96,50.18,60.26,16.91,66.51,6.24,53.7,Garlic
84.44,42.47,79.58,7.46,54.72,6.19,148.24,Apple
123.02,63.1,49.45,28.13,76.85,6.81,51.17,Brinjal
46.36,30.51,32.87,26.1,40.88,6.55,32.49,Pearl Millet
36.74,40.17,36.41,31.46,72.67,6.05,99.89,Black Gram
103.39,54.16,75.1,31.1,81.24,6.08,242.77,Arecanut
82.83,52.88,99.54,29.03,71.69,6.22,262.84,Coconut
55.65,27.35,25.61,19.45,41.01,7.16,54.89,Linseed
69.82,33.57,25.63,22.29,47.95,7.05,52.87,Mustard
43.04,19.43,31.11,27.71,51.49,7.26,64.8,Sunflower
109.61,50.13,87.08,15.39,71.25,6.37,110.55,Orange
46.39,33.3,22.58,18.77,69.5,7.31,49.29,Radish
50.77,20.38,30.81,30.74,42.77,6.5,54.05,Chickpea
82.42,51.24,58.77,21.99,73.81,6.31,296.87,Rice
52.82,45.05,28.59,34.29,44.13,6.5,74.31,Green Gram
62.87,22.93,27.69,33.31,59.47,6.3,50.03,Sorghum
34.34,28.42,31.33,39.33,47.57,6.69,82.8,Sesame
61.56,42.51,41.84,31.21,65.98,6.77,73.01,Cucumber
33.9,26.85,32.97,20.05,58.92,6.35,55.11,Peas
76.28,54.7,48.38,16.82,69.42,6.39,76.24,Cabbage
85.71,50.89,96.28,27.77,58.35,7.34,73.76,Grapes
87.4,75.48,99.36,32.56,57.67,6.72,145.1,Mango
28.59,26.82,27.14,22.21,48.25,6.67,22.34,Lentil
48.61,30.57,28.32,19.74,57.94,6.81,117.68,Finger Millet
43.31,43.35,22.98,22.86,47.97,8.32,45.27,Chickpea
42.12,32.25,26.29,30.05,62.85,6.44,90.37,Sesame
82.52,49.99,53.8,25.41,65.25,6.27,105.23,Tomato
36.58,27.03,31.88,19.21,69.81,6.25,88.46,Rajma
43.23,30.62,21.55,21.6,44.05,6.51,60.28,Linseed
69.21,45.1,71.19,33.44,54.03,6.45,54.44,Pomegranate
72.67,44.48,59.35,31.41,78.3,6.51,99.18,Brinjal
21.95,24.47,30.54,19.51,54.89,7.04,71.71,Chickpea
85.26,67.84,105.26,29.22,82.55,6.76,211.36,Mango
116.26,44.03,58.7,28.41,77.0,6.77,191.18,Arecanut
60.32,23.65,66.46,29.88,75.4,6.66,151.45,Cashew
89.99,60.9,86.51,26.01,85.08,5.77,160.52,Pineapple
59.18,28.28,31.03,20.67,42.06,6.48,49.85,Mustard
61.5,28.2,64.86,31.22,68.69,6.67,74.84,Bottle Gourd
42.81,31.17,27.76,19.87,52.64,6.67,43.6,Radish
79.17,43.2,75.73,23.4,67.99,5.71,189.75,Litchi
52.06,30.75,27.17,19.89,53.74,7.04,60.6,Chickpea
48.48,32.16,30.1,28.71,55.6,6.72,86.4,Castor
89.04,46.17,94.11,28.58,86.82,6.77,299.6,Coconut
88.24,82.91,106.86,21.13,68.46,6.02,56.59,Potato
39.63,40.52,34.41,26.1,53.13,6.69,94.55,Kodo Millet
35.32,20.72,25.54,28.15,53.45,6.59,81.75,Field Bean
32.7,29.04,33.77,28.46,45.03,5.82,56.69,Horse Gram
44.39,21.81,32.74,25.09,55.6,6.34,92.72,Finger Millet
25.22,26.44,35.49,33.86,44.95,6.82,87.16,Red Gram
44.07,31.05,33.12,31.46,55.36,6.95,76.02,Castor
61.84,24.26,68.94,21.94,59.82,6.48,65.77,Carrot
80.5,47.07,66.86,20.33,65.19,6.47,43.52,Onion
91.93,45.67,28.15,17.55,57.13,7.51,83.33,Wheat
89.58,68.0,66.17,24.26,59.61,6.43,66.25,Chilli
44.42,25.92,24.07,24.17,46.61,6.79,49.69,Safflower
41.99,28.21,24.65,23.79,62.35,6.89,68.3,Soybean
102.65,51.77,92.04,33.57,61.23,6.98,65.66,Grapes
36.98,20.43,24.5,28.5,48.43,6.69,85.48,Chickpea
42.04,29.21,32.61,26.53,61.66,7.28,72.64,Foxtail Millet
46.71,17.12,29.3,15.72,51.83,6.87,54.08,Lentil
40.9,28.06,36.52,28.34,48.18,6.91,105.76,Field Bean
101.99,38.45,114.36,29.82,85.93,6.45,172.55,Coconut
51.53,32.03,35.2,31.27,45.81,7.4,74.79,Sesame
60.16,27.47,21.66,29.94,49.9,6.83,50.88,Pearl Millet
89.86,54.04,32.79,26.88,72.52,7.17,106.16,Maize
30.47,32.37,30.09,27.27,52.62,7.53,78.73,Horse Gram
50.28,33.03,29.81,30.82,54.93,6.08,89.39,Foxtail Millet
48.56,25.75,35.09,29.7,54.64,6.89,54.52,Groundnut
47.18,36.12,38.38,22.17,58.62,6.49,69.33,Sunflower
52.95,22.37,46.08,35.14,61.9,6.51,59.1,Bottle Gourd
67.64,36.85,24.15,23.69,61.44,6.65,61.79,Sunflower
79.22,37.83,32.88,18.28,43.48,6.95,73.29,Wheat
105.87,68.56,97.33,24.02,89.49,6.25,263.13,Rubber
65.94,46.41,42.27,29.55,57.66,6.9,63.44,Okra
44.51,23.35,31.27,23.84,41.29,7.13,54.59,Safflower
76.56,49.54,34.51,27.83,68.79,6.22,114.25,Maize
37.34,28.96,21.39,22.04,49.8,6.38,80.6,Field Bean
103.05,51.84,54.61,28.53,85.57,5.03,171.21,Tea
95.01,50.0,101.33,29.81,83.12,7.96,178.28,Coconut
100.19,49.39,48.8,22.78,82.57,5.59,222.83,Coffee
106.2,48.14,96.81,26.88,71.72,6.65,156.9,Papaya
29.09,32.28,28.4,23.25,51.42,6.42,112.88,Rajma
112.18,47.94,96.73,30.05,64.2,7.04,73.45,Grapes
44.04,32.4,22.75,27.7,58.85,6.12,84.62,Foxtail Millet
48.36,24.64,48.91,19.37,66.23,6.37,35.83,Carrot
62.49,33.64,27.28,32.63,53.13,6.64,74.99,Castor
60.61,34.0,32.38,27.76,34.14,6.64,84.8,Sunflower
78.09,48.74,52.75,19.43,67.88,6.64,85.63,Tomato
90.15,66.99,42.98,31.15,59.12,6.65,62.31,Chilli
30.09,22.66,23.11,31.98,63.92,6.66,84.6,Red Gram
128.63,69.43,75.16,29.61,65.42,5.74,142.12,Orange
32.35,36.16,38.06,18.29,62.24,7.06,54.2,Peas
53.97,33.79,30.8,19.68,61.71,6.98,51.27,Radish
113.76,48.25,82.68,18.63,66.61,6.62,67.85,Cauliflower
72.63,35.32,82.76,24.05,59.89,5.79,69.63,Pomegranate
25.23,34.18,32.29,23.39,31.96,6.12,53.28,Horse Gram
74.7,49.0,79.53,17.98,65.29,6.48,67.65,Onion
28.11,24.02,23.73,28.18,56.54,6.61,69.24,Cowpea
59.03,22.6,28.23,16.6,49.32,7.6,51.67,Safflower
45.24,26.7,29.5,22.59,66.28,6.31,74.44,Niger Seed
75.33,47.39,40.0,30.85,57.03,6.29,108.5,Maize
107.23,55.96,102.55,27.23,66.36,6.88,167.81,Papaya
45.11,61.41,37.05,29.63,70.62,5.77,90.68,Okra
74.71,44.69,71.44,21.1,80.74,6.61,57.15,Cauliflower
111.3,57.95,109.16,20.19,66.72,5.54,55.94,Potato
46.8,32.5,24.27,30.34,55.38,7.54,85.52,Kodo Millet
36.32,29.83,27.67,23.98,68.83,6.79,90.61,Field Bean
63.23,44.69,46.12,27.13,50.73,6.71,37.77,Okra
110.15,44.3,68.43,22.84,72.82,4.94,295.05,Tea
64.84,30.81,29.1,19.89,46.14,6.81,59.94,Sunflower
63.38,32.13,62.3,35.06,62.32,6.39,153.93,Cashew
51.4,31.66,70.5,32.64,70.08,6.96,60.73,Pumpkin
28.24,33.82,29.57,16.43,50.18,7.05,60.97,Peas
49.5,34.17,23.41,32.35,56.14,6.55,73.73,Groundnut
35.19,28.03,39.77,25.96,46.93,6.42,60.44,Cowpea
84.78,63.02,53.82,33.56,58.79,6.64,92.06,Chilli
38.89,31.14,32.79,22.11,56.4,6.69,63.33,Lentil
96.84,60.62,79.55,21.48,64.11,6.61,106.13,Orange
50.52,24.72,29.36,21.45,47.97,7.31,62.46,Chickpea
78.87,36.34,58.1,19.13,58.88,6.57,51.3,Garlic
64.3,33.36,33.0,28.16,47.59,7.31,42.74,Safflower
87.25,46.22,72.09,21.49,69.37,6.82,82.42,Cabbage
52.05,23.63,33.29,25.26,68.58,7.08,79.61,Little Millet
34.53,35.9,36.04,23.55,47.37,7.49,50.57,Chickpea
95.34,42.23,115.29,33.08,66.01,5.52,149.93,Mango
102.63,51.82,49.86,29.86,93.16,6.63,190.68,Rice
84.63,49.77,87.13,23.36,55.35,6.86,61.39,Grapes
139.11,67.61,134.07,27.67,72.97,6.22,217.46,Banana
93.76,42.01,101.04,34.35,80.08,7.36,148.23,Coconut
33.18,33.45,29.36,33.02,55.89,5.73,88.38,Sesame
50.52,29.27,29.25,19.42,50.33,7.14,58.39,Lentil
87.23,58.52,47.86,23.86,60.33,6.4,43.24,Onion
70.33,63.72,55.67,25.46,77.79,6.29,176.13,Coffee
45.85,28.26,53.45,17.82,55.86,6.43,51.46,Carrot
53.89,37.68,72.79,31.94,73.63,6.35,88.42,Cashew
44.63,33.88,22.06,23.53,45.43,7.19,56.73,Chickpea
113.13,29.4,127.56,27.57,69.68,6.89,153.9,Orange
24.37,32.01,33.99,27.47,49.13,6.58,80.61,Horse Gram
34.46,28.73,30.76,19.84,64.53,6.35,86.72,Rajma
45.64,36.43,31.85,36.14,63.45,6.54,75.73,Red Gram
58.64,26.42,65.68,31.47,74.88,6.24,181.41,Cashew
58.08,44.56,64.01,19.49,59.68,6.83,47.97,Garlic
77.46,58.38,96.88,28.37,79.6,7.2,153.41,Coconut
94.07,50.86,55.61,20.82,84.52,4.96,219.29,Tea
23.39,31.35,37.3,22.83,50.92,6.98,52.19,Field Bean
69.21,29.71,38.19,29.1,74.91,7.0,61.99,Okra
21.75,26.77,31.99,16.62,49.3,5.98,68.92,Peas
67.99,50.38,85.29,10.16,52.9,6.38,90.31,Apple
56.31,30.43,57.57,20.19,49.88,6.26,65.45,Beetroot
29.05,28.18,21.32,14.01,51.37,6.77,61.37,Peas
95.43,73.9,64.37,30.81,65.43,5.1,66.71,Brinjal
76.94,46.6,78.2,11.4,54.7,5.86,135.17,Apple
58.77,36.24,48.26,29.97,61.85,6.75,97.67,Okra
54.91,30.69,22.06,20.89,54.42,7.29,51.94,Mustard
45.25,26.65,21.32,20.42,67.0,7.09,86.41,Field Bean
46.61,25.64,32.34,18.69,43.85,6.62,61.41,Linseed
92.58,48.0,28.17,26.63,69.75,6.65,67.35,Cucumber
70.0,34.23,30.27,25.07,74.78,6.33,84.56,Cucumber
65.61,29.99,25.46,37.3,53.25,7.52,69.49,Pearl Millet
50.17,31.13,26.86,27.24,47.09,6.69,42.21,Foxtail Millet
94.7,50.88,93.04,34.01,75.61,6.5,163.29,Coconut
96.5,53.81,66.25,19.65,66.25,5.71,84.63,Potato
58.87,32.47,26.13,30.93,59.14,6.72,53.23,Pearl Millet
48.34,49.71,36.59,27.98,63.61,6.4,76.67,Cucumber
97.78,64.8,59.13,21.96,62.35,6.85,83.9,Tomato
36.51,29.43,30.9,20.21,56.16,6.27,91.76,Rajma
96.28,54.06,45.69,25.49,75.31,6.1,194.83,Rice
29.6,29.35,27.04,19.05,60.76,5.9,71.72,Niger Seed
80.61,46.46,54.17,22.42,69.01,5.95,174.9,Coffee
99.75,44.24,111.96,33.57,66.84,6.78,127.35,Papaya
51.79,19.96,49.63,32.22,64.76,6.71,97.96,Bottle Gourd
64.59,31.8,26.17,26.59,54.4,5.11,112.82,Finger Millet
70.27,43.08,42.57,30.07,71.17,6.63,97.14,Cucumber
85.41,53.85,86.66,26.18,52.75,6.4,59.2,Pomegranate
35.4,27.78,37.49,27.26,50.96,6.97,79.24,Foxtail Millet
47.12,28.56,35.35,27.01,63.88,5.91,101.58,Kodo Millet
56.77,27.21,28.55,22.86,52.73,7.21,96.85,Little Millet
88.93,48.46,41.07,26.37,70.8,5.74,228.3,Rice
84.07,35.74,78.07,29.4,69.28,6.52,185.29,Litchi
32.02,38.23,34.9,30.38,56.43,6.52,45.09,Sesame
67.78,25.44,26.45,20.62,45.2,6.57,42.65,Mustard
35.74,26.22,32.87,29.91,37.54,7.33,68.54,Sesame
85.21,36.1,60.82,7.97,62.08,6.71,114.72,Apple
89.02,69.35,80.07,28.04,91.75,5.33,267.97,Rubber
35.76,37.41,27.59,24.4,46.93,7.11,59.61,Chickpea
53.2,32.19,28.05,26.95,64.63,6.54,81.04,Soybean
96.63,60.15,41.35,26.41,66.98,6.96,70.09,Chilli
94.37,54.26,63.88,24.51,79.9,5.91,220.46,Coffee
29.93,26.55,26.77,23.84,49.42,7.33,65.69,Peas
60.63,29.34,28.91,15.01,47.44,6.74,70.02,Mustard
67.46,31.0,31.11,18.29,47.23,7.3,45.08,Mustard
47.58,25.4,38.97,19.82,50.79,7.68,45.63,Lentil
108.1,64.84,91.88,26.71,68.97,6.52,104.29,Papaya
95.55,30.69,30.88,12.9,42.95,6.87,74.85,Wheat
64.59,34.54,28.97,25.93,49.38,6.81,75.09,Sunflower
64.55,37.31,29.3,28.61,53.87,7.07,48.74,Pearl Millet
96.18,52.91,67.37,33.85,78.91,5.87,177.61,Arecanut
78.87,33.62,65.68,23.7,60.15,7.05,61.14,Beetroot
42.84,25.16,27.94,31.99,53.15,6.1,73.92,Little Millet
106.75,61.18,63.63,21.2,58.18,6.25,59.27,Tomato
109.9,56.87,132.31,30.85,80.28,7.46,142.45,Banana
18.73,33.98,28.91,32.02,71.81,6.86,75.26,Black Gram
86.0,61.68,59.26,23.94,67.48,6.18,82.51,Brinjal
44.81,32.06,38.08,24.38,65.88,6.03,90.93,Niger Seed
60.71,30.41,45.25,30.55,72.77,6.55,97.86,Pumpkin
97.57,49.14,103.91,33.82,59.56,6.59,64.13,Grapes
119.99,67.45,110.58,29.88,77.59,6.56,204.76,Banana
98.33,48.35,45.43,20.73,85.33,5.51,175.87,Tea
78.78,42.55,23.26,14.4,51.55,7.0,70.64,Barley
121.29,48.73,50.66,28.55,81.6,6.37,173.28,Rice
32.62,31.73,30.54,32.08,50.82,6.79,67.85,Sesame
57.87,24.25,30.98,20.29,53.19,6.57,61.94,Linseed
102.68,56.6,40.7,28.83,79.21,6.36,143.24,Rice
40.97,24.46,29.85,19.57,54.94,6.08,78.66,Rajma
57.62,35.05,36.68,21.61,61.19,6.53,56.31,Linseed
38.6,30.12,31.16,28.16,46.59,5.92,97.9,Foxtail Millet
88.44,59.45,99.32,28.32,71.33,6.1,148.96,Orange
90.73,51.96,44.4,31.9,87.14,6.5,252.47,Rice
62.6,33.53,31.11,18.0,47.85,6.39,51.27,Barley
119.14,72.81,93.43,30.41,55.05,6.89,128.62,Mango
42.42,29.28,37.01,27.5,38.0,6.05,78.33,Cowpea
35.62,39.61,27.37,19.53,52.25,6.39,62.95,Rajma
100.52,45.81,47.84,29.69,73.92,5.63,207.45,Rice
61.97,59.03,49.63,25.72,60.23,6.69,62.26,Onion
95.74,51.36,75.07,30.07,84.54,5.39,326.21,Rubber
40.6,31.73,29.65,22.51,53.46,6.65,55.43,Lentil
60.42,47.94,63.08,19.84,58.15,6.87,38.0,Garlic
101.48,76.37,73.13,28.6,66.23,6.05,88.38,Chilli
83.49,39.53,54.15,21.85,84.87,5.49,189.33,Coffee
93.5,47.29,85.29,28.27,78.62,6.6,135.44,Litchi
40.18,22.97,27.97,23.17,57.43,7.08,89.73,Niger Seed
72.95,39.48,29.29,19.13,64.22,7.36,60.65,Barley
78.76,45.07,64.14,24.91,89.28,6.42,216.46,Coffee
86.96,71.38,55.2,28.64,53.1,6.47,71.36,Brinjal
51.88,28.22,34.19,17.0,59.73,7.18,48.99,Radish
69.66,25.9,23.34,17.0,50.85,6.46,56.65,Mustard
65.06,42.99,67.25,20.9,92.71,5.77,143.91,Coffee
69.25,32.95,74.78,24.91,96.14,5.76,206.08,Litchi
111.31,42.6,53.5,20.13,70.1,6.65,51.58,Cauliflower
53.12,33.46,32.65,24.41,72.7,6.51,112.54,Finger Millet
78.41,47.53,44.16,28.71,74.4,6.77,73.3,Cucumber
58.24,50.15,65.82,15.87,60.03,6.33,116.25,Apple
63.56,30.27,60.09,28.56,68.07,6.49,64.5,Bottle Gourd
61.44,32.22,27.66,16.55,54.87,7.67,58.8,Mustard
82.91,34.9,68.13,8.63,60.38,5.74,128.57,Apple
65.48,48.98,48.87,27.11,77.79,6.0,63.0,Cucumber
91.89,41.76,108.41,25.67,62.33,6.44,164.98,Papaya
97.49,33.82,93.88,25.02,58.07,6.25,79.73,Grapes
49.59,27.56,33.46,30.57,62.29,6.68,60.04,Green Gram
26.07,26.7,34.46,24.34,57.51,6.95,91.6,Niger Seed
56.3,39.42,34.16,34.05,51.31,6.9,50.19,Pearl Millet
77.97,38.34,30.39,17.31,52.14,7.09,58.1,Barley
46.83,35.3,32.51,18.85,52.05,6.42,58.85,Linseed
67.77,51.17,44.27,34.13,66.63,6.63,97.88,Okra
60.47,27.56,30.45,28.18,64.63,6.7,83.34,Soybean
33.55,29.58,39.3,22.58,46.27,7.23,38.26,Safflower
81.65,38.21,34.07,21.95,50.1,7.55,52.37,Barley
64.26,56.59,24.0,27.53,47.34,6.51,75.99,Maize
74.0,31.34,62.0,26.86,73.35,6.95,48.22,Bottle Gourd
60.51,30.03,24.0,21.7,78.74,6.93,82.56,Soybean
49.9,25.53,34.08,25.5,65.79,6.41,101.15,Finger Millet
70.67,54.78,67.93,25.83,73.97,6.02,80.88,Tomato
78.13,34.92,72.79,18.94,65.91,6.53,33.82,Carrot
83.42,65.5,54.73,27.0,72.96,6.23,112.46,Brinjal
75.4,49.7,75.8,18.91,81.93,5.84,108.0,Coffee
50.97,35.27,66.06,26.41,77.95,6.26,141.07,Cashew
101.17,58.08,48.31,29.44,89.03,6.59,175.86,Rice
19.21,28.26,33.12,21.63,38.97,7.27,54.62,Chickpea
73.09,24.63,61.27,30.43,77.16,6.49,55.21,Bottle Gourd
61.6,28.53,24.56,23.77,50.16,6.36,75.07,Sunflower
83.67,34.28,34.53,30.47,76.39,6.6,72.78,Okra
45.4,30.21,28.27,26.63,46.18,6.83,63.06,Cowpea
46.78,25.82,33.59,32.08,46.63,6.47,58.37,Kodo Millet
34.27,31.69,27.59,17.98,54.84,7.11,59.47,Chickpea
99.64,83.07,103.59,20.69,79.89,5.41,82.68,Potato
21.42,19.22,32.08,33.38,42.78,6.41,41.24,Horse Gram
50.54,20.05,48.43,29.89,75.69,5.62,80.77,Bottle Gourd
20.49,32.58,29.69,24.16,59.48,5.93,98.48,Niger Seed
29.3,33.32,30.1,33.72,59.81,5.61,85.97,Sesame
96.77,65.69,36.37,25.36,60.91,6.15,125.69,Brinjal
54.51,34.75,31.15,25.33,78.86,6.28,84.17,Soybean
42.83,34.48,29.89,22.35,48.87,6.56,71.06,Chickpea
51.59,31.01,22.41,32.17,57.83,6.96,65.39,Green Gram
93.41,50.02,102.35,27.23,67.58,6.77,134.02,Papaya
37.69,29.23,22.96,21.67,43.76,6.48,57.2,Safflower
34.14,26.67,29.81,9.82,60.99,6.3,74.3,Peas
39.89,40.47,27.99,18.91,46.8,7.38,63.54,Chickpea
53.78,27.15,45.03,28.56,71.69,6.37,84.77,Bottle Gourd
66.18,22.8,26.17,24.76,59.42,7.09,72.72,Sunflower
98.7,40.68,72.99,25.16,73.68,6.23,202.21,Litchi
71.62,38.12,27.67,32.46,47.61,7.15,53.9,Pearl Millet
48.72,37.54,23.85,34.35,50.19,7.16,79.32,Green Gram
82.24,43.39,108.52,24.28,38.95,7.25,65.99,Pomegranate
101.21,35.06,102.94,31.32,66.68,7.07,221.1,Mango
60.34,32.6,52.88,28.87,70.19,6.8,79.22,Pumpkin
96.11,35.45,35.44,20.03,59.16,6.73,49.86,Barley
98.17,40.31,79.47,25.81,80.65,5.89,261.36,Pineapple
49.09,19.6,27.43,24.69,64.41,6.48,125.05,Soybean
70.39,29.36,50.75,19.81,65.12,7.05,51.3,Beetroot
83.03,66.16,48.98,17.89,66.53,6.63,86.51,Tomato
68.52,30.33,47.72,22.42,67.21,6.55,55.7,Garlic
35.79,30.19,30.28,26.13,51.97,6.62,99.1,Kodo Millet
41.7,25.18,36.74,26.1,52.92,5.66,96.48,Kodo Millet
102.55,49.69,55.34,27.78,85.34,4.87,297.17,Tea
111.01,47.81,79.41,22.56,90.58,5.01,218.5,Tea
30.22,35.64,28.84,18.43,55.48,6.39,78.74,Rajma
123.96,67.92,105.83,30.21,81.04,6.65,122.66,Banana
88.2,42.21,78.65,22.45,70.0,6.33,94.26,Cauliflower
92.46,42.83,86.8,21.92,41.78,5.59,58.24,Pomegranate
16.4,30.13,27.65,22.88,49.33,6.32,80.96,Cowpea
73.07,31.76,59.06,25.14,69.0,6.57,100.58,Bottle Gourd
95.87,43.07,77.89,23.85,92.11,5.89,193.15,Pineapple
71.74,28.64,52.93,21.09,65.84,6.83,64.88,Beetroot
60.9,27.71,27.85,33.36,46.99,7.92,90.11,Sorghum
104.14,49.05,55.01,25.4,77.51,5.67,177.2,Rice
54.63,36.24,24.89,26.52,70.54,7.59,137.9,Finger Millet
53.28,32.92,26.37,22.28,46.53,6.85,63.73,Sunflower
69.33,53.94,61.04,29.56,68.88,6.37,72.64,Cucumber
54.35,34.38,40.53,26.37,70.43,6.36,115.36,Finger Millet
32.6,34.48,31.71,30.37,55.36,6.71,86.38,Field Bean
79.15,53.5,44.61,26.89,62.86,6.88,76.31,Okra
46.66,30.29,29.28,28.8,53.76,7.01,88.69,Safflower
24.55,27.76,33.23,27.38,39.49,7.01,64.77,Horse Gram
70.05,33.15,27.73,13.9,57.48,6.6,47.22,Mustard
42.42,31.07,29.24,21.11,42.48,6.3,86.25,Rajma
107.35,44.46,100.22,18.1,67.51,5.83,63.15,Potato
106.9,61.64,51.75,25.11,82.65,5.74,156.44,Rice
35.92,19.72,25.43,23.78,37.52,6.27,128.44,Foxtail Millet
37.49,23.51,35.3,20.48,77.0,7.34,134.47,Soybean
40.97,27.06,30.94,24.58,56.09,6.02,91.47,Niger Seed
35.01,35.55,18.8,25.74,61.32,6.67,76.72,Niger Seed
28.0,27.66,36.46,26.05,76.32,7.17,82.24,Field Bean
58.75,27.59,59.99,26.39,68.48,6.46,159.63,Cashew
67.05,32.29,43.84,26.81,69.33,6.62,112.83,Pumpkin
90.33,36.35,98.26,27.05,74.34,5.83,207.44,Litchi
63.06,53.04,72.07,29.54,81.71,4.24,206.5,Pineapple
67.9,28.7,31.98,28.26,40.96,7.82,74.61,Sorghum
48.7,31.99,29.46,13.84,69.06,6.59,84.19,Rajma
42.98,32.32,20.3,24.78,69.11,6.25,74.53,Niger Seed
125.14,52.51,99.91,29.26,81.83,6.65,295.8,Coconut
81.62,37.78,103.39,21.6,72.93,5.37,117.46,Litchi
107.18,52.37,49.75,17.6,65.18,6.53,58.1,Cauliflower
41.71,35.16,23.59,30.37,54.04,6.78,69.69,Groundnut
67.71,64.33,71.88,28.07,62.38,6.51,105.81,Tomato
94.07,40.69,96.5,24.13,57.59,5.82,92.53,Grapes
33.76,26.2,19.82,17.69,46.48,6.64,66.05,Peas
48.8,27.23,29.57,30.26,45.49,6.58,123.71,Kodo Millet
78.27,73.39,97.47,25.53,72.32,6.61,162.94,Papaya
69.08,50.73,54.78,28.41,63.51,6.89,70.79,Cucumber
58.7,35.42,47.6,27.65,74.31,6.22,64.15,Okra
34.46,32.95,29.78,33.21,58.08,6.93,54.02,Sesame
99.93,49.13,80.85,28.82,74.83,5.32,204.24,Pineapple
54.19,33.67,28.38,31.47,45.26,7.2,38.05,Sorghum
33.68,29.64,27.96,15.15,59.09,6.96,57.01,Peas
91.4,70.66,55.91,35.57,71.11,6.08,70.13,Brinjal
83.39,40.03,69.44,14.69,52.59,7.25,53.09,Garlic
66.48,29.61,22.99,19.69,40.76,7.17,61.62,Safflower
92.18,64.09,60.83,24.56,66.67,6.39,76.5,Brinjal
72.4,58.0,64.23,27.66,85.59,4.51,154.67,Pineapple
61.85,32.67,52.89,28.87,71.6,6.43,83.0,Bottle Gourd
109.54,43.88,81.01,15.7,70.05,6.09,67.17,Potato
94.83,42.74,80.45,26.95,83.67,5.31,235.82,Pineapple
104.88,56.55,125.46,29.02,81.95,7.44,143.92,Banana
55.99,35.72,25.75,17.86,46.56,6.67,62.51,Mustard
115.62,74.4,123.03,32.64,79.15,6.13,171.11,Banana
79.93,51.8,68.27,27.4,65.88,6.13,203.51,Litchi
87.88,45.81,88.56,25.84,76.1,6.22,274.72,Arecanut
70.73,35.38,54.48,23.04,61.13,6.57,87.65,Okra
58.9,19.96,34.87,33.87,50.03,8.04,67.26,Sorghum
45.94,29.48,32.61,27.32,58.12,7.02,63.31,Green Gram
38.4,23.42,36.94,27.61,45.44,7.15,108.91,Little Millet
139.62,57.2,97.86,32.24,88.62,7.28,199.45,Banana
50.1,19.52,30.35,26.55,64.18,7.17,137.02,Finger Millet
44.47,25.57,29.55,31.64,44.91,6.91,72.63,Kodo Millet
43.05,35.24,29.79,30.38,61.02,7.29,78.76,Kodo Millet
42.76,39.53,28.2,32.98,55.55,7.12,48.14,Green Gram
108.35,45.56,45.39,21.65,83.93,6.21,222.93,Rice
74.41,45.46,32.09,12.35,68.17,6.79,37.33,Barley
61.65,33.04,37.9,21.87,73.38,6.53,89.89,Finger Millet
94.63,59.89,91.74,29.46,78.81,6.4,136.79,Papaya
100.9,57.02,40.69,27.9,83.63,6.52,174.99,Rice
50.35,26.37,52.78,20.42,63.65,6.83,28.21,Carrot
88.94,43.89,105.69,24.76,72.55,6.31,289.19,Coconut
46.46,28.92,36.18,24.57,36.43,5.85,80.35,Foxtail Millet
47.38,29.94,56.8,28.8,74.8,6.51,221.47,Cashew
108.17,70.48,127.51,30.86,80.55,6.87,219.65,Banana
88.96,59.85,69.98,21.98,65.59,6.7,110.45,Guava
84.29,53.27,94.87,19.85,56.63,6.76,166.88,Apple
98.52,47.42,111.9,34.23,78.51,7.53,202.91,Coconut
52.51,34.43,33.76,28.07,57.84,6.88,106.34,Kodo Millet
45.53,28.81,28.93,27.22,60.35,6.05,115.66,Foxtail Millet
26.39,37.37,35.99,16.82,48.02,7.29,54.94,Chickpea
69.36,27.07,27.98,30.51,49.65,6.18,60.3,Pearl Millet
45.36,28.44,34.27,31.66,48.46,6.78,94.18,Castor
53.65,29.59,66.13,17.6,69.22,6.38,49.72,Carrot
79.59,42.99,82.74,26.82,87.42,5.76,143.57,Pineapple
75.58,47.91,43.42,27.16,54.43,6.68,72.34,Maize
81.29,28.68,50.0,28.85,62.24,6.72,71.36,Pumpkin
91.33,66.3,73.23,27.14,78.24,6.09,43.27,Tomato
79.45,38.95,28.89,30.05,66.72,6.75,128.09,Maize
69.38,23.22,79.61,32.06,79.11,7.49,86.69,Pumpkin
69.5,55.23,70.38,38.52,83.53,6.54,150.02,Litchi
95.95,54.69,114.01,28.7,64.23,7.4,86.46,Grapes
110.57,79.41,123.92,27.01,76.76,6.93,217.04,Banana
27.81,28.11,38.09,29.59,49.61,6.86,47.06,Horse Gram
127.08,72.07,124.08,26.94,75.51,6.45,208.99,Banana
21.85,30.28,32.2,24.85,58.3,6.22,48.9,Green Gram
49.22,32.58,38.19,24.48,53.71,6.71,59.89,Chickpea
108.0,50.88,110.22,33.87,77.99,6.73,160.49,Papaya
47.31,23.05,39.24,25.67,57.32,6.46,94.65,Little Millet
69.28,54.48,43.47,28.31,70.23,7.01,66.87,Okra
103.89,69.69,108.84,21.69,68.34,5.64,59.57,Potato
104.22,72.66,91.62,19.11,76.8,5.98,62.25,Potato
65.54,25.68,22.62,27.12,42.09,6.57,52.07,Sorghum
78.98,38.86,85.12,6.39,68.98,6.16,136.03,Apple
88.88,37.44,30.47,24.86,65.23,6.65,73.01,Maize
74.92,47.28,40.28,26.08,73.05,6.39,65.55,Cucumber
66.8,34.84,58.11,26.72,70.88,6.52,77.32,Pumpkin
106.94,71.99,99.88,31.44,69.3,6.28,177.61,Mango
57.73,38.32,31.9,28.69,42.74,6.34,83.9,Green Gram
28.35,25.94,34.41,19.5,41.86,6.47,78.23,Rajma
41.32,23.48,35.8,25.12,53.98,6.34,90.06,Niger Seed
58.81,30.09,29.37,28.12,65.1,6.25,94.61,Finger Millet
104.9,57.05,54.6,17.51,60.51,6.41,70.08,Cauliflower
53.35,23.08,34.62,30.41,58.16,6.63,70.04,Green Gram
130.74,55.37,114.19,29.92,77.35,6.79,187.02,Banana
87.1,43.53,69.1,19.63,83.13,6.7,97.98,Guava
52.19,28.85,28.48,20.83,57.61,6.1,80.84,Little Millet
79.28,30.25,28.41,30.03,51.17,6.63,79.53,Sorghum
98.61,27.87,91.18,29.34,85.12,5.27,316.13,Rubber
45.13,39.88,30.42,23.16,38.91,6.96,78.25,Safflower
106.22,61.29,81.26,31.15,77.72,5.99,268.54,Rubber
38.09,25.19,28.51,21.14,60.0,6.22,98.62,Niger Seed
64.19,24.47,31.59,24.45,54.93,6.09,89.87,Kodo Millet
52.61,38.51,30.58,25.32,66.24,6.58,154.26,Soybean
53.97,24.28,29.61,29.74,51.2,7.36,56.35,Castor
46.08,31.32,34.33,29.62,55.78,6.21,70.53,Cowpea
79.36,56.82,53.73,23.67,85.71,6.25,173.11,Coffee
59.82,27.06,29.81,20.35,55.11,7.13,43.64,Mustard
90.86,38.93,33.38,20.08,62.98,7.1,49.65,Wheat
81.05,50.4,50.03,21.57,67.9,6.75,62.43,Cabbage
22.89,32.43,28.45,21.14,57.17,6.99,43.66,Lentil
107.16,60.05,97.37,30.61,90.92,5.49,212.12,Coconut
51.25,30.23,50.08,28.99,67.69,6.16,224.61,Cashew
73.07,37.33,53.65,25.24,55.24,6.36,56.22,Onion
50.6,22.9,36.42,26.9,64.98,6.0,79.34,Kodo Millet
36.04,28.49,22.8,23.08,46.67,6.48,67.09,Chickpea
87.93,52.24,68.98,28.58,75.23,5.35,226.78,Coffee
77.94,23.86,65.18,23.31,58.73,6.36,65.49,Carrot
33.48,29.29,32.84,20.53,45.86,6.45,34.66,Lentil
70.43,48.68,25.55,16.55,43.88,7.07,33.72,Barley
40.19,25.28,34.7,17.17,53.57,7.29,55.79,Chickpea
44.55,27.15,21.58,26.21,56.27,6.21,78.64,Little Millet
99.13,71.8,116.57,23.97,67.4,6.07,146.41,Papaya
44.39,33.68,28.3,33.41,52.76,7.01,97.39,Black Gram
65.03,35.4,34.58,19.85,51.47,6.61,55.78,Mustard
52.64,28.38,31.95,29.69,56.86,6.95,125.11,Red Gram
98.46,52.22,38.62,22.35,50.43,6.36,74.81,Barley
76.31,49.15,48.75,24.26,59.28,6.59,57.23,Onion
76.98,53.85,86.89,12.74,54.52,5.59,162.97,Apple
86.53,64.19,44.43,26.44,59.07,5.43,76.46,Brinjal
133.26,52.15,121.07,33.87,74.7,6.31,244.24,Banana
30.71,28.9,21.57,27.45,50.35,6.23,55.72,Horse Gram
76.37,45.53,19.06,22.28,68.7,6.49,97.02,Maize
38.39,28.6,20.61,17.68,50.47,6.64,36.08,Lentil
31.24,18.72,29.13,24.45,61.14,6.83,89.93,Foxtail Millet
110.67,47.79,73.92,25.53,81.9,4.78,112.28,Tea
69.99,37.39,44.67,30.33,70.94,6.39,57.07,Cucumber
34.87,33.36,30.34,22.5,43.26,7.88,64.89,Horse Gram
45.5,30.75,32.8,18.21,50.44,7.31,56.56,Linseed
82.45,42.39,38.19,25.07,65.76,6.2,87.58,Maize
48.98,27.96,36.75,25.57,52.2,6.81,71.07,Chickpea
50.59,26.84,31.84,21.78,41.53,6.45,102.36,Sunflower
65.57,31.13,28.81,22.4,63.2,7.18,98.65,Finger Millet
90.3,46.6,43.24,31.85,62.71,6.99,67.82,Chilli
107.58,62.54,97.87,21.73,69.82,5.46,70.84,Potato
39.11,31.82,24.15,16.91,58.13,7.0,37.12,Radish
60.76,19.23,58.46,18.17,60.71,6.59,45.58,Carrot
111.28,69.85,90.01,32.84,89.05,6.23,313.35,Rubber
78.78,46.28,60.81,26.4,85.14,5.71,241.67,Arecanut
45.47,29.95,28.22,24.0,49.98,5.72,90.2,Little Millet
85.41,38.43,70.91,17.11,55.87,6.35,116.72,Apple
69.96,38.68,30.24,15.65,50.46,7.0,62.68,Barley
89.55,56.68,105.84,28.14,80.1,7.03,120.88,Orange
48.24,36.34,16.38,27.4,54.27,6.75,110.1,Soybean
116.07,48.36,87.08,28.26,91.3,6.51,198.01,Arecanut
81.62,86.45,61.37,22.39,63.4,6.61,72.58,Brinjal
97.58,57.26,76.16,21.64,84.26,6.05,157.39,Arecanut
46.33,29.31,24.6,22.45,48.8,6.25,37.93,Safflower
116.3,59.84,50.07,19.08,80.57,4.86,221.39,Tea
100.58,48.69,96.44,22.25,66.4,7.46,77.64,Grapes
95.36,46.42,87.3,29.91,76.61,5.55,237.5,Tea
70.71,52.41,43.41,21.62,53.91,7.05,57.62,Garlic
89.95,45.24,101.82,32.61,54.6,7.46,60.65,Grapes
76.97,55.16,112.28,28.04,62.38,7.78,76.64,Pomegranate
73.16,35.45,63.47,23.27,62.88,6.13,156.71,Litchi
66.18,48.08,28.96,18.11,54.95,6.55,44.76,Barley
74.07,31.12,38.67,29.4,53.57,6.82,95.92,Castor
111.2,60.77,72.29,32.55,79.58,4.34,317.64,Rubber
62.59,50.92,75.34,18.09,88.77,5.6,233.19,Coffee
69.8,28.93,29.17,34.03,55.38,7.06,107.82,Castor
56.26,27.1,64.95,26.15,66.81,7.3,78.13,Bottle Gourd
62.93,38.99,44.07,25.2,60.55,6.85,53.04,Okra
71.56,59.17,62.39,23.52,58.46,6.73,61.22,Onion
105.28,50.96,93.35,18.49,75.04,6.11,230.33,Arecanut
49.71,40.84,30.71,24.64,50.76,7.23,36.24,Lentil
75.85,40.1,92.85,30.55,65.34,6.29,207.2,Litchi
73.08,61.72,67.59,28.38,63.17,6.93,66.95,Onion
54.61,24.83,31.28,31.56,57.19,6.68,74.26,Groundnut
65.36,39.08,64.02,30.55,71.45,6.66,82.82,Bottle Gourd
97.0,48.19,100.98,31.77,77.25,6.03,251.96,Coconut
63.27,38.21,59.62,25.96,68.64,6.93,86.23,Pumpkin
81.42,41.49,83.68,26.14,71.29,4.96,110.02,Pineapple
100.74,31.39,32.02,20.27,51.57,6.2,39.83,Barley
108.51,45.68,71.11,20.88,74.87,6.71,65.61,Cauliflower
77.43,36.06,96.19,14.02,60.79,6.12,106.34,Apple
37.09,35.3,31.06,28.67,63.93,6.45,76.8,Groundnut
62.54,41.35,96.66,24.37,71.98,6.7,91.23,Guava
41.51,31.08,37.63,34.43,49.23,7.26,85.19,Sesame
79.77,59.4,114.23,34.02,65.31,7.2,166.19,Mango
113.79,65.04,71.03,32.71,85.07,5.44,193.93,Rubber
42.38,28.89,27.03,22.27,56.7,6.8,53.89,Radish
51.06,40.14,45.74,25.01,72.76,6.42,93.06,Pumpkin
78.07,58.31,46.9,22.96,70.04,6.67,90.27,Cabbage
68.15,28.76,50.21,28.91,71.26,6.22,158.48,Cashew
106.41,63.97,103.21,18.31,64.78,5.53,43.99,Potato
29.83,34.01,29.66,26.48,42.14,6.13,89.74,Little Millet
72.02,45.57,85.03,19.1,58.33,6.15,115.5,Apple
100.53,52.74,47.08,27.16,73.58,5.85,244.9,Rice
46.48,29.2,29.64,21.02,54.15,7.82,59.18,Safflower
54.67,30.51,32.12,29.24,69.91,6.76,93.47,Black Gram
61.32,31.28,61.56,27.38,59.5,7.1,71.53,Beetroot
88.67,56.64,51.36,28.15,91.56,6.08,203.93,Rice
110.37,56.21,103.55,23.79,73.43,5.54,45.9,Potato
99.04,51.03,83.03,24.62,84.92,5.37,289.02,Pineapple
66.41,39.91,62.93,20.94,52.2,6.68,148.88,Guava
43.98,31.07,34.55,26.14,47.41,7.01,89.71,Kodo Millet
41.11,32.31,29.72,24.82,57.65,6.66,95.61,Field Bean
89.55,30.45,36.92,13.64,50.9,6.48,101.83,Wheat
119.87,68.44,124.91,31.42,80.91,7.27,210.46,Banana
73.34,25.99,56.06,26.83,61.27,6.75,89.05,Bottle Gourd
98.77,36.9,88.41,30.25,77.31,6.62,127.3,Orange
95.56,64.95,66.37,18.7,74.8,6.3,67.61,Cabbage
86.32,49.9,70.35,22.96,40.47,6.78,73.36,Pomegranate
96.83,45.31,74.45,29.09,71.0,6.39,270.43,Arecanut
87.16,39.91,76.18,7.22,58.08,6.08,107.4,Apple
58.11,24.9,35.52,26.21,57.91,6.73,105.17,Red Gram
57.46,28.84,40.17,25.14,43.3,6.44,59.04,Mustard
67.35,24.71,38.55,27.69,56.54,6.52,71.91,Finger Millet
64.32,46.29,74.83,19.56,69.88,6.82,82.2,Cabbage
97.45,49.42,126.49,30.09,83.57,6.71,253.41,Coconut
105.56,57.39,53.11,26.73,80.95,4.75,229.08,Tea
81.05,47.63,72.05,18.66,86.59,5.8,167.03,Litchi
30.38,36.85,36.65,24.62,41.6,7.01,45.0,Peas
58.45,30.17,66.77,26.98,64.41,6.49,57.97,Bottle Gourd
119.58,60.67,114.4,29.49,62.6,6.34,97.39,Papaya
51.09,31.09,61.81,24.2,70.75,6.43,74.28,Bottle Gourd
59.72,20.49,57.41,21.95,56.87,6.58,40.38,Carrot
68.08,29.19,47.03,30.07,55.3,6.41,44.3,Okra
51.97,31.01,26.75,24.35,46.87,6.94,98.01,Little Millet
83.21,66.0,103.22,23.09,59.26,6.09,111.76,Orange
80.48,40.2,53.42,25.35,61.87,6.97,49.96,Onion
22.63,27.54,28.38,25.7,52.45,6.46,100.35,Field Bean
34.07,28.66,31.68,28.42,57.17,7.59,104.96,Niger Seed
78.5,27.86,73.77,28.04,68.08,6.69,89.54,Pumpkin
75.21,47.63,43.07,27.31,66.87,6.58,76.85,Maize
63.46,49.58,59.6,21.6,64.38,6.5,74.94,Onion
67.96,47.32,92.66,22.59,74.58,6.02,152.59,Litchi
49.8,21.45,27.18,32.62,64.63,6.81,75.97,Sorghum
69.21,28.45,28.96,14.57,38.87,6.65,53.12,Mustard
63.73,35.86,41.88,31.72,50.11,6.47,80.76,Sorghum
50.11,29.42,22.17,30.12,53.2,7.13,79.27,Groundnut
56.53,31.35,34.31,26.32,56.75,6.9,108.41,Red Gram
84.7,44.71,106.25,33.58,69.18,5.9,296.84,Coconut
88.99,48.74,82.02,24.99,72.09,7.15,114.66,Guava
46.94,33.31,33.7,24.5,47.67,7.78,63.82,Chickpea
75.7,51.1,78.64,24.74,84.83,5.08,145.05,Pineapple
65.75,30.45,32.24,26.46,49.65,6.07,63.23,Sunflower
54.53,32.17,20.2,30.86,53.2,6.56,66.96,Groundnut
97.6,32.06,37.29,30.81,78.58,5.76,92.7,Maize
52.88,39.81,90.08,28.09,77.6,7.07,105.12,Pumpkin
105.46,82.32,87.29,29.14,85.06,5.34,294.62,Rubber
52.63,29.57,35.5,22.9,50.48,6.8,46.53,Chickpea
25.7,25.11,34.59,26.45,52.54,7.76,82.86,Horse Gram
68.68,58.55,71.77,34.71,62.52,6.24,51.79,Pomegranate
56.88,28.7,37.37,26.4,66.48,7.13,101.36,Pumpkin
32.33,32.96,30.54,24.61,75.45,6.3,97.86,Rajma
93.29,44.73,111.16,29.75,66.34,6.89,76.61,Grapes
75.02,52.91,89.11,29.21,66.63,7.28,79.9,Pomegranate
110.07,40.59,80.75,26.53,56.68,7.47,85.89,Grapes
106.88,51.94,60.77,21.29,71.64,6.56,81.43,Cabbage
96.84,32.57,23.39,14.72,57.32,6.47,69.57,Wheat
58.51,20.12,54.02,17.33,65.42,6.62,33.34,Carrot
40.49,27.44,38.3,20.98,49.13,7.64,57.23,Chickpea
54.67,37.09,34.46,31.17,44.7,7.0,39.0,Pearl Millet
83.39,54.68,69.33,23.09,66.51,6.8,106.1,Guava
93.9,35.49,29.75,26.35,51.2,6.99,90.29,Wheat
65.24,30.15,17.36,35.05,45.89,6.77,66.69,Sorghum
77.21,25.38,45.99,21.3,54.56,6.69,57.13,Carrot
59.1,29.01,32.56,29.7,54.75,7.33,80.41,Groundnut
55.92,26.33,35.77,28.45,57.22,6.91,106.52,Finger Millet
87.63,59.84,62.04,29.09,88.43,6.32,200.64,Arecanut
41.93,23.34,30.4,17.25,60.07,6.76,80.99,Field Bean
35.73,26.6,26.97,26.04,53.36,6.12,79.47,Cowpea
56.79,31.56,25.85,19.67,47.01,6.81,41.24,Mustard
40.81,28.24,31.94,31.85,50.76,6.45,105.81,Red Gram
68.7,44.01,28.33,16.13,68.86,6.33,43.55,Barley
38.87,32.68,31.39,32.5,55.9,6.06,82.08,Sesame
82.84,39.32,64.55,28.52,81.24,6.92,218.46,Litchi
110.8,59.8,60.3,25.81,68.98,6.81,114.83,Brinjal
32.37,33.38,30.65,33.28,45.04,7.06,63.75,Sesame
59.46,33.86,57.73,17.54,56.3,6.85,73.16,Beetroot
80.45,35.74,82.51,26.99,64.09,6.31,134.81,Guava
55.34,27.37,38.58,18.33,61.64,6.78,81.47,Linseed
75.38,43.17,53.33,25.14,59.89,6.28,54.64,Onion
76.34,40.99,45.64,25.37,61.23,7.5,58.83,Okra
27.56,35.79,27.34,13.72,46.46,7.72,48.16,Chickpea
82.0,49.37,96.33,34.11,69.17,6.77,249.07,Coconut
106.65,38.45,51.57,31.33,83.56,5.7,263.42,Rice
54.43,34.07,37.51,28.0,57.22,6.41,98.74,Finger Millet
83.01,55.3,68.12,11.05,58.9,6.09,93.44,Apple
95.51,61.6,105.56,30.69,65.15,6.73,120.44,Papaya
92.33,48.83,54.61,27.34,75.83,4.9,200.28,Tea
28.71,24.35,22.99,30.03,41.38,6.64,64.9,Sesame
70.41,40.57,102.53,28.22,85.01,5.33,204.64,Pineapple
108.94,57.1,56.95,29.46,74.49,6.15,86.76,Brinjal
114.28,47.35,37.31,21.28,68.92,6.71,55.99,Cauliflower
82.48,47.21,78.17,15.86,69.43,6.39,124.46,Apple
97.69,65.83,61.54,28.15,72.0,6.03,65.24,Tomato
64.79,31.53,26.65,25.92,55.25,6.61,66.88,Sunflower
89.86,57.68,131.08,17.27,81.04,5.3,70.73,Potato
78.18,45.18,54.25,27.79,76.1,5.46,163.72,Coffee
22.53,29.78,30.49,30.63,45.05,5.96,56.74,Horse Gram
49.39,29.46,38.88,25.01,49.86,5.38,55.42,Kodo Millet
81.99,38.22,71.15,19.9,84.06,5.64,177.94,Coffee
38.37,29.93,31.78,15.21,51.69,6.83,71.9,Linseed
52.7,31.08,59.5,17.75,56.54,6.37,54.64,Carrot
45.46,36.72,35.16,21.53,49.96,6.35,82.64,Rajma
37.29,31.16,21.23,30.6,59.52,6.59,109.13,Foxtail Millet
63.37,39.83,52.01,20.14,57.92,7.04,61.66,Beetroot
89.75,41.47,54.55,20.82,77.27,5.69,192.25,Coffee
75.05,59.71,66.58,17.44,67.22,5.83,131.46,Apple
75.64,42.96,40.17,27.71,73.95,6.33,68.66,Cucumber
99.5,46.42,33.16,30.12,65.74,6.31,90.52,Maize
68.25,44.47,29.01,29.63,64.06,6.63,93.01,Okra
74.46,55.31,81.39,27.27,81.87,5.25,250.46,Pineapple
63.49,33.26,26.55,34.19,49.48,6.12,50.47,Castor
68.84,30.75,69.21,29.59,76.8,6.93,85.43,Pumpkin
23.84,27.38,27.6,22.06,50.67,7.15,97.48,Field Bean
68.64,31.88,101.47,28.93,84.77,5.34,238.23,Pineapple
40.35,33.07,28.31,30.71,57.18,6.73,141.48,Red Gram
114.88,44.85,60.66,23.76,79.52,4.83,222.74,Tea
93.6,43.09,44.3,28.48,81.73,6.27,257.48,Rice
83.04,54.85,78.33,31.08,52.45,6.45,58.68,Pomegranate
71.48,30.22,76.71,28.87,79.77,6.05,211.78,Pineapple
82.25,53.71,55.54,28.75,83.35,6.29,204.13,Coffee
35.6,38.09,23.61,20.99,45.68,6.88,45.13,Chickpea
27.2,29.95,37.07,22.1,58.66,6.51,63.66,Sesame
77.13,44.82,54.17,35.24,69.46,6.55,74.5,Cucumber
47.16,28.54,16.35,24.29,42.89,7.24,54.56,Sunflower
37.58,18.93,29.35,27.02,50.75,6.61,69.59,Foxtail Millet
49.82,32.61,34.92,25.72,67.57,6.8,128.65,Soybean
87.39,49.17,89.54,8.75,56.12,6.15,102.0,Apple
63.41,56.35,48.16,21.8,66.8,5.97,89.79,Cucumber
88.45,39.37,26.9,20.01,53.35,7.14,57.31,Barley
116.59,73.64,85.55,32.86,78.73,6.08,309.66,Rubber
95.21,43.84,61.51,34.66,49.4,6.77,68.3,Chilli
45.63,36.42,26.81,31.16,73.23,7.58,93.9,Black Gram
74.08,44.8,86.22,19.28,53.87,6.8,43.88,Garlic
37.6,29.18,36.43,19.49,42.41,6.1,56.55,Lentil
95.79,54.76,54.93,26.44,74.83,6.31,69.88,Tomato
19.95,21.48,38.87,29.27,59.98,5.49,52.72,Cowpea
51.27,33.07,75.36,32.17,66.43,5.96,98.01,Cashew
95.61,42.55,54.75,19.66,75.81,6.64,88.08,Cauliflower
89.25,51.31,54.34,19.26,71.43,6.69,92.28,Tomato
112.8,60.22,81.13,21.27,81.57,5.24,61.79,Potato
79.59,38.26,23.46,20.36,50.44,7.52,54.09,Barley
103.91,49.07,65.35,17.87,72.41,6.28,71.99,Cauliflower
66.79,27.46,17.76,19.77,52.41,6.46,44.96,Mustard
101.05,49.4,64.33,21.85,67.08,6.06,70.07,Cauliflower
75.02,22.52,35.3,33.18,66.74,5.93,76.96,Pearl Millet
48.46,25.83,24.73,22.59,59.17,6.59,65.16,Peas
57.5,30.02,74.76,26.17,67.36,6.72,80.68,Pumpkin
96.39,59.61,84.25,34.65,77.64,5.67,277.57,Coconut
85.91,40.7,74.78,17.08,79.36,6.42,86.03,Cabbage
60.19,27.23,27.43,17.36,42.91,7.28,59.71,Mustard
113.93,60.84,95.29,19.08,67.18,5.93,69.78,Potato
50.73,26.38,28.68,22.21,42.76,6.73,48.48,Mustard
47.02,29.42,27.91,30.13,66.12,6.39,75.01,Black Gram
59.87,30.21,21.88,28.64,64.1,7.12,91.56,Castor
111.06,52.9,54.47,28.7,81.47,6.55,215.55,Rice
58.16,28.53,65.48,31.45,64.7,6.75,119.2,Pumpkin
115.99,63.31,124.72,25.93,88.76,6.1,197.27,Banana
76.92,52.93,76.94,26.56,53.77,6.86,75.57,Pomegranate
155.17,67.83,140.85,29.69,80.25,6.73,153.48,Banana
87.45,49.03,113.97,23.49,52.87,6.78,86.92,Grapes
65.04,28.16,34.96,23.47,55.39,6.72,90.01,Soybean
33.84,29.98,26.84,27.94,67.42,7.14,87.42,Field Bean
59.31,34.46,23.47,15.8,46.49,6.45,46.96,Mustard
115.66,58.9,63.42,26.13,55.4,7.42,81.9,Chilli
94.31,48.35,67.35,18.16,68.26,6.6,78.0,Cabbage
73.07,50.17,79.68,28.27,85.94,6.23,197.01,Litchi
95.79,47.81,98.95,23.55,60.75,6.27,75.39,Grapes
49.51,33.41,21.48,27.79,68.83,7.13,85.07,Finger Millet
28.76,29.91,23.74,27.68,50.38,6.62,75.28,Horse Gram
24.85,34.17,32.76,31.29,44.07,6.39,70.43,Horse Gram
47.19,25.22,24.67,24.51,62.47,6.65,39.03,Safflower
39.64,31.2,34.17,19.31,49.23,6.27,78.99,Rajma
108.81,59.24,101.69,19.84,72.46,5.69,72.2,Potato
45.9,23.22,28.9,18.32,46.86,6.87,54.6,Lentil
32.05,32.8,39.02,28.86,46.55,7.04,71.91,Groundnut
105.64,45.86,86.48,28.21,64.56,6.8,69.18,Grapes
126.39,54.19,54.6,19.33,80.57,6.42,63.18,Cabbage
83.07,44.32,80.2,34.06,80.79,5.74,117.06,Litchi
54.9,29.99,28.37,34.06,57.14,7.52,54.64,Pearl Millet
47.23,34.87,26.97,30.32,62.15,6.88,108.88,Green Gram
34.61,25.75,25.54,27.5,76.57,6.36,76.59,Black Gram
75.43,65.7,109.78,32.62,68.79,5.29,91.56,Mango
63.58,35.36,53.07,33.14,71.6,6.53,81.05,Pumpkin
83.24,47.66,106.4,28.08,75.13,6.43,130.31,Papaya
110.33,45.76,47.28,23.56,75.87,4.58,239.91,Tea
49.41,31.09,18.21,24.73,64.93,6.58,86.0,Soybean
60.46,33.53,49.64,22.3,60.02,6.58,40.28,Carrot
86.46,57.5,95.79,13.15,64.15,6.37,103.89,Apple
43.69,34.24,34.9,32.78,46.23,6.63,35.79,Sesame
59.97,36.57,31.11,26.69,53.71,6.6,115.18,Castor
62.09,39.06,45.56,27.03,73.97,6.54,83.48,Cucumber
60.4,31.88,80.11,22.62,58.65,6.0,63.1,Pomegranate
52.58,47.77,42.37,31.86,73.89,6.83,69.93,Okra
70.4,24.25,27.88,16.44,63.09,6.52,57.15,Radish
83.16,39.28,38.8,18.16,43.53,7.37,52.92,Barley
38.48,28.61,30.72,18.68,64.87,6.66,56.08,Radish
121.97,58.85,126.46,28.66,83.03,6.78,173.14,Banana
81.46,63.78,47.2,23.52,66.59,6.1,130.64,Tomato
37.79,21.63,36.2,23.06,61.94,5.99,112.06,Niger Seed
93.67,62.08,44.8,27.08,66.0,6.82,89.65,Brinjal
43.11,24.31,25.87,26.68,59.27,6.7,72.97,Field Bean
67.71,46.29,61.66,24.1,65.37,6.1,89.08,Tomato
51.54,22.3,35.87,23.83,65.43,6.17,134.37,Finger Millet
55.11,31.83,61.3,29.38,68.48,6.74,52.55,Bottle Gourd
86.55,67.73,44.04,23.68,75.88,6.62,113.14,Tomato
89.6,64.1,96.49,29.31,63.66,6.66,159.88,Mango
44.6,29.83,27.65,35.05,58.39,7.29,67.49,Sesame
54.42,38.82,67.37,16.43,51.91,6.08,51.69,Carrot
80.92,55.54,44.02,25.49,72.55,6.3,92.42,Tomato
86.02,44.3,78.0,26.04,68.48,5.66,99.11,Guava
95.33,52.4,73.38,26.88,57.89,7.38,171.2,Orange
39.37,36.77,36.4,30.44,62.33,6.87,82.74,Cowpea
94.69,64.09,76.97,27.11,74.48,5.56,197.61,Rubber
95.84,61.93,99.89,20.45,64.5,5.87,57.98,Potato
39.35,21.81,26.5,18.72,57.49,6.5,96.03,Rajma
74.46,39.97,65.1,29.84,77.53,6.02,175.47,Pineapple
70.87,43.07,48.45,31.5,68.14,6.36,48.27,Okra
65.81,37.24,53.83,28.52,74.52,6.94,68.77,Pumpkin
40.71,26.79,24.09,22.35,55.29,6.73,112.46,Niger Seed
103.26,57.92,89.36,29.99,79.49,6.47,126.44,Papaya
31.92,41.95,29.56,28.27,61.34,6.1,81.86,Cowpea
101.93,50.41,81.78,29.83,62.1,6.96,66.79,Grapes
58.01,27.73,66.02,19.94,65.39,6.7,72.87,Carrot
24.87,29.53,26.68,24.93,55.05,6.43,83.4,Niger Seed
43.48,27.94,21.59,23.39,56.34,7.23,72.71,Chickpea
66.01,39.39,56.83,17.61,63.07,7.45,58.84,Garlic
64.04,21.51,56.12,30.81,71.05,5.49,146.82,Cashew
91.17,51.01,51.98,21.54,82.97,5.72,177.25,Coffee
123.36,55.05,86.82,30.28,72.83,6.09,248.21,Arecanut
70.05,32.8,62.9,29.75,79.06,6.5,95.41,Pumpkin
98.2,64.22,83.12,19.66,62.71,6.75,92.46,Orange
39.87,27.69,31.83,23.11,53.77,7.11,32.63,Safflower
72.31,53.31,63.25,21.78,66.59,6.74,90.15,Cabbage
76.39,54.71,42.25,27.92,74.41,6.13,76.75,Cucumber
69.75,49.59,74.78,27.4,72.0,4.88,258.32,Pineapple
41.71,28.81,19.06,29.05,59.66,6.56,77.08,Green Gram
58.4,28.19,41.29,30.89,58.63,6.49,78.15,Black Gram
96.84,59.86,95.02,20.21,59.25,5.87,62.67,Potato
72.5,33.21,39.51,35.38,46.48,7.65,102.0,Sorghum
36.05,36.67,66.73,27.97,71.71,6.87,84.7,Pumpkin
92.92,45.8,64.33,19.77,76.08,6.36,58.64,Cauliflower
27.86,34.36,25.03,30.57,43.83,6.89,67.98,Horse Gram
69.38,33.21,35.97,28.15,56.32,6.98,71.66,Okra
43.7,25.42,33.49,26.93,76.61,6.08,87.9,Black Gram
66.67,27.63,32.93,33.0,55.24,7.09,72.0,Sorghum
57.07,33.05,36.25,23.22,59.8,7.21,119.51,Finger Millet
39.09,30.58,31.84,30.72,49.5,7.45,95.85,Red Gram
51.85,36.27,66.44,29.23,73.13,7.37,79.1,Bottle Gourd
28.1,28.94,32.05,27.06,50.98,7.45,93.63,Red Gram
38.22,31.49,27.83,26.93,51.69,7.16,101.65,Kodo Millet
94.03,65.05,116.68,29.74,73.78,6.36,112.68,Papaya
143.86,39.44,127.29,29.56,85.99,7.23,134.73,Banana
64.59,29.12,22.16,32.46,49.14,6.98,78.13,Sorghum
42.1,33.66,35.25,26.68,52.55,7.08,108.05,Little Millet
49.74,22.58,29.33,23.52,60.89,5.08,138.23,Finger Millet
36.42,18.19,31.35,25.4,52.62,7.72,105.2,Field Bean
111.85,50.41,101.91,24.4,65.02,7.21,76.69,Grapes
69.61,59.19,45.52,22.07,64.88,6.81,98.97,Chilli
62.35,26.84,33.04,20.03,44.24,6.66,45.79,Mustard
47.16,31.12,25.64,26.25,64.82,6.53,90.64,Black Gram
92.6,49.19,49.89,23.72,64.84,7.05,41.21,Okra
78.68,51.81,44.9,30.77,85.24,5.37,178.95,Rice
147.57,68.15,134.53,32.42,78.81,6.34,189.57,Banana
105.4,45.79,56.29,17.03,82.63,6.49,81.91,Cauliflower
49.38,29.37,32.12,30.58,58.18,6.68,100.85,Sunflower
73.82,45.62,73.02,27.01,51.08,7.04,65.14,Pomegranate
40.42,34.08,60.15,35.79,60.92,6.9,53.53,Bottle Gourd
66.54,25.18,50.12,16.74,57.83,6.44,59.7,Carrot
71.17,39.72,24.28,16.05,63.41,7.18,24.57,Barley
66.82,30.65,33.54,31.64,51.63,6.73,64.34,Sorghum
82.5,41.43,30.39,16.73,63.09,6.35,82.27,Wheat
63.6,28.99,18.98,15.96,39.04,6.54,49.47,Mustard
86.94,44.77,39.5,28.68,72.62,5.99,67.39,Cucumber
82.98,46.5,31.41,28.25,60.84,6.65,113.4,Maize
43.49,30.14,29.8,35.23,63.68,7.44,65.56,Black Gram
95.78,71.75,49.99,24.85,74.24,6.38,47.8,Tomato
81.24,36.93,27.4,36.57,43.05,6.84,70.33,Castor
81.0,44.69,41.21,20.07,69.8,6.03,127.54,Maize
90.3,49.13,62.69,21.33,73.41,6.62,89.48,Cabbage
87.85,43.33,59.6,13.7,71.66,6.62,60.77,Cauliflower
96.94,35.11,27.68,22.24,76.49,6.44,132.74,Maize
77.32,26.43,59.22,23.83,72.77,6.3,142.63,Cashew
116.75,61.48,93.75,31.3,58.26,6.25,93.59,Orange
74.33,57.92,91.82,28.8,80.77,6.58,182.58,Litchi
40.95,26.12,24.72,16.48,50.12,6.85,55.03,Linseed
89.02,43.2,49.79,27.12,58.57,7.25,53.89,Onion
36.53,21.9,25.89,15.83,46.62,6.61,60.33,Linseed
23.93,25.7,38.32,26.74,44.86,5.34,68.09,Horse Gram
91.38,46.28,66.01,19.91,63.7,6.4,59.12,Cabbage
100.83,64.01,81.99,29.11,69.08,6.09,105.78,Mango
92.85,71.42,92.4,28.56,64.6,6.22,126.18,Mango
94.89,45.55,29.29,21.2,63.16,6.06,36.45,Wheat
92.05,49.04,57.24,28.77,77.97,5.09,266.23,Tea
84.45,41.08,53.14,25.34,81.6,6.25,218.58,Coffee
73.74,46.61,42.32,27.47,60.1,6.24,61.21,Okra
97.26,46.1,103.34,27.4,59.54,7.29,76.74,Grapes
41.52,25.05,28.78,31.79,55.36,6.83,66.36,Cowpea
28.29,29.14,23.58,25.46,42.58,6.53,89.04,Rajma
44.43,28.33,25.3,26.67,62.55,5.97,91.36,Groundnut
29.48,32.77,20.94,26.3,58.13,7.18,62.75,Peas
54.34,26.51,22.72,30.28,53.37,6.69,58.45,Green Gram
51.81,27.7,18.84,24.94,66.8,6.24,142.61,Finger Millet
101.83,53.59,104.37,25.75,55.11,6.94,79.94,Grapes
47.92,31.61,42.66,21.16,55.42,6.74,69.51,Chickpea
83.37,41.07,79.8,28.3,56.87,5.75,73.69,Pomegranate
75.2,25.58,65.28,17.9,63.43,6.74,56.07,Garlic
92.49,35.08,25.28,18.02,53.15,6.65,88.0,Wheat
91.74,46.65,37.09,22.0,63.55,6.48,82.12,Cabbage
98.89,51.38,101.17,30.16,52.49,5.8,52.01,Pomegranate
95.36,53.25,55.13,23.92,82.26,4.61,243.57,Tea
88.77,72.79,108.74,37.71,71.7,7.06,193.38,Mango
43.4,34.56,24.33,29.51,70.75,6.13,105.37,Kodo Millet
91.94,45.58,41.76,27.23,64.45,5.77,69.93,Okra
25.64,31.37,36.38,27.01,57.3,6.28,99.54,Field Bean
43.42,26.33,27.34,31.56,60.05,6.91,114.61,Soybean
75.27,31.4,69.08,19.43,63.23,6.32,38.22,Carrot
56.44,32.61,59.03,32.06,62.32,7.01,39.36,Bottle Gourd
28.48,33.58,31.55,33.3,71.22,6.9,76.24,Black Gram
98.68,58.68,45.36,18.24,68.95,6.77,71.73,Cabbage
23.36,32.43,36.35,24.26,44.34,5.71,77.22,Horse Gram
93.29,45.96,112.48,16.5,68.88,6.74,139.31,Orange
36.01,24.02,32.95,32.57,77.41,7.7,68.98,Black Gram
79.53,38.23,15.69,21.48,60.28,7.3,54.28,Wheat
51.76,34.57,24.94,29.52,49.43,6.61,55.59,Safflower
46.1,32.34,36.94,17.26,61.91,7.02,51.93,Radish
74.09,46.91,72.23,24.02,77.69,6.03,187.48,Coffee
86.36,43.84,29.17,20.83,59.04,7.26,69.17,Wheat
35.32,22.16,23.72,19.9,62.64,6.63,68.4,Rajma
97.15,37.38,66.27,24.93,80.77,5.12,205.29,Coffee
48.14,25.39,28.44,28.7,49.04,6.17,84.3,Sesame
55.77,26.15,62.65,29.08,74.43,6.62,179.8,Cashew
37.73,37.42,28.22,31.85,49.31,6.71,79.25,Cowpea
104.27,54.27,42.46,18.93,68.47,6.27,56.76,Cauliflower
63.58,32.04,60.39,21.51,60.69,6.78,58.0,Beetroot
85.69,47.89,64.57,28.89,50.14,7.11,81.68,Pomegranate
105.34,58.02,113.27,22.36,67.48,5.5,45.31,Potato
80.06,65.68,67.58,27.65,75.42,6.91,68.2,Brinjal
35.3,36.23,28.59,16.93,44.22,6.83,58.88,Linseed
65.82,42.91,24.61,25.62,49.09,7.3,50.31,Okra
58.35,28.17,23.71,16.74,53.84,6.6,46.39,Mustard
75.92,50.6,76.23,26.74,71.38,5.91,161.73,Pineapple
88.54,44.41,80.46,21.37,63.03,6.11,123.77,Apple
85.74,47.85,87.43,21.73,77.53,4.97,151.8,Pineapple
63.86,46.31,39.7,30.76,45.72,6.55,86.09,Okra
52.1,28.81,21.48,32.11,60.32,7.0,60.03,Sorghum
56.96,37.12,29.13,30.52,63.71,6.3,93.78,Castor
34.75,33.64,20.01,25.61,50.23,6.57,44.57,Peas
59.98,51.79,73.14,23.72,57.4,6.24,27.42,Garlic
85.43,47.15,58.34,30.05,77.52,5.96,213.77,Rice
68.54,27.4,70.44,22.75,68.66,6.7,68.14,Bottle Gourd
55.28,30.95,35.56,27.86,66.33,6.47,66.54,Groundnut
56.69,38.76,27.56,36.19,50.6,6.7,71.49,Pearl Millet
63.8,29.01,67.61,24.75,67.46,6.38,75.1,Bottle Gourd
56.8,39.9,37.99,29.1,67.13,7.09,55.22,Okra
69.94,32.64,31.13,27.92,47.39,6.89,72.42,Sorghum
105.98,44.63,53.92,19.34,78.81,6.47,63.59,Cabbage
45.19,20.71,22.58,33.16,41.54,7.39,56.07,Sorghum
87.0,54.31,98.78,26.87,65.02,6.35,74.15,Grapes
80.58,49.65,51.6,20.67,64.91,6.52,59.87,Cauliflower
32.78,29.43,29.09,27.17,68.87,5.85,76.56,Cowpea
64.76,32.0,25.8,32.74,54.74,6.89,56.99,Sorghum
100.0,50.94,49.77,27.32,71.45,7.06,217.65,Rice
52.19,28.28,22.84,28.42,69.35,5.97,98.14,Finger Millet
37.1,31.45,26.98,20.74,44.14,6.54,48.52,Horse Gram
38.4,34.8,28.89,18.94,58.35,6.62,57.84,Peas
88.6,33.03,65.64,23.4,74.57,6.0,177.56,Coffee
98.93,52.33,82.87,32.01,58.2,6.07,62.97,Grapes
55.12,77.71,52.38,21.71,67.98,7.15,94.29,Tomato
119.33,53.16,145.33,29.31,83.71,6.31,144.92,Banana
89.75,44.94,87.58,5.01,71.23,6.19,116.2,Apple
89.26,54.54,74.86,29.3,68.13,6.4,195.91,Mango
97.45,46.58,58.23,19.75,69.61,6.31,71.84,Cabbage
101.83,46.1,50.22,23.96,90.3,5.98,232.44,Rice
50.23,36.11,69.08,17.2,64.39,6.55,61.98,Beetroot
73.25,46.59,61.96,20.23,64.88,6.38,44.65,Garlic
42.18,29.53,38.03,18.67,56.93,6.69,59.94,Peas
75.03,47.0,77.1,26.91,67.2,6.37,177.04,Litchi
62.33,28.5,32.16,22.9,50.49,6.69,75.38,Sunflower
60.7,31.81,27.04,25.09,43.38,6.07,65.41,Chickpea
47.65,23.74,67.65,26.85,69.01,6.08,121.78,Cashew
39.68,32.56,28.23,25.42,69.99,6.98,118.16,Soybean
63.09,28.75,33.82,35.76,48.97,7.12,64.0,Pearl Millet
117.08,49.57,107.03,29.73,87.07,6.98,135.62,Banana
48.49,39.57,41.81,18.11,52.25,7.1,63.69,Chickpea
74.18,38.44,27.16,20.63,51.84,6.12,67.52,Wheat
81.01,43.59,19.05,25.76,73.47,6.93,139.9,Maize
61.1,25.2,36.07,19.18,45.52,7.2,55.99,Lentil
51.19,38.88,28.17,24.68,55.29,6.88,86.36,Sunflower
52.84,30.0,67.19,17.15,65.5,6.8,75.08,Beetroot
87.87,63.93,94.13,24.16,73.88,6.14,128.63,Papaya
32.95,33.33,28.48,27.42,59.81,6.01,59.07,Little Millet
42.69,29.28,27.25,28.51,49.03,6.42,66.0,Green Gram
123.38,46.01,71.0,23.22,75.91,6.46,56.29,Cabbage
53.28,29.78,26.62,26.9,51.28,6.59,85.49,Castor
43.91,31.61,23.94,26.15,54.22,6.54,57.72,Field Bean
80.91,58.63,46.94,24.05,69.46,6.48,49.16,Onion
80.04,30.16,26.15,30.4,52.63,6.37,60.92,Sunflower
57.42,33.4,40.47,27.18,44.69,7.58,75.49,Groundnut
97.24,63.9,87.5,17.66,63.49,6.04,46.32,Potato
41.13,30.98,27.23,26.04,49.63,6.61,117.5,Foxtail Millet
32.38,23.07,31.35,15.62,45.05,6.31,47.5,Peas
80.31,27.09,87.76,25.03,80.81,5.18,170.59,Pineapple
36.84,28.75,28.96,27.41,61.71,6.72,79.77,Horse Gram
52.03,17.87,66.75,20.25,57.91,6.39,62.04,Carrot
96.93,55.63,50.6,26.78,82.83,4.92,250.88,Tea
67.1,29.92,77.75,23.86,57.13,6.86,135.97,Guava
53.98,31.36,26.29,20.64,37.81,6.71,66.14,Lentil
124.69,76.32,139.75,29.79,79.96,6.81,178.93,Banana
64.86,47.87,36.11,26.37,68.04,6.32,87.72,Maize
39.74,30.41,31.72,26.89,61.15,6.75,97.09,Niger Seed
35.49,33.22,33.07,23.21,64.81,6.64,100.14,Soybean
45.69,23.29,27.51,25.37,68.16,7.04,119.46,Soybean
122.07,65.36,70.24,28.06,74.41,6.41,54.56,Brinjal
24.07,21.39,29.42,23.11,45.02,6.06,77.94,Horse Gram
50.27,38.37,53.26,23.66,76.95,6.07,176.29,Coffee
104.74,69.11,71.14,26.69,74.01,6.24,53.57,Tomato
34.95,16.91,41.71,25.92,52.37,6.48,57.31,Kodo Millet
129.43,49.91,116.33,27.44,81.84,7.47,221.7,Banana
64.16,25.96,22.54,32.87,62.43,7.19,42.01,Green Gram
118.35,48.55,70.92,26.25,81.24,5.08,154.81,Tea
28.94,33.32,31.34,22.08,53.25,7.42,61.21,Peas
45.1,18.93,34.26,33.07,60.02,6.38,72.08,Green Gram
92.59,43.28,60.85,22.35,88.5,4.54,165.13,Tea
70.56,37.79,28.49,25.81,52.86,7.12,65.47,Castor
90.22,43.12,105.92,33.86,59.46,6.57,86.01,Grapes
87.07,45.47,73.01,23.67,54.83,6.75,64.89,Pomegranate
43.16,36.98,17.52,33.17,63.28,6.06,68.78,Green Gram
102.93,66.3,66.18,30.64,86.54,5.93,259.69,Rubber
41.83,28.25,22.14,32.25,53.9,7.69,54.14,Pearl Millet
59.92,38.33,66.14,31.37,64.16,6.55,91.41,Pumpkin
75.49,42.58,99.43,30.39,78.01,6.48,179.33,Litchi
53.15,26.02,49.13,28.7,71.83,6.02,138.72,Cashew
53.82,62.27,48.24,27.73,67.82,5.54,90.75,Brinjal
76.59,33.57,62.08,33.79,71.17,5.9,82.09,Cashew
79.64,48.84,116.06,28.36,64.85,6.42,47.31,Grapes
87.88,58.2,77.49,25.54,80.86,5.85,233.75,Rubber
57.94,28.8,28.81,30.37,53.2,5.98,41.93,Castor
75.93,49.43,43.68,29.3,75.83,6.59,75.87,Cucumber
69.54,24.19,47.1,23.26,64.01,6.03,63.2,Beetroot
61.24,25.87,25.14,17.8,61.47,6.75,26.41,Radish
53.15,24.58,33.93,22.71,75.62,6.76,132.75,Finger Millet
103.32,42.09,48.96,21.22,72.74,5.01,163.37,Tea
62.18,38.5,44.07,29.39,72.57,6.37,78.84,Cucumber
67.53,36.41,55.63,25.32,72.63,7.02,55.88,Okra
42.4,31.34,32.07,18.66,37.59,7.22,56.68,Peas
76.19,43.08,95.73,12.74,57.4,6.17,86.45,Apple
96.86,43.91,55.11,24.0,83.22,4.92,175.67,Coffee
101.7,57.37,89.04,34.37,71.02,6.74,132.11,Papaya
42.29,23.26,35.54,15.76,66.88,6.89,47.36,Radish
56.62,30.8,24.26,26.39,63.18,5.91,115.18,Foxtail Millet
31.75,29.66,36.46,24.01,54.02,6.43,59.57,Chickpea
89.01,48.93,32.78,24.01,68.47,6.55,49.67,Barley
81.18,45.52,101.2,28.97,83.79,5.8,160.28,Coconut
83.43,29.34,62.11,35.27,67.34,6.52,118.12,Cashew
82.75,33.94,39.29,31.16,72.5,6.72,73.59,Okra
36.69,27.46,19.76,21.08,42.34,7.39,51.3,Chickpea
94.66,38.86,35.18,22.09,66.21,6.45,101.44,Maize
108.58,74.16,69.6,20.44,73.99,6.48,84.66,Tomato
45.15,40.02,21.0,21.19,57.9,6.18,40.72,Mustard
79.47,66.43,41.01,26.41,66.83,6.01,115.74,Maize
65.77,70.93,65.63,27.9,69.72,6.49,107.26,Tomato
98.2,51.83,43.75,28.53,91.73,5.64,245.45,Rice
38.38,26.36,22.35,18.79,43.94,6.53,85.27,Linseed
61.53,25.35,27.39,33.76,64.7,6.86,89.71,Groundnut
96.25,56.46,100.61,27.36,85.82,4.59,338.48,Rubber
65.51,26.03,31.91,24.56,56.38,6.4,120.25,Finger Millet
75.12,58.98,61.94,26.75,69.14,5.74,94.93,Brinjal
32.35,34.71,26.97,28.27,49.0,6.08,83.27,Cowpea
102.0,67.34,68.38,28.27,83.44,5.4,281.95,Rubber
91.57,50.18,73.06,30.48,81.97,7.29,172.37,Coconut
112.48,56.75,51.3,31.1,72.35,5.01,56.84,Brinjal
46.32,30.22,31.07,19.76,45.59,6.57,48.59,Safflower
93.62,51.91,107.41,24.88,73.03,5.96,102.24,Papaya
117.88,49.99,98.6,30.67,65.66,6.49,87.33,Grapes
103.28,55.92,110.0,27.3,58.68,7.09,84.96,Grapes
53.21,30.87,60.32,24.78,71.52,6.59,70.18,Pumpkin
39.12,30.15,26.8,27.44,46.75,5.83,77.2,Kodo Millet
51.36,30.94,34.13,21.71,38.73,7.15,52.1,Chickpea
114.32,55.92,52.97,30.3,56.62,6.82,80.81,Chilli
84.84,50.32,93.13,32.58,71.57,7.74,229.05,Coconut
54.56,26.35,38.08,26.77,56.82,6.4,90.44,Little Millet
27.35,37.75,37.27,27.88,53.92,7.07,66.01,Little Millet
81.18,40.33,31.65,14.14,61.14,6.53,62.58,Barley
39.22,28.84,55.04,31.65,46.98,6.72,65.67,Groundnut
70.3,22.59,23.11,33.8,34.56,6.91,72.38,Sorghum
25.46,34.52,43.68,19.36,46.12,6.94,122.21,Field Bean
41.39,26.71,31.18,28.27,61.92,6.67,61.59,Groundnut
66.87,53.45,39.93,30.8,73.59,7.01,94.07,Okra
53.18,23.13,29.99,24.32,57.56,6.92,72.9,Sunflower
36.89,25.38,27.81,31.55,43.63,7.06,77.58,Green Gram
46.3,27.95,29.64,28.04,60.16,6.79,135.49,Red Gram
91.23,60.84,73.19,31.25,83.35,5.18,358.96,Rubber
46.22,29.97,34.11,22.89,68.33,6.27,111.27,Soybean
39.18,32.41,24.32,22.77,48.76,6.91,75.44,Red Gram
77.33,41.88,57.36,24.68,85.05,5.32,152.98,Coffee
101.39,46.58,51.75,21.95,65.91,6.3,54.44,Cabbage
64.48,30.15,55.14,29.24,74.04,7.49,79.64,Bottle Gourd
46.81,35.39,27.78,28.44,57.78,6.48,82.52,Sesame
54.78,23.28,20.81,19.07,42.77,7.11,34.07,Mustard
79.99,39.94,51.45,16.91,79.51,5.66,192.02,Coffee
94.78,45.67,24.57,15.08,58.69,6.73,72.72,Wheat
54.34,36.07,26.32,27.82,51.36,8.23,89.99,Pearl Millet
76.84,45.94,42.67,22.24,64.56,6.43,51.04,Garlic
43.81,31.72,23.2,28.32,49.65,6.61,113.2,Foxtail Millet
91.78,42.65,64.08,24.89,81.96,4.87,201.09,Tea
19.97,31.94,30.24,16.77,56.25,7.4,35.38,Peas
43.74,27.33,31.0,27.16,53.88,6.94,99.56,Black Gram
49.17,22.65,30.59,30.35,40.39,6.8,73.13,Groundnut
42.37,25.05,24.46,28.79,59.51,5.75,94.08,Sesame
74.63,69.03,37.96,27.17,59.27,6.0,69.85,Brinjal
100.71,60.01,112.75,36.69,60.88,7.41,60.67,Grapes
31.39,34.94,26.51,27.11,55.02,6.24,65.31,Horse Gram
46.57,35.46,32.14,43.6,42.94,7.33,59.16,Pearl Millet
108.56,76.84,91.16,28.06,80.97,5.91,274.0,Rubber
31.33,33.29,23.83,29.44,53.47,6.6,66.82,Sesame
81.43,36.79,20.66,16.58,53.55,7.02,39.53,Barley
73.68,24.3,72.71,31.42,64.19,6.25,50.23,Pomegranate
51.91,35.06,24.35,18.71,44.9,6.57,89.34,Rajma
69.62,73.53,69.61,19.95,69.35,6.89,84.61,Tomato
38.86,28.17,36.08,22.7,74.63,6.93,93.92,Soybean
70.09,32.72,36.9,23.64,70.3,6.89,84.12,Bottle Gourd
58.81,23.93,35.55,24.99,52.36,6.97,88.63,Foxtail Millet
109.81,58.27,76.65,26.27,75.07,6.06,222.14,Arecanut
27.76,29.77,34.79,25.05,49.28,6.62,60.36,Horse Gram
53.78,34.14,28.47,22.82,52.9,7.19,71.31,Sunflower
77.32,51.72,45.91,25.58,70.47,6.32,79.91,Cucumber
55.43,35.21,33.71,25.46,61.43,6.25,83.17,Sunflower
45.34,25.73,56.48,18.19,55.79,6.79,50.23,Carrot
23.65,20.4,33.72,34.45,56.15,7.8,82.09,Red Gram
47.93,24.37,31.19,33.99,44.58,7.34,73.97,Groundnut
80.14,46.3,64.11,24.23,67.16,6.35,82.85,Cauliflower
47.64,26.61,38.83,17.92,46.73,6.86,37.24,Linseed
102.91,40.47,89.34,15.33,73.85,6.91,137.31,Orange
84.37,47.95,98.0,34.7,56.49,6.47,71.69,Grapes
35.2,34.31,24.77,29.1,48.99,6.69,121.69,Red Gram
44.27,37.13,25.85,25.26,49.04,7.26,65.45,Kodo Millet
104.89,71.52,49.02,27.0,67.85,6.89,68.73,Tomato
82.71,42.99,54.18,18.37,74.46,5.45,139.9,Coffee
47.65,29.11,25.55,27.24,54.99,6.45,89.04,Finger Millet
93.03,23.06,54.21,22.12,86.49,5.07,180.14,Coffee
20.35,31.64,33.15,23.71,47.67,7.25,54.88,Chickpea
24.24,32.98,28.44,20.04,46.92,6.79,73.21,Lentil
45.94,29.38,35.69,20.67,44.76,6.98,63.68,Linseed
36.47,36.82,23.13,33.24,54.46,7.19,56.35,Green Gram
30.04,28.49,29.07,26.02,47.17,5.79,53.13,Sesame
54.31,28.18,33.75,28.03,65.05,6.98,87.68,Little Millet
36.09,33.72,39.51,26.54,62.59,5.95,76.93,Sesame
32.38,29.23,34.52,26.23,56.81,6.75,74.97,Field Bean
94.29,37.22,96.65,29.67,64.92,7.13,75.14,Grapes
64.04,22.56,25.89,34.23,45.39,6.9,66.03,Pearl Millet
106.3,46.73,108.82,35.29,50.63,6.46,63.58,Grapes
93.0,42.05,75.29,32.14,66.17,6.77,204.12,Arecanut
16.09,26.78,26.24,20.21,39.79,7.13,50.05,Lentil
69.89,51.38,89.15,31.69,66.99,6.8,126.19,Orange
95.83,42.61,62.8,27.54,87.63,6.88,157.72,Litchi
42.26,32.4,30.37,21.13,49.97,6.72,53.5,Radish
94.11,40.07,42.54,11.39,47.67,6.14,53.94,Barley
38.08,28.87,24.33,28.7,49.36,7.37,70.94,Field Bean
79.06,33.33,72.25,21.9,61.72,6.25,47.28,Carrot
39.83,32.06,31.26,28.82,50.13,7.21,94.85,Black Gram
39.36,23.44,25.86,27.35,53.24,6.71,51.46,Field Bean
81.48,63.6,52.12,30.56,57.14,6.48,74.79,Chilli
89.59,46.22,53.33,29.06,75.47,6.46,52.46,Cucumber
58.57,28.48,24.01,27.68,67.02,5.98,86.32,Sunflower
49.1,24.84,28.75,16.95,58.33,6.47,54.33,Radish
89.22,64.47,48.62,17.15,54.21,6.44,55.6,Garlic
83.98,55.34,61.06,23.35,56.97,6.67,60.39,Pomegranate
106.02,58.25,82.95,25.29,64.14,6.89,69.16,Grapes
99.02,55.46,74.68,25.91,81.35,5.98,246.06,Arecanut
53.7,28.33,27.18,29.06,53.31,6.16,142.22,Soybean
97.56,53.56,93.25,23.37,81.02,6.64,219.06,Arecanut
74.45,20.71,29.36,22.17,52.95,7.05,95.15,Sunflower
67.85,47.82,52.27,17.12,60.04,6.66,42.25,Garlic
74.68,39.84,27.91,17.29,53.71,6.36,41.11,Barley
32.09,38.48,30.16,24.96,50.19,6.93,92.54,Little Millet
52.03,25.8,36.92,26.37,49.27,6.19,105.02,Kodo Millet
78.99,43.46,35.14,21.56,60.44,6.76,85.92,Wheat
55.44,27.91,36.49,29.43,37.33,7.09,70.75,Pearl Millet
32.1,30.45,32.01,28.8,65.21,6.81,91.67,Black Gram
93.56,52.01,76.65,18.51,78.61,5.34,194.3,Pineapple
90.24,46.3,97.54,29.88,68.03,6.94,137.74,Papaya
97.36,46.04,110.7,33.42,59.8,6.21,62.81,Grapes
94.39,59.82,77.6,28.19,71.51,6.59,113.87,Tomato
82.23,28.01,78.26,23.62,76.35,5.48,257.14,Pineapple
57.28,31.94,32.47,11.56,45.94,5.7,57.53,Mustard
44.63,21.7,23.74,29.49,50.25,6.89,83.54,Green Gram
105.71,44.58,53.26,25.25,76.83,5.92,210.22,Arecanut
51.45,38.33,17.23,23.02,66.78,6.91,49.78,Radish
38.29,37.57,38.24,25.14,68.28,5.71,74.04,Cowpea
89.47,59.58,74.21,16.99,67.98,6.28,88.3,Tomato
57.0,33.62,25.8,21.71,36.05,6.53,45.28,Safflower
32.16,34.32,30.19,23.73,53.9,6.81,61.9,Black Gram
113.38,66.03,170.84,31.03,81.44,6.25,145.82,Banana
85.58,53.82,46.61,21.69,78.32,5.6,227.32,Coffee
38.63,19.54,26.72,28.42,48.6,6.27,71.34,Kodo Millet
27.58,37.46,32.15,24.57,62.05,6.71,109.07,Rajma
86.06,44.25,93.51,29.27,57.18,7.03,82.88,Grapes
33.52,34.02,33.12,24.93,56.63,6.73,63.41,Horse Gram
72.11,22.48,24.95,36.22,41.29,6.51,58.76,Pearl Millet
32.58,24.39,31.5,23.31,55.96,7.0,44.96,Green Gram
33.7,32.78,39.35,25.61,38.89,7.1,39.01,Safflower
89.23,41.54,91.45,13.42,59.99,6.05,96.82,Apple
76.06,35.4,27.84,12.65,45.38,6.55,56.43,Mustard
25.09,23.24,29.55,20.14,66.42,6.64,87.96,Rajma
77.32,52.46,32.59,30.88,63.5,6.64,88.52,Maize
50.33,28.89,26.99,28.62,68.99,6.76,91.21,Groundnut
82.42,50.65,54.74,20.37,64.15,6.58,76.54,Cabbage
47.42,31.17,32.28,30.16,52.18,7.56,90.99,Foxtail Millet
35.8,28.1,24.43,18.87,48.49,7.03,57.45,Lentil
94.91,54.25,68.71,24.24,73.55,6.5,182.63,Coffee
58.51,33.77,30.26,22.98,70.06,7.07,61.95,Sunflower
90.34,56.91,100.54,21.78,65.69,6.53,108.76,Papaya
43.17,30.93,24.44,29.85,65.36,6.97,70.54,Black Gram
98.83,41.93,60.7,17.41,60.73,6.65,76.42,Cabbage
104.3,50.65,97.52,28.71,54.06,6.95,63.04,Grapes
38.09,32.18,31.26,28.95,51.57,6.06,72.47,Cowpea
34.37,36.79,35.76,18.77,65.94,6.62,69.58,Peas
79.32,54.66,64.1,22.84,60.48,6.47,52.24,Onion
95.38,45.89,52.41,26.09,86.64,6.2,250.44,Rice
75.05,60.81,75.8,30.69,62.81,6.61,85.7,Chilli
52.17,29.52,69.0,33.37,68.16,6.92,82.83,Pumpkin
95.92,43.71,70.39,18.43,84.36,6.36,82.71,Cauliflower
55.65,36.51,62.97,31.59,66.07,6.84,184.97,Cashew
77.92,39.29,77.11,25.3,62.25,6.45,73.66,Pomegranate
140.4,50.22,103.19,29.32,77.1,6.94,220.4,Banana
58.06,30.83,34.43,31.64,62.3,6.62,73.01,Castor
48.84,28.27,29.4,33.95,42.47,6.61,72.03,Pearl Millet
86.63,54.4,73.16,23.55,58.72,6.83,79.56,Pomegranate
56.33,33.86,27.89,28.64,44.22,6.89,51.24,Groundnut
66.01,42.19,31.68,15.73,63.6,6.57,76.34,Barley
27.98,27.68,34.83,28.66,75.29,6.85,69.76,Black Gram
59.52,24.03,31.41,23.2,50.44,6.99,46.6,Linseed
89.77,37.05,23.48,15.66,43.73,7.27,64.44,Barley
96.03,57.53,52.93,29.69,62.9,7.6,75.68,Chilli
72.95,35.7,59.84,16.35,62.09,6.28,52.37,Carrot
90.97,47.71,41.08,28.3,84.86,5.92,243.19,Rice
53.85,34.35,62.8,21.33,69.2,7.1,72.29,Bottle Gourd
70.26,29.26,22.75,16.18,43.31,6.11,37.44,Mustard
71.0,29.8,69.46,25.02,65.52,6.37,85.48,Pumpkin
112.02,61.85,49.39,27.95,65.16,6.59,92.7,Tomato
35.08,36.74,31.45,27.61,56.51,7.01,85.29,Field Bean
86.56,44.37,64.3,21.34,77.77,5.4,214.82,Pineapple
39.07,30.02,57.72,22.55,56.79,6.78,46.46,Beetroot
74.1,65.16,59.75,26.66,58.95,6.4,70.07,Chilli
47.85,28.02,31.12,26.81,44.06,6.12,78.05,Kodo Millet
88.93,70.6,82.09,25.64,67.04,7.04,192.89,Orange
86.18,43.18,79.57,33.63,80.03,5.75,221.2,Arecanut
66.19,25.27,74.29,24.92,76.44,6.77,92.21,Bottle Gourd
118.61,55.87,90.96,27.43,72.57,6.23,105.12,Papaya
62.29,36.32,36.06,31.57,69.21,6.91,62.79,Pumpkin
109.74,50.57,62.95,23.48,84.44,5.21,203.56,Tea
44.15,26.9,36.52,25.79,54.0,6.62,75.56,Cowpea
87.25,60.07,99.59,29.01,58.5,6.33,84.8,Grapes
79.33,55.77,66.99,28.73,63.17,6.58,88.44,Chilli
61.28,34.11,25.53,23.68,50.86,6.81,58.03,Mustard
89.4,44.41,109.6,23.58,70.36,5.46,52.14,Potato
98.37,63.27,85.53,27.4,73.15,6.34,176.31,Arecanut
28.64,32.24,20.74,25.66,61.62,6.11,86.96,Niger Seed
73.31,51.58,46.85,27.17,61.65,6.39,65.23,Onion
59.6,42.12,42.43,24.67,61.03,6.71,57.82,Carrot
47.41,27.14,36.23,26.47,42.77,6.26,85.16,Kodo Millet
33.4,25.77,26.77,21.71,44.99,6.74,58.65,Peas
59.84,34.21,35.28,19.84,59.44,7.02,51.02,Radish
29.78,33.71,36.7,33.26,55.98,6.46,80.55,Horse Gram
67.44,27.62,43.64,32.66,50.48,6.28,47.97,Pearl Millet
47.56,33.02,38.27,31.38,50.38,7.82,86.41,Foxtail Millet
97.41,78.33,98.69,30.59,69.82,6.38,131.76,Mango
66.91,56.02,35.44,27.08,72.66,6.42,80.36,Cucumber
39.61,25.96,37.5,25.33,49.5,6.92,80.36,Chickpea
63.1,50.77,54.39,31.84,66.63,6.61,81.06,Cucumber
41.99,30.84,61.28,24.42,59.73,6.16,95.96,Pumpkin
40.83,21.1,34.56,29.26,40.45,7.21,53.29,Safflower
46.5,33.67,63.09,27.16,71.48,6.52,76.2,Bottle Gourd
84.96,41.32,68.03,24.23,58.63,7.04,66.56,Pomegranate
44.85,32.2,32.75,30.09,59.83,7.14,82.81,Foxtail Millet
74.08,52.05,69.94,12.4,59.72,6.2,77.52,Cauliflower
48.66,20.71,21.17,26.04,52.01,6.4,147.69,Red Gram
89.69,61.76,110.72,27.06,67.94,6.85,119.58,Papaya
53.33,32.96,22.47,23.25,52.81,6.87,112.12,Finger Millet
66.17,46.74,93.56,31.36,74.7,5.63,289.94,Pineapple
82.72,39.59,93.09,31.93,75.36,6.35,106.39,Litchi
74.89,44.9,95.96,31.36,69.89,6.16,165.02,Litchi
38.89,36.49,27.01,22.21,54.07,6.55,79.87,Rajma
101.24,46.58,90.43,29.73,73.16,7.18,263.97,Coconut
29.38,25.89,29.55,22.86,48.96,6.92,79.44,Field Bean
79.57,36.38,27.27,19.74,60.56,6.22,57.23,Barley
58.33,48.3,35.03,23.68,59.02,7.23,56.46,Okra
53.62,28.89,31.11,22.84,50.73,7.29,57.49,Mustard
77.72,40.7,83.16,6.8,60.05,6.17,111.04,Apple
96.95,53.14,97.89,29.29,92.87,5.83,258.49,Coconut
61.55,29.08,56.62,30.96,72.5,6.68,78.07,Pumpkin
90.35,51.57,56.25,28.0,80.14,6.93,231.16,Rice
106.44,42.49,51.9,30.19,79.43,5.39,234.44,Rice
59.46,35.42,29.03,24.13,66.02,6.87,131.17,Soybean
31.13,36.66,27.59,17.19,46.67,7.29,69.93,Chickpea
108.66,56.48,106.31,17.88,64.17,5.5,44.32,Potato
29.53,36.17,35.37,28.99,50.53,6.67,55.19,Horse Gram
85.09,47.96,61.79,19.04,74.55,6.43,48.17,Cauliflower
108.42,49.24,129.39,23.07,66.74,6.5,147.0,Papaya
58.53,39.79,29.52,30.26,64.05,6.53,79.02,Castor
87.58,52.72,73.3,25.06,83.31,5.93,256.14,Arecanut
60.79,33.33,30.25,30.44,50.49,6.23,80.75,Pearl Millet
79.49,55.08,59.72,14.4,78.77,6.34,86.95,Tomato
43.19,32.44,26.6,33.88,51.6,6.58,74.84,Green Gram
43.51,41.26,34.11,22.64,52.41,6.8,43.47,Safflower
101.01,45.13,63.86,19.53,78.03,6.58,45.01,Cauliflower
42.3,30.24,27.35,28.86,50.28,6.28,65.36,Kodo Millet
110.04,58.6,83.81,30.93,84.2,4.83,305.12,Rubber
78.75,37.0,77.61,21.44,54.86,6.19,120.46,Apple
25.94,28.84,30.53,27.21,42.67,5.49,77.56,Cowpea
50.24,26.59,28.85,25.82,61.9,7.46,96.89,Groundnut
48.56,35.04,21.3,29.78,52.76,6.11,74.7,Groundnut
82.58,56.22,69.07,23.97,90.52,5.51,172.07,Coffee
49.58,19.28,23.37,18.54,53.41,7.03,62.34,Radish
47.54,30.54,28.03,26.18,58.47,6.06,73.84,Kodo Millet
37.27,32.22,37.52,31.22,49.69,5.63,83.0,Cowpea
25.02,26.14,21.37,23.91,67.28,6.27,71.0,Cowpea
110.98,61.85,132.62,30.37,80.39,6.74,133.72,Banana
65.37,35.43,31.4,22.15,59.88,6.41,25.77,Radish
79.98,39.82,35.33,15.54,49.98,6.58,49.48,Wheat
39.47,35.09,32.33,27.32,51.18,6.44,58.11,Sesame
67.96,35.54,66.13,31.44,65.2,6.94,38.08,Bottle Gourd
30.73,34.35,42.07,30.38,48.57,6.1,55.63,Horse Gram
77.32,51.41,32.08,25.83,62.51,6.77,105.28,Maize
81.49,37.69,34.84,20.72,53.09,6.93,46.54,Wheat
61.76,31.58,29.36,24.73,56.51,6.95,131.26,Soybean
61.18,28.96,59.19,18.47,53.38,6.48,50.75,Carrot
49.58,31.86,33.53,26.46,54.33,6.71,80.11,Little Millet
49.35,35.25,28.96,28.88,50.08,6.67,93.75,Red Gram
83.61,53.21,52.92,21.91,69.01,6.57,85.08,Cabbage
39.87,27.18,36.3,10.57,45.58,6.5,74.08,Peas
61.07,35.47,25.99,26.03,62.83,6.79,60.05,Okra
62.23,23.81,79.31,25.58,74.48,7.36,86.65,Pumpkin
71.8,77.2,58.61,23.31,64.95,5.96,72.67,Chilli
96.66,48.62,84.93,32.65,79.6,6.42,179.12,Litchi
63.42,34.29,32.93,15.16,53.78,6.05,39.49,Mustard
89.62,37.28,53.52,18.73,72.32,6.38,68.86,Cabbage
94.81,60.22,76.2,33.12,85.33,4.99,326.88,Rubber
52.52,65.95,71.27,25.26,56.07,6.9,82.53,Chilli
95.56,42.12,28.97,18.83,60.65,6.6,59.37,Barley
25.83,23.57,27.22,26.02,67.47,7.09,70.5,Sesame
39.67,25.99,21.36,21.17,54.95,6.63,79.09,Rajma
93.8,52.16,17.32,27.76,52.68,6.42,82.96,Maize
65.54,33.09,64.69,17.91,46.9,6.88,74.7,Beetroot
39.01,26.11,29.03,22.21,45.28,6.62,122.97,Little Millet
96.8,54.07,44.48,24.72,84.39,6.03,250.2,Rice
81.78,50.31,96.01,30.21,82.94,5.17,250.74,Rubber
31.22,31.02,38.7,30.16,63.51,7.44,111.95,Black Gram
63.17,49.41,91.57,30.06,50.24,6.38,111.51,Guava
72.46,40.5,49.08,18.87,55.79,6.56,72.86,Onion
115.14,64.24,85.03,28.83,85.85,4.86,288.07,Rubber
66.52,38.66,54.56,17.51,79.96,5.91,206.85,Coffee
57.6,41.88,44.22,29.23,64.22,6.85,64.6,Okra
81.23,53.38,57.27,25.85,55.09,6.29,58.8,Onion
21.17,30.8,22.58,19.23,53.08,6.22,96.8,Rajma
69.92,31.29,63.11,18.5,65.57,7.06,56.41,Beetroot
51.59,41.58,43.55,31.4,63.0,6.73,67.65,Okra
108.93,47.57,107.22,33.17,83.13,6.19,255.52,Coconut
63.98,32.8,55.75,28.96,64.82,7.29,39.22,Bottle Gourd
49.04,33.5,34.3,23.71,69.28,7.07,126.67,Finger Millet
75.92,55.47,98.97,25.12,72.73,5.54,200.5,Pineapple
79.3,38.76,27.36,24.27,47.82,6.75,62.51,Barley
49.42,56.4,82.93,30.48,76.7,5.4,203.23,Litchi
104.04,45.41,104.67,31.02,65.21,6.89,111.14,Papaya
75.78,56.78,79.1,15.96,53.76,6.28,101.44,Apple
69.41,35.26,45.31,14.98,69.14,6.98,64.83,Beetroot
93.25,58.08,101.6,30.33,54.3,6.52,179.34,Mango
92.82,52.11,54.72,21.6,82.78,5.74,265.21,Tea
28.86,27.48,33.15,24.54,54.07,6.27,99.59,Niger Seed
41.55,31.87,28.22,29.8,57.47,6.59,55.02,Kodo Millet
99.5,39.89,103.16,19.25,76.11,6.01,67.3,Potato
43.3,32.08,35.43,31.81,60.23,6.1,56.71,Green Gram
39.88,29.85,27.89,29.63,59.77,5.92,87.71,Field Bean
48.29,28.02,35.47,28.59,53.4,6.28,79.86,Little Millet
19.19,35.75,30.16,32.62,61.2,6.81,109.0,Red Gram
43.5,31.75,32.05,16.18,49.22,6.76,74.59,Linseed
40.41,27.67,35.56,21.87,51.93,7.98,76.5,Safflower
85.37,23.91,69.65,29.96,54.03,6.18,77.24,Pomegranate
53.01,31.72,53.14,17.66,68.16,6.25,55.35,Carrot
24.55,30.06,38.38,27.7,42.3,7.09,130.66,Red Gram
50.09,37.29,65.14,23.16,64.49,6.18,60.39,Beetroot
51.16,37.67,51.59,20.1,54.98,6.59,49.65,Carrot
87.42,52.0,50.53,22.03,48.08,6.16,74.32,Onion
90.94,58.74,88.12,28.2,71.45,6.61,153.49,Mango
71.7,40.57,72.67,20.17,59.11,7.21,52.68,Garlic
51.92,27.5,34.29,30.71,64.01,6.64,106.37,Black Gram
47.48,30.72,28.18,23.04,69.71,6.99,116.38,Finger Millet
54.84,35.67,24.99,25.8,70.48,6.5,103.67,Soybean
88.28,53.31,54.84,31.85,78.79,6.44,182.89,Rice
48.5,28.88,36.33,24.77,55.2,6.99,54.75,Lentil
112.12,57.45,81.48,29.04,81.56,5.26,251.53,Rubber
23.22,30.69,31.76,22.46,55.79,7.23,54.06,Lentil
70.22,27.01,72.39,26.27,64.04,6.43,84.45,Bottle Gourd
94.31,38.3,66.41,21.2,63.68,6.43,141.16,Apple
70.28,27.35,33.12,21.07,54.72,6.58,91.85,Soybean
67.25,23.68,34.11,31.25,34.21,6.62,95.41,Sorghum
66.62,32.47,78.1,30.09,70.79,6.24,180.99,Cashew
67.29,44.23,26.09,28.18,62.77,6.92,80.61,Maize
102.68,48.73,119.37,22.24,73.89,5.69,57.83,Potato
67.32,52.33,77.73,34.53,65.8,6.3,121.56,Guava
58.48,51.35,52.34,29.53,62.02,7.06,107.52,Maize
48.74,36.27,34.35,30.23,56.52,6.84,88.44,Black Gram
40.96,38.7,32.27,16.11,54.87,6.38,38.01,Safflower
62.67,39.94,30.03,28.64,55.12,6.88,79.01,Groundnut
127.92,46.73,55.03,19.0,70.68,6.73,82.34,Cabbage
98.16,45.99,59.14,24.55,66.55,6.06,90.97,Cauliflower
44.56,19.2,27.64,30.85,56.35,7.03,106.4,Kodo Millet
37.82,22.53,31.41,33.6,38.92,6.63,85.09,Groundnut
39.53,21.82,20.94,26.14,54.63,6.35,112.76,Castor
72.63,43.77,98.1,27.93,62.7,7.01,106.87,Guava
89.05,64.83,92.49,27.84,53.53,5.85,166.37,Mango
102.25,48.83,39.85,17.99,65.84,6.57,88.38,Cabbage
81.12,74.22,87.01,18.71,65.65,6.45,165.4,Orange
102.12,59.89,70.13,29.62,80.93,4.88,286.18,Rubber
27.8,33.54,21.51,17.9,54.25,6.16,59.69,Linseed
107.5,54.32,56.37,28.02,85.13,6.58,213.58,Rice
98.72,65.35,51.8,28.66,61.59,7.15,74.11,Chilli
87.9,46.38,83.09,21.64,77.99,5.29,199.35,Pineapple
73.94,48.8,54.98,20.74,54.94,6.74,50.38,Garlic
92.29,44.94,22.89,24.38,57.96,6.38,98.21,Maize
71.15,57.58,50.04,31.24,64.83,6.22,79.12,Cucumber
59.01,25.68,21.52,27.28,53.29,6.82,77.29,Groundnut
74.47,35.07,34.35,23.16,53.6,7.55,58.5,Wheat
94.43,51.14,55.76,22.29,83.52,5.18,237.32,Tea
42.14,39.26,27.57,18.88,48.98,5.7,57.63,Linseed
43.49,34.94,31.02,26.13,52.45,6.12,83.25,Little Millet
56.39,28.51,38.66,26.74,68.07,6.39,95.73,Soybean
39.1,30.55,28.4,20.81,45.76,7.2,79.28,Chickpea
116.63,47.95,75.43,23.92,78.55,5.66,263.86,Tea
99.05,42.81,72.5,34.13,83.14,6.68,231.77,Arecanut
94.38,45.76,58.51,20.94,57.5,6.62,75.47,Cabbage
102.49,48.55,112.42,28.73,73.88,6.32,188.09,Coconut
38.28,32.76,28.21,28.4,67.68,6.53,60.8,Black Gram
91.09,64.02,57.56,28.27,60.81,7.29,69.0,Chilli
39.05,19.78,25.79,17.79,44.42,6.51,102.54,Rajma
37.46,24.51,38.56,23.54,65.09,7.01,91.58,Soybean
134.71,71.27,142.09,30.59,88.96,6.48,212.95,Banana
101.02,51.91,93.88,29.96,69.9,6.3,166.51,Mango
42.85,35.98,31.33,27.46,60.97,7.07,113.13,Little Millet
54.56,25.28,36.34,23.77,56.71,6.58,91.31,Little Millet
77.24,43.06,72.94,21.53,90.08,6.32,189.93,Litchi
52.5,33.41,63.29,20.69,50.35,6.29,60.37,Beetroot
40.59,26.64,24.16,22.76,50.62,7.31,63.3,Linseed
47.16,32.29,20.98,21.5,50.97,6.47,120.84,Little Millet
103.87,70.56,127.13,24.86,82.17,6.58,163.32,Banana
82.34,50.34,75.5,29.77,65.39,7.23,90.99,Chilli
62.08,36.98,76.49,32.17,69.47,6.38,137.48,Cashew
106.45,66.83,96.62,22.42,71.96,5.3,68.38,Potato
43.15,32.06,29.96,24.9,54.16,6.48,112.36,Foxtail Millet
74.38,36.15,50.9,30.29,71.53,5.97,204.42,Cashew
43.81,34.86,76.76,31.02,69.65,6.15,150.84,Cashew
87.49,48.01,94.34,10.75,48.48,5.57,124.34,Apple
27.63,29.32,37.75,25.77,56.87,5.88,67.96,Cowpea
28.01,30.06,28.37,25.54,44.35,6.77,62.67,Horse Gram
51.45,27.13,48.52,27.86,70.17,6.79,115.88,Pumpkin
99.43,45.73,112.67,29.62,59.99,6.84,67.11,Grapes
33.06,30.64,27.81,33.82,48.41,6.44,67.71,Horse Gram
95.11,50.94,31.03,24.13,69.68,6.61,99.74,Maize
21.52,32.51,31.73,21.64,62.62,6.37,57.88,Cowpea
67.04,36.05,53.52,24.87,62.07,6.23,48.79,Carrot
74.58,37.48,34.61,29.59,75.69,6.41,79.62,Maize
44.79,28.67,26.3,28.04,53.84,5.98,101.91,Red Gram
69.86,31.82,30.65,18.39,55.86,6.69,54.77,Mustard
101.42,49.89,66.55,22.18,74.99,6.42,63.89,Cauliflower
87.8,57.21,126.29,12.69,68.66,5.68,73.16,Potato
84.58,38.37,75.61,31.59,60.49,6.42,67.01,Pomegranate
92.35,70.05,59.63,29.03,59.37,7.01,93.62,Chilli
95.82,49.65,59.13,22.79,57.89,6.76,60.86,Onion
60.51,20.79,55.05,29.04,72.16,6.52,207.55,Cashew
38.65,34.89,34.51,27.43,62.23,6.66,76.89,Sesame
31.23,26.25,32.02,26.62,49.84,7.09,80.12,Chickpea
107.91,48.92,77.11,24.28,82.16,6.52,202.31,Arecanut
39.1,32.38,32.75,27.98,65.45,6.25,88.75,Little Millet
69.63,50.06,59.58,27.85,72.2,6.83,89.09,Tomato
55.89,35.48,35.67,11.85,50.09,6.77,43.96,Mustard
68.32,44.63,79.95,13.47,54.64,6.24,112.99,Apple
105.39,58.08,111.65,21.93,59.37,5.4,68.99,Potato
102.17,58.34,34.4,28.31,55.3,6.54,84.09,Chilli
36.02,30.16,29.75,30.83,55.54,5.73,125.71,Red Gram
77.07,46.6,76.11,29.28,81.81,5.14,264.77,Pineapple
56.72,36.11,34.88,37.61,38.93,6.82,81.52,Sorghum
41.64,20.35,30.76,28.53,59.28,6.77,100.14,Niger Seed
63.44,35.0,29.24,25.79,73.59,6.58,103.21,Soybean
48.85,34.51,54.39,30.08,54.73,7.34,76.23,Pumpkin
29.69,26.49,28.45,24.91,68.04,7.46,134.04,Red Gram
55.1,42.1,26.88,31.65,48.56,6.71,93.68,Sorghum
96.17,48.57,52.56,31.08,79.11,5.7,233.69,Rice
93.81,69.15,63.24,14.7,75.41,6.41,129.5,Tomato
109.78,60.41,87.13,28.0,64.78,6.19,100.46,Mango
67.16,34.77,67.64,28.78,76.69,6.02,184.6,Cashew
83.36,23.59,82.67,29.85,77.88,6.2,243.4,Litchi
51.01,27.79,65.59,23.87,72.0,6.45,164.09,Cashew
45.5,34.17,37.97,19.12,53.26,6.35,47.42,Lentil
56.5,64.07,44.07,28.18,74.0,6.03,61.07,Cucumber
108.03,60.15,115.08,30.85,64.86,5.67,206.64,Mango
20.35,31.16,22.98,31.69,54.13,6.97,46.85,Horse Gram
53.9,17.55,36.49,24.63,51.1,5.99,106.49,Little Millet
26.78,24.45,23.57,32.11,60.63,5.87,68.17,Cowpea
90.25,48.91,84.57,21.71,62.62,6.07,74.86,Cauliflower
130.14,65.75,116.64,36.03,83.01,6.31,232.71,Banana
27.68,29.65,33.71,31.28,52.28,6.84,69.33,Horse Gram
76.91,53.31,45.55,26.68,62.34,6.31,54.45,Cucumber
18.51,41.43,32.59,21.55,53.67,6.95,44.89,Peas
68.36,70.35,59.06,27.95,61.82,7.15,85.97,Chilli
108.0,68.54,97.6,27.06,65.63,6.56,84.34,Papaya
89.38,38.03,59.19,28.21,74.7,5.88,187.74,Rice
56.73,30.22,34.18,23.38,61.54,6.59,46.04,Radish
90.46,70.07,99.38,29.64,97.78,5.22,212.39,Rubber
92.86,54.67,67.48,19.99,70.56,6.75,48.85,Cauliflower
89.56,54.52,97.91,27.47,68.41,6.46,147.78,Mango
61.95,33.79,32.3,22.48,51.36,6.5,60.23,Sunflower
84.86,60.2,92.51,22.53,47.66,6.85,153.08,Orange
36.57,24.79,26.15,16.27,56.98,6.24,78.61,Peas
106.73,60.9,54.8,20.53,66.13,6.58,78.63,Tomato
67.2,48.31,90.82,10.62,60.69,6.21,109.77,Apple
36.53,29.78,37.73,26.65,55.79,6.51,101.74,Niger Seed
30.0,27.45,33.35,31.26,52.08,6.73,84.4,Horse Gram
75.66,49.72,85.04,15.21,69.49,5.99,132.88,Apple
110.54,48.28,108.84,25.74,63.9,6.25,75.0,Grapes
127.69,56.79,97.98,32.92,67.67,5.86,179.96,Mango
50.35,26.74,27.1,34.41,63.25,6.81,117.05,Black Gram
103.5,51.02,75.56,27.03,90.37,6.42,264.42,Arecanut
41.52,39.76,28.05,30.61,66.32,6.37,89.4,Black Gram
56.21,37.14,18.96,20.92,53.11,6.66,57.7,Linseed
39.27,35.75,29.17,11.64,71.54,6.41,49.71,Peas
62.69,63.42,49.39,26.8,58.55,6.77,73.77,Chilli
69.26,28.76,21.72,27.98,48.85,7.6,84.29,Castor
31.16,27.07,26.19,18.94,67.18,6.04,89.26,Rajma
45.26,36.4,34.33,20.72,58.57,6.79,87.83,Field Bean
87.02,43.11,64.72,23.15,75.85,4.75,210.65,Tea
65.05,30.57,34.15,19.12,56.83,6.09,59.52,Radish
93.88,55.34,58.99,26.75,84.54,6.11,196.79,Rice
100.16,53.36,91.19,26.86,55.89,4.96,105.89,Orange
33.98,31.14,28.58,27.55,54.97,5.98,62.55,Foxtail Millet
112.59,58.28,64.44,27.09,70.76,6.79,105.45,Brinjal
54.8,24.03,31.8,19.67,52.51,6.55,74.81,Sunflower
58.06,36.3,51.52,14.83,58.69,6.78,60.79,Beetroot
74.0,32.78,68.4,22.19,55.29,6.95,54.23,Garlic
55.27,30.93,57.94,24.15,72.5,6.35,60.87,Bottle Gourd
104.86,43.97,55.79,21.13,89.18,4.9,195.38,Tea
33.9,29.97,32.31,19.05,53.55,6.88,55.5,Linseed
101.94,53.53,62.07,19.99,71.76,6.88,56.96,Cauliflower
76.97,42.0,94.12,19.76,61.02,6.31,115.83,Apple
68.62,28.04,58.2,30.31,68.49,5.76,189.2,Cashew
61.88,33.27,26.96,23.47,54.8,6.77,38.73,Sunflower
44.34,27.38,32.12,27.4,53.36,6.46,102.06,Niger Seed
72.73,27.65,30.71,26.0,53.17,7.11,67.31,Sunflower
34.48,41.58,29.93,26.66,52.41,6.16,74.95,Field Bean
102.44,60.51,100.95,29.86,77.53,6.79,271.13,Coconut
30.6,33.97,24.07,29.25,54.2,5.66,73.32,Cowpea
53.35,30.81,51.67,28.62,66.41,7.14,86.61,Bottle Gourd
76.45,57.64,106.72,33.09,74.81,6.7,213.93,Mango
95.3,40.95,74.12,19.28,71.23,6.6,59.04,Cauliflower
110.42,64.12,94.14,29.52,87.86,4.5,200.87,Rubber
99.03,60.94,87.22,30.09,65.81,6.54,161.58,Papaya
35.77,28.57,22.42,27.39,53.28,7.53,106.11,Field Bean
85.58,42.48,23.95,19.16,51.79,6.24,74.25,Wheat
87.12,48.46,81.37,27.43,84.86,5.82,280.05,Rubber
60.33,28.25,54.21,25.26,53.12,7.11,50.33,Carrot
72.73,40.88,77.9,10.49,62.0,6.54,98.91,Apple
43.2,29.71,32.74,16.3,41.73,6.19,66.39,Lentil
36.52,33.02,25.44,28.84,48.38,6.92,65.08,Groundnut
53.74,29.69,23.83,33.89,35.56,5.87,72.37,Sorghum
116.7,70.23,141.06,28.9,83.69,6.74,158.14,Banana
82.38,31.26,59.31,20.49,52.3,6.61,46.69,Beetroot
33.78,36.42,30.01,15.19,46.84,6.96,54.38,Mustard
66.96,31.27,24.78,28.47,50.72,6.48,54.61,Kodo Millet
52.3,28.92,43.08,21.91,51.96,7.03,72.13,Beetroot
53.63,30.42,33.99,31.83,60.9,7.0,83.49,Sorghum
66.3,27.09,67.3,22.39,56.11,6.26,56.79,Carrot
77.37,54.4,57.15,28.35,59.97,6.69,71.96,Chilli
43.19,35.49,27.15,28.25,74.44,7.71,104.99,Kodo Millet
108.15,40.84,50.11,20.34,72.73,6.54,75.94,Cauliflower
54.25,28.92,29.55,20.36,58.38,7.52,75.6,Sunflower
39.87,35.61,31.81,18.19,48.6,5.97,56.27,Linseed
35.19,34.07,34.45,32.81,66.22,6.78,74.3,Groundnut
79.15,32.52,84.13,29.77,77.27,6.16,198.07,Pineapple
95.31,52.2,53.95,23.94,74.21,5.39,185.12,Rice
96.3,53.13,69.09,26.07,58.14,7.08,78.54,Chilli
69.34,56.16,62.56,19.64,71.56,6.54,91.3,Cabbage
97.04,32.28,85.37,23.19,82.5,6.74,162.89,Litchi
88.27,49.51,86.55,25.42,71.84,6.31,166.01,Litchi
59.17,26.41,59.17,29.02,80.0,5.42,207.03,Cashew
52.64,28.69,29.0,26.78,52.36,6.32,105.49,Little Millet
113.88,35.49,102.65,26.79,65.21,5.62,178.35,Mango
77.38,31.37,32.53,22.23,52.73,7.4,56.31,Barley
103.14,47.33,53.89,31.7,85.43,5.58,223.75,Rice
55.56,36.5,35.02,27.8,53.06,7.33,45.09,Sunflower
93.72,53.75,93.72,31.94,66.36,6.62,79.81,Grapes
56.84,31.73,25.52,28.49,36.81,6.66,64.42,Sunflower
95.87,52.98,59.51,21.43,61.17,6.39,79.36,Cabbage
49.7,30.76,43.19,30.49,59.48,6.07,83.13,Kodo Millet
56.56,24.84,49.68,28.05,63.68,6.92,104.9,Pumpkin
55.22,23.06,30.52,32.07,44.68,6.34,42.83,Pearl Millet
51.28,25.17,37.71,32.91,64.42,6.38,75.89,Groundnut
44.01,35.51,48.46,25.05,73.31,6.81,46.51,Bottle Gourd
83.38,44.31,59.19,21.82,64.13,6.5,65.57,Onion
46.32,30.66,31.21,19.63,54.82,6.94,52.37,Radish
80.39,46.16,98.06,27.51,88.3,6.21,274.07,Coconut
79.9,33.94,81.79,24.3,56.25,6.39,102.71,Guava
50.26,26.96,30.56,30.51,52.0,6.4,71.47,Groundnut
37.44,30.26,29.83,18.05,51.42,7.14,50.91,Chickpea
44.59,45.53,58.09,22.57,66.09,7.29,41.52,Garlic
63.42,26.74,47.71,17.12,62.05,6.57,52.53,Carrot
48.29,26.36,56.55,29.41,69.8,6.33,174.51,Cashew
26.05,26.91,38.07,22.64,52.61,7.46,81.72,Niger Seed
43.61,27.8,35.39,27.29,56.76,6.68,120.18,Red Gram
68.09,52.37,65.01,22.28,78.3,5.21,120.07,Coffee
73.93,52.98,59.01,25.72,59.78,6.94,79.22,Chilli
58.37,22.73,32.41,26.75,53.93,5.87,102.37,Foxtail Millet
64.85,25.95,71.82,20.09,60.05,6.76,57.07,Beetroot
39.27,27.72,36.87,30.13,44.29,6.62,75.31,Foxtail Millet
91.05,54.68,49.39,32.49,94.14,6.28,239.7,Rice
48.56,40.83,46.3,21.04,72.89,6.3,72.79,Cucumber
27.3,34.62,28.91,29.41,48.87,6.96,70.03,Horse Gram
73.14,31.41,29.78,28.96,69.75,6.44,108.27,Maize
41.02,32.85,26.15,25.71,49.51,6.65,86.63,Little Millet
99.06,45.87,50.18,20.96,84.75,6.63,249.75,Rice
54.63,29.49,29.12,27.55,52.2,6.47,134.12,Finger Millet
99.96,49.11,94.45,27.63,72.56,7.76,169.61,Mango
49.39,33.48,27.09,19.62,53.79,6.46,116.83,Finger Millet
82.22,49.24,34.68,20.95,73.71,6.68,122.47,Maize
95.83,43.64,50.23,25.19,69.04,6.21,74.03,Tomato
44.09,29.09,25.31,16.39,57.23,6.8,51.17,Lentil
77.72,27.45,25.02,27.94,51.92,7.29,61.54,Sorghum
66.28,29.01,27.76,29.63,52.68,6.31,89.81,Castor
29.75,29.31,24.25,17.17,41.28,6.99,49.52,Linseed
87.3,43.07,58.06,18.7,75.68,6.69,55.78,Cauliflower
109.34,44.23,62.02,25.99,84.2,4.85,226.01,Tea
43.07,39.17,23.32,29.91,52.31,5.82,77.2,Green Gram
93.42,85.92,51.08,18.09,70.3,6.4,80.12,Tomato
33.07,30.26,23.61,32.44,49.17,7.68,75.88,Sesame
48.06,27.05,30.53,33.82,51.78,6.24,53.39,Green Gram
40.01,29.99,32.52,24.98,45.86,7.47,47.38,Safflower
83.69,60.0,67.68,25.24,67.34,7.11,93.17,Brinjal
74.0,30.81,61.26,26.59,88.54,5.29,194.53,Coffee
34.75,25.21,23.28,21.28,54.37,6.97,50.04,Horse Gram
101.54,51.56,98.92,24.58,62.82,7.31,63.35,Grapes
42.2,29.81,20.45,19.09,46.86,6.48,62.77,Linseed
114.91,72.93,73.56,26.65,80.9,5.62,259.47,Rubber
59.25,21.92,27.08,26.17,55.23,7.4,91.34,Sunflower
115.7,66.72,135.14,25.77,82.56,6.62,236.21,Banana
48.23,28.69,64.68,20.0,61.07,6.14,69.98,Beetroot
95.6,42.81,58.45,30.75,60.97,6.56,60.31,Chilli
36.21,22.31,24.13,22.46,53.48,7.07,60.48,Safflower
101.63,55.0,45.49,25.24,87.47,5.88,277.97,Rice
77.56,48.69,82.78,29.94,49.63,6.64,78.7,Pomegranate
78.92,56.12,79.06,27.33,62.19,5.4,60.47,Pomegranate
49.46,24.94,65.97,32.11,67.81,6.28,96.41,Cashew
99.98,55.11,68.34,22.62,65.29,6.64,170.66,Orange
100.77,41.86,58.16,33.36,85.72,6.64,257.38,Rubber
104.46,67.23,111.77,27.77,70.8,6.77,140.71,Mango
93.56,69.93,57.21,25.14,56.72,7.04,89.69,Chilli
70.42,50.71,26.76,24.0,57.61,6.29,72.39,Maize
58.68,38.95,32.07,26.68,53.97,6.26,116.61,Finger Millet
82.91,46.48,118.63,32.58,80.68,7.53,169.54,Coconut
33.58,30.58,39.61,21.42,52.09,6.74,50.26,Lentil
90.42,43.95,113.79,28.69,65.22,6.3,108.63,Grapes
40.44,27.68,33.43,21.61,45.99,6.93,107.31,Red Gram
90.24,57.79,58.1,28.85,75.34,6.19,106.99,Litchi
83.53,43.24,80.42,28.48,79.57,5.42,272.1,Pineapple
54.78,26.38,28.05,32.9,45.16,6.55,94.16,Green Gram
62.18,23.84,52.4,25.16,68.13,6.52,94.32,Pumpkin
58.48,18.42,42.69,21.42,68.84,6.75,116.91,Finger Millet
38.66,33.79,26.49,29.65,43.4,7.0,77.61,Field Bean
98.73,76.56,69.06,37.85,56.33,6.59,78.12,Chilli
75.15,42.71,58.6,21.22,59.78,6.43,57.22,Garlic
41.8,26.88,20.38,26.7,60.54,6.43,90.12,Kodo Millet
109.97,57.01,43.26,19.76,66.63,6.34,74.98,Cabbage
44.25,23.44,32.18,21.89,46.49,7.07,72.45,Chickpea
29.86,34.52,33.15,20.32,42.34,6.5,54.43,Peas
107.48,51.99,43.27,30.11,80.88,5.25,211.86,Tea
44.36,29.07,30.59,23.81,50.7,6.33,42.1,Safflower
57.52,31.01,32.36,34.69,64.72,5.98,62.3,Castor
90.14,43.91,78.47,24.87,80.38,5.0,247.95,Pineapple
67.1,50.95,73.33,22.07,92.09,5.4,231.51,Pineapple
46.38,26.76,27.77,29.13,48.47,6.85,68.73,Sesame
57.68,26.2,38.51,18.59,49.76,6.49,51.2,Mustard
74.2,43.12,28.34,12.39,53.22,6.57,81.32,Wheat
36.1,27.16,38.36,24.89,47.36,6.76,105.62,Niger Seed
75.58,51.36,39.2,26.32,63.09,6.89,109.92,Maize
33.27,31.46,26.66,21.26,50.26,6.75,54.16,Radish
85.41,35.19,34.89,29.13,55.07,6.71,124.44,Maize
90.38,31.39,54.56,18.53,57.08,6.48,39.96,Garlic
64.03,35.04,30.76,16.93,43.41,6.34,38.89,Barley
71.83,57.01,44.15,31.35,68.92,7.03,100.44,Maize
54.27,31.82,28.33,24.73,57.42,7.1,82.77,Finger Millet
110.39,54.42,98.14,26.17,65.31,5.7,124.85,Mango
61.63,30.76,42.0,22.03,72.71,6.38,50.68,Beetroot
81.0,59.01,67.18,33.26,60.44,6.32,81.58,Chilli
80.01,29.42,25.77,25.27,50.3,7.2,55.46,Castor
30.44,27.25,31.99,19.34,47.68,6.98,41.05,Lentil
33.48,33.1,30.39,29.39,64.37,6.06,68.27,Cowpea
107.03,62.22,82.97,32.32,71.17,6.76,118.48,Papaya
71.52,41.17,90.09,22.5,61.6,6.34,96.19,Guava
71.03,32.31,35.54,33.48,21.88,6.6,47.98,Pearl Millet
95.92,56.33,61.29,23.66,95.42,5.32,246.92,Tea
54.52,35.3,25.76,28.64,46.85,6.82,75.51,Sorghum
86.87,36.75,81.99,28.57,84.33,6.03,210.89,Litchi
70.54,30.82,22.43,31.85,58.41,7.05,66.58,Sorghum
97.58,53.88,71.68,29.67,61.54,7.15,113.22,Guava
65.45,41.99,35.37,28.69,51.38,7.05,65.92,Sorghum
92.26,39.38,96.98,20.2,52.13,6.29,92.09,Apple
78.58,38.88,31.02,17.23,46.63,6.68,52.34,Barley
80.29,27.93,29.48,31.03,41.28,6.65,66.15,Pearl Millet
42.51,13.72,34.48,30.35,44.98,7.05,70.59,Chickpea
94.89,52.78,67.48,18.62,69.82,6.67,70.54,Cauliflower
36.12,19.7,27.28,29.11,44.35,5.54,41.73,Horse Gram
40.65,32.54,24.91,15.51,54.47,6.75,66.5,Linseed
82.43,65.76,54.43,25.54,77.39,6.82,65.44,Brinjal
94.53,34.71,88.61,24.86,76.05,6.62,183.81,Orange
31.39,30.6,30.56,24.34,54.16,6.48,65.77,Horse Gram
38.03,32.82,29.43,23.79,40.95,6.73,86.1,Foxtail Millet
110.83,52.3,65.44,26.41,87.73,4.81,296.88,Rubber
20.55,26.11,30.1,21.29,63.35,6.76,51.39,Peas
52.52,23.91,36.79,28.84,48.06,7.14,79.5,Groundnut
75.8,38.72,51.95,21.55,67.94,6.92,69.41,Cabbage
38.78,30.18,27.49,15.22,47.37,7.12,75.54,Peas
36.1,27.62,33.04,19.83,47.56,5.86,53.07,Lentil
28.17,34.91,36.93,17.59,46.56,6.66,68.13,Lentil
65.5,42.0,28.24,15.31,66.3,7.07,70.94,Barley
37.35,35.47,34.69,19.61,49.05,7.27,63.81,Linseed
86.37,57.83,63.53,21.25,69.71,6.13,91.06,Cabbage
90.29,49.72,103.07,33.1,67.78,6.88,104.32,Mango
92.69,61.91,54.59,23.79,67.65,6.47,78.94,Brinjal
65.26,28.78,90.8,21.59,59.94,6.53,64.52,Beetroot
75.79,35.61,73.69,25.69,68.32,6.09,85.6,Brinjal
48.72,26.28,33.07,19.2,48.4,7.76,59.07,Chickpea
83.79,42.85,44.92,31.26,62.45,6.15,128.22,Brinjal
137.44,48.45,135.33,24.44,81.2,6.55,159.48,Banana
44.09,30.24,39.07,25.97,33.43,6.01,60.05,Little Millet
23.17,32.34,28.89,22.59,43.87,6.84,41.02,Chickpea
50.24,33.9,31.92,20.55,66.16,6.95,52.87,Radish
82.12,40.9,35.26,25.6,66.27,6.93,82.87,Maize
62.67,25.04,25.72,27.55,63.29,5.97,50.06,Kodo Millet
52.53,30.27,33.76,24.35,50.49,6.29,72.47,Safflower
79.69,48.29,96.26,22.43,85.45,5.93,171.38,Pineapple
95.31,47.5,103.18,22.96,67.32,6.4,136.75,Papaya
93.3,56.32,47.58,15.63,83.56,4.86,278.92,Tea
63.53,27.17,73.9,26.63,64.71,6.63,35.84,Bottle Gourd
101.53,54.94,87.56,23.54,79.17,5.59,251.23,Arecanut
75.28,37.02,80.38,27.63,72.47,6.61,116.99,Pumpkin
36.91,34.84,26.92,27.77,54.4,6.11,92.49,Sesame
47.92,40.24,38.3,27.12,51.93,6.55,41.7,Pearl Millet
56.96,30.83,36.75,29.9,53.23,6.67,74.34,Castor
57.94,35.43,37.49,34.54,32.19,7.93,83.17,Sorghum
97.87,62.31,106.92,33.27,60.33,7.52,204.34,Mango
116.64,72.84,79.69,30.7,84.53,6.43,322.69,Rubber
49.12,34.81,33.35,25.59,54.07,7.11,109.65,Foxtail Millet
56.45,29.15,29.51,27.14,68.03,6.21,105.14,Finger Millet
83.84,40.08,33.85,14.33,55.94,6.8,54.48,Wheat
29.76,21.32,32.19,31.22,54.31,6.88,75.18,Horse Gram
105.41,56.05,62.39,18.48,60.55,6.95,67.11,Cabbage
36.86,29.59,30.55,21.12,53.89,6.34,45.47,Lentil
57.64,27.86,34.65,18.89,52.26,6.68,53.24,Linseed
80.43,39.73,73.83,27.22,79.97,5.86,290.55,Pineapple
41.88,29.18,26.92,28.57,59.59,6.18,80.13,Sunflower
57.16,25.8,61.87,27.65,74.04,7.62,76.89,Bottle Gourd
55.01,29.76,30.94,26.83,65.03,6.76,147.64,Finger Millet
87.96,50.84,70.33,19.1,65.29,6.64,54.16,Cauliflower
60.35,24.37,55.04,21.3,63.93,7.07,67.45,Carrot
40.38,28.84,32.85,27.88,41.82,7.63,62.62,Safflower
40.93,25.9,28.44,23.48,58.52,5.7,153.11,Finger Millet
96.37,41.99,56.26,29.25,69.91,6.33,207.87,Rice
38.21,26.38,31.28,30.76,42.25,6.85,54.87,Sesame
26.75,27.99,30.62,35.93,57.78,7.25,41.57,Sesame
92.36,51.51,28.0,28.28,64.2,6.52,104.81,Maize
79.66,31.82,54.3,25.36,73.04,6.62,61.65,Okra
99.21,56.34,110.33,27.72,68.5,6.44,137.98,Papaya
39.05,31.44,22.27,30.79,52.29,6.56,66.08,Cowpea
108.18,49.18,101.65,24.83,62.81,6.66,68.2,Grapes
31.09,43.34,23.53,21.19,56.23,5.95,84.45,Niger Seed
52.21,30.27,29.85,28.93,58.29,6.71,67.07,Groundnut
37.84,32.93,28.45,23.86,48.16,7.07,43.07,Chickpea
82.87,39.42,60.96,27.45,50.89,6.96,76.96,Pomegranate
96.93,54.08,109.84,29.53,77.02,7.43,247.18,Coconut
103.81,50.72,55.66,17.75,73.54,6.73,68.02,Cauliflower
54.33,27.08,31.04,25.16,63.51,6.21,112.62,Finger Millet
54.88,34.8,16.74,31.79,32.25,7.54,53.51,Pearl Millet
136.1,59.43,109.96,26.48,81.06,6.98,211.31,Banana
97.58,48.7,99.51,25.41,72.79,6.58,311.6,Coconut
50.78,26.15,27.56,28.35,65.99,6.44,86.1,Kodo Millet
91.9,47.45,83.54,30.94,54.71,5.74,111.97,Guava
100.26,48.68,86.79,32.2,75.12,6.11,143.97,Arecanut
61.15,33.86,28.65,25.46,63.45,7.07,101.97,Soybean
106.77,65.2,97.31,30.72,73.02,6.07,157.16,Papaya
42.32,26.97,22.79,27.74,52.74,7.18,102.48,Little Millet
81.44,59.12,59.23,24.25,70.03,6.53,74.93,Tomato
104.61,39.57,96.7,25.99,70.02,5.71,171.85,Mango
51.81,18.99,57.67,28.61,70.15,7.73,69.24,Pumpkin
41.49,27.08,43.38,29.55,67.01,7.34,80.07,Foxtail Millet
114.52,70.77,89.38,30.0,72.88,7.03,139.56,Orange
128.15,51.39,65.45,24.31,79.09,4.74,201.96,Tea
32.13,23.75,26.79,20.07,45.13,7.7,56.1,Chickpea
54.76,22.93,65.71,31.12,68.68,7.97,94.68,Bottle Gourd
57.48,31.34,50.26,29.42,72.01,6.44,76.06,Pumpkin
98.42,44.71,47.16,23.72,80.93,4.71,252.37,Tea
36.01,20.5,57.87,33.41,69.56,6.36,88.41,Pumpkin
65.41,41.39,58.55,26.03,69.02,6.29,64.14,Cucumber
48.87,25.39,26.14,33.06,44.3,7.07,106.82,Red Gram
92.35,43.88,90.77,24.49,82.89,5.64,205.23,Arecanut
108.36,51.23,63.92,26.04,89.47,4.72,270.16,Tea
76.84,63.31,41.19,26.71,59.67,7.13,60.17,Okra
66.28,24.75,49.15,26.91,69.69,6.16,179.53,Cashew
74.89,56.7,39.91,25.12,66.33,7.41,87.7,Chilli
54.42,29.71,38.22,30.11,73.55,7.09,80.28,Black Gram
51.49,29.33,48.47,23.37,67.45,7.11,113.04,Pumpkin
54.6,37.25,75.41,30.21,66.25,6.59,74.2,Pumpkin
40.29,27.23,27.3,25.23,53.24,6.16,84.58,Foxtail Millet
69.51,45.08,32.15,28.87,68.74,7.32,74.46,Okra
48.53,45.79,34.53,24.76,43.42,6.9,79.82,Little Millet
57.13,32.25,29.03,30.62,57.88,7.21,60.9,Groundnut
48.18,35.29,27.48,31.89,30.83,6.97,55.62,Sorghum
57.11,30.87,66.35,25.78,78.38,7.57,77.33,Bottle Gourd
67.88,39.95,49.29,28.04,72.56,6.45,90.94,Cucumber
40.12,39.62,46.87,20.25,55.82,6.53,50.95,Carrot
137.44,62.92,109.02,27.42,72.48,6.55,110.02,Banana
118.11,67.64,64.37,26.23,75.76,5.35,172.11,Orange
47.97,39.66,26.11,25.21,68.12,6.94,103.25,Soybean
93.63,56.63,64.05,21.23,71.04,6.33,84.56,Cabbage
38.09,27.17,24.4,19.02,42.99,6.53,79.53,Rajma
38.34,23.61,37.84,21.95,61.12,7.06,47.34,Peas
44.47,26.49,30.12,22.63,51.21,6.69,52.27,Linseed
43.37,29.76,24.44,33.05,61.55,6.62,64.53,Groundnut
67.39,29.18,41.63,29.41,74.65,6.9,48.82,Bottle Gourd
122.94,41.94,58.7,22.94,59.05,6.25,82.63,Chilli
62.41,30.98,29.86,27.18,38.54,6.51,79.74,Sunflower
45.1,27.97,79.39,24.64,61.64,6.68,76.81,Beetroot
92.65,53.72,67.75,30.03,82.37,5.61,270.06,Rubber
95.16,60.99,85.38,26.72,57.65,6.81,85.17,Grapes
99.86,48.86,117.61,19.85,61.57,6.71,182.01,Orange
69.25,17.63,62.97,28.55,70.39,6.49,91.65,Pumpkin
71.39,31.8,70.75,17.79,65.29,6.46,79.22,Beetroot
56.19,21.95,34.7,27.44,57.23,5.91,106.27,Finger Millet
64.94,33.46,56.16,30.33,70.5,6.67,69.72,Bottle Gourd
90.49,66.82,110.53,21.43,69.73,6.08,47.74,Potato
101.15,70.81,98.14,29.0,63.77,6.99,181.13,Mango
70.13,32.35,34.03,24.91,62.0,6.65,82.96,Castor
94.05,44.65,39.15,22.03,54.55,6.82,84.62,Wheat
84.18,37.08,56.37,27.86,59.03,6.61,92.55,Chilli
25.72,21.39,24.06,31.06,58.68,7.46,56.93,Groundnut
109.37,44.99,116.43,27.51,55.05,6.74,80.11,Grapes
91.7,62.18,81.18,27.7,81.51,4.99,295.9,Rubber
109.5,50.28,70.6,24.01,92.09,5.46,291.72,Tea
114.36,58.78,86.59,25.0,62.59,5.37,152.66,Orange
70.67,49.55,80.46,23.64,53.64,6.52,50.71,Onion
66.03,24.97,68.51,34.65,65.11,6.78,66.25,Pumpkin
33.1,24.6,31.14,25.84,60.56,5.95,62.25,Cowpea
44.35,26.08,28.84,30.88,54.02,6.81,71.53,Kodo Millet
42.29,33.22,22.07,25.64,58.01,6.65,108.66,Soybean
34.26,25.34,34.84,20.65,57.8,6.21,101.43,Rajma
96.57,42.25,75.38,34.18,90.13,5.78,329.03,Rubber
37.13,32.91,27.51,24.92,69.29,7.14,91.5,Soybean
39.03,26.27,30.53,27.69,62.97,6.46,77.82,Horse Gram
64.58,29.46,30.5,24.38,56.11,6.71,88.71,Castor
108.01,54.41,87.45,29.3,79.9,6.05,256.37,Arecanut
53.08,38.67,30.58,20.68,51.73,6.45,62.89,Linseed
58.9,32.88,66.95,21.15,59.3,6.35,52.53,Carrot
53.49,27.73,28.92,24.03,68.68,7.42,92.57,Soybean
72.21,43.84,64.25,20.64,64.63,6.64,56.83,Onion
89.19,37.22,47.8,30.23,63.22,6.11,67.35,Cucumber
59.26,40.8,40.86,25.42,52.72,5.63,86.9,Little Millet
44.07,37.55,34.52,30.97,42.79,7.59,138.49,Red Gram
98.34,46.69,96.26,27.0,58.52,6.4,88.1,Grapes
59.59,35.91,54.26,31.41,79.34,6.7,87.14,Okra
58.49,41.18,34.35,23.83,63.6,7.15,114.34,Soybean
21.85,31.01,29.54,22.29,64.0,6.58,92.16,Niger Seed
58.93,31.08,23.47,22.71,47.47,6.99,60.5,Safflower
106.65,48.74,95.18,32.77,47.15,6.44,60.56,Grapes
51.28,28.35,25.12,19.95,58.18,7.1,74.21,Radish
79.52,58.01,51.27,24.76,57.35,6.55,56.06,Onion
53.44,25.45,25.72,29.43,49.43,7.49,86.84,Safflower
46.64,27.24,31.93,24.33,58.37,6.51,105.35,Soybean
24.7,26.44,22.64,26.0,43.17,5.36,47.92,Horse Gram
108.78,54.95,46.93,32.93,75.03,6.05,243.15,Rice
59.19,34.37,40.63,28.61,59.82,7.4,52.9,Black Gram
44.91,26.5,32.84,17.79,38.12,6.65,62.76,Chickpea
100.68,57.38,48.05,16.64,72.75,6.28,249.8,Rice
111.97,63.51,64.41,25.84,77.09,4.79,250.69,Tea
29.4,26.88,26.08,28.93,62.74,7.09,78.63,Green Gram
69.5,45.09,29.5,25.21,75.28,6.33,83.49,Maize
25.49,24.72,27.55,29.45,62.22,7.27,77.9,Groundnut
29.3,25.95,37.14,32.37,56.39,6.11,65.22,Sesame
58.39,25.66,33.53,24.84,51.3,7.33,62.97,Sunflower
48.91,25.39,25.34,35.02,57.54,7.02,53.07,Groundnut
94.12,54.65,56.61,19.92,67.64,6.66,84.7,Cabbage
111.9,44.07,98.57,33.02,86.29,7.14,272.48,Coconut
30.73,28.14,34.3,30.76,58.54,6.95,102.67,Green Gram
55.82,38.54,28.27,31.49,65.86,6.89,118.48,Kodo Millet
48.98,24.16,28.83,31.63,44.12,6.18,43.3,Pearl Millet
129.14,52.14,38.76,30.7,81.16,6.08,194.94,Rice
81.87,46.67,57.82,15.63,64.44,6.16,51.86,Garlic
66.49,71.07,48.59,26.9,65.94,6.45,71.82,Chilli
44.51,30.91,29.49,32.86,60.33,7.01,93.2,Green Gram
50.01,35.75,34.19,21.34,48.55,6.6,54.92,Lentil
94.06,46.61,44.82,26.87,78.28,6.14,245.69,Rice
44.96,36.31,25.4,19.33,47.93,6.62,72.99,Linseed
63.79,56.27,42.14,24.5,73.53,5.11,253.38,Coffee
36.18,24.67,27.89,22.83,57.62,6.49,90.58,Field Bean
38.8,34.88,25.22,25.04,59.54,6.5,70.55,Field Bean
94.71,63.4,109.12,28.07,60.55,6.47,104.36,Papaya
70.5,29.39,66.62,16.39,60.89,6.65,52.42,Carrot
41.93,19.34,26.95,23.6,50.7,6.46,94.77,Field Bean
101.11,48.62,69.66,21.58,71.08,6.38,74.84,Cauliflower
41.4,26.05,29.03,27.47,39.77,7.63,47.49,Safflower
84.55,36.73,68.9,30.27,68.98,6.12,70.61,Pomegranate
65.83,24.87,64.17,29.83,71.83,7.36,65.7,Pumpkin
89.45,42.76,97.94,26.16,66.64,6.71,76.38,Grapes
44.96,28.03,24.8,28.95,46.41,6.8,71.77,Green Gram
114.18,56.31,58.39,27.08,56.57,7.07,86.39,Chilli
85.21,63.92,109.61,36.18,81.32,6.38,169.64,Orange
12.16,27.43,18.59,21.31,54.78,7.01,55.22,Chickpea
34.34,21.23,31.36,30.04,53.81,6.1,59.81,Cowpea
112.51,70.12,125.2,30.49,74.24,6.58,180.43,Banana
97.13,45.13,55.32,26.03,76.02,5.05,241.99,Tea
73.76,52.55,61.98,22.58,66.82,6.65,53.65,Onion
61.63,29.36,63.52,23.41,66.96,6.59,54.25,Carrot
87.73,64.98,51.86,29.82,60.6,5.84,54.0,Chilli
89.15,39.46,37.15,14.09,60.28,6.51,68.51,Wheat
38.5,25.84,27.91,28.69,48.32,6.35,90.67,Sesame
42.72,33.66,23.69,29.5,63.42,6.66,66.63,Red Gram
44.1,32.49,28.86,32.15,50.86,7.27,90.31,Sesame
56.13,48.25,64.18,18.67,82.82,6.14,255.96,Coffee
36.88,29.63,21.65,29.88,43.41,6.59,101.1,Horse Gram
48.51,37.76,33.21,30.54,62.15,6.36,114.47,Red Gram
60.61,25.25,29.63,33.23,52.47,7.4,66.91,Kodo Millet
90.41,52.17,110.12,29.24,68.49,5.81,225.52,Coconut
95.75,54.27,73.22,21.74,57.75,6.66,143.51,Orange
53.28,24.52,24.75,23.92,65.77,7.48,146.21,Finger Millet
49.83,27.7,56.59,34.36,71.4,6.26,81.04,Pumpkin
87.22,44.75,32.35,18.73,61.94,7.51,55.64,Barley
95.49,39.99,27.75,21.14,51.17,7.26,56.38,Wheat
75.28,35.83,67.95,23.79,63.04,6.37,58.2,Carrot
38.7,31.79,40.98,23.68,63.37,7.21,87.89,Soybean
31.5,30.3,29.1,34.91,37.18,6.9,40.16,Pearl Millet
45.0,24.49,23.03,25.59,42.63,7.05,81.27,Foxtail Millet
97.48,56.62,58.09,28.27,59.79,6.77,55.3,Chilli
110.69,66.3,96.71,28.59,81.25,4.86,253.56,Rubber
40.75,35.0,33.34,19.77,47.63,7.44,58.22,Linseed
83.85,33.84,28.61,17.87,55.89,6.6,62.02,Barley
58.2,31.32,44.01,23.28,52.75,6.64,61.65,Sunflower
32.96,31.96,20.11,20.97,45.79,6.91,56.95,Horse Gram
49.41,19.18,24.69,23.96,41.55,7.78,55.49,Chickpea
37.39,35.21,38.68,24.48,49.37,5.99,85.95,Kodo Millet
78.98,34.21,43.97,20.65,56.73,6.65,47.05,Carrot
65.7,32.92,21.45,16.92,56.41,6.36,45.74,Mustard
93.56,42.05,75.56,23.24,71.7,6.45,155.73,Pineapple
109.44,51.41,104.34,33.53,68.47,6.92,76.59,Grapes
22.01,40.82,28.93,28.82,46.0,6.54,74.2,Field Bean
66.87,31.75,21.07,36.09,63.08,7.35,56.08,Pearl Millet
67.7,46.33,61.52,14.99,56.02,6.62,58.63,Garlic
79.21,55.42,63.67,16.05,72.91,6.69,65.53,Cabbage
43.19,25.2,24.04,25.12,47.25,7.53,41.93,Chickpea
48.01,25.93,23.43,24.98,50.14,6.69,120.33,Little Millet
106.03,51.3,84.29,30.79,85.09,5.95,284.59,Rubber
56.24,30.67,28.87,27.39,61.26,5.83,102.27,Finger Millet
85.37,49.62,86.79,28.62,79.07,5.53,167.88,Litchi
22.87,23.45,27.85,25.17,47.24,5.8,71.25,Horse Gram
30.71,35.93,24.06,25.69,59.33,6.37,62.97,Niger Seed
45.35,34.94,32.93,32.41,49.26,6.95,76.2,Groundnut
54.8,22.51,29.57,29.37,58.14,6.79,47.85,Castor
69.14,49.44,33.06,14.91,56.4,7.08,50.83,Barley
77.43,15.61,31.29,24.85,56.33,6.72,65.26,Sorghum
47.73,22.6,31.1,30.12,52.89,6.7,89.14,Green Gram
78.83,36.87,68.84,28.48,72.75,5.5,183.02,Litchi
82.56,46.73,39.61,21.8,61.15,6.85,53.75,Onion
40.63,40.0,36.71,27.6,70.6,6.19,43.53,Sunflower
91.9,52.37,73.29,24.46,90.21,5.34,154.62,Coffee
33.99,26.8,30.02,24.1,44.76,6.92,44.93,Chickpea
37.75,29.56,26.73,26.85,55.24,5.75,97.46,Cowpea
53.13,33.26,27.13,28.39,63.03,7.32,89.56,Foxtail Millet
97.62,42.41,103.76,26.62,70.32,6.33,69.31,Grapes
87.22,53.1,50.06,25.53,82.35,6.08,174.74,Rice
56.83,27.18,33.74,27.44,52.28,6.15,77.24,Finger Millet
104.86,77.7,69.44,24.67,74.15,6.88,67.94,Tomato
99.41,45.37,106.67,29.84,74.56,7.09,249.71,Coconut
61.84,50.82,73.61,24.14,59.48,6.62,81.16,Pomegranate
53.87,39.54,29.97,30.43,80.07,7.15,116.26,Black Gram
55.97,32.11,40.66,34.06,67.16,5.98,64.13,Sorghum
41.55,30.07,31.6,25.33,64.72,6.9,72.86,Foxtail Millet
105.16,61.53,107.37,18.17,66.91,5.54,64.78,Potato
62.12,24.27,28.53,39.03,53.27,7.21,62.19,Pearl Millet
25.74,26.37,34.26,22.8,54.25,6.28,46.1,Cowpea
93.92,56.7,101.47,19.33,66.75,6.55,82.74,Orange
32.9,27.7,23.67,20.63,50.88,6.28,46.96,Lentil
110.05,56.07,106.21,28.16,62.9,6.88,109.79,Grapes
91.74,42.51,105.16,20.5,59.73,6.16,165.18,Guava
94.08,42.35,30.94,23.99,70.03,6.4,86.72,Maize
57.15,37.21,78.03,24.9,76.5,7.36,75.33,Bottle Gourd
67.72,33.67,87.3,21.74,57.97,6.62,58.16,Pomegranate
28.97,25.59,27.42,32.41,54.81,6.86,107.36,Red Gram
47.15,29.07,31.32,34.27,53.92,7.07,58.13,Sorghum
102.91,44.14,24.0,21.33,59.09,6.71,92.03,Wheat
109.32,48.53,50.42,25.02,75.46,6.22,233.94,Rice
112.17,68.28,78.27,28.17,65.53,7.32,115.04,Mango
81.34,42.69,86.8,24.05,76.57,5.62,240.4,Litchi
93.01,51.0,45.83,28.61,64.31,6.32,96.22,Tomato
70.11,32.4,77.51,27.96,67.62,6.45,235.0,Litchi
26.3,33.78,32.74,31.43,57.37,6.2,71.18,Sesame
52.89,23.76,30.88,22.25,57.95,5.73,95.48,Finger Millet
47.45,29.72,42.32,20.71,61.05,6.4,59.11,Carrot
28.69,31.25,25.55,31.01,51.36,7.38,86.97,Sesame
48.55,31.82,36.43,25.62,48.95,7.02,93.96,Red Gram
46.83,18.24,26.05,24.58,38.45,7.59,54.9,Chickpea
42.11,28.75,34.99,30.43,57.38,7.59,57.85,Sesame
88.17,43.35,83.21,10.68,63.19,6.11,109.38,Apple
49.24,20.47,64.18,28.85,74.79,6.78,89.18,Bottle Gourd
67.5,51.39,66.89,24.1,61.67,7.41,64.73,Chilli
81.63,43.36,29.07,27.61,55.68,6.82,37.54,Barley
37.07,35.56,27.05,12.23,54.56,6.44,52.99,Radish
99.43,70.96,109.53,25.95,75.3,6.37,145.86,Papaya
69.24,26.75,56.54,20.37,66.05,6.45,50.81,Garlic
11.37,25.25,33.48,17.46,53.53,6.84,64.47,Lentil
90.59,57.92,115.93,24.82,57.49,6.42,59.15,Grapes
115.12,50.98,64.41,21.77,65.97,6.52,59.88,Cauliflower
82.22,45.97,53.19,21.67,73.46,6.03,55.06,Cauliflower
27.28,30.93,40.13,15.65,51.73,6.6,84.58,Rajma
83.25,59.76,44.92,28.86,74.43,6.32,158.39,Rice
69.18,39.93,76.6,34.39,56.38,6.63,80.25,Pomegranate
68.96,47.94,90.04,24.2,56.39,5.66,81.28,Pomegranate
29.1,29.57,28.94,16.68,51.48,6.37,64.5,Peas
69.5,30.62,31.96,18.39,55.94,6.19,34.1,Radish
45.41,28.86,23.82,26.72,45.11,5.76,84.1,Kodo Millet
102.96,62.7,77.09,33.0,63.55,6.61,67.71,Chilli
93.76,49.11,83.21,26.01,76.64,6.17,208.9,Arecanut
163.81,63.69,103.21,30.99,89.27,7.12,125.98,Banana
44.82,17.67,34.89,34.02,69.41,6.7,91.84,Black Gram
25.28,27.79,18.8,29.19,49.67,6.31,127.73,Red Gram
91.6,50.58,109.11,21.47,66.56,7.15,138.46,Orange
112.62,59.53,54.95,23.35,100.0,5.13,194.42,Tea
73.94,40.91,36.97,25.1,76.83,6.21,61.51,Cucumber
29.47,18.04,28.93,24.56,63.7,6.26,74.59,Field Bean
108.39,55.66,87.12,23.66,54.3,6.87,57.41,Grapes
65.08,54.96,62.42,20.45,56.96,6.38,45.23,Garlic
55.85,28.82,28.23,20.67,63.2,7.11,56.78,Radish
101.14,54.24,77.1,27.89,60.97,6.59,83.5,Grapes
26.74,30.31,15.33,23.85,66.83,7.08,81.87,Niger Seed
49.1,40.07,32.58,23.88,74.68,5.86,126.73,Finger Millet
97.06,56.06,78.78,29.49,88.97,5.75,251.26,Rubber
38.18,34.74,35.63,26.68,68.98,6.14,119.9,Niger Seed
74.57,41.28,82.88,27.1,60.5,5.7,90.4,Pomegranate
41.77,31.06,43.11,21.57,43.19,6.61,54.5,Lentil
106.98,68.16,72.65,18.75,67.91,7.24,94.21,Chilli
58.4,32.06,57.62,19.08,52.3,6.61,64.08,Beetroot
46.62,27.87,55.75,24.35,59.79,7.11,81.85,Beetroot
42.26,34.48,26.87,25.69,48.75,6.12,120.97,Red Gram
75.39,36.75,52.66,22.42,81.84,5.43,157.34,Coffee
40.51,28.67,29.46,27.99,59.86,7.54,91.24,Black Gram
47.53,35.27,35.92,25.25,55.46,6.42,73.17,Field Bean
51.67,38.45,33.25,31.76,54.36,6.12,64.68,Sesame
99.51,47.28,55.5,30.78,86.84,6.77,267.1,Rice
107.17,46.72,97.7,24.9,65.42,5.37,236.68,Mango
100.18,57.2,96.08,18.47,65.17,5.44,65.16,Potato
64.31,28.7,29.08,20.44,48.98,6.53,50.2,Mustard
41.92,30.62,49.08,28.84,61.43,7.45,80.43,Bottle Gourd
37.14,29.65,22.64,30.48,69.71,5.78,43.98,Kodo Millet
67.98,29.42,55.16,18.1,61.23,7.02,49.08,Beetroot
28.06,29.0,42.9,26.33,51.71,6.21,98.05,Niger Seed
55.94,32.37,36.1,24.4,70.37,6.01,107.61,Finger Millet
84.29,42.62,103.94,10.75,60.44,6.26,93.27,Apple
61.39,32.82,34.65,28.8,66.09,6.38,63.47,Groundnut
64.61,51.56,64.67,19.83,51.67,7.55,39.77,Garlic
55.12,40.16,35.91,29.19,59.27,6.26,76.07,Green Gram
94.05,49.74,55.14,17.55,73.37,6.56,66.9,Cabbage
37.97,36.44,53.47,28.53,75.28,6.35,57.59,Pumpkin
132.51,72.12,121.21,30.91,88.8,5.93,188.35,Banana
89.35,35.75,98.4,27.46,62.92,6.02,64.66,Pomegranate
46.25,25.69,28.44,30.24,50.88,7.29,61.53,Green Gram
77.37,25.87,69.2,29.85,73.12,6.51,67.97,Bottle Gourd
63.23,24.18,26.75,21.42,60.61,6.24,31.04,Radish
57.21,38.8,59.07,17.81,54.33,6.43,40.02,Garlic
30.28,29.23,30.33,21.58,59.29,6.71,84.95,Rajma
78.38,38.17,83.52,19.74,60.63,6.08,229.42,Litchi
24.18,29.74,33.02,16.29,57.97,6.46,95.37,Rajma
34.53,29.03,29.09,20.25,63.55,6.92,89.33,Niger Seed
40.18,27.36,34.04,24.37,56.39,6.8,53.68,Peas
36.49,29.32,26.2,29.33,50.57,6.62,59.28,Cowpea
62.73,30.83,54.19,21.03,55.47,6.2,48.72,Carrot
41.28,27.93,23.14,30.89,47.86,7.15,75.39,Green Gram
38.06,23.94,24.69,25.4,60.84,6.35,95.38,Soybean
83.73,41.65,69.81,20.76,61.21,6.49,67.82,Cabbage
107.55,48.64,67.62,30.68,96.57,4.66,307.16,Rubber
76.82,47.17,86.51,14.55,55.05,5.99,116.47,Apple
41.94,27.5,21.66,31.51,44.09,6.22,36.49,Pearl Millet
86.6,46.67,58.1,18.3,91.37,4.71,252.18,Tea
106.43,47.5,97.23,27.17,79.12,6.85,177.44,Coconut
37.2,20.76,32.99,29.58,53.13,7.0,95.31,Red Gram
69.96,46.85,31.8,26.07,61.36,6.06,105.54,Maize
24.17,28.83,26.65,26.17,57.84,6.87,95.52,Field Bean
38.66,25.8,35.52,26.51,46.9,6.87,57.99,Safflower
40.97,27.43,30.53,31.3,60.95,5.83,65.59,Cowpea
39.51,25.03,23.16,27.18,59.04,5.97,87.55,Niger Seed
112.46,61.23,138.26,30.35,79.21,6.9,175.45,Banana
87.26,46.16,29.55,24.04,59.84,6.57,88.07,Wheat
101.15,54.96,91.24,25.2,68.93,6.55,90.26,Papaya
111.91,48.74,49.48,29.69,80.06,5.79,144.15,Rice
60.03,27.57,25.61,20.58,44.57,6.4,39.46,Mustard
29.19,28.3,27.52,36.52,54.29,6.27,88.12,Sesame
34.44,31.28,31.53,30.6,56.44,7.37,67.51,Green Gram
76.25,32.91,86.79,10.53,60.25,5.56,112.61,Apple
80.6,58.39,60.92,27.92,47.59,6.53,61.21,Chilli
80.38,43.39,76.08,28.8,78.67,6.09,267.01,Arecanut
98.97,58.06,41.48,28.04,83.62,6.48,242.54,Rice
108.63,58.53,65.36,24.18,81.55,4.74,247.57,Tea
33.24,27.61,30.03,31.2,57.09,6.9,69.8,Green Gram
84.54,41.76,69.84,28.14,81.71,5.32,150.49,Pineapple
87.85,53.91,78.36,30.29,73.03,5.48,107.51,Pomegranate
71.34,43.71,65.92,13.07,61.09,6.56,115.03,Apple
95.72,45.94,48.01,25.82,82.98,4.67,181.54,Tea
64.7,43.75,42.35,30.38,64.94,6.67,44.86,Cucumber
60.42,25.93,65.81,21.9,57.94,6.14,51.52,Carrot
117.05,56.36,91.52,24.44,67.48,5.43,63.32,Potato
128.64,64.93,118.84,25.95,80.56,6.41,134.88,Banana
76.59,38.64,105.84,23.78,64.32,6.5,85.94,Pomegranate
92.78,42.76,51.39,24.77,83.18,6.0,212.17,Rice
45.21,30.48,27.24,24.28,57.46,6.38,103.8,Field Bean
87.02,50.87,80.98,29.46,72.59,4.76,251.72,Pineapple
85.92,43.46,95.37,23.88,82.7,5.38,263.19,Pineapple
92.81,41.94,62.18,16.99,71.14,6.55,90.5,Cauliflower
70.89,28.39,90.45,3.14,67.69,6.59,111.5,Apple
90.15,51.44,83.18,31.58,79.71,5.22,253.72,Rubber
52.48,46.83,51.77,30.85,78.27,6.66,67.83,Cucumber
56.88,33.04,57.72,23.42,59.97,6.07,49.03,Carrot
91.55,68.78,105.87,17.63,76.08,6.18,70.45,Potato
51.75,31.73,28.8,11.99,52.72,6.89,35.58,Mustard
66.54,36.98,31.22,19.4,63.18,6.55,57.75,Radish
37.04,30.09,29.92,28.56,44.21,6.4,61.06,Cowpea
50.34,29.37,27.24,27.55,56.83,6.89,77.74,Green Gram
76.72,55.58,83.86,25.88,68.36,6.39,115.82,Papaya
58.12,34.47,31.04,34.24,38.66,6.6,43.36,Pearl Millet
50.31,28.0,23.51,18.04,52.49,7.31,59.31,Linseed
72.52,64.78,64.35,26.71,77.54,6.08,73.3,Tomato
104.1,40.59,44.82,18.01,60.67,6.27,65.56,Cabbage
87.25,39.77,68.32,26.93,48.07,6.66,65.88,Pomegranate
27.71,29.28,25.41,24.32,53.12,7.29,67.25,Field Bean
64.37,31.72,65.01,32.03,78.09,6.15,77.42,Pumpkin
43.27,29.09,31.51,23.74,43.54,6.69,52.53,Safflower
50.16,25.25,64.59,31.95,64.13,7.18,63.83,Pumpkin
50.73,36.62,30.23,29.83,59.6,6.78,77.01,Groundnut
97.14,60.52,80.46,30.15,82.18,6.64,274.03,Arecanut
75.56,48.3,79.78,22.73,50.37,6.18,57.43,Pomegranate
110.92,52.98,90.58,24.18,82.34,6.33,299.53,Arecanut
91.53,44.6,29.05,23.19,47.86,6.95,82.97,Barley
104.99,69.23,56.45,33.04,59.99,6.16,76.59,Chilli
45.69,29.45,23.33,19.04,53.47,6.92,50.21,Radish
100.4,56.98,68.72,27.33,57.49,6.99,80.48,Chilli
121.95,51.74,62.31,16.79,62.05,6.56,59.41,Cabbage
50.02,35.87,23.56,32.64,38.77,6.78,62.49,Groundnut
84.82,42.54,69.23,28.08,64.49,6.7,123.97,Guava
87.4,51.09,86.64,29.22,80.34,5.36,339.0,Rubber
40.3,29.52,42.31,23.79,48.06,6.63,120.61,Kodo Millet
46.72,25.41,55.39,29.53,67.72,6.62,78.58,Bottle Gourd
39.45,32.91,31.98,30.04,59.19,6.18,87.38,Sesame
47.32,23.46,78.17,22.23,72.91,6.93,63.51,Bottle Gourd
79.86,44.82,85.3,25.54,83.36,5.58,212.78,Pineapple
84.08,31.95,80.02,34.55,72.17,6.31,71.05,Pomegranate
65.39,48.14,60.87,16.53,57.53,6.97,53.18,Garlic
93.75,25.87,93.42,10.55,59.3,6.28,89.1,Apple
91.64,33.69,74.19,28.59,74.89,6.36,184.69,Litchi
25.86,21.07,28.13,12.12,59.57,5.81,56.16,Peas
75.24,51.54,85.3,16.54,66.3,5.72,61.31,Potato
72.34,32.37,29.62,24.01,84.43,6.76,97.79,Finger Millet
94.79,47.15,63.88,26.41,72.74,4.85,230.78,Tea
95.86,54.14,66.46,25.05,66.52,6.27,68.52,Tomato
59.08,21.3,25.93,24.55,49.52,7.17,105.41,Red Gram
43.76,20.96,55.77,27.34,71.31,6.79,49.55,Pumpkin
108.93,48.55,84.76,23.63,56.27,6.51,78.79,Grapes
103.65,44.39,106.06,26.08,58.6,7.07,81.46,Grapes
95.7,69.16,96.07,25.22,70.3,6.9,142.56,Mango
48.13,25.85,37.61,17.55,50.87,7.29,67.14,Linseed
33.91,30.48,28.74,25.21,38.66,5.95,41.18,Foxtail Millet
54.82,34.06,33.06,27.47,57.27,6.34,68.26,Green Gram
89.74,37.74,29.31,17.61,51.92,6.05,61.49,Barley
94.46,73.55,104.46,26.31,72.1,6.78,152.56,Orange
71.34,46.8,26.73,26.98,63.44,6.35,97.46,Maize
66.49,47.75,95.7,24.24,62.6,6.51,130.79,Papaya
20.99,25.52,28.64,29.41,47.81,6.1,65.43,Horse Gram
28.02,35.4,33.72,21.35,51.45,6.7,57.7,Linseed
53.22,26.12,44.41,30.45,65.34,6.09,193.56,Cashew
24.0,26.1,37.44,26.53,64.32,6.31,78.16,Cowpea
51.25,32.86,26.03,32.01,68.59,5.9,83.34,Kodo Millet
23.06,27.42,31.77,20.36,57.74,7.89,55.42,Chickpea
71.81,58.03,77.07,30.31,58.38,6.83,134.26,Guava
57.84,15.4,69.0,17.22,54.09,6.43,46.42,Carrot
18.06,27.76,29.25,25.56,43.29,7.14,102.39,Red Gram
64.34,31.33,27.06,23.98,59.84,6.3,103.31,Castor
87.47,47.05,83.06,13.19,62.64,5.95,111.36,Apple
73.32,39.72,44.63,26.79,72.55,6.9,124.23,Maize
56.89,35.83,27.49,28.38,54.75,6.12,48.08,Little Millet
90.9,47.97,101.72,11.63,59.2,6.77,113.26,Apple
64.34,36.39,81.88,27.9,78.84,5.98,168.1,Litchi
24.53,28.6,26.32,32.82,47.88,6.34,83.48,Red Gram
41.14,28.44,27.85,30.3,50.51,6.34,76.74,Cowpea
109.72,54.22,58.35,18.09,73.82,6.1,65.18,Cabbage
96.79,50.98,79.81,27.56,79.06,6.49,204.35,Arecanut
44.42,32.71,19.74,29.72,55.58,6.76,137.52,Red Gram
46.83,29.9,28.04,28.04,51.3,6.59,92.34,Foxtail Millet
137.78,63.88,112.37,30.4,78.88,5.88,162.39,Banana
43.51,34.59,25.39,14.76,47.05,6.36,42.53,Mustard
95.9,50.22,91.16,28.37,76.86,5.34,240.35,Coconut
35.85,29.84,36.01,26.3,61.15,6.69,122.13,Black Gram
83.32,37.89,87.75,35.6,64.62,7.14,114.69,Orange
116.27,53.82,62.57,27.67,63.94,6.1,72.42,Onion
29.78,34.45,33.78,31.63,54.21,6.41,63.51,Sesame
40.57,33.25,36.91,25.03,45.75,6.51,78.4,Kodo Millet
40.1,27.72,36.58,18.22,61.31,6.36,54.29,Radish
77.65,40.46,27.15,17.62,50.67,6.67,46.6,Barley
61.01,36.01,38.47,33.34,34.61,6.73,55.68,Sorghum
55.51,29.66,30.45,22.05,44.12,7.34,43.61,Chickpea
47.62,27.84,21.17,28.42,59.99,6.53,77.82,Castor
32.68,30.97,34.48,26.43,56.63,5.88,72.46,Cowpea
96.08,49.18,58.53,23.74,71.65,6.67,86.42,Cauliflower
116.56,49.36,54.66,19.75,71.63,6.56,71.46,Cabbage
96.62,50.72,89.32,30.54,67.34,6.71,62.51,Pomegranate
37.85,34.51,32.64,26.03,62.53,6.04,90.39,Rajma
109.26,48.7,92.41,23.8,70.29,6.7,158.86,Papaya
87.49,64.67,55.32,29.0,66.97,7.41,68.66,Chilli
32.65,23.49,39.18,31.16,48.85,6.83,109.94,Red Gram
41.96,27.9,24.4,29.74,56.71,6.92,50.94,Foxtail Millet
32.42,26.48,28.28,33.7,50.55,5.46,57.76,Horse Gram
54.43,35.0,24.64,30.19,55.42,6.41,77.11,Foxtail Millet
51.69,25.68,27.56,19.46,51.28,7.11,64.41,Linseed
122.56,57.16,51.53,20.56,76.78,5.69,55.02,Brinjal
39.78,24.83,31.22,29.13,61.81,6.78,51.61,Black Gram
107.87,55.93,112.88,31.9,51.82,5.97,73.75,Grapes
37.86,28.26,31.59,23.08,50.97,6.87,80.58,Black Gram
114.29,45.7,74.31,30.78,81.9,6.1,272.6,Arecanut
105.19,58.12,71.64,22.26,74.48,6.29,227.36,Arecanut
43.04,39.71,27.62,22.94,48.35,7.47,119.98,Red Gram
41.36,26.26,32.33,27.24,55.67,6.88,64.23,Groundnut
40.91,33.01,38.72,27.04,54.54,6.86,94.63,Little Millet
82.01,43.22,49.58,30.8,63.6,6.45,70.77,Cucumber
73.38,43.93,69.77,22.21,66.25,6.16,75.28,Cauliflower
26.66,45.24,31.88,18.59,47.83,7.14,50.78,Linseed
84.4,69.91,74.52,30.38,89.06,5.55,324.17,Rubber
43.87,34.55,33.47,22.08,54.97,6.61,100.98,Rajma
93.37,57.78,63.38,20.28,71.35,6.57,76.89,Cabbage
39.27,26.4,47.2,14.93,59.43,5.97,58.26,Beetroot
44.98,27.83,35.83,23.01,45.99,6.6,120.25,Red Gram
78.04,25.97,51.3,34.65,78.03,6.66,51.44,Cucumber
38.13,33.9,33.11,19.83,51.7,6.78,38.15,Lentil
64.87,36.5,22.43,34.92,47.34,6.51,86.97,Castor
67.65,28.07,28.85,31.68,52.95,6.86,92.39,Sunflower
106.44,49.11,101.14,30.96,79.85,5.21,239.33,Rubber
58.7,32.41,55.73,28.8,74.93,7.12,85.99,Pumpkin
84.03,54.98,66.97,28.05,72.95,7.19,112.7,Brinjal
48.9,24.58,27.76,25.45,55.47,7.01,100.46,Black Gram
89.87,63.79,54.45,21.26,59.37,6.04,76.26,Chilli
54.55,34.54,35.13,19.57,46.66,7.27,73.22,Linseed
52.75,30.68,19.42,24.84,57.98,6.86,79.71,Little Millet
37.26,30.94,22.3,29.91,38.88,6.89,77.63,Green Gram
75.16,46.34,45.33,28.47,76.34,4.85,216.26,Tea
31.98,37.81,31.31,22.06,47.83,6.12,44.11,Lentil
105.02,52.57,83.7,23.88,62.31,6.64,78.1,Grapes
45.44,40.47,36.39,21.87,60.52,6.21,154.93,Soybean
44.24,22.66,35.72,31.41,59.01,6.24,89.06,Kodo Millet
80.1,45.73,61.85,21.02,80.68,6.08,226.83,Coffee
60.93,30.82,56.92,17.97,67.39,6.35,52.49,Bottle Gourd
69.85,36.06,28.68,42.13,41.71,6.97,54.24,Pearl Millet
66.12,21.7,66.21,18.3,64.45,6.11,48.25,Carrot
53.97,32.31,29.1,32.27,48.74,6.49,110.85,Red Gram
92.77,53.14,119.5,29.05,57.87,7.27,98.75,Grapes
94.61,62.27,92.2,30.86,63.83,5.58,89.0,Orange
88.92,52.92,61.67,22.52,76.47,4.89,179.25,Tea
92.14,47.72,87.33,21.44,65.25,5.9,78.03,Potato
82.07,73.64,102.23,29.11,65.8,6.89,103.96,Mango
71.92,46.76,49.59,16.78,52.32,6.69,36.54,Garlic
112.28,51.66,75.66,24.9,83.53,5.02,206.15,Tea
83.7,75.0,69.21,26.2,63.2,6.83,95.56,Tomato
94.52,44.38,74.83,30.36,81.78,6.01,210.5,Arecanut
107.23,48.76,85.83,25.5,74.06,6.0,192.67,Arecanut
124.84,62.88,132.86,33.68,87.2,6.51,262.94,Banana
29.61,29.16,30.54,27.56,66.94,7.58,89.72,Niger Seed
88.27,47.92,79.99,27.73,71.61,6.17,225.34,Arecanut
42.65,35.41,30.05,19.95,55.95,6.49,60.91,Peas
77.87,24.24,25.28,28.42,54.64,6.97,43.71,Sunflower
80.96,68.39,71.8,30.71,69.87,6.89,86.2,Chilli
38.01,31.51,26.78,17.07,44.22,6.68,50.79,Safflower
45.13,31.88,29.62,28.05,47.18,6.49,82.67,Kodo Millet
100.03,73.73,105.54,18.99,64.17,5.39,49.05,Potato
60.2,46.7,46.87,23.16,59.31,6.27,42.29,Garlic
63.76,35.69,58.12,25.79,60.44,6.55,90.07,Pumpkin
86.51,46.09,112.63,31.21,71.78,6.55,166.82,Orange
61.92,48.69,66.07,23.32,68.3,6.73,61.61,Onion
61.97,32.45,75.11,11.28,61.46,7.0,45.58,Beetroot
142.31,68.66,122.27,33.2,76.99,6.43,198.41,Banana
31.16,34.32,26.64,30.9,43.91,6.79,51.22,Horse Gram
82.86,34.35,73.43,28.25,79.82,6.01,115.55,Litchi
80.82,64.1,82.36,21.95,64.29,7.06,84.03,Chilli
37.37,34.77,27.38,27.13,66.16,6.61,100.46,Soybean
90.75,66.57,95.96,31.95,81.82,5.07,286.63,Rubber
32.89,25.98,23.29,21.08,43.97,6.85,81.62,Safflower
59.1,35.47,51.96,17.9,56.92,6.58,48.55,Carrot
108.29,49.96,112.1,25.78,96.93,6.8,251.3,Coconut
51.97,28.23,50.76,20.43,55.18,6.85,63.84,Carrot
102.03,42.35,29.53,17.82,52.88,6.61,58.52,Wheat
43.19,22.77,65.1,20.27,51.43,7.1,43.15,Carrot
81.7,36.23,83.56,27.43,60.8,6.83,79.87,Pomegranate
68.53,37.3,30.97,17.76,64.8,6.97,61.0,Barley
36.53,31.57,26.34,11.37,55.05,6.41,63.99,Peas
33.42,37.54,27.33,28.73,51.2,6.33,78.1,Horse Gram
70.89,33.82,27.45,32.16,45.37,7.17,71.57,Sorghum
59.26,25.83,65.11,19.65,58.48,6.77,75.9,Carrot
68.8,62.11,85.44,23.85,50.5,6.43,120.5,Orange
106.85,45.46,77.56,29.6,91.98,5.63,295.23,Rubber
55.98,28.14,29.81,25.71,75.86,6.43,123.86,Soybean
55.13,19.93,32.14,22.57,59.9,6.31,66.5,Soybean
40.92,29.32,24.88,23.84,49.29,6.34,113.56,Little Millet
84.46,59.67,80.87,29.01,84.76,6.26,173.84,Arecanut
58.13,29.73,19.95,32.47,53.67,6.03,89.71,Castor
82.56,62.08,51.91,28.33,56.6,6.68,87.75,Chilli
110.84,67.09,114.6,32.11,76.95,6.28,227.82,Banana
69.67,42.48,82.25,37.24,61.55,6.67,98.52,Pomegranate
44.12,31.18,25.13,15.93,52.98,7.23,63.05,Lentil
28.19,30.7,29.89,24.82,50.36,6.53,121.72,Red Gram
38.96,29.84,34.36,28.97,56.2,7.19,83.67,Kodo Millet
59.07,32.89,29.82,22.51,63.67,6.22,53.34,Radish
97.17,64.31,92.01,23.86,76.33,6.91,142.94,Orange
108.53,48.54,54.95,32.76,56.25,7.17,67.78,Chilli
87.0,34.9,82.02,26.33,52.9,5.66,36.29,Pomegranate
65.31,38.21,28.78,27.57,44.98,7.28,63.28,Sorghum
34.32,30.78,30.91,15.46,60.74,6.62,79.13,Peas
55.87,30.08,32.63,29.58,39.72,5.6,123.96,Foxtail Millet
20.19,29.84,26.5,18.91,43.98,6.72,53.7,Rajma
62.81,32.05,26.33,31.53,49.77,6.56,71.42,Castor
117.98,74.33,62.39,24.47,67.77,6.55,42.03,Brinjal
69.56,31.7,63.97,21.09,63.43,7.28,57.71,Garlic
90.13,50.71,67.0,22.58,76.15,6.47,68.03,Cabbage
36.68,22.99,35.51,28.17,58.05,6.98,83.14,Black Gram
43.15,22.41,28.27,27.53,61.18,6.48,98.63,Field Bean
45.59,25.86,22.24,19.89,50.4,6.45,49.73,Linseed
99.3,57.79,91.31,29.93,69.87,7.4,80.79,Grapes
77.27,52.77,67.72,28.98,63.4,6.75,51.28,Onion
69.1,43.91,65.06,19.07,53.28,6.48,53.73,Garlic
53.86,24.15,34.29,24.98,54.19,6.87,90.14,Castor
110.03,51.72,51.56,28.76,77.17,6.19,230.97,Rice
99.71,49.7,60.37,17.37,75.35,6.29,75.47,Cauliflower
69.64,34.28,26.77,10.8,47.22,6.57,39.13,Mustard
70.1,37.57,89.21,29.95,89.81,6.18,158.6,Litchi
36.69,30.58,24.29,23.42,60.2,6.51,80.33,Niger Seed
58.26,36.8,30.18,29.61,68.59,6.57,114.4,Finger Millet
41.09,27.81,31.86,25.06,65.6,6.08,82.29,Black Gram
64.65,28.89,22.1,29.76,53.09,6.43,44.15,Sunflower
35.32,30.08,33.36,20.39,48.79,7.72,64.91,Lentil
52.1,40.25,36.32,34.5,60.07,6.44,99.79,Okra
53.26,31.18,70.53,19.85,65.67,6.51,58.49,Carrot
43.75,30.23,33.75,24.41,64.54,6.82,116.51,Soybean
35.66,30.36,38.76,31.28,54.63,7.07,122.17,Red Gram
87.05,41.56,78.97,29.08,60.08,6.33,74.1,Pomegranate
37.58,31.61,37.45,25.2,66.27,6.54,65.22,Soybean
70.13,44.85,78.91,23.94,57.04,6.55,102.97,Guava
92.41,65.73,100.37,25.05,76.62,6.13,195.26,Mango
96.48,53.65,47.33,34.62,85.77,6.5,250.27,Rice
62.7,25.89,44.88,27.22,68.71,6.3,218.14,Cashew
105.1,57.4,41.72,24.23,66.02,7.05,74.13,Chilli
65.73,28.79,50.89,22.68,58.04,6.52,41.81,Carrot
62.76,33.64,36.34,28.48,52.19,7.0,91.16,Castor
69.74,42.97,36.04,24.59,74.69,6.66,78.96,Okra
26.83,26.16,32.96,16.59,49.18,7.12,54.23,Peas
79.81,52.28,45.76,23.28,51.54,6.51,47.07,Onion
103.16,47.76,44.36,26.27,77.07,6.08,249.73,Rice
88.88,56.24,48.9,28.98,73.39,6.22,227.02,Rice
57.77,31.48,25.38,18.44,39.15,6.72,47.26,Mustard
37.75,29.76,35.76,15.79,66.51,6.98,59.68,Radish
64.86,37.7,62.08,22.3,56.61,6.8,77.15,Carrot
52.71,22.45,54.76,26.76,76.75,7.3,77.81,Pumpkin
68.15,45.11,72.11,25.48,69.92,6.52,98.95,Tomato
85.58,41.45,51.37,20.69,62.85,6.02,95.24,Cabbage
54.38,40.51,31.62,18.17,49.63,6.73,64.68,Garlic
54.62,27.29,52.31,19.64,63.63,7.38,71.88,Beetroot
89.78,46.7,87.97,30.72,71.75,6.49,202.88,Litchi
37.2,26.82,27.84,24.33,59.69,6.22,114.16,Niger Seed
105.15,66.16,100.75,23.74,76.44,6.8,85.1,Papaya
76.29,47.33,69.12,24.87,81.34,5.63,217.91,Coffee
104.91,52.43,112.85,26.96,70.65,5.93,243.82,Coconut
76.59,48.52,69.83,23.95,75.78,7.22,108.74,Guava
69.3,23.66,30.04,14.34,53.75,5.95,69.86,Mustard
52.16,34.78,32.61,15.46,52.28,6.32,64.66,Lentil
108.0,39.38,32.85,13.69,36.84,7.21,62.08,Barley
29.36,34.99,30.89,35.32,52.41,6.71,74.33,Green Gram
34.36,28.69,22.73,21.22,50.53,7.18,17.27,Lentil
87.9,67.39,96.38,31.14,66.81,6.81,184.84,Papaya
42.0,25.91,33.1,25.33,57.13,5.53,72.72,Foxtail Millet
103.23,49.7,84.17,33.84,86.92,6.18,218.34,Arecanut
39.82,37.48,32.03,20.66,67.42,7.44,60.93,Radish
44.82,26.41,22.15,22.08,58.86,7.01,64.32,Linseed
65.24,27.25,86.13,29.66,71.64,7.05,53.35,Bottle Gourd
102.34,56.78,107.4,29.1,74.37,7.49,260.91,Coconut
65.61,42.47,53.61,28.68,66.21,6.74,42.15,Okra
66.61,24.55,61.6,20.1,60.28,6.64,48.54,Carrot
88.8,50.78,62.8,14.65,76.49,6.51,80.44,Cauliflower
113.05,64.0,107.39,30.79,76.5,7.15,179.37,Mango
58.31,32.83,60.38,13.7,59.62,7.07,41.15,Beetroot
99.73,48.58,54.94,19.23,68.03,7.07,106.56,Cauliflower
74.57,40.47,51.63,30.25,74.92,6.48,93.93,Cucumber
98.97,65.87,104.16,21.93,55.75,7.29,98.16,Orange
115.87,57.48,80.57,23.64,79.75,6.16,256.12,Arecanut
50.63,34.29,30.97,26.46,51.85,7.14,104.35,Foxtail Millet
34.15,37.33,29.06,25.86,51.72,6.42,82.26,Field Bean
41.45,24.21,33.74,26.92,61.14,6.45,62.51,Cowpea
39.53,27.93,20.76,27.65,61.51,6.8,66.83,Sesame
35.14,37.01,28.0,30.72,68.37,6.89,91.63,Red Gram
75.5,34.08,24.16,13.75,50.81,6.74,50.92,Barley
39.12,28.51,31.62,29.82,50.9,6.34,89.42,Field Bean
48.23,23.48,36.09,23.73,58.97,7.25,91.21,Soybean
110.24,49.43,42.3,27.8,57.59,6.62,95.17,Maize
129.99,67.77,113.71,30.13,82.79,6.81,218.84,Banana
53.19,37.38,28.89,29.35,58.47,6.58,99.3,Groundnut
66.83,34.53,67.07,24.78,67.76,5.98,159.51,Cashew
54.48,28.86,26.15,19.5,65.08,6.26,51.64,Radish
43.67,32.81,23.46,26.84,61.55,7.18,74.02,Kodo Millet
47.44,34.22,41.39,27.93,46.41,6.86,88.23,Little Millet
43.88,26.31,29.48,19.88,49.51,6.75,66.17,Chickpea
60.42,27.32,27.6,31.34,59.03,6.91,61.84,Groundnut
45.53,31.53,34.35,20.71,57.79,7.22,42.57,Linseed
47.67,29.07,65.37,26.9,67.84,6.9,58.23,Bottle Gourd
83.39,62.88,68.86,21.64,87.78,6.31,185.36,Coffee
146.7,64.62,128.77,30.34,79.64,6.95,229.94,Banana
46.19,38.57,34.01,17.49,52.09,7.16,72.77,Chickpea
55.55,29.55,71.86,24.99,63.47,6.94,54.37,Carrot
110.38,59.83,99.61,29.89,61.18,7.11,225.18,Mango
90.61,51.49,44.98,28.14,65.47,6.48,71.44,Onion
50.8,18.43,19.52,28.41,59.2,6.57,89.82,Kodo Millet
42.66,33.25,26.31,24.7,43.83,6.55,112.39,Foxtail Millet
19.57,28.01,19.3,24.48,61.67,6.95,92.77,Rajma
129.25,68.67,139.38,32.76,88.21,6.36,212.27,Banana
60.9,21.47,54.16,20.29,58.01,6.71,67.19,Beetroot
58.91,24.34,37.63,34.91,53.4,6.68,74.28,Red Gram
94.78,47.43,92.48,8.29,55.29,5.74,87.55,Apple
39.15,32.38,35.03,26.31,53.19,6.39,96.83,Kodo Millet
55.66,21.39,79.92,21.47,60.71,6.65,71.83,Beetroot
89.05,66.44,61.05,28.55,71.99,6.62,58.13,Brinjal
76.87,48.25,89.19,27.04,80.55,5.35,144.4,Pineapple
55.87,25.93,76.67,23.76,65.77,6.15,69.94,Beetroot
76.8,48.49,76.13,23.02,76.41,6.33,242.61,Pineapple
25.85,32.88,26.86,32.88,54.78,6.37,69.35,Green Gram
41.93,24.87,34.14,24.7,34.33,6.81,72.4,Cowpea
46.73,27.64,33.57,23.8,48.81,5.87,63.56,Chickpea
58.68,34.9,29.71,20.15,62.66,6.78,42.35,Radish
89.39,56.72,59.66,22.12,61.79,6.79,110.26,Brinjal
80.95,56.88,95.07,30.24,57.68,6.89,91.52,Grapes
68.26,22.37,25.2,29.67,34.94,6.49,44.03,Pearl Millet
104.1,47.03,120.97,33.16,67.93,6.61,303.96,Coconut
74.25,50.85,36.3,28.72,71.29,6.47,80.42,Cucumber
46.09,31.37,66.24,24.29,64.63,6.63,79.2,Pumpkin
55.9,35.32,25.1,24.27,60.55,6.96,69.62,Castor
29.62,31.64,27.23,28.23,58.57,6.37,59.28,Horse Gram
27.08,39.63,29.55,29.94,48.86,7.11,84.99,Green Gram
52.92,28.86,76.16,27.18,72.31,6.61,125.97,Cashew
106.15,44.21,58.81,23.83,82.41,4.9,284.91,Tea
57.31,33.88,37.48,26.3,55.18,5.82,97.44,Little Millet
53.73,24.79,19.35,27.75,59.57,6.76,68.26,Foxtail Millet
31.85,26.26,45.29,24.26,57.02,7.4,102.19,Niger Seed
57.63,32.81,26.93,24.02,49.09,7.59,61.87,Safflower
83.94,52.83,27.19,32.18,67.02,7.39,106.79,Maize
79.02,60.9,79.49,28.06,71.87,6.73,132.74,Guava
62.09,30.27,30.22,27.56,49.15,6.39,78.41,Sunflower
88.21,48.43,72.73,21.48,71.36,5.91,125.99,Litchi
74.24,35.33,76.33,17.74,62.08,6.58,36.7,Garlic
33.87,23.41,30.66,31.93,64.67,6.43,116.76,Red Gram
54.43,18.16,35.21,19.39,58.1,6.7,132.55,Finger Millet
78.69,53.45,78.78,31.35,71.32,6.55,220.15,Litchi
97.99,49.18,89.53,27.54,80.46,6.43,211.11,Arecanut
59.8,34.01,56.11,22.41,47.44,6.39,60.29,Beetroot
74.61,27.77,58.59,27.19,76.85,6.41,88.82,Pumpkin
71.57,31.53,66.5,31.84,63.63,6.29,146.4,Cashew
35.52,34.64,29.12,28.98,56.76,6.79,83.31,Foxtail Millet
46.57,30.41,29.69,23.57,37.68,6.74,56.96,Safflower
88.62,50.07,76.81,33.78,68.32,6.01,52.99,Pomegranate
56.24,21.32,25.92,14.37,45.58,7.08,48.72,Mustard
67.05,37.5,27.18,39.8,70.17,6.52,81.62,Sorghum
67.55,49.21,52.72,31.49,64.44,6.22,107.38,Brinjal
28.83,33.92,39.79,25.33,59.51,6.66,82.59,Cowpea
96.4,56.0,102.46,26.19,55.64,7.05,91.74,Grapes
72.74,67.84,99.59,26.67,64.6,6.38,148.7,Orange
49.59,31.01,22.97,25.02,51.93,7.49,63.36,Sorghum
68.71,59.47,64.63,13.54,64.58,6.12,116.01,Apple
62.55,27.52,54.46,22.07,61.31,6.79,56.48,Carrot
56.75,27.55,51.91,17.96,57.55,6.92,73.09,Beetroot
24.62,35.18,36.97,27.28,61.99,6.58,94.25,Niger Seed
38.74,30.57,36.65,20.27,54.48,6.67,39.81,Lentil
62.94,31.82,30.21,31.82,30.83,6.64,52.4,Pearl Millet
81.12,36.72,74.86,17.45,59.09,5.97,65.23,Pomegranate
36.89,31.61,63.67,32.44,70.29,6.13,177.54,Cashew
58.26,32.83,34.38,31.28,58.77,7.22,71.8,Green Gram
104.49,42.6,65.7,23.29,73.18,5.43,256.76,Tea
88.2,59.9,88.14,33.03,87.42,6.47,245.72,Rubber
74.14,29.22,54.02,32.63,76.14,6.66,108.28,Okra
70.3,36.82,29.68,26.86,74.74,6.87,62.52,Sunflower
72.55,47.59,93.5,15.45,58.59,6.1,144.36,Apple
26.15,32.31,26.79,31.04,56.03,6.7,58.63,Sesame
100.13,53.04,111.55,26.75,81.5,5.74,340.94,Coconut
41.29,27.19,39.52,33.19,55.33,6.56,59.77,Sorghum
38.71,23.45,24.63,27.43,53.56,7.28,56.67,Chickpea
50.75,25.15,19.82,22.09,44.45,6.43,49.16,Linseed
74.96,28.45,23.43,37.38,54.25,6.08,73.85,Sorghum
109.16,54.53,99.85,22.49,71.4,4.94,66.3,Potato
57.08,43.42,65.76,16.02,53.78,6.68,33.91,Garlic
84.34,53.36,78.43,21.06,57.37,6.18,62.24,Cabbage
103.87,57.98,83.34,27.8,75.87,5.81,249.99,Arecanut
56.91,35.1,24.73,26.05,71.24,6.44,80.94,Finger Millet
45.16,38.13,23.42,30.26,66.92,6.01,96.75,Finger Millet
77.34,43.6,50.16,21.86,80.11,5.77,215.93,Coffee
46.18,25.91,35.53,27.76,65.94,7.07,111.79,Red Gram
109.61,69.78,95.43,27.12,59.02,6.73,166.17,Mango
42.31,34.15,32.87,28.69,50.65,6.38,77.48,Green Gram
41.45,36.73,31.61,30.14,52.28,6.42,77.46,Cowpea
60.39,25.37,69.85,30.37,69.11,6.29,69.68,Bottle Gourd
60.3,72.77,52.81,30.87,64.86,6.9,84.12,Brinjal
52.59,50.99,48.73,29.15,58.5,6.68,70.44,Okra
26.38,23.62,26.69,26.55,54.32,6.7,91.97,Niger Seed
91.94,48.28,39.48,16.68,67.08,6.42,78.13,Cabbage
52.52,27.83,27.09,29.82,46.01,6.67,79.14,Foxtail Millet
88.6,88.0,91.52,19.65,73.86,6.48,152.25,Orange
23.39,27.77,23.68,19.72,45.26,7.02,50.32,Chickpea
34.91,30.21,30.8,21.72,45.05,6.97,69.59,Peas
110.4,60.94,35.96,19.46,63.73,6.73,79.81,Tomato
27.08,33.93,42.59,26.21,66.46,8.08,59.11,Horse Gram
36.25,25.23,38.65,20.11,57.79,6.65,53.14,Lentil
31.25,23.11,31.11,22.07,52.79,5.96,103.76,Niger Seed
69.75,28.64,19.96,27.01,50.33,7.05,68.18,Groundnut
38.07,31.71,33.92,22.42,45.37,6.05,45.25,Safflower
86.49,35.61,84.2,23.16,81.52,5.33,206.72,Pineapple
70.46,28.01,31.22,36.63,52.79,6.44,87.98,Sorghum
65.93,43.66,83.88,27.81,71.71,6.21,178.47,Litchi
76.4,27.67,28.17,42.15,32.69,7.2,73.67,Pearl Millet
44.04,29.52,31.32,19.16,51.76,6.61,73.07,Peas
85.75,59.84,64.9,26.38,78.5,6.36,73.73,Tomato
58.85,32.03,42.43,28.43,60.17,5.91,105.12,Little Millet
107.32,56.52,84.1,32.9,79.17,6.09,266.85,Arecanut
32.45,31.47,18.46,16.43,48.44,6.17,58.1,Peas
73.2,37.11,73.85,26.66,57.46,7.36,49.6,Pomegranate
78.75,31.64,51.23,28.6,66.21,7.31,58.59,Okra
113.55,51.61,58.7,22.34,65.65,6.5,73.83,Cabbage
80.16,39.86,85.33,27.45,71.49,5.92,217.93,Litchi
93.16,53.51,133.17,33.96,83.33,6.6,222.28,Banana
25.53,35.69,30.1,17.9,46.19,6.18,118.93,Rajma
53.47,33.15,34.22,25.69,54.16,7.13,72.11,Sunflower
64.47,23.67,73.09,26.75,68.94,6.92,103.69,Pumpkin
33.12,30.49,33.6,20.97,52.5,6.27,94.26,Rajma
60.28,47.67,75.9,22.35,67.2,6.42,65.29,Onion
25.08,38.77,33.0,27.02,53.82,6.98,50.77,Horse Gram
41.12,35.47,64.35,28.58,71.68,6.25,100.09,Pumpkin
61.65,31.95,57.44,17.35,58.75,6.44,83.05,Beetroot
22.71,30.51,27.82,18.48,55.86,6.34,112.97,Rajma
101.4,47.69,23.64,11.27,52.66,6.73,55.0,Wheat
37.31,29.4,35.29,20.56,42.2,7.69,62.97,Safflower
43.62,38.55,30.68,26.77,57.46,6.51,86.99,Red Gram
96.28,52.83,67.16,21.65,78.44,6.71,78.93,Tomato
80.67,50.22,44.87,27.66,52.62,6.68,66.17,Okra
92.71,42.17,46.24,27.96,83.98,5.98,229.27,Rice
72.33,48.6,80.81,24.61,48.01,7.48,82.51,Pomegranate
35.0,29.24,34.72,28.62,55.22,7.34,95.19,Red Gram
62.42,41.21,43.09,32.5,75.07,7.04,59.35,Cucumber
37.85,34.4,29.08,25.31,61.3,6.84,113.58,Soybean
61.11,29.94,52.51,31.56,71.5,6.99,82.2,Bottle Gourd
55.2,27.41,29.63,24.76,59.5,6.68,62.56,Sunflower
50.17,30.72,67.43,18.21,58.88,7.37,59.13,Beetroot
107.71,70.83,65.13,28.99,77.84,6.69,99.99,Brinjal
92.38,48.85,67.23,28.67,86.16,4.72,242.88,Tea
54.98,24.25,75.92,32.27,66.86,6.63,211.8,Cashew
52.36,29.44,26.04,21.22,66.12,6.63,113.04,Finger Millet
54.24,30.9,32.56,27.74,73.71,6.07,93.45,Soybean
71.26,39.79,75.5,29.29,78.45,6.15,185.22,Cashew
94.56,63.59,115.76,28.96,71.6,6.26,153.81,Papaya
58.53,32.86,44.51,19.64,63.67,6.27,55.85,Carrot
36.65,29.82,33.68,32.82,53.2,7.22,55.32,Groundnut
104.04,42.87,54.04,21.66,68.19,6.77,92.64,Cabbage
112.94,70.42,92.85,31.55,87.87,6.56,294.43,Rubber
39.54,23.79,27.11,25.69,49.42,6.75,71.43,Foxtail Millet
112.33,71.4,60.02,18.74,70.43,5.98,87.36,Tomato
74.6,62.18,78.68,32.96,85.58,5.66,259.43,Rubber
96.04,69.68,46.28,21.37,72.48,6.12,55.56,Tomato
33.15,32.03,25.95,20.31,64.58,6.81,65.43,Peas
27.35,30.79,37.29,25.75,52.05,7.34,85.57,Field Bean
41.99,33.94,21.54,21.13,35.91,7.0,98.78,Rajma
74.13,42.57,76.62,3.67,62.03,6.33,80.97,Apple
84.43,55.15,77.7,23.57,79.12,5.58,152.09,Coffee
35.65,30.3,32.91,21.21,35.03,6.68,105.54,Rajma
38.35,30.2,32.05,25.13,56.78,6.87,92.14,Little Millet
28.4,35.02,29.63,23.93,61.51,6.68,81.76,Field Bean
40.28,27.56,26.89,24.38,43.56,6.45,76.74,Safflower
98.78,48.69,99.24,33.82,80.04,7.06,273.92,Coconut
99.4,42.45,83.73,29.97,75.81,6.48,229.14,Arecanut
97.18,49.96,77.4,34.0,94.92,5.79,294.57,Rubber
100.48,58.18,49.84,24.35,67.53,6.5,93.19,Tomato
112.66,48.88,134.27,25.64,62.09,5.92,83.34,Grapes
45.62,37.48,27.75,26.28,53.93,6.56,94.79,Little Millet
46.49,39.02,21.47,29.26,51.26,6.44,82.08,Groundnut
99.02,60.75,100.56,27.51,81.62,6.65,150.72,Papaya
87.05,67.52,64.32,24.56,74.86,6.73,81.02,Tomato
106.54,47.87,68.71,27.16,82.29,4.79,264.61,Tea
53.41,39.52,67.13,21.81,60.5,6.46,46.36,Carrot
53.82,31.49,37.44,24.21,70.57,6.96,77.99,Soybean
117.14,51.99,55.23,18.39,62.58,5.85,89.12,Chilli
73.11,42.05,47.53,20.47,57.78,6.65,54.34,Beetroot
57.86,33.38,31.71,29.51,65.08,6.48,53.81,Green Gram
56.29,25.43,25.72,26.82,71.33,6.24,108.79,Finger Millet
92.9,51.66,30.14,18.29,92.39,4.9,225.19,Tea
56.48,34.38,39.48,26.81,56.44,6.58,82.78,Sunflower
108.2,66.54,98.72,17.76,76.42,5.68,66.87,Potato
41.74,37.76,32.34,30.45,48.6,6.62,51.78,Horse Gram
109.76,49.98,91.38,30.96,63.22,6.51,41.58,Mango
89.53,48.37,77.82,15.84,78.11,5.24,199.15,Pineapple
125.34,53.85,112.43,30.35,84.44,6.89,229.1,Banana
71.67,29.1,30.6,20.64,55.51,7.33,60.68,Sunflower
77.49,51.88,43.96,29.62,64.11,7.4,74.26,Okra
69.68,35.51,48.66,33.49,70.58,7.25,75.56,Pumpkin
99.52,43.15,99.61,35.07,70.12,6.32,40.86,Papaya
25.11,31.05,23.57,28.0,36.48,6.59,58.69,Horse Gram
49.13,35.57,29.66,20.74,59.49,6.81,46.89,Radish
46.6,31.48,32.76,30.69,47.87,6.58,98.03,Groundnut
110.04,40.97,63.72,24.61,85.1,5.18,184.26,Tea
74.56,62.82,73.98,18.06,68.52,6.27,80.11,Tomato
51.93,35.38,26.14,18.16,55.5,7.21,51.47,Peas
55.23,21.27,21.73,29.49,51.13,6.19,76.07,Sunflower
45.8,30.23,34.41,16.89,48.44,7.34,54.23,Peas
36.51,34.24,28.26,30.61,64.24,6.63,59.7,Sesame
77.23,31.59,31.98,25.52,54.02,7.0,35.46,Pearl Millet
69.88,40.15,87.14,22.35,66.25,6.92,102.31,Guava
71.5,23.94,37.14,13.88,39.16,7.51,42.44,Mustard
107.22,52.72,87.07,30.4,73.99,6.94,64.36,Grapes
65.02,37.95,57.31,26.3,67.55,6.6,63.95,Okra
39.81,41.44,31.8,21.58,54.3,6.92,68.74,Linseed
84.99,40.35,73.03,28.16,76.88,6.3,206.83,Pineapple
55.37,14.11,32.05,26.06,80.11,7.0,105.07,Soybean
61.09,26.76,30.34,16.58,58.25,6.63,45.7,Radish
88.15,49.87,52.21,29.95,80.91,6.19,203.02,Rice
119.93,48.93,86.94,28.29,75.16,6.7,232.23,Coconut
89.02,46.01,46.15,22.98,61.04,6.89,39.7,Onion
60.61,36.95,32.16,33.13,41.35,6.2,59.42,Sorghum
29.94,28.23,29.96,12.36,66.89,6.73,51.79,Peas
44.55,27.78,43.35,28.15,74.79,6.62,178.8,Cashew
43.45,26.52,24.76,28.49,57.69,6.48,62.87,Sesame
13.92,22.76,27.88,21.29,46.77,7.02,68.47,Peas
72.75,34.54,35.33,20.31,53.36,7.2,43.13,Mustard
59.8,35.06,21.41,22.03,48.22,6.61,55.33,Sunflower
90.62,50.06,101.28,26.17,64.18,6.54,87.74,Grapes
81.15,56.62,55.64,30.38,61.76,6.63,79.01,Chilli
84.72,60.48,71.14,17.68,59.69,6.1,111.48,Apple
79.14,37.88,76.79,32.57,56.76,6.7,60.63,Pomegranate
50.42,27.53,34.57,27.39,51.15,6.91,86.14,Sesame
62.03,28.06,35.73,23.09,55.01,7.12,62.11,Radish
67.65,41.44,37.29,26.75,65.7,6.52,53.17,Okra
72.42,32.47,29.55,23.73,53.91,6.46,99.88,Castor
69.19,30.59,23.98,29.47,54.41,7.47,72.33,Sorghum
56.91,35.09,29.0,28.51,58.45,6.13,71.12,Kodo Millet
89.61,35.67,32.77,22.25,50.11,6.57,102.98,Wheat
34.31,27.41,32.41,22.6,63.7,6.71,87.41,Rajma
88.91,50.08,91.5,25.19,74.57,6.03,174.45,Litchi
52.48,32.77,21.03,20.12,61.0,6.76,36.44,Radish
56.73,26.61,26.14,34.74,55.15,6.37,96.91,Sorghum
42.89,32.83,27.83,28.36,53.85,6.36,66.45,Sesame
44.75,26.59,31.76,23.48,54.5,5.91,77.69,Kodo Millet
66.61,21.4,33.4,28.75,60.75,7.06,139.44,Red Gram
107.73,75.73,55.69,23.51,72.18,6.69,95.0,Tomato
28.71,24.89,25.47,15.9,57.85,7.03,47.47,Peas
26.13,27.95,27.68,21.59,44.89,7.08,65.23,Chickpea
29.83,28.86,33.94,25.82,54.38,6.73,98.13,Field Bean
111.76,68.19,61.76,20.26,76.29,6.06,104.22,Tomato
69.77,27.22,25.04,30.96,36.66,6.9,67.95,Pearl Millet
46.04,34.66,22.06,26.34,50.85,5.83,54.45,Kodo Millet
65.12,68.91,66.52,31.77,67.82,6.67,82.2,Chilli
61.04,39.07,54.4,30.11,64.51,6.19,196.22,Cashew
92.89,60.92,100.12,26.61,78.07,6.56,99.37,Papaya
76.77,57.94,62.59,13.35,65.57,6.07,100.49,Apple
101.46,66.66,76.9,24.86,67.89,6.48,69.92,Brinjal
78.13,58.18,89.43,34.53,72.0,6.72,86.56,Guava
56.69,21.99,35.24,30.84,44.69,6.71,57.4,Pearl Millet
50.96,28.21,68.5,24.63,76.83,6.52,64.23,Pumpkin
43.01,31.46,33.94,24.95,66.85,6.34,79.38,Soybean
27.11,36.38,24.07,33.46,61.91,6.35,49.38,Sesame
49.11,27.97,36.78,20.81,51.68,7.58,46.24,Safflower
66.96,30.79,28.99,32.36,67.77,6.09,91.0,Castor
39.8,29.38,28.78,23.74,46.87,7.08,54.09,Safflower
72.28,53.68,55.03,27.82,71.64,6.27,73.01,Cucumber
84.05,43.24,67.4,25.79,47.51,6.76,72.0,Chilli
78.3,44.28,49.17,17.69,79.21,5.78,218.31,Coffee
46.65,28.67,27.3,15.79,46.96,7.61,58.01,Lentil
41.34,26.56,28.81,14.76,53.99,7.02,53.8,Peas
28.33,37.56,27.25,28.99,67.43,6.65,100.21,Niger Seed
48.9,27.75,24.74,25.77,50.54,7.12,56.35,Lentil
47.8,20.2,36.11,30.67,74.09,7.87,99.02,Foxtail Millet
56.89,31.78,67.57,19.86,62.18,6.59,66.51,Beetroot
50.5,29.96,32.73,26.33,61.72,5.91,126.79,Finger Millet
44.98,30.44,30.94,22.16,50.45,6.53,54.13,Peas
63.16,75.47,57.4,34.66,66.01,7.1,60.14,Brinjal
71.04,30.34,55.8,19.34,66.88,7.23,58.46,Beetroot
98.79,51.83,69.83,23.72,84.23,5.21,218.35,Tea
87.76,52.15,48.99,23.48,75.71,6.23,196.23,Rice
92.67,49.26,104.0,30.46,70.5,6.76,68.35,Grapes
36.68,28.13,42.86,25.64,38.04,6.94,63.1,Safflower
33.37,27.75,23.52,26.51,44.08,7.33,98.87,Red Gram
52.64,30.93,46.64,30.49,58.93,6.73,77.23,Black Gram
86.65,50.49,91.25,24.6,69.74,6.69,140.94,Guava
62.98,29.64,27.73,30.21,43.42,6.89,51.62,Pearl Millet
104.75,67.83,97.04,28.15,73.02,6.38,150.89,Papaya
26.26,31.0,31.18,23.95,58.45,7.14,90.94,Niger Seed
32.98,25.12,23.77,31.09,44.44,6.13,67.74,Sesame
37.45,36.32,31.33,27.45,49.58,7.11,86.24,Horse Gram
27.63,35.23,26.89,30.74,56.63,5.96,59.68,Horse Gram
71.55,27.42,43.6,24.7,59.66,6.11,53.98,Carrot
64.5,26.47,60.54,19.23,66.35,5.97,64.29,Beetroot
47.07,30.96,28.02,28.79,44.39,6.65,49.67,Green Gram
95.73,53.31,61.21,20.2,82.75,4.82,269.68,Tea
67.88,33.25,69.72,29.45,71.38,6.72,89.67,Pumpkin
73.35,40.75,90.21,30.04,55.77,5.72,59.28,Pomegranate
34.97,29.46,20.53,26.64,62.58,6.35,76.67,Niger Seed
97.77,39.4,67.5,25.8,69.81,6.58,60.0,Cauliflower
92.8,53.43,88.12,27.11,83.25,5.79,241.06,Arecanut
93.92,46.53,82.45,31.57,46.91,6.61,75.78,Pomegranate
55.44,37.33,33.59,26.75,55.14,5.95,76.36,Foxtail Millet
38.76,30.98,30.44,30.88,53.63,7.49,64.5,Safflower
52.17,24.66,67.03,25.69,70.92,6.74,70.91,Bottle Gourd
65.62,35.35,64.2,19.95,59.32,7.38,44.84,Garlic
30.03,35.8,17.96,31.62,55.17,6.84,84.62,Cowpea
95.57,59.62,103.58,31.04,87.64,6.45,103.45,Papaya
78.25,45.8,48.14,20.84,74.96,6.48,60.04,Cauliflower
71.92,45.62,65.43,28.83,72.26,7.4,96.68,Guava
85.78,41.54,51.15,19.99,61.85,6.31,66.7,Onion
95.72,59.1,52.36,27.96,76.87,6.01,192.01,Rice
45.19,42.29,31.38,26.37,61.68,6.21,92.89,Black Gram
72.32,32.73,34.19,13.94,56.92,6.72,46.87,Barley
53.46,31.82,65.69,32.01,73.36,7.07,101.92,Pumpkin
108.53,52.22,64.16,21.53,65.51,6.49,87.89,Cabbage
101.13,43.7,86.63,25.95,78.95,6.99,153.45,Coconut
57.13,19.67,64.38,17.48,59.7,6.53,48.92,Carrot
65.2,31.21,52.33,19.19,64.99,7.24,63.73,Beetroot
94.35,44.62,97.62,26.63,78.43,5.54,222.26,Rubber
54.3,21.63,33.28,28.3,59.93,6.34,124.65,Kodo Millet
64.13,48.66,71.09,28.31,52.24,6.86,60.24,Chilli
70.96,30.56,32.15,30.22,56.86,7.4,104.29,Castor
66.39,30.75,46.79,32.99,67.82,6.71,84.73,Cucumber
71.54,29.35,48.92,23.1,66.14,7.07,50.12,Carrot
19.19,29.31,28.82,35.25,58.38,5.79,77.08,Sesame
53.38,33.57,32.5,24.37,38.92,7.13,68.2,Safflower
41.58,20.69,24.22,22.3,52.44,6.53,43.04,Chickpea
113.15,49.54,104.44,22.09,67.98,5.98,62.73,Potato
84.51,51.52,34.32,28.81,67.64,6.64,127.88,Maize
36.4,26.3,27.28,27.12,52.4,6.6,122.83,Red Gram
67.6,36.12,60.29,19.35,51.04,6.77,55.99,Beetroot
65.97,28.5,31.87,23.15,56.15,6.76,46.83,Soybean
61.25,26.69,26.39,33.84,46.42,7.64,41.1,Pearl Millet
77.7,29.8,25.03,22.59,65.74,6.66,92.52,Finger Millet
92.37,56.68,49.94,26.02,95.6,5.71,223.71,Rice
81.17,50.86,110.0,24.98,61.64,6.84,63.27,Grapes
82.76,43.38,73.46,21.33,55.44,6.07,123.71,Guava
22.32,34.7,18.46,23.48,51.03,7.09,79.07,Rajma
51.08,33.03,36.48,30.68,52.39,6.58,123.26,Kodo Millet
32.83,24.29,28.79,30.23,67.26,6.5,97.66,Red Gram
53.42,32.0,30.68,22.3,52.32,7.63,67.14,Chickpea
22.66,35.15,32.36,23.4,50.0,7.26,73.46,Field Bean
29.02,27.05,25.6,20.24,57.74,6.51,85.87,Rajma
77.79,46.68,74.73,30.3,68.65,6.5,255.88,Arecanut
27.21,44.45,28.96,20.23,46.37,6.77,55.84,Chickpea
76.88,45.19,88.09,28.52,66.98,6.14,144.77,Guava
68.59,37.4,27.21,18.86,51.73,6.23,53.8,Barley
47.48,27.16,37.66,22.62,49.95,6.71,103.42,Kodo Millet
39.18,32.97,20.88,20.39,51.85,6.29,58.61,Linseed
66.76,40.83,75.74,26.7,75.7,6.06,136.81,Litchi
94.81,57.15,92.35,33.65,86.12,5.67,267.61,Rubber
64.37,33.69,35.41,28.53,54.5,7.01,96.3,Castor
74.55,56.51,61.56,25.48,74.87,5.98,91.05,Tomato
76.02,43.22,48.86,28.87,73.8,7.12,49.25,Okra
93.27,52.57,77.64,24.76,94.56,5.02,237.55,Tea
52.07,34.0,37.84,26.71,53.19,6.68,88.73,Little Millet
93.81,51.42,85.38,28.98,74.72,6.18,278.92,Arecanut
72.5,26.08,27.28,25.89,49.5,6.63,78.65,Castor
92.97,55.76,93.81,17.13,52.38,6.58,110.31,Orange
49.45,31.36,52.33,31.12,66.95,7.11,47.79,Bottle Gourd
46.86,29.52,38.1,21.49,49.72,6.69,56.47,Chickpea
96.05,51.42,74.2,27.47,79.9,6.02,199.26,Arecanut
42.53,27.55,28.06,26.99,53.83,5.64,96.34,Foxtail Millet
59.22,40.23,33.04,27.92,44.74,7.01,69.64,Safflower
60.24,29.11,33.39,33.41,44.5,6.33,54.51,Sunflower
94.71,50.99,43.92,25.18,93.98,6.32,110.71,Rice
66.58,22.29,30.8,24.81,71.68,6.64,123.81,Finger Millet
93.05,54.71,57.54,32.45,53.56,6.12,65.34,Chilli
29.42,29.21,31.43,29.88,55.45,6.67,69.16,Green Gram
27.27,33.85,33.66,28.25,44.89,5.49,87.45,Cowpea
96.05,36.49,27.29,16.41,58.64,6.69,66.41,Wheat
81.91,68.19,51.47,22.4,68.68,6.73,82.57,Tomato
48.65,28.29,32.97,30.59,53.37,6.2,87.27,Kodo Millet
62.23,28.19,33.62,24.11,60.18,6.43,58.87,Radish
84.83,44.04,72.59,25.31,73.99,5.99,114.85,Guava
103.77,53.0,94.51,35.31,60.03,7.03,74.49,Grapes
113.32,68.8,100.39,34.7,86.77,5.19,300.2,Rubber
38.69,33.75,37.1,25.47,66.72,6.65,119.3,Field Bean
79.91,33.73,43.36,25.53,83.08,5.99,65.67,Cucumber
45.17,36.62,28.29,28.17,58.83,6.6,103.06,Red Gram
29.27,30.3,28.75,30.97,63.96,6.59,94.09,Groundnut
135.02,49.97,133.83,31.46,79.0,6.99,100.85,Banana
39.11,17.94,31.86,29.91,67.14,7.15,63.76,Black Gram
43.78,40.66,30.7,31.72,52.07,7.73,104.21,Red Gram
73.61,36.31,29.12,19.86,43.09,6.76,37.71,Mustard
96.37,47.14,75.73,25.55,86.64,5.19,235.66,Tea
51.94,26.23,45.46,26.26,75.24,6.59,78.61,Bottle Gourd
71.62,31.42,40.25,28.22,76.39,7.0,95.03,Bottle Gourd
54.1,37.46,35.99,24.55,62.5,5.98,125.86,Finger Millet
83.64,38.43,53.76,20.32,79.87,5.61,162.17,Coffee
71.04,29.32,76.91,21.27,61.74,5.72,103.76,Guava
98.21,53.19,97.78,22.78,72.36,5.91,168.44,Mango
66.25,57.95,79.48,32.64,86.65,6.29,192.02,Litchi
54.26,19.11,59.01,18.48,66.46,6.69,49.0,Carrot
81.1,54.84,54.63,28.49,64.77,6.42,55.23,Onion
36.31,33.36,38.29,26.09,65.11,5.97,47.56,Sesame
122.99,44.07,101.58,21.18,61.04,6.17,159.78,Papaya
37.32,29.28,25.43,22.54,51.31,6.79,58.92,Safflower
46.57,28.87,44.31,26.76,67.91,7.49,55.95,Bottle Gourd
47.41,32.21,35.96,26.21,50.48,6.77,54.51,Sunflower
41.74,33.48,62.56,28.25,76.99,7.5,112.08,Pumpkin
44.41,30.74,66.91,28.92,70.97,7.06,53.91,Bottle Gourd
65.87,32.84,38.55,22.71,58.02,6.39,72.33,Sunflower
29.4,31.83,27.44,17.19,63.16,6.82,99.41,Rajma
96.95,49.4,39.0,21.1,67.78,6.4,77.42,Cabbage
30.52,33.04,18.91,23.59,58.96,7.06,117.55,Field Bean
116.28,65.45,46.27,28.05,63.15,6.71,49.54,Brinjal
84.31,38.62,35.75,23.99,62.15,6.43,119.0,Maize
120.66,63.52,127.79,27.65,82.38,6.5,164.22,Banana
100.75,40.14,37.78,30.8,53.31,6.17,52.28,Okra
93.24,35.25,30.57,23.67,58.07,6.75,90.07,Wheat
76.71,41.6,78.66,25.05,82.07,5.68,123.33,Pineapple
52.67,55.4,57.58,30.36,54.47,6.82,54.28,Okra
43.37,32.86,26.83,31.92,52.38,7.62,84.61,Pearl Millet
68.56,49.86,68.13,21.34,67.21,6.26,144.22,Guava
70.99,32.97,34.68,29.88,56.42,6.59,119.19,Castor
94.93,69.42,91.31,30.84,75.14,6.88,140.66,Papaya
77.16,50.55,48.19,25.45,59.93,6.32,62.21,Onion
50.01,32.42,30.17,26.95,54.85,6.83,125.94,Soybean
46.71,24.32,28.83,21.92,59.14,6.73,62.37,Radish
62.04,21.11,71.39,21.52,70.01,7.12,68.08,Beetroot
110.13,67.53,49.69,27.15,70.66,6.04,91.83,Brinjal
47.27,26.13,22.73,27.08,61.42,7.55,54.96,Green Gram
68.19,21.51,31.29,27.25,67.77,6.67,41.23,Red Gram
65.48,25.79,24.48,33.38,47.59,6.58,65.99,Sorghum
69.19,57.42,77.19,22.17,62.91,6.06,34.15,Garlic
20.0,30.4,36.24,29.42,71.13,6.01,122.34,Niger Seed
78.34,49.3,59.69,15.08,51.01,6.04,108.85,Apple
64.42,48.87,23.1,15.7,50.51,6.57,69.11,Barley
56.13,35.12,30.59,29.58,67.19,6.56,80.2,Green Gram
48.98,27.24,35.97,24.82,47.35,6.26,80.08,Groundnut
97.82,45.6,54.34,18.27,82.65,4.74,204.6,Tea
42.3,24.38,25.91,24.62,54.6,6.9,187.86,Red Gram
64.76,49.16,64.99,21.85,68.36,7.09,24.59,Garlic
88.5,62.9,98.39,25.92,81.68,6.38,162.64,Papaya
49.47,23.4,35.67,26.0,56.55,7.18,88.89,Little Millet
99.15,51.83,124.0,29.84,86.42,6.29,239.69,Coconut
45.31,28.68,23.16,26.62,43.45,6.21,53.55,Pearl Millet
34.42,28.55,34.68,27.04,53.56,6.76,74.9,Little Millet
98.75,63.61,49.35,25.76,75.02,6.51,75.84,Tomato
69.93,37.73,37.01,28.66,67.2,6.46,78.02,Cucumber
36.11,42.12,34.53,30.37,45.68,6.86,96.15,Kodo Millet
66.7,23.43,20.94,25.25,54.76,6.98,71.64,Sunflower
55.04,29.1,42.01,18.91,59.51,6.14,66.18,Beetroot
139.05,69.9,133.96,30.74,80.17,6.74,190.53,Banana
96.97,51.61,90.32,21.03,68.72,5.52,68.57,Potato
40.26,25.73,29.27,23.58,67.74,6.22,92.0,Foxtail Millet
107.08,60.3,90.06,24.08,64.74,7.12,137.43,Papaya
55.64,36.62,24.56,31.81,69.73,7.47,61.86,Red Gram
45.27,29.05,38.69,29.69,55.55,7.26,77.52,Green Gram
94.49,43.6,68.37,26.39,79.71,6.17,137.51,Guava
84.58,36.23,71.61,32.0,81.87,6.7,167.42,Litchi
62.74,43.34,34.91,23.57,77.15,6.05,28.11,Okra
86.61,44.94,61.19,26.7,68.25,6.54,93.35,Brinjal
96.7,66.03,123.6,18.77,61.71,6.23,54.07,Potato
28.61,36.5,30.29,24.03,52.51,6.27,71.29,Horse Gram
51.45,31.09,26.59,12.83,43.57,6.33,34.89,Mustard
94.22,60.57,94.63,18.29,79.78,5.73,66.07,Potato
82.72,41.61,82.09,12.93,53.11,6.22,90.61,Apple
58.48,27.94,28.97,32.72,44.96,7.07,74.98,Sorghum
84.52,30.65,59.4,21.53,47.76,6.95,42.52,Pomegranate
70.19,39.08,55.1,21.31,58.85,6.84,52.24,Onion
108.24,50.41,75.47,29.9,80.82,5.95,230.98,Arecanut
96.77,30.79,33.75,14.98,47.35,6.41,60.57,Wheat
119.97,46.73,41.9,31.12,99.44,6.15,199.6,Rice
35.3,29.45,31.59,24.66,70.39,6.13,89.36,Niger Seed
75.55,50.65,57.89,22.4,63.67,6.61,63.21,Onion
75.34,41.0,38.77,25.59,76.42,6.68,66.04,Okra
71.38,41.09,32.51,18.36,69.09,6.8,64.64,Wheat
89.12,41.15,44.54,19.8,66.51,6.72,77.07,Cauliflower
84.77,49.34,115.64,21.95,58.37,6.73,56.04,Grapes
30.05,33.93,25.43,31.38,46.68,7.24,89.03,Horse Gram
59.22,32.38,29.99,26.31,46.08,7.29,95.44,Castor
77.07,34.59,65.92,20.88,89.79,5.69,194.63,Coffee
52.61,24.13,30.86,34.02,49.19,7.12,53.08,Pearl Millet
103.1,59.41,71.82,23.05,74.14,5.55,45.93,Potato
132.17,71.81,102.63,30.91,73.08,5.88,205.14,Banana
83.55,36.07,39.78,14.23,57.24,6.97,54.51,Barley
100.16,67.77,56.86,28.54,58.78,7.03,78.72,Chilli
34.4,20.98,35.84,11.92,55.3,7.1,54.88,Peas
30.22,26.9,29.32,23.74,45.77,7.07,66.06,Horse Gram
31.74,35.35,24.4,25.39,58.89,6.32,92.54,Niger Seed
74.04,48.68,58.66,22.18,72.63,6.23,65.41,Cabbage
43.82,33.27,34.66,25.03,72.43,6.89,136.62,Finger Millet
42.32,30.43,27.52,26.78,61.69,5.63,83.28,Foxtail Millet
45.11,25.92,25.99,30.56,54.2,6.67,46.68,Green Gram
91.79,51.84,53.92,21.31,70.86,6.65,62.92,Cauliflower
77.07,39.96,54.58,23.62,67.49,6.2,84.13,Cucumber
107.69,61.08,102.79,22.29,68.91,5.74,68.4,Potato
70.81,52.43,86.73,25.61,75.68,5.9,199.48,Litchi
42.73,29.74,32.58,30.09,59.79,6.83,118.37,Red Gram
65.64,49.45,50.44,30.18,75.66,6.51,67.35,Brinjal
69.62,21.38,24.03,26.66,71.69,6.05,126.95,Finger Millet
28.16,35.02,32.64,14.79,44.29,6.98,52.36,Peas
28.31,43.98,32.93,22.84,50.75,7.85,62.25,Chickpea
76.5,52.6,50.22,26.31,76.21,7.01,70.57,Cucumber
119.93,53.46,107.39,27.05,74.59,6.2,250.01,Coconut
42.98,31.58,31.63,26.38,56.15,6.01,109.86,Little Millet
74.76,45.29,85.47,26.64,70.98,6.65,111.49,Guava
59.69,31.91,23.74,31.22,61.59,6.79,88.44,Groundnut
76.2,39.68,38.15,27.14,66.18,7.04,72.34,Maize
117.12,60.31,122.73,29.99,75.93,7.0,164.85,Banana
47.9,27.85,27.65,21.63,44.22,6.24,49.75,Mustard
87.83,51.89,82.71,15.44,68.54,6.76,82.58,Cauliflower
41.86,29.57,32.69,24.82,46.72,6.24,51.4,Safflower
35.51,35.62,28.24,23.38,53.48,7.06,65.18,Linseed
55.51,31.35,63.44,29.16,60.68,6.52,177.64,Cashew
23.3,38.05,25.26,17.33,63.92,6.55,63.63,Peas
40.82,35.04,29.17,23.98,57.08,5.94,94.97,Foxtail Millet
48.65,38.71,28.79,28.75,57.49,6.28,76.47,Foxtail Millet
50.36,21.24,26.67,17.26,57.32,6.43,40.28,Mustard
65.62,27.15,31.21,22.07,44.66,7.58,55.37,Chickpea
60.38,29.77,56.98,30.31,68.44,6.17,69.63,Pumpkin
28.0,30.65,22.8,31.04,50.67,6.24,97.52,Cowpea
85.67,27.5,33.15,17.52,62.28,6.93,53.62,Barley
56.63,31.34,24.18,32.67,65.48,6.92,83.89,Groundnut
80.44,44.83,83.52,7.46,62.2,6.24,123.78,Apple
52.14,32.13,28.69,24.61,63.69,6.16,97.64,Foxtail Millet
75.88,51.66,61.79,18.77,46.95,6.15,62.44,Garlic
57.13,39.16,63.62,18.72,57.77,7.19,54.05,Beetroot
100.54,64.34,90.85,20.98,83.43,5.61,68.39,Potato
59.82,29.54,32.42,21.97,61.06,6.75,96.17,Soybean
37.92,33.69,23.38,24.7,56.61,6.11,73.82,Cowpea
85.43,39.97,70.81,18.9,60.8,6.11,124.59,Apple
63.07,29.54,38.69,28.5,52.48,7.17,136.62,Castor
101.9,49.78,102.5,19.48,65.57,5.75,59.14,Potato
70.08,51.6,67.81,29.88,64.09,6.5,86.41,Guava
29.82,44.56,26.82,25.79,58.29,7.38,56.77,Safflower
50.9,32.6,30.67,25.02,61.29,6.82,73.56,Field Bean
42.89,27.14,33.01,27.79,48.9,6.46,67.17,Groundnut
51.19,29.33,48.98,20.22,59.56,7.33,63.84,Beetroot
76.06,38.4,32.9,16.65,55.48,6.11,69.53,Wheat
18.33,25.32,30.76,32.9,64.35,6.62,78.98,Black Gram
93.4,48.34,102.74,21.46,74.74,5.98,53.61,Potato
88.53,32.93,76.57,21.28,87.47,5.88,153.6,Coffee
82.63,39.82,83.69,26.96,61.52,6.72,111.3,Guava
88.6,45.86,73.71,25.41,65.61,5.96,72.14,Onion
109.42,72.35,89.87,32.61,72.14,6.58,97.88,Papaya
18.52,31.0,37.65,24.71,60.71,6.77,112.41,Rajma
79.78,39.68,34.51,19.15,59.75,6.6,52.47,Barley
73.0,33.62,77.77,25.89,70.53,6.0,92.21,Bottle Gourd
80.96,25.83,58.9,21.13,51.36,6.39,54.71,Carrot
72.43,48.93,52.53,24.14,54.13,6.59,48.6,Onion
54.08,30.81,27.08,26.3,50.46,6.97,111.21,Red Gram
69.17,29.23,53.86,15.68,44.13,7.24,61.22,Beetroot
82.4,36.73,31.03,21.48,67.89,6.59,46.4,Barley
97.42,61.48,77.6,33.28,85.91,5.91,294.28,Rubber
42.53,35.82,33.94,26.2,65.64,6.27,80.96,Soybean
107.9,47.8,90.67,31.17,80.06,6.52,244.12,Coconut
49.52,33.09,29.02,23.71,64.49,6.25,115.79,Finger Millet
81.1,55.46,55.31,22.24,72.83,6.64,62.17,Cauliflower
74.47,27.24,46.39,26.16,66.09,6.37,58.99,Bottle Gourd
99.35,52.79,103.08,28.54,57.04,6.69,74.17,Grapes
75.68,43.04,46.89,22.94,68.4,6.67,79.38,Cucumber
61.25,27.38,73.31,22.61,59.63,6.91,62.67,Beetroot
107.32,70.92,101.98,32.08,55.12,6.69,183.59,Mango
95.16,72.28,80.3,29.15,94.45,5.33,306.67,Rubber
103.41,71.07,101.84,26.49,73.34,6.58,167.43,Papaya
68.8,42.43,71.9,23.0,80.16,5.89,154.31,Pineapple
60.62,34.33,28.74,23.22,65.14,5.88,130.31,Finger Millet
85.5,40.32,40.69,17.15,56.19,7.02,44.6,Barley
60.56,35.68,38.67,27.68,52.33,6.92,61.77,Castor
79.63,62.93,84.47,28.51,71.13,6.17,225.21,Litchi
76.37,34.26,76.93,21.22,76.78,7.35,105.76,Guava
99.58,46.34,83.3,35.49,84.87,5.83,236.98,Arecanut
47.81,30.46,28.11,22.44,70.04,6.2,69.43,Little Millet
62.34,23.06,52.14,22.24,58.51,5.8,54.74,Carrot
29.87,31.8,29.42,28.67,50.16,5.89,66.44,Horse Gram
83.57,55.91,58.76,27.65,58.1,6.5,50.96,Onion
63.05,34.78,26.85,28.07,76.16,6.58,97.91,Soybean
82.82,49.32,80.09,25.12,75.69,5.0,159.55,Pineapple
101.28,48.33,53.81,27.77,78.05,5.47,242.89,Rice
94.52,50.2,72.38,20.31,65.61,6.58,70.58,Cauliflower
49.24,37.84,21.09,26.67,49.5,6.72,46.8,Safflower
88.68,24.13,30.56,22.88,61.51,6.44,123.56,Soybean
37.16,29.25,27.65,27.37,73.92,6.7,82.17,Black Gram
45.23,27.85,55.44,28.8,67.66,6.35,61.55,Bottle Gourd
71.49,52.33,54.75,18.18,63.29,6.49,45.97,Garlic
102.76,66.48,95.06,28.67,65.28,6.66,148.71,Papaya
100.69,83.37,105.08,27.59,60.58,5.46,140.97,Mango
52.58,21.26,28.49,37.62,48.91,6.6,59.83,Sorghum
86.5,36.05,34.21,17.12,59.26,6.8,54.61,Barley
76.99,41.43,62.94,19.98,85.55,5.57,164.77,Coffee
82.56,30.42,34.36,16.32,56.24,6.75,57.57,Wheat
55.04,35.05,30.64,27.48,80.57,5.74,91.97,Finger Millet
30.51,34.82,25.05,28.77,59.93,5.8,78.18,Green Gram
32.7,35.06,34.4,20.83,42.11,6.54,50.41,Lentil
69.63,26.37,23.84,24.18,43.92,7.13,29.26,Sunflower
29.74,32.47,29.75,28.88,56.65,6.55,86.43,Green Gram
57.42,50.88,79.52,28.69,71.7,7.24,233.86,Litchi
32.98,34.24,22.96,28.64,50.17,6.44,86.96,Foxtail Millet
58.81,24.41,28.41,36.08,51.19,7.54,53.06,Pearl Millet
42.32,35.29,28.27,29.0,76.15,6.4,109.14,Finger Millet
71.42,52.74,74.71,22.0,69.28,6.2,61.43,Garlic
60.04,41.63,40.88,21.31,57.95,6.41,52.15,Carrot
39.93,36.62,29.55,31.51,70.25,7.11,68.52,Green Gram
75.75,51.98,75.5,26.87,52.64,5.63,70.85,Pomegranate
58.68,24.57,61.07,18.56,55.6,7.12,62.01,Beetroot
100.15,62.28,57.56,30.87,74.48,6.21,67.89,Brinjal
37.03,36.6,27.83,21.72,57.32,6.65,49.96,Chickpea
64.25,34.67,59.52,26.63,82.98,6.19,209.18,Coffee
40.63,19.36,21.14,22.53,59.89,6.65,95.89,Niger Seed
30.79,34.13,32.47,29.25,62.93,6.51,43.07,Black Gram
39.08,28.53,31.39,26.46,49.86,6.15,108.71,Little Millet
101.64,50.01,54.16,26.02,92.79,4.85,310.56,Tea
98.96,43.82,94.8,27.0,70.72,7.45,122.88,Guava
77.1,38.82,30.09,16.16,52.8,6.95,40.15,Barley
99.69,48.71,84.82,27.72,71.0,7.01,185.82,Mango
88.43,59.8,58.68,21.57,57.28,6.61,68.28,Chilli
52.34,25.85,28.47,28.9,58.51,6.7,90.68,Finger Millet
36.15,23.84,36.17,28.44,59.26,6.95,93.49,Sesame
100.11,60.99,109.9,27.22,66.88,6.38,171.03,Papaya
88.52,46.79,75.63,30.91,70.52,6.23,132.37,Papaya
83.05,54.83,92.69,31.2,73.0,6.41,262.18,Litchi
51.02,27.76,27.62,23.04,49.46,7.41,85.36,Sunflower
32.37,38.08,26.4,27.5,62.51,6.84,90.47,Cowpea
96.39,67.25,96.82,20.26,62.34,5.0,72.88,Potato
73.17,38.21,58.42,26.28,61.47,6.76,61.46,Cucumber
29.8,28.64,23.64,27.22,45.35,6.95,96.63,Field Bean
108.37,74.43,103.69,23.2,73.53,6.1,62.07,Potato
31.95,32.16,31.87,20.04,56.56,6.57,52.15,Peas
114.88,38.23,76.71,26.49,75.53,5.72,174.33,Arecanut
36.9,39.3,27.76,22.78,46.96,6.39,40.95,Safflower
60.08,35.66,33.75,25.07,68.73,6.39,108.09,Finger Millet
51.15,37.03,39.79,29.57,64.86,6.27,100.26,Foxtail Millet
52.3,35.83,33.97,22.51,63.9,6.74,86.71,Little Millet
65.35,40.61,40.61,21.49,76.07,6.72,78.59,Cucumber
48.74,32.75,31.34,19.76,68.15,7.27,45.56,Radish
40.23,32.53,37.51,20.37,53.26,7.21,50.37,Chickpea
67.79,44.51,40.44,27.9,57.26,6.28,61.07,Okra
48.42,30.32,26.0,28.91,58.72,7.08,111.8,Soybean
37.17,27.62,25.71,22.22,73.37,6.18,106.31,Soybean
100.39,52.96,92.06,30.06,81.81,5.33,274.32,Rubber
70.12,32.58,27.52,32.18,63.52,6.3,61.92,Groundnut
88.78,40.54,30.05,13.14,54.82,6.3,53.14,Wheat
131.91,57.32,128.0,30.17,83.78,6.94,65.14,Banana
48.08,30.19,32.33,29.92,53.35,7.02,87.96,Sorghum
46.63,25.89,61.91,19.01,65.53,7.1,48.61,Beetroot
109.8,70.28,116.85,26.74,66.09,7.2,137.91,Papaya
88.43,47.78,44.1,19.57,70.56,6.55,88.22,Cabbage
72.97,51.64,102.21,30.7,63.28,6.23,84.82,Guava
113.67,44.73,57.26,25.96,81.46,5.18,223.39,Tea
64.45,25.79,33.66,28.62,71.48,6.56,134.84,Maize
117.27,74.96,124.03,30.93,76.9,6.85,144.74,Banana
77.87,29.49,29.52,27.96,53.69,6.39,97.77,Castor
66.33,42.75,77.31,30.35,70.71,6.23,148.17,Guava
89.09,45.3,56.24,19.32,70.15,6.26,69.16,Cauliflower
32.6,27.97,30.85,22.3,45.56,6.46,94.7,Field Bean
57.23,37.66,53.87,23.16,71.6,6.61,70.25,Cucumber
88.51,60.79,55.59,23.58,75.55,6.39,88.25,Tomato
123.82,68.54,101.58,27.8,65.29,6.23,235.2,Mango
61.33,30.32,58.35,28.1,64.25,5.61,187.36,Cashew
70.65,45.14,48.87,22.24,65.73,6.09,54.47,Garlic
60.61,29.56,26.35,20.91,49.34,5.25,68.49,Finger Millet
44.3,31.5,29.75,24.97,60.9,6.85,71.59,Little Millet
114.07,54.48,44.58,30.5,80.48,5.99,200.03,Rice
93.0,40.54,78.28,23.76,79.19,6.45,201.3,Pineapple
31.96,22.95,34.63,29.75,58.46,5.96,99.86,Red Gram
28.54,22.52,35.89,27.18,63.99,5.83,65.4,Horse Gram
34.14,27.33,28.68,19.26,57.03,6.26,80.05,Rajma
51.48,34.69,32.05,17.6,50.77,6.47,49.59,Radish
104.5,44.86,71.82,12.93,54.94,6.43,111.9,Apple
46.68,22.42,33.9,29.99,58.68,6.12,74.98,Kodo Millet
52.09,35.69,26.88,17.36,52.23,7.63,33.55,Safflower
81.39,62.65,81.3,34.91,90.29,5.24,271.58,Rubber
113.38,45.14,23.49,19.64,54.74,7.2,81.33,Wheat
38.93,30.33,39.38,32.37,50.3,6.83,59.0,Red Gram
47.64,35.51,41.29,34.27,63.78,6.03,59.91,Okra
92.05,50.38,70.21,24.63,69.39,6.24,216.3,Litchi
61.64,39.09,27.81,22.3,58.4,6.3,63.12,Barley
76.14,66.48,56.84,34.56,73.93,7.08,81.87,Chilli
61.64,31.53,28.2,31.06,50.56,6.56,66.2,Sorghum
108.08,52.82,69.35,37.09,78.66,6.28,249.38,Arecanut
65.44,54.02,105.87,26.24,56.08,5.62,71.94,Pomegranate
44.66,35.19,32.99,24.78,60.7,6.74,72.62,Niger Seed
87.86,51.77,48.46,22.4,67.91,6.59,81.39,Cabbage
40.72,22.66,28.77,32.36,71.64,6.45,77.15,Red Gram
84.21,49.1,23.93,21.92,69.82,6.98,57.5,Barley
26.89,39.45,28.71,15.17,50.02,6.66,56.02,Peas
103.14,55.45,80.36,33.9,90.92,4.94,194.65,Rubber
126.74,61.31,142.82,32.93,81.79,6.78,161.36,Banana
83.39,36.02,30.68,30.31,65.87,6.8,74.92,Sunflower
50.67,35.95,28.56,24.73,60.37,6.52,128.1,Finger Millet
36.91,31.41,31.71,19.17,47.93,6.51,77.37,Rajma
62.19,31.52,34.28,32.82,61.2,7.1,99.3,Red Gram
77.47,63.04,52.04,23.01,89.44,5.52,217.82,Coffee
44.05,27.66,25.91,24.87,56.22,6.53,64.14,Soybean
24.08,31.88,24.16,29.22,56.97,6.9,100.91,Green Gram
110.2,53.43,60.04,22.77,84.55,4.92,208.18,Tea
92.25,51.14,110.96,28.75,62.01,6.79,96.43,Mango
49.75,31.54,28.65,14.4,54.5,6.99,52.32,Linseed
58.23,51.68,57.09,22.32,85.36,5.99,184.76,Litchi
42.46,30.94,30.68,22.78,49.61,6.61,102.44,Field Bean
44.62,30.69,34.47,29.75,67.46,6.95,92.46,Black Gram
84.66,38.26,82.93,32.13,66.94,5.92,111.86,Guava
53.04,28.62,30.48,31.16,70.52,6.78,75.56,Groundnut
41.52,24.2,69.16,17.97,56.66,6.49,46.89,Carrot
42.94,33.74,32.88,27.29,52.16,6.02,35.52,Groundnut
34.47,26.8,35.7,34.15,74.09,6.25,65.29,Black Gram
88.85,61.65,118.3,22.87,71.47,6.98,140.53,Papaya
106.34,50.35,56.41,24.88,87.47,5.95,182.59,Coffee
66.01,43.17,80.88,32.27,50.45,5.77,78.59,Pomegranate
46.15,33.01,20.29,33.15,44.73,6.78,61.3,Groundnut
101.5,56.0,55.69,24.56,64.31,6.59,73.66,Cauliflower
82.46,40.25,76.91,30.04,72.8,5.77,234.48,Litchi
74.36,28.39,78.66,30.41,68.26,7.0,63.63,Pumpkin
78.67,25.44,57.43,23.68,55.26,6.62,52.55,Carrot
51.01,22.99,30.14,21.5,51.45,6.25,56.2,Linseed
70.73,29.66,60.48,14.67,60.35,6.32,54.33,Beetroot
58.73,25.29,75.24,16.88,56.56,6.22,45.42,Carrot
47.26,24.29,24.74,17.91,59.91,7.11,39.88,Radish
41.89,33.24,28.93,29.63,57.57,6.54,102.32,Red Gram
99.55,46.21,66.01,21.46,80.79,5.84,164.86,Coffee
71.38,72.68,62.03,32.2,65.79,5.33,79.75,Brinjal
56.48,24.26,30.55,30.92,38.98,6.58,25.92,Pearl Millet
31.31,31.57,33.77,26.72,50.89,6.84,64.92,Horse Gram
111.57,57.7,89.76,24.1,73.78,6.22,81.57,Papaya
32.05,18.38,17.81,17.43,57.83,6.86,108.22,Rajma
43.48,36.14,30.17,28.66,44.83,6.61,63.25,Cowpea
26.9,32.38,30.24,21.84,46.14,6.42,61.36,Peas
32.72,31.03,31.34,29.12,43.57,6.8,84.73,Green Gram
95.89,50.46,58.99,29.91,80.52,5.98,226.16,Rice
62.16,31.88,59.84,20.96,66.35,7.3,48.49,Beetroot
56.43,23.47,25.81,27.85,54.97,6.48,100.87,Kodo Millet
65.2,51.7,48.44,17.79,68.3,7.17,44.6,Garlic
104.69,40.43,34.87,28.6,63.71,6.55,125.85,Maize
106.38,48.8,62.33,22.15,73.73,5.0,206.19,Tea
29.68,37.67,33.77,26.23,52.16,5.82,83.24,Horse Gram
138.19,75.6,126.93,28.52,73.73,6.51,213.82,Banana
23.21,23.65,32.41,15.17,51.79,7.0,63.44,Peas
67.88,28.41,22.26,24.13,48.52,5.95,139.36,Finger Millet
106.9,42.53,81.25,22.89,76.55,6.2,214.28,Arecanut
117.29,58.72,51.88,21.76,62.6,6.87,73.09,Chilli
33.47,30.26,29.11,16.17,45.15,7.35,69.14,Peas
36.15,34.42,68.41,28.37,71.03,6.52,91.45,Pumpkin
74.05,49.18,36.37,22.44,59.43,6.89,144.2,Maize
57.09,24.28,36.92,29.07,59.75,6.79,92.14,Finger Millet
45.02,29.45,24.38,31.14,56.0,6.92,119.48,Red Gram
89.19,46.1,72.48,28.08,86.64,5.88,206.42,Pineapple
79.21,53.95,75.47,9.73,52.72,6.44,128.44,Apple
45.15,35.15,30.85,27.27,52.67,7.12,72.98,Field Bean
30.8,30.16,31.14,31.07,41.09,6.61,63.63,Horse Gram
52.0,23.13,74.92,28.67,66.12,6.12,70.25,Pumpkin
32.9,30.42,25.29,21.84,45.11,7.07,112.08,Field Bean
78.34,42.39,23.74,18.33,40.48,7.27,56.16,Barley
121.46,59.89,112.24,19.53,75.64,6.32,52.13,Potato
98.75,83.89,87.91,30.91,66.95,6.19,139.39,Papaya
56.76,24.32,32.05,40.07,31.81,6.73,42.22,Pearl Millet
96.33,51.45,58.26,24.23,70.38,5.94,84.14,Brinjal
98.35,46.13,50.31,28.51,51.1,6.57,88.87,Pomegranate
29.37,27.46,29.89,24.02,51.79,6.84,103.16,Field Bean
58.89,32.69,20.28,16.84,42.27,7.59,46.68,Mustard
31.99,22.92,35.25,21.13,54.32,6.22,86.28,Rajma
108.12,43.7,62.51,26.37,91.18,4.93,242.01,Tea
93.13,37.54,88.59,23.1,61.43,6.6,103.87,Apple
79.49,28.64,28.34,16.74,58.38,6.87,41.54,Mustard
61.39,21.64,23.7,34.71,42.4,7.52,52.31,Pearl Millet
33.05,27.75,26.47,19.07,52.33,6.69,65.55,Peas
38.05,25.22,28.92,17.9,60.07,6.93,70.47,Linseed
114.63,49.06,107.95,28.78,74.18,6.03,144.62,Mango
68.53,35.59,56.54,22.5,71.12,7.37,73.57,Bottle Gourd
57.28,29.72,37.91,24.52,64.44,7.33,70.16,Kodo Millet
85.32,51.41,46.98,24.88,57.14,6.5,58.07,Onion
133.21,41.89,73.17,27.1,71.48,6.3,97.75,Brinjal
60.55,33.92,54.21,33.51,69.0,7.2,48.0,Pumpkin
39.06,26.79,32.42,28.25,53.36,6.63,89.21,Castor
53.34,28.07,54.21,33.08,70.97,6.79,110.74,Pumpkin
48.87,25.03,36.82,29.3,70.54,6.93,88.98,Black Gram
80.72,61.46,87.26,28.9,62.38,6.71,170.25,Mango
37.54,31.71,24.47,22.11,39.46,6.54,60.61,Safflower
34.67,31.24,30.9,29.44,58.89,6.71,57.19,Cowpea
90.86,55.15,103.86,24.01,83.0,7.0,194.99,Coconut
83.81,42.44,40.28,27.92,64.98,6.35,67.34,Cucumber
96.65,50.15,70.85,27.84,75.53,5.89,256.93,Arecanut
64.2,35.37,25.99,23.1,43.83,5.99,23.35,Mustard
79.48,48.95,74.22,15.06,63.56,6.56,50.42,Garlic
61.87,28.19,54.33,24.78,64.75,6.43,65.6,Beetroot
48.04,26.59,30.9,21.84,51.5,7.67,80.29,Red Gram
44.18,24.77,37.16,27.02,61.43,6.93,68.59,Foxtail Millet
35.72,31.28,34.02,27.8,47.44,6.54,83.87,Sesame
40.23,28.44,24.64,24.02,39.76,7.41,60.69,Chickpea
111.83,59.94,94.2,19.37,70.53,6.3,74.74,Potato
70.99,54.96,66.43,21.06,85.59,5.41,214.62,Coffee
97.34,61.85,99.52,31.55,71.09,6.55,217.73,Mango
101.16,48.46,51.87,18.51,55.42,6.63,56.9,Cauliflower
40.78,27.38,29.45,24.61,51.05,6.19,61.31,Foxtail Millet
76.34,40.81,33.01,19.6,71.13,6.73,59.15,Barley
64.95,25.45,31.88,25.86,70.74,6.95,130.04,Finger Millet
114.61,52.27,51.96,29.09,85.39,5.98,261.19,Rice
130.97,59.64,131.39,31.51,73.38,7.39,187.12,Banana
82.52,35.36,59.27,20.98,81.26,5.28,176.91,Coffee
87.06,43.85,108.96,31.72,84.56,6.88,209.51,Coconut
94.89,56.47,92.65,18.68,64.59,5.77,143.67,Orange
39.76,22.42,34.75,12.79,52.24,6.76,58.73,Peas
74.1,41.65,24.4,29.33,62.42,7.36,63.44,Maize
94.85,47.41,74.54,28.25,55.48,5.62,88.11,Pomegranate
97.34,54.6,68.18,33.29,51.59,6.74,79.55,Chilli
46.47,19.94,21.56,31.12,38.27,7.21,51.88,Pearl Millet
57.66,35.81,31.13,25.9,71.04,6.58,93.36,Finger Millet
47.62,35.25,52.73,23.96,61.57,6.74,59.91,Cucumber
78.05,39.62,47.79,34.91,69.21,6.72,44.32,Cucumber
32.87,33.18,32.6,27.17,51.39,6.99,110.22,Red Gram
52.44,34.66,63.86,27.71,69.62,6.39,104.01,Pumpkin
129.53,66.64,112.6,32.9,73.68,6.97,156.26,Banana
68.43,46.1,91.67,25.47,46.53,6.54,40.17,Pomegranate
44.16,31.8,33.27,22.16,47.93,7.49,62.23,Safflower
91.72,47.77,104.3,26.04,58.51,7.11,90.51,Grapes
127.7,57.07,80.59,32.71,70.1,6.81,59.48,Orange
87.06,44.6,30.54,17.67,45.64,6.66,65.39,Wheat
44.78,29.3,30.55,20.17,55.73,6.38,34.36,Mustard
55.25,28.13,60.29,30.04,63.94,6.33,80.98,Bottle Gourd
87.74,69.8,59.35,29.36,79.34,6.27,99.66,Brinjal
95.21,51.85,64.32,25.39,92.83,5.84,218.58,Arecanut
62.45,51.44,57.15,20.31,60.82,5.92,51.85,Garlic
83.53,31.58,59.28,22.38,77.55,5.84,154.37,Coffee
93.71,54.22,108.37,20.63,60.08,6.68,66.07,Grapes
60.07,30.29,25.65,24.67,64.14,6.83,124.23,Soybean
69.35,37.09,57.37,21.24,53.56,6.78,62.33,Beetroot
56.88,34.8,30.99,25.84,56.27,6.66,118.85,Soybean
101.03,61.14,70.79,23.67,60.89,6.78,80.5,Chilli
65.56,28.16,29.2,26.32,43.59,8.31,49.14,Pearl Millet
117.04,35.14,25.84,14.16,67.66,6.72,57.43,Wheat
33.17,28.58,27.31,31.17,54.06,6.7,77.99,Sesame
52.52,39.28,43.43,31.31,61.58,6.95,66.28,Okra
88.56,49.3,63.34,18.03,58.42,6.57,70.48,Cauliflower
101.86,73.8,70.17,24.76,67.6,6.3,68.07,Chilli
84.72,50.9,37.42,25.17,66.63,7.38,116.05,Maize
26.0,32.55,26.04,22.22,54.2,6.23,89.51,Field Bean
83.31,68.1,63.51,23.25,72.73,6.86,107.01,Tomato
85.76,49.04,61.95,26.38,75.14,6.62,97.43,Tomato
96.25,55.87,88.49,28.54,87.81,5.68,263.25,Rubber
82.49,46.04,67.41,12.78,56.81,5.59,149.21,Apple
33.47,31.95,38.12,23.16,67.53,5.99,110.4,Black Gram
37.41,27.84,27.89,29.71,64.16,6.89,80.43,Sesame
79.1,43.14,88.45,28.86,75.88,5.68,273.18,Pineapple
60.69,28.84,36.29,28.8,50.43,7.35,78.42,Sunflower
46.79,32.81,25.44,25.18,52.06,7.95,57.39,Safflower
79.3,44.52,53.36,19.07,61.94,6.69,42.94,Garlic
40.37,20.7,31.74,19.9,50.39,7.11,41.2,Radish
88.22,58.52,92.0,18.06,65.25,6.11,74.68,Potato
92.18,44.99,98.83,27.52,66.54,6.88,164.5,Mango
60.96,31.95,30.4,29.41,44.98,6.62,86.56,Pearl Millet
82.92,49.83,23.03,25.84,69.19,7.34,93.28,Maize
115.73,61.31,112.17,30.05,69.61,7.16,290.66,Banana
58.39,27.76,21.59,34.28,40.31,6.79,42.64,Pearl Millet
81.11,37.45,76.72,27.85,77.02,7.24,137.6,Litchi
66.28,28.16,51.7,28.86,70.92,6.45,96.34,Pumpkin
75.28,37.95,43.45,24.68,58.66,6.95,46.33,Maize
40.85,33.07,28.66,17.54,59.32,6.26,43.56,Lentil
92.62,70.02,44.97,31.38,50.85,6.94,94.54,Chilli
106.84,47.1,57.98,21.7,58.44,7.12,57.24,Onion
68.91,33.38,39.81,28.49,71.32,5.78,155.2,Cashew
90.6,51.8,41.0,25.76,66.84,6.81,90.2,Tomato
45.02,36.7,31.74,26.41,60.32,5.89,86.52,Little Millet
100.19,51.47,64.82,18.14,89.95,5.18,255.34,Tea
99.87,48.91,56.31,24.72,78.9,4.91,198.69,Tea
27.2,33.3,29.17,17.25,47.56,6.72,29.5,Lentil
46.38,37.94,27.9,29.08,51.74,6.6,83.52,Green Gram
125.42,68.51,137.67,27.17,77.87,6.81,164.92,Banana
86.26,47.64,82.7,26.14,81.09,6.16,175.46,Litchi
26.88,32.58,30.47,20.97,54.12,6.24,103.11,Rajma
89.0,42.85,77.19,28.41,68.03,6.61,116.5,Guava
79.99,38.68,68.31,32.47,78.54,6.21,257.7,Cashew
95.24,60.32,85.1,25.95,65.27,6.87,66.15,Grapes
110.65,77.12,123.49,32.41,75.21,6.88,172.96,Banana
68.87,41.11,72.16,25.63,90.65,6.28,203.92,Litchi
50.19,22.7,25.45,22.05,50.6,6.95,79.07,Linseed
83.38,45.71,75.89,25.09,80.82,5.86,265.46,Pineapple
107.43,38.54,42.53,29.19,90.48,6.07,202.98,Rice
78.75,55.88,53.74,25.56,69.09,6.97,87.71,Brinjal
58.95,54.22,58.04,28.27,63.85,6.83,81.75,Chilli
108.04,60.73,97.24,33.26,72.54,6.34,175.47,Papaya
82.99,64.27,60.05,23.06,76.0,4.9,241.96,Coffee
55.78,31.3,72.49,29.16,69.31,6.29,63.86,Bottle Gourd
112.29,80.11,88.5,30.99,60.79,7.37,130.91,Mango
76.76,44.6,83.2,23.03,80.73,5.75,135.59,Litchi
93.87,55.56,113.5,16.47,77.52,7.24,158.4,Orange
58.83,20.79,51.55,25.07,54.85,6.59,55.98,Carrot
40.46,30.96,31.12,19.95,61.6,6.89,46.08,Mustard
86.15,73.77,62.83,27.7,51.79,6.82,74.26,Chilli
115.99,49.84,70.44,28.13,82.55,5.16,135.53,Tea
74.02,58.36,67.05,27.85,60.61,6.36,182.33,Litchi
86.07,67.2,73.97,27.34,59.3,6.86,81.81,Chilli
49.76,31.12,31.11,26.18,42.17,6.53,105.45,Kodo Millet
63.68,45.5,86.56,12.69,72.38,6.41,120.02,Apple
56.32,28.96,32.86,32.96,46.13,6.55,66.88,Pearl Millet
62.16,33.32,30.95,16.3,66.64,6.96,42.98,Barley
84.37,73.06,91.16,23.92,68.24,5.7,77.94,Potato
34.83,30.85,37.33,28.58,48.95,6.27,69.58,Cowpea
64.83,27.87,25.73,23.35,59.21,6.61,60.62,Sunflower
90.44,50.21,72.78,25.32,70.66,5.71,123.38,Guava
65.39,28.05,66.46,28.83,79.39,7.04,57.23,Bottle Gourd
87.15,47.01,68.45,28.6,89.83,5.3,268.27,Rubber
62.87,23.11,68.3,29.93,64.71,6.7,86.78,Bottle Gourd
106.34,44.52,105.69,30.4,52.75,6.51,231.16,Mango
130.61,66.12,122.07,35.33,86.94,7.28,142.64,Banana
77.61,43.19,86.59,29.47,80.86,5.61,225.19,Pineapple
32.69,30.42,28.85,28.17,58.79,6.68,83.78,Sesame
75.64,21.72,70.13,21.75,58.67,6.46,49.09,Beetroot
73.25,69.25,60.14,26.47,68.83,6.07,104.78,Brinjal
34.71,32.56,28.05,29.63,52.04,5.67,51.15,Horse Gram
88.55,72.0,60.85,26.45,63.91,6.3,64.4,Chilli
39.01,32.89,30.75,23.78,52.32,6.68,79.7,Safflower
49.77,26.88,26.15,17.02,43.43,6.21,43.37,Lentil
78.47,58.18,64.51,26.36,56.83,6.47,66.15,Onion
46.33,37.43,27.5,26.87,52.41,6.32,98.82,Kodo Millet
42.09,28.4,32.55,26.22,52.46,6.94,87.24,Castor
53.05,30.35,33.95,22.57,49.89,6.93,53.4,Chickpea
50.34,28.31,40.56,21.91,56.24,6.43,61.01,Chickpea
71.3,29.68,30.48,20.19,60.73,5.77,121.68,Finger Millet
102.17,56.86,89.04,27.99,89.92,5.43,319.27,Rubber
60.56,54.43,58.82,21.4,81.25,6.35,214.49,Coffee
99.05,54.22,98.06,23.08,59.4,6.89,97.16,Grapes
20.14,33.69,34.74,25.0,50.92,6.35,74.65,Cowpea
80.05,51.7,53.48,28.09,74.75,6.6,67.13,Cucumber
54.73,33.14,21.38,23.97,57.15,7.03,73.15,Sunflower
82.06,31.0,24.84,19.55,47.66,7.09,46.86,Wheat
92.61,56.11,81.29,32.18,86.98,5.61,330.26,Rubber
71.52,42.64,40.3,20.64,62.16,7.08,44.11,Garlic
58.95,37.45,63.15,32.78,78.05,5.91,213.77,Cashew
99.17,42.07,58.42,24.17,81.66,5.97,153.42,Coffee
42.3,26.75,30.06,22.08,65.07,6.05,50.7,Radish
50.81,25.22,36.08,30.17,49.1,6.44,65.94,Groundnut
43.68,33.02,26.35,21.48,61.09,6.98,50.84,Peas
110.48,70.51,136.7,31.37,80.47,6.18,159.31,Banana
41.05,31.88,46.47,18.43,55.54,6.72,62.52,Beetroot
88.48,56.67,76.13,31.14,63.48,6.04,105.05,Guava
107.42,51.13,69.39,24.32,77.25,7.09,106.02,Tomato
43.82,37.18,36.45,25.7,69.24,7.38,87.8,Field Bean
62.86,26.08,37.12,26.59,64.95,7.35,109.21,Little Millet
90.1,51.64,55.94,31.67,85.17,6.31,228.56,Rice
57.39,32.19,34.6,26.86,49.2,6.03,95.03,Little Millet
67.79,32.54,29.1,13.73,56.57,7.06,46.68,Mustard
60.32,23.25,35.95,31.04,49.67,7.76,45.35,Pearl Millet
40.26,31.87,33.22,30.73,65.27,7.65,112.44,Red Gram
82.03,46.84,56.34,24.57,65.24,6.1,77.96,Onion
100.05,51.76,59.9,23.08,93.47,6.24,145.79,Arecanut
50.84,26.4,34.61,27.74,67.09,7.53,112.01,Soybean
38.13,15.96,37.78,30.28,50.05,6.97,66.86,Sesame
27.76,35.09,24.94,25.79,46.51,6.17,103.26,Field Bean
50.19,21.75,30.42,19.77,61.69,6.67,52.25,Radish
77.66,46.92,46.47,16.08,54.81,6.85,35.58,Barley
71.34,32.13,78.92,28.19,77.63,6.94,77.52,Brinjal
34.83,32.83,23.37,35.4,59.54,6.65,46.95,Sesame
61.4,41.75,56.63,25.36,73.81,6.45,84.61,Bottle Gourd
78.41,26.36,25.98,32.43,37.07,5.82,101.86,Sorghum
33.79,31.02,30.71,24.84,65.79,6.93,41.86,Radish
73.15,36.75,81.96,27.73,81.65,5.1,211.19,Pineapple
30.42,34.99,39.86,23.71,58.16,6.57,93.87,Field Bean
61.1,40.32,20.38,25.12,62.61,6.72,121.96,Castor
95.51,47.45,25.55,14.88,60.79,6.08,68.52,Wheat
65.67,28.63,33.14,26.15,55.3,7.14,79.29,Groundnut
38.96,24.93,27.38,25.34,63.74,6.03,49.64,Linseed
39.87,25.11,50.5,19.12,52.45,6.32,37.24,Carrot
86.41,35.17,36.91,21.45,60.68,6.19,60.55,Barley
62.62,30.03,74.46,19.6,59.65,5.86,60.27,Beetroot
101.14,61.85,102.43,17.91,76.33,5.79,53.08,Potato
40.3,31.57,28.91,24.56,67.57,6.87,105.57,Soybean
37.91,34.66,30.72,26.82,53.13,6.49,98.66,Field Bean
35.34,32.65,29.39,24.55,61.5,6.07,50.79,Sesame
84.0,60.95,73.72,24.73,66.82,6.97,146.37,Orange
35.54,27.34,39.15,19.58,60.11,6.09,85.9,Rajma
75.3,45.86,98.68,17.21,57.47,6.25,137.09,Apple
61.44,27.7,33.48,30.6,60.82,6.61,71.52,Groundnut
81.94,42.04,35.48,28.87,55.35,6.47,67.73,Wheat
49.24,32.5,27.82,13.67,51.17,6.76,49.67,Mustard
97.91,42.09,71.58,23.91,61.55,6.63,74.39,Onion
106.66,58.94,53.54,24.75,71.1,6.19,98.54,Brinjal
99.07,57.52,122.23,27.66,84.75,7.33,198.04,Coconut
97.58,79.62,55.63,27.81,71.12,6.31,114.76,Tomato
30.1,39.89,19.03,33.62,62.14,6.94,106.87,Red Gram
32.5,25.71,34.98,30.24,58.12,5.71,65.19,Horse Gram
55.42,22.31,30.83,30.18,57.2,6.32,74.89,Groundnut
81.49,50.15,83.92,22.16,75.06,4.97,289.74,Pineapple
79.39,74.2,86.73,33.21,85.3,5.39,276.03,Rubber
48.94,34.51,36.52,25.54,78.29,7.23,153.23,Soybean
82.08,47.48,59.11,20.8,78.04,5.89,186.8,Coffee
60.41,28.9,30.93,24.62,61.52,7.31,103.85,Finger Millet
94.9,61.17,62.04,23.08,63.92,6.66,80.24,Tomato
117.68,50.8,55.68,33.28,85.41,5.64,186.58,Rice
73.94,39.68,70.54,27.67,72.46,6.53,84.42,Brinjal
70.39,36.18,82.14,25.67,65.5,6.67,91.14,Pomegranate
51.27,32.19,14.86,24.25,61.43,6.34,90.41,Field Bean
72.31,36.89,29.79,18.21,49.09,6.61,60.86,Barley
39.64,30.92,23.13,29.26,57.37,6.6,82.99,Groundnut
65.16,36.62,70.72,21.44,63.55,6.27,168.24,Orange
85.8,51.74,50.66,12.53,78.08,6.27,65.15,Cauliflower
108.84,45.94,96.13,29.2,82.92,7.81,191.09,Coconut
82.56,38.7,38.38,29.47,72.52,6.15,72.92,Cucumber
43.12,55.49,66.51,24.18,67.77,6.47,98.15,Tomato
37.66,30.84,34.49,23.44,39.87,5.69,70.25,Safflower
80.94,49.36,43.58,20.53,71.39,6.25,86.62,Cauliflower
57.5,38.3,29.39,30.58,58.74,6.47,74.44,Sorghum
60.6,26.24,31.91,12.55,47.19,7.07,57.31,Mustard
101.0,47.41,69.78,23.24,97.31,4.46,267.71,Tea
50.99,28.79,26.21,21.19,56.0,6.71,83.12,Soybean
53.38,47.73,68.99,25.46,74.57,6.59,49.91,Tomato
42.89,38.0,53.83,16.95,60.44,6.3,57.43,Carrot
31.98,25.68,37.35,25.68,52.9,6.55,92.88,Foxtail Millet
75.0,28.63,25.03,24.38,47.99,7.43,65.99,Sunflower
84.51,32.17,29.15,16.02,51.3,6.91,48.58,Barley
83.48,59.83,73.0,28.98,66.36,6.61,39.0,Pomegranate
50.87,27.92,57.55,26.81,70.09,6.45,94.41,Pumpkin
63.31,40.93,43.26,26.85,72.43,7.17,63.09,Okra
41.52,27.25,24.1,23.1,67.19,6.16,96.78,Soybean
71.75,40.8,52.88,25.57,66.52,6.71,72.48,Cucumber
80.43,54.85,47.45,32.96,65.8,6.85,88.45,Chilli
61.59,29.18,29.35,31.84,50.97,6.76,82.18,Sorghum
72.32,49.33,76.31,22.05,48.58,6.61,54.42,Onion
98.99,70.29,55.34,26.21,82.6,6.71,98.84,Tomato
110.43,62.67,105.55,28.76,79.6,6.28,60.53,Mango
43.86,25.02,33.43,19.18,48.95,7.06,75.47,Linseed
80.13,62.82,108.34,18.38,71.88,5.74,51.98,Potato
53.66,34.61,30.55,28.47,68.84,7.26,38.41,Red Gram
40.41,22.65,28.69,29.63,63.9,6.78,78.52,Groundnut
35.27,28.26,25.8,34.2,64.04,6.53,77.57,Black Gram
34.68,31.5,27.56,19.92,46.54,7.4,75.83,Chickpea
87.17,52.64,54.35,22.54,74.06,6.47,99.87,Tomato
70.15,44.77,50.65,22.38,59.89,6.0,72.6,Garlic
60.88,17.4,51.03,27.07,66.57,5.69,167.17,Cashew
96.69,38.8,37.93,21.52,56.52,6.59,64.49,Wheat
83.24,54.72,94.13,21.29,63.99,5.68,71.76,Potato
70.21,41.37,53.53,27.82,59.14,6.74,49.08,Okra
87.2,46.41,85.91,35.19,68.17,6.54,58.1,Pomegranate
75.99,55.65,61.93,19.84,74.89,6.6,81.26,Cabbage
34.54,32.01,20.37,23.81,54.78,6.37,98.91,Little Millet
55.01,45.19,52.21,18.87,50.01,6.66,32.62,Garlic
99.94,64.45,83.21,31.34,63.4,6.77,143.04,Mango
59.95,27.78,25.02,27.48,69.68,6.09,81.89,Kodo Millet
106.41,64.16,96.93,31.09,91.83,5.61,298.73,Rubber
119.29,54.33,86.62,28.68,70.61,7.13,172.81,Mango
86.05,50.11,84.61,26.0,55.67,6.41,63.61,Pomegranate
97.13,66.4,114.91,25.72,57.37,6.95,147.6,Orange
79.73,45.16,41.51,26.34,59.69,6.8,103.66,Maize
111.65,41.53,89.51,26.89,55.78,6.18,253.42,Mango
59.98,33.42,56.42,25.78,64.14,7.27,72.72,Beetroot
110.28,56.76,101.95,21.13,75.33,5.56,68.92,Potato
104.72,54.5,46.53,25.3,88.68,5.81,213.41,Rice
44.25,38.04,58.45,16.97,66.56,7.16,77.73,Beetroot
80.95,37.9,81.93,23.46,58.58,6.01,118.85,Guava
79.7,55.23,89.02,28.31,61.55,7.24,74.51,Pomegranate
64.44,32.11,29.69,14.43,52.6,6.69,57.16,Mustard
68.96,33.13,52.47,26.11,76.85,6.11,120.61,Cashew
46.78,22.0,42.51,24.16,49.17,7.47,52.25,Safflower
68.21,49.13,48.78,29.78,76.56,7.17,71.12,Okra
69.82,47.89,59.06,23.0,66.56,6.78,64.39,Garlic
32.46,27.8,28.22,32.53,62.45,6.65,97.38,Red Gram
97.74,74.09,67.98,28.88,61.15,6.98,49.84,Brinjal
104.0,64.29,57.26,19.75,66.13,6.79,94.15,Chilli
44.72,24.33,28.29,29.49,65.95,6.64,78.37,Groundnut
58.86,38.18,45.06,23.41,87.12,5.93,201.48,Coffee
99.65,48.29,91.39,22.69,72.86,6.41,143.13,Arecanut
48.52,24.39,32.7,29.12,49.56,6.67,102.48,Red Gram
29.28,20.15,30.78,24.42,69.0,6.27,82.22,Niger Seed
76.03,49.43,53.78,21.79,56.12,6.26,69.18,Onion
120.79,60.17,118.68,27.63,69.1,7.13,129.55,Banana
49.99,27.06,26.19,33.76,65.13,6.74,83.52,Sorghum
88.67,40.38,73.61,27.97,72.92,6.44,260.0,Litchi
74.97,41.96,35.23,17.91,58.57,7.35,45.06,Barley
111.15,50.52,100.47,27.05,69.39,6.38,130.02,Papaya
31.55,32.5,30.11,29.73,61.27,6.88,42.23,Sesame
42.53,30.2,22.35,29.86,64.28,5.9,81.16,Cowpea
78.16,48.34,35.72,32.7,71.93,6.55,83.33,Maize
46.35,36.41,29.35,26.74,57.39,6.94,84.66,Red Gram
36.39,27.57,32.35,18.76,49.14,7.22,56.88,Lentil
63.88,21.59,60.47,20.61,58.51,6.33,39.83,Garlic
104.43,52.88,103.11,29.58,76.8,7.04,216.95,Coconut
40.43,33.87,28.11,17.55,54.26,7.05,66.12,Lentil
53.77,28.57,33.44,22.91,59.65,6.57,77.96,Sunflower
63.99,33.32,12.43,18.11,57.84,6.63,48.98,Radish
85.13,46.18,54.9,26.7,84.09,5.51,168.52,Coffee
92.92,40.72,71.75,17.4,60.52,6.46,73.08,Apple
140.12,60.81,128.57,28.08,84.62,6.41,132.57,Banana
89.36,44.08,67.34,18.28,67.23,6.85,88.02,Cabbage
54.92,25.78,32.53,28.75,41.92,6.57,79.43,Little Millet
30.2,23.4,34.41,24.26,58.6,6.37,91.56,Rajma
64.99,40.37,40.27,22.07,53.88,6.23,52.01,Garlic
34.01,27.76,31.2,24.99,69.12,6.7,98.04,Soybean
79.55,56.68,52.65,23.75,65.19,6.34,73.97,Cauliflower
69.74,28.3,21.76,26.84,51.08,6.87,76.36,Sunflower
34.59,30.0,29.56,22.59,54.13,6.07,93.67,Foxtail Millet
95.72,58.27,91.84,29.03,66.52,7.11,221.95,Coconut
38.37,38.27,31.14,30.14,41.78,6.48,114.58,Red Gram
73.2,56.26,46.95,26.0,59.72,6.18,121.01,Maize
70.21,30.78,83.23,8.72,55.86,5.99,90.65,Apple
73.37,42.01,90.1,28.17,60.91,6.97,128.03,Guava
85.54,54.54,34.87,26.03,60.99,6.63,122.18,Maize
70.9,28.96,30.79,28.77,55.5,5.89,89.59,Sunflower
92.93,40.01,76.36,26.03,42.71,6.37,53.75,Pomegranate
44.87,31.67,29.93,29.17,48.76,5.9,77.01,Green Gram
54.95,61.63,39.29,34.14,68.79,7.32,112.33,Brinjal
92.39,55.97,83.89,20.83,73.87,6.72,67.23,Cauliflower
63.66,35.18,28.97,20.69,50.65,6.69,45.12,Mustard
51.43,32.71,25.55,27.57,43.65,7.28,81.8,Chickpea
40.86,28.99,34.32,28.09,58.81,6.8,78.62,Finger Millet
106.06,75.24,104.89,27.84,75.71,6.66,220.03,Banana
109.27,48.53,44.44,25.9,83.22,5.36,181.74,Rice
98.66,43.78,40.32,20.53,93.66,5.82,202.4,Rice
99.88,50.9,55.49,23.2,65.02,6.84,57.46,Cauliflower
48.32,31.3,36.77,34.45,74.69,6.02,97.33,Cashew
36.71,31.32,30.96,28.9,44.69,6.47,34.4,Horse Gram
43.07,36.89,34.06,27.3,56.58,6.68,97.53,Kodo Millet
92.54,52.17,92.52,28.02,63.87,7.28,64.42,Grapes
72.79,30.04,58.71,23.83,57.91,5.98,53.59,Carrot
53.84,22.95,26.33,28.49,64.47,6.88,76.56,Black Gram
62.8,30.35,57.84,24.78,69.53,6.63,50.67,Pumpkin
44.59,33.2,20.8,20.48,51.92,6.6,71.18,Sunflower
88.86,30.09,74.44,20.69,87.18,5.63,124.7,Pineapple
109.55,71.62,93.06,25.57,55.94,6.73,113.99,Mango
55.26,25.0,29.59,19.64,49.39,6.7,53.77,Lentil
52.84,26.82,33.69,28.1,51.42,5.7,97.45,Foxtail Millet
48.28,34.61,30.75,32.83,46.02,6.57,70.28,Groundnut
50.78,36.15,34.27,19.73,49.33,7.36,72.96,Safflower
57.37,32.37,30.01,24.16,54.39,6.49,92.17,Field Bean
30.78,31.89,27.48,30.3,45.24,6.39,67.4,Horse Gram
76.74,31.43,26.9,13.06,51.24,6.74,42.26,Mustard
68.57,25.67,59.33,30.4,72.79,5.88,207.63,Cashew
31.2,31.57,29.95,23.17,60.49,6.97,70.45,Niger Seed
73.21,67.66,54.93,23.05,75.4,7.72,75.17,Brinjal
25.52,30.8,29.99,15.89,54.07,6.44,72.71,Peas
59.36,41.91,18.79,10.9,59.58,6.4,57.63,Wheat
38.31,32.18,30.59,28.76,50.49,6.62,67.79,Little Millet
39.8,35.02,21.38,26.03,44.54,6.45,46.87,Safflower
96.84,56.5,52.24,24.35,77.0,6.14,224.98,Rice
62.04,29.75,51.75,14.61,54.63,7.14,59.17,Beetroot
65.95,32.59,28.08,23.37,73.99,7.01,60.35,Soybean
56.56,28.6,29.01,28.51,56.7,7.03,94.08,Little Millet
61.15,26.13,63.35,30.35,77.19,6.35,46.23,Bottle Gourd
69.87,47.35,42.05,23.51,63.96,6.44,60.35,Cucumber
60.97,34.62,29.36,16.31,48.58,7.25,28.82,Mustard
37.75,32.06,30.18,13.0,51.74,6.74,72.14,Peas
63.56,45.28,45.11,24.95,65.6,6.2,77.18,Okra
44.35,29.22,36.06,26.92,46.91,6.78,98.33,Little Millet
51.47,25.45,21.35,21.2,48.1,7.43,62.38,Mustard
67.66,33.92,55.32,21.66,63.4,6.92,49.68,Garlic
64.55,42.48,90.0,27.89,53.71,6.79,106.79,Guava
42.95,31.8,40.8,27.15,45.96,5.93,68.08,Horse Gram
47.49,34.17,21.81,24.85,57.14,6.39,78.93,Foxtail Millet
82.21,60.7,64.84,22.89,70.85,6.66,66.04,Tomato
65.23,37.91,33.15,32.41,48.65,7.09,80.83,Sorghum
44.41,21.97,36.47,33.71,47.72,6.19,49.27,Sesame
107.33,67.32,67.53,22.96,74.79,6.77,54.43,Tomato
61.67,47.56,67.11,23.64,57.87,7.31,68.68,Garlic
54.28,33.95,29.78,19.51,53.43,6.98,61.46,Chickpea
89.12,58.93,82.52,30.76,67.85,6.5,258.48,Mango
27.6,29.28,35.67,16.98,51.12,6.12,95.2,Rajma
104.57,48.63,62.03,27.89,78.61,4.88,226.65,Tea
54.01,35.8,62.58,26.74,71.57,6.99,92.0,Pumpkin
43.64,35.45,49.71,25.4,74.55,5.95,159.79,Cashew
44.94,29.85,32.79,28.82,42.67,7.18,94.18,Sunflower
31.24,35.25,26.63,31.55,42.08,6.38,119.82,Red Gram
52.91,29.77,41.08,27.88,75.61,6.55,166.78,Cashew
46.17,26.19,27.0,13.6,52.35,7.28,30.02,Mustard
94.57,50.97,40.73,16.78,71.67,6.33,97.71,Cauliflower
69.4,32.07,29.94,28.44,60.41,7.04,91.72,Castor
83.13,45.76,36.47,27.15,68.68,6.37,124.03,Maize
109.45,46.59,101.3,28.69,61.14,6.53,67.22,Grapes
97.18,49.63,70.01,18.06,70.34,6.66,96.8,Cabbage
66.49,31.36,28.94,30.35,55.88,6.62,61.56,Sorghum
117.71,62.2,74.97,33.0,79.91,5.1,354.13,Rubber
89.01,46.39,99.91,31.34,75.11,6.31,96.46,Orange
79.32,48.43,71.78,17.65,65.26,6.48,79.23,Cabbage
58.31,33.58,24.78,25.7,56.31,7.19,196.92,Soybean
35.83,33.38,37.65,20.47,54.35,6.58,87.8,Rajma
94.47,54.43,90.01,18.43,67.14,6.32,173.27,Orange
41.47,36.62,55.73,24.05,73.03,6.51,80.04,Bottle Gourd
66.27,46.3,95.61,19.79,58.91,6.23,106.65,Apple
112.31,62.69,62.31,20.75,80.26,6.88,95.41,Tomato
106.38,53.84,103.86,28.92,52.48,6.1,82.38,Grapes
102.63,63.53,114.57,17.23,69.15,5.89,63.55,Potato
93.47,60.74,78.21,28.94,85.29,5.46,277.12,Rubber
59.67,25.9,29.98,28.16,50.68,6.41,61.63,Foxtail Millet
103.66,39.47,93.39,30.14,58.02,6.74,68.15,Grapes
95.67,52.23,47.11,36.25,68.47,6.03,99.05,Brinjal
32.11,30.65,24.11,23.07,50.11,7.05,54.62,Horse Gram
90.62,35.45,57.29,17.62,64.16,6.46,76.6,Cabbage
97.61,64.03,89.62,31.43,85.92,5.01,280.72,Rubber
92.32,52.22,47.21,34.57,66.72,5.69,87.39,Brinjal
58.78,27.32,27.45,30.77,47.21,6.8,73.83,Sorghum
80.34,43.03,35.5,25.44,70.83,6.8,68.08,Maize
36.28,25.24,35.27,20.56,58.21,6.46,81.46,Field Bean
47.86,44.3,66.87,27.74,84.73,6.1,242.49,Pineapple
32.42,23.34,27.66,15.24,58.49,6.68,46.81,Peas
46.05,37.85,18.05,20.57,52.19,6.95,61.3,Linseed
39.59,23.86,35.34,19.41,53.41,6.27,69.44,Linseed
36.21,24.27,30.5,31.41,72.0,7.05,74.28,Niger Seed
75.2,48.79,40.43,19.64,86.3,5.27,147.65,Coffee
92.97,51.44,68.67,19.97,66.75,6.37,66.42,Cauliflower
34.48,27.35,35.93,26.99,50.47,7.39,95.6,Red Gram
62.89,34.87,71.29,24.98,62.59,6.53,72.9,Bottle Gourd
62.83,26.6,57.21,26.28,70.93,6.9,55.53,Pumpkin
51.82,36.49,64.11,28.99,68.04,6.11,144.22,Cashew
44.53,29.44,76.78,19.23,61.82,6.89,48.37,Carrot
90.03,51.15,45.18,28.89,78.37,6.23,241.99,Rice
65.85,31.43,25.27,26.49,61.32,6.86,97.8,Sunflower
36.87,32.67,22.35,27.74,42.96,6.36,90.0,Green Gram
80.73,48.09,41.68,29.75,61.84,6.79,74.98,Okra
84.15,56.49,77.36,8.51,58.18,5.76,111.9,Apple
58.41,33.95,28.59,31.09,60.88,7.62,67.24,Sorghum
63.11,34.7,61.11,24.95,70.48,7.06,57.15,Beetroot
85.09,66.78,87.42,27.58,72.56,6.63,127.27,Papaya
54.19,42.42,80.48,28.93,77.91,6.84,125.0,Guava
43.04,32.84,32.01,25.11,63.19,6.36,122.37,Red Gram
98.03,51.42,63.98,16.63,75.29,6.2,81.68,Cabbage
76.71,54.44,81.26,32.53,74.26,6.0,139.48,Papaya
62.98,24.7,22.93,28.78,69.13,6.11,67.21,Sorghum
70.11,35.82,52.49,30.39,55.51,6.73,56.03,Okra
91.26,22.67,28.49,33.39,48.99,6.75,51.61,Sorghum
26.05,26.37,39.72,24.1,54.5,6.62,107.62,Field Bean
44.75,48.76,62.85,33.26,70.0,6.32,75.01,Cucumber
52.21,29.76,54.13,18.12,65.85,6.84,68.53,Beetroot
58.99,34.67,28.59,24.22,68.1,6.29,91.22,Soybean
110.88,53.8,97.58,29.65,85.26,5.77,265.7,Arecanut
55.86,23.64,31.79,20.85,75.87,6.33,85.56,Finger Millet
45.21,26.54,26.2,20.88,55.05,6.9,65.99,Sunflower
28.06,30.31,30.14,28.22,52.55,7.38,74.33,Groundnut
48.51,31.65,36.11,23.05,58.8,7.31,105.42,Castor
88.85,37.68,29.85,16.83,57.72,6.57,71.1,Wheat
70.65,49.59,81.71,27.99,60.83,6.46,47.25,Onion
71.44,56.27,45.73,17.82,82.26,4.83,176.97,Coffee
86.6,64.26,82.08,34.14,77.1,5.21,330.11,Rubber
50.79,21.81,24.24,26.09,44.14,6.85,51.57,Green Gram
88.17,40.73,41.66,17.27,50.72,7.42,45.41,Wheat
123.37,72.59,85.64,21.45,59.37,7.31,123.52,Orange
86.46,72.55,91.87,28.64,75.24,6.6,92.77,Papaya
69.54,26.76,40.21,17.19,50.51,6.66,38.56,Mustard
71.75,57.44,57.42,22.27,76.86,6.79,115.81,Tomato
38.59,27.57,29.2,24.61,53.62,6.36,21.86,Safflower
66.25,40.78,77.23,30.53,77.65,6.32,206.75,Pineapple
22.45,26.86,28.15,29.22,46.53,6.12,85.17,Sesame
68.97,28.22,24.81,26.68,63.73,6.75,121.03,Soybean
89.6,42.52,111.15,26.37,77.68,5.33,218.7,Pineapple
55.19,32.36,68.67,26.62,65.96,6.68,231.11,Cashew
80.17,57.33,60.96,23.21,75.95,5.72,168.87,Litchi
47.92,21.33,58.04,30.84,73.35,6.39,73.93,Pumpkin
78.91,23.24,62.83,21.0,63.92,6.01,49.02,Bottle Gourd
26.13,37.36,36.13,17.23,58.54,6.65,94.06,Rajma
23.86,31.05,28.34,25.77,63.73,6.31,87.81,Niger Seed
68.03,28.72,33.16,22.4,75.88,6.55,148.41,Finger Millet
100.14,59.19,53.48,27.22,63.77,6.59,60.29,Chilli
94.01,70.19,108.93,25.39,72.04,6.49,148.69,Papaya
54.89,24.86,23.14,19.34,51.49,6.12,59.55,Linseed
47.51,35.62,35.4,29.46,48.11,7.18,100.46,Sorghum
38.66,33.1,33.42,28.67,61.45,7.04,105.3,Red Gram
63.36,26.44,45.55,22.94,65.78,6.98,75.14,Beetroot
54.28,48.92,43.84,31.24,62.27,7.26,82.88,Okra
88.73,47.04,83.45,29.63,74.02,4.62,229.88,Pineapple
44.49,27.17,23.25,30.47,56.72,5.7,62.74,Foxtail Millet
37.75,34.01,34.27,30.13,46.18,6.6,68.48,Cowpea
35.69,24.59,17.93,16.18,44.51,7.26,38.63,Peas
58.63,24.54,34.6,27.15,50.38,7.0,75.86,Groundnut
62.71,28.72,60.11,27.16,75.95,7.16,86.0,Bottle Gourd
102.99,49.55,92.59,26.55,72.13,6.03,240.62,Arecanut
65.14,44.17,67.31,27.75,72.44,6.24,174.4,Cashew
43.08,27.44,61.87,15.49,62.78,6.67,65.03,Beetroot
108.99,80.95,101.28,26.43,73.92,6.85,162.31,Papaya
94.71,53.83,51.83,23.28,80.49,5.35,230.47,Tea
69.81,47.33,65.11,20.74,74.89,6.83,72.13,Tomato
83.87,37.16,82.55,20.49,73.01,5.71,192.43,Coffee
27.13,30.24,33.88,9.53,62.23,7.1,45.62,Peas
92.52,45.79,29.6,19.72,50.95,7.02,49.11,Barley
47.73,27.77,22.98,15.79,32.03,7.18,55.04,Safflower
81.62,34.18,50.08,23.73,66.17,6.48,181.64,Cashew
79.98,54.87,59.53,23.31,79.34,5.57,188.37,Coffee
89.15,53.94,55.56,22.82,63.54,6.6,47.79,Onion
81.07,48.91,101.97,25.92,57.72,6.07,87.32,Grapes
86.48,44.43,67.45,19.2,72.19,6.33,49.29,Cauliflower
48.51,48.64,75.47,26.07,84.21,6.0,187.38,Pineapple
65.73,32.83,64.19,30.48,76.38,5.77,112.91,Cashew
75.98,43.4,72.73,25.33,87.77,6.09,218.0,Pineapple
98.49,67.35,103.37,30.44,67.88,6.68,168.19,Orange
107.71,67.16,92.25,28.98,79.42,6.09,253.04,Rubber
73.22,43.22,44.29,26.23,62.54,6.96,102.24,Maize
37.13,32.0,31.9,24.56,65.17,6.85,86.21,Foxtail Millet
61.94,35.2,50.99,29.68,68.79,6.62,115.48,Cashew
38.0,33.74,30.31,27.23,39.72,6.39,90.45,Little Millet
113.83,66.06,93.7,29.26,68.29,6.85,159.79,Papaya
84.59,40.68,90.65,27.92,85.17,5.02,218.41,Rubber
38.35,33.54,37.46,18.22,55.8,6.39,49.01,Lentil
119.57,84.04,86.31,23.87,94.05,4.71,285.27,Rubber
97.37,54.12,78.32,21.91,61.49,6.37,111.74,Tomato
106.46,48.7,99.85,22.31,86.18,5.85,217.3,Arecanut
97.9,38.89,37.73,20.38,70.41,7.28,71.19,Wheat
79.5,35.18,56.44,24.93,78.87,6.23,172.32,Rice
43.02,25.95,43.51,25.92,58.02,7.4,72.52,Safflower
94.78,52.03,72.35,25.23,59.91,6.63,66.04,Onion
58.01,32.77,29.51,23.1,66.78,6.38,122.03,Finger Millet
57.06,25.87,60.63,17.75,64.2,6.08,53.28,Carrot
52.74,28.22,55.14,18.66,62.46,6.5,46.77,Carrot
100.98,33.28,33.8,15.85,49.55,7.07,33.42,Barley
87.05,47.18,20.4,26.04,67.37,6.51,141.44,Maize
29.93,28.44,33.96,21.58,52.99,6.93,79.8,Niger Seed
76.77,46.69,82.2,33.92,93.4,6.18,162.1,Litchi
51.21,27.05,36.17,30.33,67.99,7.93,131.09,Finger Millet
121.28,42.05,53.7,27.02,71.67,6.12,214.84,Rice
38.45,22.3,24.07,30.44,38.78,6.58,53.47,Horse Gram
69.42,47.15,97.27,27.16,77.81,6.26,198.64,Litchi
86.11,65.18,109.34,25.12,71.73,6.2,60.58,Potato
83.18,67.73,61.56,27.18,62.27,6.61,65.79,Chilli
34.63,26.93,26.46,24.08,57.49,7.24,76.1,Field Bean
98.49,65.68,61.89,20.89,71.87,6.28,99.9,Tomato
74.96,22.91,30.6,26.72,51.34,6.96,60.01,Pearl Millet
69.53,41.62,67.52,34.33,52.95,6.26,107.58,Guava
73.61,25.34,33.73,20.91,54.01,7.34,63.19,Mustard
44.23,38.82,61.1,25.47,64.36,6.74,110.95,Pumpkin
80.71,38.1,42.09,28.83,58.33,7.43,70.88,Okra
113.03,74.84,96.15,31.53,78.58,6.83,219.9,Banana
98.1,57.28,99.84,30.48,94.86,5.6,236.18,Rubber
82.0,33.75,36.11,29.0,51.09,6.57,90.76,Castor
36.65,25.08,27.51,23.39,44.54,7.21,72.5,Castor
37.06,30.09,30.99,27.75,62.74,6.66,100.74,Cowpea
59.68,31.74,30.03,24.81,50.28,6.05,108.75,Castor
73.14,42.67,73.5,12.8,62.97,6.24,116.7,Apple
68.65,39.66,76.47,29.99,49.02,6.04,58.52,Pomegranate
68.92,50.03,54.27,35.63,71.89,6.77,62.66,Okra
93.94,49.24,57.67,18.1,68.42,6.51,90.13,Cabbage
80.42,47.75,74.97,21.41,63.64,6.89,44.8,Garlic
95.34,49.87,69.29,17.26,77.07,6.7,46.06,Cabbage
58.37,25.25,26.6,32.3,60.93,6.51,89.46,Black Gram
39.11,32.91,36.46,32.77,56.11,6.84,57.85,Kodo Millet
69.0,30.51,105.07,31.93,75.99,6.79,61.81,Bottle Gourd
78.32,50.0,82.56,24.12,74.35,5.51,154.56,Pineapple
102.3,54.25,80.59,24.45,76.36,6.05,138.84,Litchi
35.15,32.77,36.8,33.42,53.33,6.92,96.2,Sesame
88.21,57.14,62.31,23.55,61.91,6.07,114.99,Guava
38.92,20.28,70.16,18.82,74.34,7.35,67.72,Bottle Gourd
46.91,25.89,25.54,33.48,53.33,6.83,110.04,Black Gram
47.26,38.37,62.33,30.31,64.26,6.48,164.83,Cashew
91.32,51.14,65.05,26.67,59.91,6.81,92.54,Chilli
44.79,35.54,28.02,25.59,65.44,6.64,109.63,Soybean
100.79,56.27,99.78,31.98,85.74,5.25,276.26,Coconut
91.87,50.14,94.46,27.71,72.74,6.48,140.34,Papaya
86.18,41.3,69.66,31.98,71.12,6.27,109.62,Guava
58.1,21.67,32.64,27.49,51.92,6.04,135.5,Finger Millet
63.45,40.53,77.12,18.53,58.46,7.27,38.86,Garlic
41.61,23.89,34.63,33.81,58.95,6.74,76.34,Groundnut
46.62,35.24,27.54,23.7,49.61,6.69,66.67,Safflower
94.41,55.59,115.52,29.99,57.46,7.12,124.59,Mango
73.49,57.67,71.26,24.86,81.11,6.4,199.33,Litchi
29.27,31.85,27.7,23.24,42.2,6.97,78.58,Horse Gram
90.65,47.19,93.56,28.2,80.03,7.3,214.2,Coconut
57.31,35.76,46.17,30.76,44.87,7.23,74.35,Pearl Millet
88.55,46.79,85.4,33.24,69.29,5.87,132.09,Litchi
65.4,29.87,25.73,24.64,62.94,6.9,70.5,Sunflower
42.72,33.63,34.71,23.7,55.07,6.95,88.37,Little Millet
62.68,33.96,44.79,23.09,74.83,6.11,91.53,Finger Millet
35.97,27.53,25.32,19.07,45.33,6.32,60.83,Linseed
20.15,27.06,36.56,21.85,47.38,6.32,73.0,Chickpea
56.05,24.38,18.44,26.43,61.52,7.18,71.58,Kodo Millet
75.04,40.45,78.09,15.12,64.96,6.22,107.49,Apple
31.49,27.12,30.43,26.5,68.0,6.31,98.67,Soybean
58.5,39.78,55.0,21.88,63.55,6.4,58.59,Garlic
33.53,33.33,67.83,22.28,55.76,6.76,58.68,Beetroot
135.76,58.63,122.26,28.68,78.4,6.91,205.1,Banana
33.13,30.81,22.94,31.28,61.26,6.85,45.82,Horse Gram
130.9,73.29,120.1,33.51,74.89,6.57,202.07,Banana
51.96,26.19,28.13,31.7,74.8,6.57,111.17,Finger Millet
42.85,34.88,28.34,21.59,48.41,6.99,51.14,Linseed
136.43,67.13,142.7,30.75,71.72,6.89,205.6,Banana
66.56,27.27,55.84,24.8,71.02,5.82,174.22,Cashew
49.94,25.1,29.38,23.07,59.43,6.16,69.12,Peas
61.16,54.68,65.57,23.88,75.58,6.49,105.1,Tomato
58.44,29.92,25.64,29.7,62.57,6.98,75.97,Black Gram
82.73,31.56,65.97,28.08,76.97,6.54,89.3,Pumpkin
84.82,54.71,103.17,25.86,73.62,6.29,114.0,Orange
43.1,30.47,21.53,20.62,50.8,6.55,64.33,Linseed
41.08,23.23,33.74,25.06,50.82,6.65,80.59,Foxtail Millet
92.79,52.78,90.61,27.2,84.73,5.07,250.41,Rubber
129.15,55.29,136.06,30.47,82.83,6.38,216.53,Banana
83.2,43.07,30.2,32.08,44.62,6.54,71.39,Sorghum
49.46,40.05,35.07,26.03,65.59,6.34,78.9,Niger Seed
52.64,25.65,34.83,21.67,71.77,6.4,104.42,Finger Millet
77.16,38.59,48.54,27.17,67.41,6.81,65.89,Okra
112.4,60.6,118.34,29.58,78.21,6.8,133.99,Banana
76.31,35.57,33.33,19.65,71.74,5.31,129.78,Maize
71.4,16.45,39.37,32.91,53.58,7.0,53.78,Pearl Millet
79.27,41.78,44.14,25.34,66.59,6.6,61.02,Cucumber
90.62,53.9,66.32,22.76,85.82,5.22,213.65,Tea
78.28,43.81,49.15,31.88,65.9,6.54,87.63,Cucumber
55.86,41.0,56.21,24.99,64.73,6.8,71.55,Garlic
69.82,29.28,58.92,28.7,72.59,6.63,181.18,Cashew
79.05,39.77,30.47,17.6,65.3,7.6,61.56,Barley
46.89,22.52,62.57,28.58,73.64,6.13,262.01,Cashew
86.71,64.33,87.42,19.01,62.58,5.7,53.81,Potato
110.19,47.21,74.24,21.84,68.65,6.63,105.29,Cabbage
32.29,31.36,28.33,27.1,58.27,5.15,88.25,Niger Seed
44.93,21.76,30.38,28.29,45.29,6.16,73.72,Kodo Millet
101.5,47.15,48.01,31.53,87.54,5.12,249.45,Tea
68.31,28.82,35.76,30.83,43.2,6.63,57.83,Sorghum
79.47,43.83,43.71,27.16,50.03,6.69,105.23,Maize
67.58,45.44,38.95,21.06,54.55,7.27,42.79,Barley
105.74,53.42,52.27,37.62,59.41,6.11,79.51,Chilli
88.37,55.62,97.92,23.87,72.94,5.63,56.08,Potato
39.59,27.69,34.09,29.15,42.64,6.62,62.73,Groundnut
72.93,51.84,77.58,30.77,87.28,5.83,144.51,Pineapple
30.34,17.47,35.25,19.89,59.18,6.33,74.36,Peas
79.54,34.78,55.17,29.34,73.33,6.39,73.38,Bottle Gourd
35.8,35.81,23.15,26.55,55.98,6.88,98.19,Niger Seed
90.62,48.17,61.78,25.73,65.47,6.27,74.91,Brinjal
76.85,52.95,41.68,31.44,63.6,6.47,130.46,Maize
74.27,59.68,58.8,21.09,64.82,6.38,69.14,Cauliflower
48.76,27.86,68.26,27.96,64.31,5.87,154.13,Cashew
31.65,26.12,32.69,25.41,55.6,6.57,87.22,Horse Gram
24.58,24.91,38.29,13.98,65.87,6.37,69.1,Peas
88.1,39.56,36.33,14.3,57.64,6.72,121.81,Wheat
71.42,47.86,31.06,23.13,59.93,6.55,68.01,Okra
87.43,66.3,102.11,18.1,66.15,5.67,71.71,Potato
78.24,46.24,80.27,26.47,83.85,5.91,251.38,Arecanut
58.69,22.57,71.91,26.71,71.93,6.8,91.79,Pumpkin
50.0,32.74,31.66,29.13,70.28,7.93,114.47,Soybean
65.9,40.89,62.79,29.26,78.19,6.01,125.16,Cashew
50.23,23.49,36.0,31.97,55.45,6.98,87.85,Black Gram
28.94,28.58,34.41,19.14,51.02,7.28,47.74,Radish
82.09,46.27,63.92,17.64,64.13,6.68,51.13,Cauliflower
70.39,40.48,29.2,27.79,55.77,6.83,81.2,Cucumber
48.27,31.29,64.44,15.15,59.97,6.58,45.05,Carrot
81.5,66.94,92.51,32.6,67.38,7.5,168.6,Orange
71.46,36.18,73.49,15.64,51.85,6.25,117.05,Apple
72.95,45.56,87.38,27.75,80.1,6.03,287.14,Pineapple
100.53,48.87,90.38,33.3,81.53,6.35,233.5,Arecanut
105.6,69.59,46.68,25.26,49.1,7.02,86.76,Chilli
108.59,53.06,48.41,21.49,73.12,6.36,51.22,Cabbage
38.97,14.77,32.2,22.54,53.81,7.37,62.51,Chickpea
74.6,42.44,50.02,17.25,72.23,6.33,106.31,Cauliflower
38.69,31.13,27.17,17.39,47.96,6.7,42.82,Mustard
80.02,34.97,60.8,30.33,79.81,6.51,71.56,Okra
64.48,31.76,34.84,20.56,43.85,6.75,51.22,Mustard
65.39,47.99,91.27,24.45,84.91,6.37,187.87,Litchi
48.52,22.83,33.66,29.22,75.32,6.68,92.45,Black Gram
47.03,21.71,67.82,29.11,68.09,7.49,89.82,Pumpkin
68.3,49.17,85.06,24.5,80.0,6.03,203.18,Pineapple
40.17,27.92,37.58,29.72,57.41,6.65,73.93,Little Millet
107.05,42.96,68.14,21.22,78.09,6.27,54.98,Cabbage
84.52,48.11,48.7,18.37,82.16,5.98,202.57,Coffee
80.76,45.84,80.2,33.86,65.97,6.95,111.5,Pomegranate
79.04,54.27,75.77,25.68,51.88,6.19,68.29,Pomegranate
31.86,32.92,21.19,28.17,61.42,7.06,59.64,Horse Gram
77.85,45.77,36.14,18.27,52.85,6.35,60.04,Barley
80.39,42.75,48.75,32.19,70.99,6.29,78.63,Cucumber
22.29,36.7,29.98,22.77,44.78,6.62,79.83,Rajma
83.99,57.27,89.42,25.31,64.76,6.69,127.88,Guava
99.92,77.52,62.01,27.97,64.1,6.76,48.27,Brinjal
92.88,88.47,97.42,25.84,52.11,7.32,93.87,Orange
79.39,57.42,66.53,25.3,62.28,6.89,71.69,Chilli
30.84,39.68,28.28,28.12,45.76,6.16,56.56,Horse Gram
44.65,28.5,34.37,24.4,64.32,6.25,124.29,Finger Millet
52.49,26.35,46.48,32.68,71.33,7.06,50.62,Bottle Gourd
81.61,38.57,69.33,26.57,83.7,5.73,270.9,Coffee
32.77,30.56,24.59,20.01,55.02,6.75,72.72,Safflower
67.85,35.66,45.11,22.29,76.79,5.74,152.74,Coffee
41.9,27.97,35.96,30.51,66.96,5.93,68.46,Sesame
125.17,57.28,50.15,34.26,87.65,5.84,246.19,Rice
76.85,36.09,28.03,19.07,51.06,6.12,42.44,Barley
96.69,50.92,97.76,30.04,60.51,6.56,67.13,Grapes
50.63,23.18,24.74,25.72,56.12,6.28,121.79,Finger Millet
86.07,69.19,48.05,23.66,58.31,6.69,102.51,Tomato
38.44,30.19,31.83,20.49,46.27,6.43,78.72,Lentil
92.92,58.62,98.58,20.25,73.88,6.02,65.88,Potato
40.41,27.07,30.58,25.02,54.27,6.54,114.51,Foxtail Millet
73.41,47.48,44.41,22.48,69.42,6.57,86.04,Maize
82.1,41.37,29.72,19.17,52.59,6.4,47.94,Barley
30.16,23.4,31.64,29.19,43.04,6.61,78.06,Sesame
51.34,35.79,29.27,21.02,52.33,6.53,50.64,Radish
84.16,41.31,66.75,28.03,85.49,6.27,156.96,Litchi
46.54,29.01,21.11,18.14,39.03,6.95,56.43,Lentil
46.59,35.81,34.16,19.34,43.71,7.79,50.14,Safflower
64.93,31.72,26.19,28.75,32.13,7.66,78.26,Sorghum
73.57,42.11,76.2,25.9,78.18,5.38,165.51,Pineapple
43.77,34.12,40.96,25.54,48.24,6.26,89.65,Little Millet
95.29,67.11,98.86,28.86,71.02,6.51,170.85,Papaya
63.68,26.37,26.61,32.25,56.21,6.99,70.07,Castor
48.4,34.85,31.83,25.87,37.85,7.04,89.16,Castor
43.76,18.84,33.41,31.79,63.28,6.44,94.15,Black Gram
125.99,76.18,134.09,29.65,80.1,7.1,103.09,Banana
90.93,45.04,25.9,15.18,59.97,6.88,57.9,Barley
90.08,55.13,70.88,11.66,56.94,6.71,153.44,Apple
109.24,47.38,59.56,19.53,63.65,5.67,88.08,Brinjal
82.74,44.15,70.85,33.7,68.39,6.1,164.62,Litchi
88.75,49.72,77.43,19.06,92.68,6.19,228.13,Arecanut
37.67,32.75,33.81,20.71,59.03,5.91,93.28,Niger Seed
49.0,28.96,22.94,24.68,64.47,6.2,98.61,Little Millet
89.52,64.58,57.44,27.4,65.13,7.41,95.71,Brinjal
89.77,42.48,112.84,27.16,62.34,6.54,70.86,Grapes
47.57,34.52,28.51,23.68,58.34,5.82,72.58,Kodo Millet
48.39,30.74,27.1,25.66,52.56,6.09,67.67,Little Millet
108.69,68.33,103.71,27.43,63.01,7.87,191.92,Mango
47.79,22.58,23.5,24.74,55.1,6.39,32.38,Lentil
47.22,30.5,24.17,26.45,51.89,6.81,86.91,Foxtail Millet
89.49,48.99,71.53,29.36,62.33,6.07,108.47,Guava
79.63,56.7,73.28,22.25,64.18,6.23,75.12,Cauliflower
105.5,69.4,59.02,23.84,77.9,6.67,110.18,Tomato
123.1,56.44,127.02,34.35,75.65,6.97,111.17,Banana
105.59,61.77,104.55,25.97,70.36,6.61,127.48,Orange
34.89,27.27,33.33,20.83,61.98,7.03,100.13,Soybean
37.58,26.51,27.11,20.04,49.98,6.64,70.2,Chickpea
58.14,28.53,24.25,33.24,34.32,7.62,69.31,Pearl Millet
45.15,25.81,29.08,29.1,67.81,6.35,75.8,Green Gram
44.84,24.34,33.29,25.12,53.77,5.93,90.61,Little Millet
85.0,34.38,82.05,19.78,72.83,5.57,152.48,Coffee
41.79,33.39,32.89,20.1,37.14,7.0,84.05,Safflower
72.4,32.8,62.75,30.98,71.14,6.11,67.6,Bottle Gourd
66.6,47.11,76.03,14.75,57.75,6.72,42.5,Garlic
45.08,34.15,26.13,22.79,48.31,6.56,46.55,Lentil
115.79,63.79,90.1,31.02,60.67,6.38,171.04,Mango
73.81,29.28,85.12,30.57,72.7,6.01,138.71,Litchi
48.21,20.12,32.32,28.34,36.87,7.27,78.66,Groundnut
89.45,31.33,33.93,24.16,50.96,6.48,67.34,Wheat
91.05,43.6,59.02,25.92,72.44,5.06,175.17,Tea
94.42,87.09,97.98,26.67,71.32,5.83,62.61,Potato
21.63,27.77,36.08,19.8,44.85,6.35,98.17,Rajma
76.72,57.44,92.25,30.04,69.27,5.69,212.52,Pineapple
36.3,27.79,18.1,38.98,66.6,6.88,98.36,Red Gram
38.66,24.87,29.38,23.97,44.21,6.42,74.36,Sesame
41.53,29.62,30.43,31.6,61.13,6.14,96.51,Niger Seed
56.86,30.13,36.37,35.47,53.13,6.65,72.44,Groundnut
67.16,33.6,38.61,31.51,69.39,6.47,96.47,Okra
79.59,53.55,44.75,18.08,70.48,5.27,201.8,Coffee
33.64,26.97,27.96,28.84,55.99,6.16,100.79,Sesame
105.67,49.99,105.24,25.37,63.78,5.41,36.44,Potato
69.19,40.09,70.53,27.77,39.73,6.34,56.71,Pomegranate
52.67,33.06,28.7,32.57,59.14,6.77,91.53,Groundnut
44.65,27.44,12.73,19.57,56.83,6.49,96.68,Rajma
75.72,58.88,53.66,34.84,62.78,6.67,91.78,Okra
40.5,31.76,25.36,27.31,56.03,6.12,108.02,Little Millet
112.23,55.86,51.34,28.89,85.07,6.07,270.81,Rice
69.28,28.7,27.11,26.23,67.32,6.36,75.24,Finger Millet
57.39,35.66,35.65,33.05,52.34,6.76,99.77,Sorghum
110.18,50.57,97.65,32.13,73.28,6.73,209.28,Coconut
100.67,44.38,110.8,30.96,80.37,4.94,273.45,Coconut
89.97,48.16,64.48,17.26,72.64,6.6,80.4,Cabbage
41.97,31.31,29.69,27.61,36.4,7.86,64.12,Pearl Millet
51.89,34.28,31.01,34.97,48.34,6.94,65.92,Sorghum
96.04,52.02,68.39,35.22,60.67,6.47,63.14,Chilli
31.5,24.36,31.76,25.37,41.05,7.54,56.57,Red Gram
94.2,59.02,58.65,28.1,59.5,6.4,83.72,Chilli
20.31,24.82,30.19,23.25,56.1,6.53,79.88,Niger Seed
67.08,44.2,45.46,23.92,75.36,6.85,88.94,Okra
35.6,22.91,32.38,16.52,49.91,6.95,49.98,Chickpea
105.79,65.16,88.94,31.69,92.1,5.28,269.89,Rubber
45.57,28.25,30.44,24.99,55.74,6.81,68.6,Chickpea
68.34,41.55,53.3,25.91,61.48,6.83,50.92,Onion
76.75,15.48,48.68,23.62,57.83,6.57,54.49,Beetroot
26.03,24.27,29.22,23.67,59.04,6.69,91.62,Niger Seed
51.1,34.21,32.93,26.98,58.42,6.77,132.91,Soybean
30.04,29.74,37.64,27.67,59.17,7.03,67.76,Field Bean
63.96,52.69,41.13,24.02,65.05,6.21,78.37,Cucumber
104.78,54.43,103.83,24.92,64.93,6.87,65.34,Grapes
55.02,33.0,56.46,28.83,68.48,6.88,74.13,Bottle Gourd
46.48,30.42,23.88,31.22,70.04,6.99,87.64,Black Gram
61.41,33.09,26.82,25.17,54.4,6.8,26.49,Radish
65.76,21.17,38.17,24.8,62.92,6.73,67.39,Sunflower
80.86,58.74,54.75,27.29,63.61,6.95,69.74,Chilli
92.27,63.09,107.84,20.63,63.99,5.97,67.68,Potato
60.1,29.25,86.03,24.82,74.53,5.71,154.13,Cashew
81.11,53.12,82.16,29.18,65.48,6.73,194.21,Litchi
102.83,47.41,118.02,31.06,89.23,7.74,227.63,Coconut
69.52,46.93,51.72,28.13,68.97,7.06,68.98,Cucumber
102.32,56.47,108.1,26.24,63.62,7.22,190.45,Orange
76.88,57.55,63.51,21.09,56.04,6.55,43.52,Garlic
97.48,44.67,81.78,28.03,68.09,7.19,134.28,Orange
63.93,25.75,45.95,28.64,72.71,6.77,46.98,Bottle Gourd
82.15,24.79,41.77,30.76,52.98,5.86,124.73,Maize
34.6,31.52,29.3,25.81,58.57,7.23,112.98,Soybean
67.77,32.51,33.27,28.57,54.88,6.8,98.34,Castor
114.08,45.27,73.24,28.42,78.33,6.11,188.53,Arecanut
74.9,43.9,72.66,19.02,61.49,6.34,99.36,Apple
77.93,43.08,61.49,23.84,86.37,5.57,213.62,Pineapple
62.85,29.9,35.75,26.75,57.59,7.05,66.89,Sunflower
62.6,25.05,42.45,18.37,61.01,6.8,35.86,Carrot
84.88,29.19,88.53,24.34,73.14,5.85,112.76,Litchi
68.16,34.58,35.41,27.9,56.05,7.23,81.57,Castor
84.29,54.64,40.69,18.59,76.32,6.22,67.07,Cauliflower
67.43,30.28,39.92,31.3,41.52,7.32,57.53,Pearl Millet
35.29,29.91,33.38,23.06,41.07,6.16,68.61,Horse Gram
100.41,37.43,58.28,24.42,66.7,6.17,87.97,Chilli
91.76,55.78,52.9,31.56,86.36,5.85,280.44,Rice
29.22,22.47,25.99,19.97,49.81,6.66,46.29,Lentil
90.59,52.92,66.55,29.19,67.58,6.37,65.32,Onion
104.43,55.7,86.22,21.14,65.53,6.41,71.08,Orange
32.3,32.29,23.41,21.57,64.86,7.15,41.59,Radish
51.86,30.21,26.33,18.67,67.19,6.56,42.12,Radish
56.53,31.51,33.34,24.96,58.9,6.8,69.84,Sunflower
53.75,25.44,34.64,29.26,54.56,6.49,135.46,Foxtail Millet
96.92,48.51,32.38,26.69,70.97,7.12,74.12,Maize
74.41,40.6,83.0,34.22,51.67,5.99,70.72,Pomegranate
85.71,40.67,85.81,35.39,50.12,6.7,57.32,Pomegranate
59.14,29.41,72.55,21.29,54.5,6.71,35.27,Carrot
105.9,52.23,67.26,30.23,77.47,4.76,207.19,Tea
82.33,45.7,89.32,16.0,58.76,6.1,76.28,Apple
54.79,36.0,31.39,27.21,59.52,5.83,86.18,Little Millet
58.01,41.16,20.35,21.02,64.97,6.76,61.74,Radish
86.07,49.7,66.85,17.03,80.02,5.94,74.26,Cabbage
64.43,33.35,51.55,18.82,67.73,6.66,63.87,Beetroot
52.04,35.17,23.83,24.53,60.56,7.12,87.35,Sunflower
49.23,31.16,28.23,24.83,59.99,6.22,91.99,Groundnut
21.36,33.96,30.67,25.88,58.53,5.63,70.33,Horse Gram
33.51,27.79,34.34,17.14,62.48,6.35,77.56,Rajma
30.9,33.32,37.97,25.97,54.47,7.09,97.06,Field Bean
39.58,33.72,37.63,21.54,46.88,6.11,100.64,Rajma
34.57,31.61,31.63,21.98,48.32,7.47,31.16,Radish
122.02,68.6,57.98,23.43,71.91,5.82,62.29,Brinjal
61.55,25.51,38.96,29.13,55.82,7.31,92.62,Castor
108.9,51.43,57.57,23.67,74.88,4.89,271.49,Tea
104.98,68.33,65.42,24.15,55.92,7.03,71.82,Chilli
43.72,28.35,51.46,26.38,70.34,6.5,58.55,Bottle Gourd
102.58,36.58,31.12,17.82,55.3,7.21,80.99,Wheat
92.78,47.86,90.93,27.81,71.19,7.49,285.99,Coconut
102.88,48.05,119.52,34.85,65.53,6.1,113.92,Mango
78.29,39.73,71.37,30.23,64.75,5.91,125.39,Guava
50.93,31.3,61.12,20.12,57.0,6.27,44.68,Carrot
80.17,47.78,61.81,25.81,79.4,5.99,220.75,Coffee
45.55,31.33,20.87,19.9,51.53,6.08,45.36,Chickpea
84.78,55.57,101.88,25.34,70.44,6.19,138.72,Orange
63.3,32.13,29.02,23.43,67.57,6.77,115.18,Soybean
80.6,42.05,54.71,20.45,62.3,7.17,40.9,Garlic
99.45,57.11,39.4,21.42,67.91,6.9,105.82,Maize
94.24,53.5,63.95,30.93,54.53,6.59,75.59,Chilli
106.64,40.84,96.49,30.38,75.27,5.96,145.21,Litchi
26.3,33.13,20.25,17.15,56.35,7.08,39.73,Peas
30.05,36.71,25.68,20.83,41.18,6.17,73.59,Rajma
105.83,43.51,103.58,29.4,84.83,7.62,279.5,Coconut
60.66,28.13,28.72,29.03,54.54,6.57,75.4,Red Gram
27.3,29.64,29.22,26.25,65.91,6.26,89.75,Foxtail Millet
125.22,76.99,107.39,32.04,77.02,7.39,198.4,Banana
45.36,31.41,40.05,29.26,60.3,7.82,99.61,Niger Seed
112.18,44.57,87.37,21.4,80.26,6.29,253.81,Arecanut
23.64,30.76,39.61,34.44,51.01,5.74,104.57,Cowpea
55.75,44.18,55.89,28.83,75.36,6.23,55.38,Cucumber
31.97,22.91,27.49,24.41,47.0,6.34,86.51,Niger Seed
110.14,51.03,66.38,26.35,85.96,4.95,168.55,Tea
69.94,60.86,51.7,31.27,72.53,6.33,103.32,Brinjal
78.81,43.7,61.85,25.33,62.33,6.31,71.72,Onion
85.84,46.76,66.66,26.57,54.26,7.0,47.85,Onion
53.81,31.75,35.84,24.56,37.16,6.54,71.54,Sunflower
77.93,65.42,105.69,28.29,58.76,6.14,73.84,Pomegranate
65.01,21.85,35.04,29.27,72.32,6.77,95.15,Finger Millet
68.05,29.72,63.34,16.48,67.99,6.99,58.21,Beetroot
89.41,50.69,70.99,22.41,71.35,6.66,98.15,Tomato
89.73,49.2,57.73,23.42,62.44,6.8,93.47,Cauliflower
94.86,44.24,94.45,25.44,58.28,6.64,78.19,Grapes
95.21,41.02,74.85,33.51,82.16,6.23,115.11,Arecanut
47.2,18.17,21.88,25.43,58.83,7.03,91.19,Foxtail Millet
83.32,53.78,51.47,26.55,64.12,6.74,59.5,Okra
24.72,27.44,26.53,25.03,66.37,6.65,95.85,Niger Seed
41.16,28.18,33.12,31.81,58.03,6.37,99.45,Red Gram
68.11,26.9,41.72,18.13,52.68,6.16,72.98,Beetroot
73.96,37.04,34.27,29.62,35.34,5.93,60.46,Pearl Millet
71.95,42.54,32.67,30.15,65.11,6.81,58.73,Castor
67.74,34.14,46.93,19.97,63.32,6.33,65.14,Carrot
40.56,30.99,31.61,27.56,54.62,5.97,136.63,Soybean
82.21,45.11,41.61,30.26,61.97,6.35,80.24,Okra
48.63,31.93,53.65,16.6,58.89,6.94,34.93,Beetroot
116.3,58.67,69.63,29.14,98.06,6.18,273.58,Rubber
116.27,69.76,95.9,22.46,57.49,6.64,137.82,Orange
20.97,30.62,29.7,17.32,44.96,6.41,53.85,Peas
77.95,63.94,44.14,25.95,58.71,6.56,79.09,Chilli
52.61,28.25,42.33,19.88,64.53,6.3,64.39,Carrot
80.52,67.57,67.86,25.15,71.85,6.24,84.09,Brinjal
38.4,33.65,37.71,30.54,56.86,7.45,124.24,Soybean
126.38,47.85,106.67,29.58,89.16,5.74,168.85,Coconut
83.56,48.69,92.26,28.34,56.58,6.83,85.84,Mango
92.7,64.92,54.53,20.06,65.49,6.25,70.36,Chilli
61.92,37.64,59.27,22.23,58.49,6.43,70.57,Beetroot
117.45,53.17,101.63,25.7,89.27,5.79,217.34,Arecanut
112.33,55.77,99.33,27.62,60.77,6.14,49.89,Grapes
91.18,60.8,45.99,20.89,51.95,7.82,86.82,Chilli
35.51,34.9,30.72,13.07,56.16,6.65,58.56,Peas
16.54,29.64,34.55,20.19,38.23,6.79,31.97,Lentil
76.24,39.26,64.31,25.69,79.73,5.77,174.58,Pineapple
29.91,31.65,31.1,23.0,50.69,6.64,99.08,Field Bean
86.86,51.4,47.76,26.51,58.12,6.12,55.46,Onion
104.01,68.88,116.02,28.26,67.86,6.15,175.0,Papaya
102.47,36.13,26.53,17.52,45.39,6.16,57.94,Wheat
66.24,44.4,81.74,23.24,84.22,5.64,129.27,Pineapple
47.04,31.36,29.99,23.48,48.66,6.46,48.65,Radish
59.23,43.88,40.72,28.49,65.2,6.46,55.77,Cucumber
108.96,56.39,61.75,30.31,73.65,5.85,179.37,Arecanut
98.59,48.34,52.58,30.26,77.92,6.53,190.91,Rice
78.39,26.71,18.58,32.19,52.47,6.61,81.01,Sorghum
103.26,49.19,69.77,22.18,76.33,6.99,69.98,Cauliflower
84.54,43.66,43.97,24.07,74.06,5.74,171.87,Coffee
65.42,27.92,37.87,27.33,48.57,7.79,87.39,Castor
29.92,38.46,30.19,22.61,61.96,6.18,86.67,Niger Seed
49.85,31.04,69.4,21.88,62.17,6.52,71.86,Carrot
53.78,27.82,34.23,30.29,52.93,7.4,85.84,Castor
50.96,33.85,32.86,37.24,86.87,6.89,62.87,Black Gram
80.31,31.34,84.51,13.88,59.22,5.6,95.78,Apple
66.84,26.72,42.64,30.08,68.22,6.67,72.15,Cucumber
48.05,38.02,61.24,17.37,63.05,6.54,62.78,Beetroot
35.3,31.09,31.13,28.57,58.32,6.55,79.26,Green Gram
32.29,22.49,33.65,27.97,65.39,5.84,64.79,Horse Gram
97.92,52.66,52.21,30.92,77.01,6.76,89.43,Tomato
78.63,45.7,88.39,31.23,82.4,4.97,115.65,Pineapple
39.23,28.79,27.35,29.72,58.69,5.86,94.25,Groundnut
99.36,51.87,90.76,31.7,60.2,6.64,61.39,Grapes
66.6,46.45,66.85,25.73,85.21,5.65,161.67,Coffee
96.09,77.34,105.91,32.37,63.01,6.54,180.26,Mango
105.11,44.37,81.87,22.96,66.33,6.77,75.76,Grapes
88.74,50.77,91.8,28.48,56.07,6.62,73.67,Grapes
74.57,58.07,93.69,28.04,83.24,5.95,276.59,Pineapple
93.7,59.18,57.31,24.65,77.12,6.27,99.74,Tomato
32.49,28.82,29.57,25.19,43.11,7.49,46.91,Chickpea
45.9,33.88,29.37,30.69,48.93,7.27,65.48,Sunflower
35.06,29.77,30.68,15.62,40.61,6.27,50.25,Safflower
106.26,58.02,51.94,23.9,84.77,5.43,278.45,Rice
40.37,24.92,27.46,28.07,52.94,6.59,69.08,Sunflower
43.0,26.82,37.4,28.4,48.62,6.79,107.25,Foxtail Millet
69.89,54.4,95.1,27.91,73.98,6.35,149.21,Litchi
65.21,21.84,29.66,21.75,55.23,6.86,37.73,Radish
57.97,54.91,30.35,20.46,64.38,6.89,110.5,Maize
121.43,52.09,55.5,18.68,65.24,6.18,71.75,Cabbage
76.62,63.01,66.76,27.65,88.35,5.29,246.92,Rubber
97.83,37.4,70.46,30.55,87.07,6.54,143.4,Litchi
36.19,26.21,29.44,30.28,52.56,6.42,48.43,Sesame
104.17,46.79,102.46,28.34,93.08,7.21,242.71,Coconut
38.0,24.28,25.17,27.97,53.74,7.17,90.33,Foxtail Millet
63.94,30.76,41.16,17.93,53.84,7.36,67.46,Linseed
45.21,31.51,28.29,17.57,64.27,6.8,45.09,Radish
25.16,34.44,35.47,35.51,47.51,6.78,110.27,Red Gram
65.53,43.94,70.19,22.15,74.39,5.21,292.88,Pineapple
58.19,30.23,26.75,30.44,67.87,6.85,85.66,Sunflower
111.75,59.26,105.48,20.1,70.66,5.84,71.98,Potato
36.32,24.48,35.73,31.63,55.42,6.98,88.52,Groundnut
43.6,35.09,28.09,29.58,63.53,6.92,121.8,Red Gram
105.2,52.18,67.91,28.24,77.38,5.48,232.26,Tea
101.95,52.0,106.24,24.81,72.14,6.96,142.88,Papaya
51.65,29.02,27.96,28.34,68.19,6.92,80.67,Groundnut
34.18,23.58,30.52,20.84,59.94,6.98,105.09,Niger Seed
80.01,43.83,26.07,21.02,49.03,6.02,65.43,Wheat
35.84,29.65,38.06,29.66,64.25,6.85,60.63,Green Gram
103.69,50.33,53.57,33.17,71.18,5.92,249.91,Rice
90.93,43.44,60.38,26.97,80.53,5.11,254.42,Tea
34.92,20.83,24.94,31.42,49.57,6.34,60.58,Cowpea
46.46,30.08,23.06,28.32,44.97,6.17,84.88,Little Millet
54.68,21.5,68.93,27.68,63.33,5.95,187.27,Cashew
93.0,45.52,116.86,25.74,52.5,6.94,92.14,Grapes
48.95,39.73,32.66,31.97,59.7,7.18,108.04,Groundnut
81.63,49.2,68.85,26.16,78.2,5.9,166.24,Litchi
19.13,25.71,23.44,32.59,66.82,6.82,59.25,Black Gram
83.96,43.17,81.13,15.65,51.93,6.25,106.29,Apple
91.12,53.8,72.0,20.34,53.83,6.66,46.75,Onion
56.94,29.49,51.03,17.76,64.89,6.79,56.1,Beetroot
96.51,49.55,60.45,25.27,76.41,4.76,205.96,Tea
48.0,30.01,25.24,28.09,55.08,5.6,68.53,Sesame
36.23,37.15,32.93,24.61,45.38,6.45,69.21,Horse Gram
93.09,38.17,41.95,19.58,58.36,6.35,54.95,Wheat
46.34,26.64,25.29,18.43,64.66,6.41,59.48,Radish
38.02,33.89,24.01,22.63,65.19,6.69,78.42,Field Bean
124.07,59.89,127.84,28.55,79.94,5.82,157.48,Banana
101.85,46.26,106.05,25.65,79.74,4.89,196.4,Coconut
35.94,23.52,30.24,18.04,60.97,6.79,105.28,Rajma
81.09,70.23,65.39,23.88,54.07,7.64,60.02,Chilli
46.89,38.16,36.34,23.33,40.85,6.53,48.43,Safflower
56.39,31.34,63.61,32.13,70.04,7.47,81.42,Bottle Gourd
74.59,52.51,37.63,29.35,68.48,6.91,66.11,Cucumber
27.36,29.61,27.87,25.07,62.32,6.6,72.96,Rajma
43.84,31.06,31.39,27.68,43.08,5.98,65.85,Foxtail Millet
50.65,31.48,31.2,28.87,45.06,6.79,75.26,Groundnut
50.54,28.27,30.27,26.68,52.79,6.63,101.4,Field Bean
86.39,56.02,59.57,31.07,57.93,7.34,81.85,Chilli
31.81,42.81,34.05,23.13,44.81,7.36,71.87,Field Bean
38.04,23.07,35.34,27.09,61.69,7.28,124.79,Field Bean
97.44,51.67,82.17,16.62,67.93,6.52,71.13,Cauliflower
41.16,31.35,24.42,30.19,60.25,6.63,60.35,Niger Seed
91.79,39.64,53.18,32.18,87.89,6.73,216.15,Rice
69.17,57.32,36.35,25.72,61.41,6.7,75.03,Maize
42.23,37.01,32.61,28.17,56.52,6.09,69.63,Cowpea
88.56,42.68,83.2,10.41,58.8,6.27,148.58,Apple
106.72,47.77,79.69,31.7,75.62,6.37,235.53,Arecanut
28.16,33.05,26.82,29.58,52.82,5.14,75.5,Sesame
106.39,54.27,106.92,29.06,65.2,6.05,100.89,Grapes
96.69,57.87,78.2,32.76,86.68,6.58,202.45,Arecanut
97.22,72.37,50.99,29.48,62.57,6.67,88.37,Brinjal
57.87,24.43,29.28,26.42,69.32,6.98,108.33,Soybean
64.61,51.33,76.17,19.14,70.73,6.71,83.67,Cauliflower
84.63,73.78,88.3,16.95,60.21,6.05,174.81,Orange
88.37,55.21,60.69,17.93,76.84,6.53,87.23,Tomato
31.45,35.13,29.23,19.29,65.7,6.39,57.45,Peas
56.22,31.35,34.27,32.17,51.6,6.82,65.4,Groundnut
53.93,25.46,28.51,22.49,49.61,6.3,57.35,Safflower
48.06,19.67,28.57,23.84,50.23,6.31,88.68,Castor
48.91,29.98,29.92,16.44,49.09,6.05,53.68,Mustard
88.41,55.94,45.99,22.42,61.84,6.51,69.56,Cabbage
68.58,31.67,29.22,24.07,53.73,6.19,127.81,Castor
33.47,27.5,24.25,29.24,51.38,6.01,85.17,Horse Gram
43.26,37.83,24.44,28.13,54.81,6.34,94.34,Foxtail Millet
45.58,31.48,36.93,22.28,48.14,6.34,89.22,Soybean
43.55,32.82,26.71,23.93,51.9,7.08,51.25,Safflower
145.53,70.97,140.28,33.49,85.74,6.67,124.96,Banana
39.0,29.8,27.72,31.04,43.5,6.17,71.77,Cowpea
62.23,37.56,40.1,28.65,68.84,7.2,59.43,Okra
45.49,24.59,57.52,30.38,65.97,7.4,102.22,Pumpkin
25.96,25.6,28.9,24.53,63.42,5.57,121.26,Red Gram
76.63,50.89,46.71,22.54,70.08,6.44,70.6,Cabbage
49.45,33.15,25.45,27.52,56.63,6.75,79.7,Groundnut
70.49,30.85,61.54,21.1,66.41,6.92,38.35,Garlic
108.89,57.03,104.57,33.53,54.64,6.23,66.96,Grapes
47.06,36.41,27.68,29.65,38.86,7.08,49.23,Sorghum
87.28,42.37,77.01,20.46,57.64,6.43,70.99,Cauliflower
103.8,75.74,79.91,28.35,65.03,6.59,60.07,Brinjal
82.04,68.54,87.15,26.48,54.49,6.24,150.54,Orange
91.38,40.58,88.19,27.68,60.07,7.09,74.19,Grapes
102.72,46.87,109.68,22.63,59.21,7.0,85.83,Grapes
62.45,25.32,41.21,29.63,60.98,6.28,89.64,Finger Millet
78.21,50.96,26.68,19.99,55.9,6.96,44.99,Maize
42.07,42.78,28.37,21.73,47.94,6.27,61.02,Peas
38.83,28.47,31.43,28.16,46.86,7.25,53.01,Safflower
79.26,61.09,83.79,26.19,76.85,6.16,161.54,Pineapple
77.21,49.2,71.81,25.56,58.68,6.08,55.92,Onion
105.13,59.45,86.47,33.51,85.33,6.62,225.86,Arecanut
48.57,32.24,29.98,19.86,48.29,7.48,42.26,Safflower
21.64,20.84,39.6,28.92,78.7,7.29,100.2,Black Gram
34.36,25.98,37.22,27.23,56.77,7.08,98.29,Field Bean
82.7,37.28,33.92,27.09,69.23,6.95,69.25,Cucumber
101.87,51.33,65.46,32.74,80.37,6.21,290.92,Rubber
84.79,56.41,79.95,25.71,86.91,5.31,223.36,Pineapple
29.07,34.65,28.0,33.95,55.12,7.19,71.28,Green Gram
90.58,52.92,69.99,21.43,67.21,6.35,58.97,Tomato
59.41,32.83,39.02,39.35,30.91,6.14,38.35,Pearl Millet
50.11,24.92,35.25,32.34,47.04,7.9,89.32,Pearl Millet
133.51,59.12,60.78,33.83,68.43,6.93,96.1,Brinjal
60.2,15.74,36.09,19.28,64.59,6.91,76.37,Sunflower
24.19,32.32,25.32,15.61,67.63,6.75,66.57,Peas
68.48,32.46,20.89,28.8,36.36,6.89,61.49,Sorghum
119.79,66.04,116.82,31.4,76.38,6.87,157.22,Banana
71.66,43.44,82.46,22.63,66.48,6.5,84.37,Pomegranate
95.7,52.94,85.38,31.57,79.32,5.2,221.51,Coconut
64.28,34.96,25.61,22.43,50.86,6.81,73.04,Sunflower
43.01,35.96,29.79,27.12,55.66,7.17,90.05,Niger Seed
81.34,66.33,97.93,36.63,67.7,6.78,122.25,Papaya
61.18,22.74,31.29,19.91,65.91,6.49,129.23,Soybean
126.56,65.18,67.46,24.65,62.59,6.51,124.01,Tomato
62.06,29.94,59.99,16.94,59.46,7.45,56.94,Beetroot
70.32,45.84,53.75,28.75,71.83,6.69,61.0,Cucumber
84.9,40.61,30.37,16.63,57.6,7.68,79.04,Barley
33.74,27.86,40.48,27.92,58.37,6.22,53.9,Peas
73.86,45.14,39.04,30.04,71.43,6.64,71.21,Cucumber
56.51,46.54,42.05,29.06,57.32,6.58,64.57,Okra
83.98,48.52,63.31,26.29,69.55,6.79,132.91,Litchi
93.06,58.84,53.67,23.03,71.97,7.24,110.73,Brinjal
23.38,38.0,29.91,27.3,47.13,5.9,61.82,Horse Gram
39.67,27.74,34.8,24.07,59.25,6.1,82.22,Niger Seed
71.17,43.96,71.14,25.84,81.29,5.64,194.51,Coffee
36.86,35.07,29.34,20.14,52.01,7.34,51.33,Lentil
65.06,37.6,66.29,22.31,65.73,6.7,48.99,Garlic
97.41,71.46,121.13,28.39,62.68,7.47,119.97,Mango
84.14,41.56,43.85,22.87,59.58,6.98,89.57,Maize
40.53,24.85,27.8,29.09,44.73,6.62,127.81,Red Gram
57.4,23.45,25.23,25.98,63.97,6.61,96.48,Soybean
98.32,44.06,87.58,33.88,80.0,6.24,229.01,Arecanut
53.91,35.67,36.13,29.73,70.56,6.01,109.33,Soybean
83.23,50.83,72.26,20.34,66.62,6.66,102.85,Guava
79.61,48.49,59.4,12.41,61.31,7.03,41.99,Garlic
95.0,50.73,55.62,19.34,89.0,5.82,153.53,Coffee
110.02,53.21,114.1,28.32,80.95,6.84,219.59,Banana
62.5,36.29,31.48,28.3,59.25,7.03,44.37,Sunflower
99.52,52.62,53.62,28.33,81.77,5.14,305.55,Tea
80.67,33.73,26.17,19.86,52.06,6.74,49.53,Mustard
109.98,49.31,56.47,21.88,72.23,6.79,52.71,Cabbage
45.46,31.85,22.82,16.49,42.36,7.08,70.92,Lentil
97.45,44.62,72.83,22.13,72.88,6.38,57.81,Cauliflower
36.53,25.56,32.01,30.41,60.43,6.7,67.98,Cowpea
60.1,45.32,35.03,23.22,75.2,6.49,74.8,Cucumber
64.72,30.29,29.55,20.24,66.55,6.16,126.59,Finger Millet
106.08,57.1,44.66,26.08,68.95,5.22,230.83,Tea
59.82,26.8,46.49,23.24,70.6,5.46,109.17,Cashew
50.23,32.55,31.7,21.98,60.41,7.24,101.23,Little Millet
41.67,30.44,25.94,18.57,69.39,6.34,114.39,Rajma
44.71,35.59,37.5,32.91,54.21,6.31,53.95,Green Gram
37.91,31.02,22.53,17.71,49.98,6.56,104.8,Rajma
57.66,31.12,52.21,20.37,59.74,6.93,61.6,Beetroot
69.22,46.89,45.29,24.0,50.09,5.86,133.25,Maize
97.91,46.04,99.53,29.39,79.17,6.42,150.68,Coconut
72.16,29.52,45.75,21.62,60.23,6.67,58.71,Beetroot
80.95,60.56,54.21,27.7,71.74,6.48,82.6,Cucumber
62.11,21.0,65.82,18.8,60.41,6.49,55.6,Beetroot
74.8,35.36,47.42,24.59,70.24,6.74,73.26,Cucumber
45.22,32.25,27.85,17.23,42.37,6.67,62.01,Safflower
117.16,50.13,61.36,26.33,86.06,4.96,188.32,Tea
97.54,51.05,70.32,10.25,57.66,5.98,130.27,Apple
35.52,26.53,28.14,29.18,54.86,7.66,64.71,Sesame
120.14,61.49,109.52,32.21,79.38,7.05,173.98,Banana
100.03,73.34,94.64,30.84,64.75,6.62,87.08,Papaya
117.67,38.35,21.17,21.61,62.03,6.97,90.74,Wheat
80.35,39.51,32.28,17.13,52.35,6.61,63.83,Barley
66.05,23.6,38.27,23.04,60.92,7.03,72.44,Sunflower
40.16,33.28,31.18,25.8,67.22,6.67,80.04,Kodo Millet
80.24,52.26,89.48,33.2,55.45,6.78,66.39,Pomegranate
49.23,35.01,29.91,27.97,56.02,6.04,110.08,Little Millet
103.2,48.45,101.22,22.42,70.91,6.85,142.8,Papaya
29.64,28.77,19.97,21.08,53.83,6.81,97.4,Rajma
75.46,39.92,31.37,20.23,53.95,6.59,71.36,Barley
74.38,23.79,27.13,26.63,52.67,7.46,71.79,Sunflower
56.84,25.66,41.11,24.97,71.03,6.44,95.18,Finger Millet
40.59,31.21,27.39,26.29,61.7,6.66,102.13,Little Millet
98.21,45.52,56.45,16.52,71.03,6.29,53.21,Cauliflower
96.53,55.18,83.72,31.5,68.86,5.74,222.71,Arecanut
85.37,51.14,94.44,21.39,61.6,6.6,106.98,Grapes
33.33,32.62,27.3,27.31,58.91,6.49,80.85,Niger Seed
26.11,28.62,32.9,24.34,64.05,5.63,62.02,Horse Gram
88.07,59.66,87.28,32.29,62.74,6.42,131.65,Orange
93.53,61.83,106.25,15.83,74.63,5.64,59.23,Potato
69.64,45.73,75.23,22.78,56.95,5.95,109.11,Guava
46.22,29.42,32.06,21.8,51.03,6.38,90.53,Rajma
38.36,39.2,32.37,24.49,44.03,6.89,51.9,Linseed
42.11,31.58,29.18,30.9,58.66,6.14,88.14,Cowpea
94.79,51.62,94.85,31.28,55.33,6.31,181.63,Mango
80.52,39.89,71.29,28.6,63.77,5.85,116.43,Guava
95.55,46.18,73.17,35.47,54.7,7.07,131.94,Orange
98.85,52.17,69.62,29.33,86.28,4.61,255.92,Tea
101.89,50.53,58.05,26.76,77.33,4.95,244.45,Tea
29.98,20.78,36.5,25.09,49.8,6.29,54.41,Peas
51.85,47.88,56.19,29.85,64.83,6.07,71.81,Cucumber
36.1,34.7,15.99,32.1,59.12,6.4,89.2,Groundnut
40.94,26.08,26.51,17.55,63.12,6.06,77.35,Rajma
33.82,29.03,37.32,27.0,62.55,6.34,63.97,Sesame
77.99,38.9,82.36,31.82,72.81,4.85,216.85,Pineapple
45.31,17.46,23.8,23.74,57.68,6.55,93.15,Kodo Millet
43.16,35.82,40.49,30.53,52.01,6.09,54.73,Cowpea
56.99,29.46,34.85,29.28,51.55,6.51,77.01,Sunflower
55.6,41.29,36.4,20.05,58.56,7.03,57.45,Mustard
32.15,31.67,27.01,28.23,44.12,7.11,37.2,Safflower
96.11,78.38,71.57,32.47,82.46,5.81,226.2,Rubber
64.01,39.73,74.35,27.62,74.06,6.61,65.26,Pumpkin
51.76,36.41,42.4,20.9,57.09,6.66,70.08,Linseed
58.8,32.41,31.67,24.32,57.74,6.42,93.45,Castor
66.87,44.84,34.93,26.56,71.85,6.93,64.28,Okra
87.66,53.02,105.76,32.08,70.62,6.5,65.09,Papaya
77.13,33.98,33.9,15.46,53.19,7.01,44.23,Radish
47.45,34.9,31.28,27.26,53.16,6.56,46.49,Green Gram
43.93,23.15,29.38,19.47,50.02,7.18,41.56,Linseed
75.21,46.77,82.61,25.27,85.71,6.16,230.85,Arecanut
115.83,70.02,132.82,27.58,78.3,6.98,170.27,Banana
33.39,26.05,35.42,18.88,59.65,6.75,53.92,Radish
122.47,66.25,73.67,26.33,85.35,5.64,298.2,Rubber
46.59,24.1,47.7,22.41,49.84,5.82,39.89,Carrot
59.14,18.34,20.81,24.8,58.57,6.16,81.74,Finger Millet
46.35,31.31,31.67,15.63,53.89,7.04,47.48,Peas
99.77,39.2,98.62,33.25,84.49,6.62,132.86,Coconut
96.17,51.75,62.15,22.39,79.21,6.68,58.02,Cabbage
77.81,47.57,42.64,29.08,74.26,6.72,66.16,Cucumber
105.7,34.96,23.65,17.9,60.38,6.29,50.03,Wheat
76.99,54.18,75.36,32.0,63.19,6.42,133.23,Papaya
42.76,23.74,29.82,26.32,52.17,7.12,83.92,Chickpea
35.63,29.03,56.95,32.32,68.43,6.53,101.51,Pumpkin
29.6,29.51,37.48,28.33,59.21,6.14,105.33,Niger Seed
73.74,53.11,96.12,29.34,67.85,6.32,161.69,Papaya
36.34,32.68,35.99,16.2,51.7,7.16,49.11,Peas
34.23,31.49,25.31,28.97,60.15,6.38,74.12,Cowpea
81.63,75.22,54.49,17.34,68.64,7.18,105.14,Brinjal
30.26,28.36,25.98,20.59,65.39,5.4,101.53,Niger Seed
54.16,35.61,20.61,32.5,32.09,7.1,34.12,Pearl Millet
34.94,27.81,28.1,28.92,51.38,5.59,80.19,Niger Seed
30.64,30.48,30.36,26.04,53.16,6.23,70.47,Cowpea
82.9,41.62,89.83,20.65,56.95,6.54,78.73,Pomegranate
68.68,27.12,55.43,29.34,65.54,7.34,115.04,Cashew
53.95,25.1,21.85,44.99,71.06,6.36,68.96,Sorghum
98.56,47.46,88.59,23.8,77.69,6.22,166.91,Arecanut
50.06,32.06,60.24,17.0,60.94,6.5,38.96,Garlic
102.92,49.0,94.4,28.69,90.3,5.44,320.03,Rubber
53.35,23.68,71.27,30.29,67.91,6.73,102.13,Bottle Gourd
34.47,34.46,29.83,16.69,46.34,6.44,119.16,Rajma
48.41,38.52,32.5,25.69,61.74,7.01,62.07,Little Millet
99.31,66.81,95.88,26.79,70.42,6.44,143.3,Papaya
93.6,61.7,61.78,27.3,67.37,6.57,78.66,Guava
88.26,29.09,74.98,10.91,56.08,6.18,115.0,Apple
74.16,47.92,81.17,23.69,77.45,5.99,176.87,Litchi
89.05,40.35,25.74,22.22,52.39,6.17,71.73,Wheat
42.43,37.7,32.19,24.45,46.56,6.24,78.18,Little Millet
97.07,51.71,88.62,23.21,65.91,6.48,64.06,Onion
77.95,37.17,87.72,26.39,67.75,6.04,98.46,Guava
39.26,35.94,27.25,32.22,47.85,6.38,61.51,Groundnut
34.55,23.66,28.18,19.66,49.07,6.22,72.41,Rajma
47.27,31.29,21.31,24.93,50.66,7.05,77.66,Field Bean
86.02,45.25,83.81,27.77,75.86,6.1,196.95,Pineapple
54.86,25.7,29.36,36.97,72.73,6.38,129.23,Red Gram
71.22,90.01,47.24,29.27,70.0,6.64,54.18,Chilli
40.2,33.01,30.19,28.34,42.94,7.35,87.42,Kodo Millet
72.93,51.62,72.01,20.45,64.16,6.26,46.71,Onion
72.71,39.96,80.29,28.84,81.4,4.79,251.02,Pineapple
105.51,68.45,77.88,25.4,50.87,6.8,79.12,Chilli
59.57,29.59,62.67,28.32,72.44,5.73,151.1,Cashew
69.98,40.92,27.99,18.56,63.85,6.69,62.4,Barley
53.94,32.25,39.97,20.05,47.76,6.7,53.57,Lentil
23.14,41.7,31.11,32.18,46.36,6.81,38.54,Horse Gram
75.63,47.49,57.01,18.75,61.64,6.27,55.97,Garlic
44.6,27.5,73.97,31.96,73.27,6.44,95.36,Pumpkin
57.11,37.96,30.56,25.28,57.89,6.68,56.43,Sunflower
61.38,35.14,36.57,24.95,59.7,6.6,75.19,Soybean
33.63,26.52,33.56,23.27,57.12,7.09,60.81,Chickpea
86.83,52.54,72.89,19.16,87.95,4.59,222.06,Tea
110.66,55.57,48.14,25.39,88.22,6.09,192.33,Rice
95.28,59.99,51.44,24.03,77.44,6.54,254.14,Rice
73.13,37.14,78.8,24.13,80.06,5.75,191.31,Pineapple
105.0,53.98,72.15,26.18,86.5,6.22,206.62,Arecanut
35.12,36.34,31.39,28.19,59.47,6.94,90.78,Niger Seed
96.45,53.06,102.62,28.67,47.84,7.59,154.1,Mango
56.12,30.03,29.01,21.87,62.16,6.02,47.97,Radish
89.39,47.28,68.36,18.84,79.16,4.95,276.22,Tea
74.51,49.3,54.29,27.68,56.59,6.26,60.38,Onion
48.97,29.71,55.65,29.5,76.64,6.95,51.32,Bottle Gourd
93.88,72.03,106.71,31.85,65.76,6.71,154.1,Papaya
63.71,28.3,24.72,23.0,39.2,6.4,38.41,Mustard
36.15,34.05,28.77,28.88,69.48,6.8,77.41,Cowpea
41.47,44.36,24.76,27.83,60.55,6.65,75.43,Sesame
78.53,47.31,48.37,28.7,79.75,5.71,207.65,Rice
81.3,36.33,86.13,23.23,77.79,5.35,218.46,Pineapple
59.72,31.74,84.41,28.89,75.54,5.8,157.9,Cashew
80.0,66.65,40.91,32.05,64.08,6.85,71.51,Chilli
60.77,37.11,34.39,23.96,59.44,5.89,87.92,Sunflower
69.26,43.1,84.07,28.83,81.97,5.65,208.41,Litchi
62.39,33.56,51.12,17.85,51.0,6.54,53.09,Garlic
102.87,58.03,87.05,25.18,58.72,6.54,186.08,Mango
49.16,22.34,64.83,32.85,75.2,7.21,35.57,Bottle Gourd
47.11,24.19,26.94,31.21,57.49,6.92,79.47,Green Gram
63.75,32.95,78.18,32.2,71.58,5.81,215.21,Cashew
83.26,71.29,57.1,27.3,72.17,6.51,109.8,Brinjal
70.39,58.46,26.84,26.04,56.85,6.98,137.4,Maize
64.97,32.54,25.85,16.89,50.51,6.86,42.38,Mustard
57.35,35.52,28.26,22.71,59.75,6.26,85.64,Little Millet
47.98,32.74,33.24,26.73,61.63,6.45,110.62,Little Millet
108.6,56.88,43.43,27.06,81.92,4.9,307.39,Tea
64.29,35.23,39.26,29.44,66.76,6.13,69.17,Cucumber
90.61,46.7,47.85,25.2,82.14,5.01,235.31,Tea
105.52,46.05,49.85,23.35,88.73,5.31,216.04,Tea
78.54,57.42,59.36,30.1,55.6,6.74,92.2,Chilli
83.91,44.42,82.18,26.14,52.14,7.61,59.98,Pomegranate
86.91,44.43,55.59,20.73,59.63,6.43,46.27,Garlic
88.94,58.91,103.15,30.39,62.46,7.5,64.82,Grapes
59.45,30.95,58.99,20.02,61.04,6.25,56.57,Beetroot
99.66,61.63,110.26,27.98,72.68,6.5,159.91,Mango
47.43,37.05,26.67,16.87,58.34,6.8,41.06,Radish
110.43,45.46,48.75,25.32,71.73,4.65,235.59,Tea
71.78,49.88,73.74,30.4,55.72,6.43,78.5,Pomegranate
28.6,30.58,27.07,31.99,63.99,5.59,77.38,Cowpea
79.69,38.62,71.42,14.7,63.48,5.96,93.34,Apple
83.35,46.59,52.38,17.94,57.82,6.53,70.52,Onion
95.86,73.18,53.6,27.74,61.09,6.83,78.42,Chilli
45.88,36.06,26.97,24.59,51.31,6.23,106.01,Red Gram
89.68,68.27,93.72,16.68,74.94,5.79,57.91,Potato
87.0,41.82,75.67,19.91,67.15,6.85,73.16,Cabbage
38.0,33.09,28.39,29.12,46.94,6.96,97.6,Kodo Millet
41.24,24.01,30.23,20.57,58.53,6.76,27.42,Lentil
68.11,34.45,62.58,30.71,71.4,6.35,81.58,Cashew
30.77,35.74,23.53,18.02,46.3,6.66,42.74,Lentil
79.03,44.29,79.44,27.73,78.79,5.55,386.02,Pineapple
34.83,37.13,26.22,26.5,55.4,7.17,108.65,Niger Seed
34.0,33.83,32.92,28.09,57.71,6.68,80.95,Sesame
68.36,31.9,53.78,27.28,79.65,6.44,81.6,Cucumber
95.64,46.89,74.49,26.97,95.87,4.59,214.16,Tea
49.81,34.47,22.59,19.14,50.76,7.32,57.81,Safflower
110.64,55.27,45.81,21.4,79.81,6.35,69.88,Cauliflower
111.53,49.71,71.79,26.7,85.05,5.36,255.92,Rubber
64.39,47.2,51.63,23.06,69.55,6.82,73.2,Onion
50.22,37.16,21.79,34.24,32.49,6.75,76.43,Sorghum
35.43,36.81,31.44,27.64,69.9,7.58,50.59,Sesame
89.21,55.41,53.19,20.26,76.96,6.61,83.37,Cabbage
92.76,69.79,98.36,23.21,62.37,6.62,182.22,Orange
32.79,35.1,27.61,24.87,54.79,6.24,79.21,Cowpea
73.4,47.07,77.54,23.32,71.44,6.32,224.1,Litchi
40.95,22.81,19.43,22.2,62.21,6.0,107.63,Little Millet
66.57,52.31,53.26,26.65,62.0,6.25,57.93,Chilli
92.39,54.06,72.16,29.51,90.33,5.9,221.44,Arecanut
50.45,35.42,33.49,29.0,63.07,6.45,92.11,Red Gram
83.13,33.05,69.06,29.47,69.47,7.26,82.98,Guava
50.81,30.65,29.25,19.93,41.13,7.46,62.37,Mustard
52.47,37.87,29.36,24.65,70.28,6.01,106.45,Finger Millet
100.92,54.73,27.78,23.0,55.81,6.45,160.03,Maize
70.16,54.78,70.38,19.45,68.14,6.41,72.38,Cauliflower
104.51,53.16,70.64,27.46,81.81,6.11,294.01,Rubber
62.58,30.92,26.83,23.09,43.48,6.55,45.3,Lentil
85.35,34.32,46.0,23.27,78.56,5.72,223.11,Coffee
23.53,27.3,36.04,17.92,64.69,6.71,59.96,Peas
117.49,54.13,104.62,34.25,63.26,6.65,60.76,Grapes
90.81,54.28,46.43,29.23,80.16,6.26,201.89,Rice
81.62,47.12,73.17,14.21,65.69,5.88,99.65,Apple
56.79,32.44,35.48,28.39,44.26,6.08,53.58,Safflower
62.73,27.46,66.99,24.21,80.5,6.74,61.65,Pumpkin
103.5,58.16,98.99,27.69,77.97,6.27,153.1,Banana
62.17,18.35,73.09,31.24,67.12,7.16,60.49,Bottle Gourd
111.9,56.11,71.3,31.33,77.59,5.9,224.05,Arecanut
53.28,32.93,29.61,24.24,52.81,6.96,71.15,Lentil
66.63,22.05,30.79,17.75,54.1,6.55,43.07,Mustard
92.11,54.63,90.06,18.34,64.09,5.98,54.17,Potato
73.59,48.9,87.67,24.09,68.68,5.94,113.8,Orange
79.1,63.44,75.84,27.77,53.49,7.65,75.32,Chilli
90.99,45.86,32.58,13.8,67.14,6.98,61.8,Barley
73.36,30.04,36.17,33.12,42.3,6.6,56.96,Pearl Millet
43.24,37.29,41.61,34.25,66.08,7.03,130.14,Cashew
84.0,32.14,43.77,17.34,63.07,5.95,56.49,Beetroot
40.52,26.35,22.18,28.64,44.22,6.5,101.87,Foxtail Millet
104.16,49.74,62.04,24.33,80.76,5.4,213.78,Tea
56.43,28.23,52.64,19.13,63.54,6.25,39.72,Carrot
65.99,39.36,47.21,27.12,62.35,7.04,51.54,Okra
69.88,25.37,32.51,14.78,55.12,6.53,47.54,Mustard
94.51,43.27,75.34,24.29,82.5,5.1,264.37,Pineapple
45.17,30.74,25.37,25.22,57.56,6.09,49.79,Radish
91.74,51.74,78.02,32.31,69.07,6.18,152.86,Litchi
49.3,27.92,21.02,15.79,48.77,6.73,36.3,Mustard
81.64,37.55,100.22,23.85,50.86,6.57,63.54,Pomegranate
65.89,51.89,66.35,26.62,74.46,6.52,73.29,Onion
42.01,32.11,30.3,19.97,57.19,6.48,42.56,Radish
66.95,27.74,58.85,22.75,63.85,6.41,59.29,Beetroot
97.57,52.48,83.12,27.3,84.45,5.48,222.33,Pineapple
32.62,23.51,34.46,29.91,46.34,5.73,83.04,Cowpea
77.55,36.26,63.91,23.75,76.57,5.6,133.81,Apple
69.48,34.01,31.84,27.71,46.6,8.07,38.96,Pearl Millet
101.34,48.81,73.21,33.03,81.08,5.61,246.6,Arecanut
72.1,49.17,35.36,27.48,78.92,6.13,210.92,Coffee
37.28,34.4,16.24,30.76,52.86,6.44,56.24,Sesame
25.81,30.58,28.97,22.19,64.11,6.58,73.96,Niger Seed
59.0,34.56,26.0,17.83,49.51,6.73,50.1,Mustard
92.51,37.61,36.2,19.1,51.17,6.88,68.9,Barley
91.14,54.83,62.59,22.64,63.38,6.25,73.34,Cabbage
84.04,70.97,57.62,28.89,71.86,6.54,83.07,Tomato
106.94,45.72,89.29,26.78,80.93,6.19,153.94,Coconut
78.16,49.68,56.04,24.33,62.46,6.8,54.8,Onion
37.2,23.58,35.96,31.88,56.93,6.77,71.15,Sesame
63.56,26.29,29.29,32.43,57.56,6.83,68.46,Castor
64.95,34.57,33.7,23.5,47.71,6.23,41.63,Barley
101.26,54.37,49.21,25.3,60.48,7.21,79.32,Chilli
78.87,59.08,87.22,24.41,88.96,5.52,327.7,Pineapple
51.9,37.72,29.45,29.19,55.84,7.5,69.85,Kodo Millet
60.31,36.3,55.71,26.06,60.04,6.72,54.33,Carrot
90.8,57.26,93.25,31.91,80.79,6.87,212.71,Coconut
78.98,35.56,99.82,28.12,63.61,6.03,157.02,Litchi
97.91,50.25,87.87,28.63,67.16,5.85,80.75,Grapes
91.62,51.81,25.13,23.19,53.69,5.74,112.8,Maize
76.62,29.79,63.31,25.87,69.92,6.28,58.19,Bottle Gourd
80.1,19.05,26.32,30.21,49.11,6.77,70.08,Pearl Millet
15.13,44.59,27.12,27.25,63.84,6.95,74.29,Green Gram
101.05,39.57,33.76,14.83,62.31,6.4,71.17,Wheat
88.36,45.9,61.9,21.79,63.06,6.63,52.31,Onion
76.57,50.38,65.95,22.23,65.84,6.12,117.3,Guava
70.4,28.39,51.29,27.68,68.61,6.67,120.55,Pumpkin
106.46,63.91,96.65,21.54,53.03,6.36,178.3,Orange
82.2,46.9,59.01,26.58,54.87,6.36,69.57,Onion
41.65,31.08,32.45,29.12,57.09,7.02,58.72,Green Gram
89.65,50.67,82.29,24.12,75.23,6.18,175.81,Litchi
77.84,50.4,83.54,30.16,84.98,5.96,183.78,Pineapple
32.37,26.85,32.51,29.6,52.34,6.48,65.83,Horse Gram
63.79,38.76,68.96,28.37,75.46,5.62,172.87,Coffee
51.6,29.55,27.22,27.12,56.08,7.13,53.28,Sunflower
34.95,37.62,30.55,28.92,43.02,6.76,72.91,Green Gram
96.76,55.35,107.81,27.11,72.13,6.61,75.69,Papaya
43.32,32.6,36.94,29.74,61.97,6.51,50.14,Sesame
31.64,38.79,38.51,33.67,47.41,6.47,71.31,Red Gram
43.93,31.26,30.73,11.01,46.15,6.76,48.45,Mustard
63.05,27.32,29.65,18.32,50.33,6.91,65.38,Mustard
66.18,43.05,44.51,31.32,65.33,6.41,73.77,Cucumber
109.37,55.78,94.16,30.25,80.21,6.33,267.91,Arecanut
40.14,29.56,23.4,31.76,31.69,7.09,78.78,Pearl Millet
74.92,28.3,63.3,26.74,75.84,6.59,73.6,Bottle Gourd
39.94,29.48,30.82,27.81,63.59,6.83,51.0,Green Gram
81.64,40.15,28.17,14.01,62.77,6.65,89.42,Barley
35.56,33.77,29.34,27.86,46.66,6.83,54.45,Horse Gram
91.26,51.65,57.56,28.01,76.09,4.83,236.03,Tea
92.93,44.37,56.23,22.28,72.47,6.26,59.61,Cabbage
80.3,46.64,78.15,24.53,60.48,6.86,135.54,Guava
63.03,53.49,45.85,26.12,61.3,6.46,49.45,Onion
36.4,24.63,29.73,22.91,56.07,6.68,116.56,Rajma
103.19,46.73,68.68,30.82,63.93,6.59,59.63,Chilli
70.38,42.14,44.7,28.83,58.52,6.69,53.71,Okra
115.65,69.9,71.52,33.85,87.43,5.42,307.97,Rubber
120.98,57.91,110.86,28.09,77.45,6.55,191.74,Banana
37.77,31.62,27.84,23.67,54.97,7.3,83.03,Field Bean
32.77,26.11,33.3,33.08,60.02,6.64,76.0,Green Gram
54.33,32.84,28.81,17.21,69.42,6.56,50.43,Radish
60.33,26.83,64.05,24.61,72.21,6.42,220.5,Cashew
70.81,33.43,25.57,22.23,49.48,6.79,51.96,Mustard
60.35,33.84,37.28,29.32,41.02,7.09,69.93,Pearl Millet
52.76,62.78,79.96,31.83,69.84,5.21,122.59,Guava
60.99,25.68,61.26,28.31,77.35,5.99,193.24,Cashew
86.83,44.5,116.01,31.14,61.84,6.49,165.88,Mango
69.03,44.23,45.29,24.52,56.62,7.0,51.13,Garlic
37.77,36.74,23.52,23.57,52.77,6.69,55.0,Peas
82.49,43.82,66.04,25.94,67.93,6.68,58.87,Onion
49.66,39.2,25.35,32.22,40.67,7.03,66.73,Sorghum
52.47,30.26,27.05,23.1,55.24,6.91,53.33,Radish
79.64,51.83,69.32,23.78,53.43,6.41,63.29,Onion
39.0,38.41,29.99,21.57,67.17,6.56,113.91,Soybean
45.21,29.01,29.52,22.53,62.7,5.61,90.44,Niger Seed
71.38,64.46,94.91,23.0,52.19,6.68,87.82,Pomegranate
41.9,32.92,34.1,29.53,67.58,6.72,121.31,Red Gram
77.53,26.06,31.83,22.36,55.97,6.92,70.66,Sunflower
76.53,46.89,85.95,26.8,80.78,5.61,249.21,Pineapple
90.83,56.03,45.25,18.2,70.5,6.88,104.36,Cauliflower
88.06,40.08,80.72,27.22,64.63,6.21,84.67,Pomegranate
58.82,38.2,27.12,33.49,47.42,7.4,79.25,Pearl Millet
44.38,44.24,28.24,25.85,54.4,6.7,68.44,Foxtail Millet
101.48,57.79,77.58,17.4,71.05,7.02,97.46,Cabbage
53.36,33.94,31.27,17.68,50.69,6.72,47.41,Radish
59.49,32.63,31.98,18.57,56.84,6.12,43.58,Radish
68.88,45.77,73.84,19.32,73.91,6.41,61.59,Onion
49.37,35.77,47.89,29.76,51.11,6.97,48.92,Okra
40.21,25.59,26.49,12.0,68.12,6.74,48.66,Mustard
91.27,46.31,64.09,23.84,55.61,6.52,59.1,Onion
47.43,33.16,30.51,26.68,53.58,7.16,106.77,Red Gram
64.77,31.55,33.57,26.0,62.24,6.25,60.78,Sunflower
47.26,29.7,21.33,29.97,42.42,6.6,60.9,Groundnut
100.6,59.63,97.98,34.48,69.57,6.65,179.23,Mango
80.92,47.31,97.86,14.1,52.88,6.33,111.25,Apple
31.08,29.4,35.29,29.9,53.77,5.59,82.04,Horse Gram
50.11,33.69,52.58,35.61,69.84,6.17,50.85,Bottle Gourd
59.2,39.22,72.47,31.71,77.29,6.78,92.66,Pumpkin
47.82,32.24,26.02,19.24,58.41,7.01,38.71,Radish
48.78,25.51,26.9,22.71,49.29,5.85,70.84,Chickpea
115.4,50.28,127.74,30.11,75.94,6.88,206.46,Coconut
54.14,21.62,30.96,23.71,69.65,6.92,84.71,Soybean
24.54,32.69,34.23,28.75,48.64,6.6,71.74,Cowpea
97.3,51.19,64.02,26.09,79.4,4.73,220.02,Tea
85.44,47.61,38.63,20.34,60.32,6.68,65.23,Wheat
52.29,30.07,57.5,26.37,63.38,6.6,170.4,Cashew
45.57,34.84,50.42,29.71,76.44,6.92,85.54,Bottle Gourd
72.19,42.91,78.52,29.08,76.69,6.15,222.56,Pineapple
55.6,35.41,26.73,17.37,51.68,6.92,58.74,Linseed
82.66,50.42,60.9,16.34,72.57,6.71,79.37,Cabbage
128.29,53.13,133.41,31.27,75.6,7.45,189.2,Banana
63.16,33.58,82.23,19.35,61.85,6.63,29.61,Carrot
51.54,34.81,71.5,18.7,63.99,6.24,46.22,Carrot
81.39,44.04,82.86,31.57,66.07,6.49,188.34,Litchi
107.78,52.2,51.18,29.79,79.44,6.33,150.98,Rice
34.87,28.34,35.74,23.24,56.06,7.23,108.6,Field Bean
62.4,37.57,29.46,19.09,46.91,7.28,49.12,Barley
73.47,64.58,50.64,22.98,58.02,7.1,86.97,Chilli
44.19,36.07,26.55,24.21,58.43,6.39,70.29,Kodo Millet
66.44,22.96,28.75,19.24,67.31,6.93,131.62,Soybean
129.93,68.89,65.22,25.7,63.65,6.87,70.78,Tomato
50.45,20.33,26.89,19.21,56.81,6.71,51.3,Radish
45.71,31.57,30.11,25.38,63.03,5.66,73.79,Kodo Millet
88.92,45.38,46.71,18.46,69.77,6.22,58.92,Cauliflower
75.75,26.19,25.71,26.84,42.36,7.17,79.71,Sunflower
55.67,36.51,61.04,20.64,60.13,6.65,51.33,Carrot
92.05,60.64,91.2,13.85,63.67,6.21,151.82,Orange
102.4,50.91,94.59,31.94,73.14,7.36,239.3,Coconut
70.55,39.74,44.28,26.8,68.68,6.51,64.23,Cucumber
88.82,53.11,82.51,25.41,81.38,5.83,207.8,Arecanut
53.86,40.0,36.53,31.97,55.25,6.48,100.65,Kodo Millet
42.26,34.06,29.36,24.13,46.9,7.09,64.12,Radish
77.39,62.8,62.61,26.7,81.67,6.62,78.8,Tomato
43.26,34.6,35.02,24.72,38.4,6.31,65.83,Foxtail Millet
69.29,49.97,69.1,20.34,78.48,5.45,174.58,Coffee
36.19,29.64,28.43,25.51,68.66,6.78,115.72,Red Gram
110.19,53.65,68.86,22.03,68.95,6.15,95.87,Tomato
55.02,34.42,30.13,23.62,50.7,6.85,51.87,Linseed
60.31,34.47,28.13,27.23,25.98,6.51,58.15,Pearl Millet
19.77,29.26,33.68,30.73,59.53,6.64,147.64,Red Gram
41.45,28.03,31.2,11.26,59.8,6.78,58.43,Peas
68.87,48.2,76.17,24.1,43.07,6.85,82.97,Pomegranate
90.84,36.07,22.7,19.03,56.91,6.55,59.6,Barley
70.09,32.69,20.93,22.35,47.7,6.58,92.67,Castor
62.13,31.72,29.19,29.69,69.74,7.39,86.3,Black Gram
42.69,24.91,24.39,22.76,49.19,7.94,51.7,Chickpea
55.48,24.96,21.93,31.85,47.07,7.12,49.85,Sorghum
42.23,33.31,38.3,28.05,56.95,7.09,80.87,Green Gram
72.8,40.41,90.07,26.26,56.98,5.95,62.11,Pomegranate
53.19,30.27,68.7,28.78,66.34,6.32,165.11,Cashew
99.71,41.55,28.01,16.16,55.67,7.42,63.38,Wheat
81.0,34.16,71.65,23.95,89.27,5.95,194.08,Coffee
63.83,37.26,56.97,26.86,65.67,7.5,94.36,Bottle Gourd
46.79,27.77,37.04,25.53,44.29,7.34,63.23,Safflower
33.06,22.64,30.26,20.46,51.73,6.75,97.93,Rajma
50.39,25.0,27.29,17.69,43.86,6.87,59.3,Linseed
32.12,28.57,35.19,23.8,44.17,6.69,48.15,Lentil
83.72,56.64,74.23,26.01,83.36,5.8,198.2,Coffee
38.05,37.64,26.02,31.24,61.03,6.95,44.99,Green Gram
50.36,32.96,29.78,17.98,49.14,7.39,52.79,Linseed
64.3,25.63,65.84,20.59,62.0,7.09,61.28,Beetroot
78.25,45.1,34.94,37.02,71.6,6.28,51.39,Okra
96.44,60.18,116.18,25.09,73.1,5.7,59.88,Potato
123.68,60.29,139.71,30.87,77.43,6.71,117.58,Banana
78.45,53.45,79.11,17.83,52.36,6.26,121.3,Apple
85.44,64.84,110.43,30.91,70.54,6.69,223.34,Mango
88.37,67.98,67.38,32.66,87.08,4.9,273.52,Rubber
34.25,33.54,22.07,30.25,60.67,6.27,75.03,Cowpea
58.29,41.69,42.46,15.73,69.31,7.16,36.75,Garlic
64.42,30.03,59.52,33.69,68.35,5.97,119.02,Cashew
96.41,55.93,98.1,31.66,85.09,5.37,306.29,Rubber
54.96,36.29,61.74,32.11,65.97,6.92,128.48,Cashew
100.49,53.17,93.79,32.06,80.58,6.75,147.49,Papaya
97.22,51.19,108.93,30.0,79.18,6.24,180.5,Papaya
30.51,19.5,27.22,21.45,48.61,6.04,66.76,Lentil
99.33,62.1,92.02,21.15,69.44,6.02,145.6,Orange
113.17,56.98,87.29,26.96,74.25,6.66,212.54,Papaya
77.47,56.25,41.38,26.63,74.02,6.45,79.75,Cucumber
99.69,64.6,89.9,28.83,84.48,4.65,337.9,Rubber
100.92,44.94,101.16,32.01,59.89,6.96,148.4,Mango
56.07,36.92,27.92,27.99,47.86,6.58,72.28,Castor
55.62,37.58,60.14,20.7,55.45,6.7,37.84,Garlic
99.73,58.69,66.8,19.52,70.2,6.1,106.43,Tomato
103.31,46.43,108.02,18.58,71.99,5.21,59.69,Potato
95.87,83.77,67.97,29.71,73.86,6.08,54.35,Brinjal
25.66,36.44,30.47,26.37,52.87,5.86,72.02,Cowpea
113.56,55.28,91.36,16.81,65.07,6.65,69.97,Cabbage
40.66,34.59,19.11,22.38,45.79,6.69,127.7,Finger Millet
56.43,46.61,33.22,22.87,68.77,6.25,60.44,Cucumber
33.56,30.09,25.11,15.5,48.31,6.8,87.08,Rajma
62.11,31.05,29.48,27.13,60.16,7.23,55.72,Groundnut
38.68,32.5,34.77,16.94,70.56,6.82,61.32,Radish
106.84,75.0,95.1,26.79,64.11,5.56,200.06,Mango
75.31,42.8,28.26,24.94,50.02,6.76,94.06,Castor
78.71,34.52,59.63,25.78,67.33,6.43,88.24,Tomato
36.3,29.78,26.29,29.55,52.97,6.76,75.58,Green Gram
59.42,35.35,29.55,27.47,66.5,6.82,103.43,Soybean
74.54,28.26,41.67,19.9,42.24,7.53,61.55,Mustard
108.28,45.24,111.59,25.5,70.57,6.69,135.43,Papaya
85.13,47.4,45.22,28.12,62.14,6.7,92.04,Cucumber
103.57,48.21,57.31,27.32,88.55,6.52,180.29,Rice
81.93,31.28,82.94,29.09,74.72,5.36,246.94,Pineapple
48.01,40.23,34.31,18.99,51.17,6.57,40.25,Lentil
59.11,32.77,27.18,33.64,48.96,6.27,71.22,Pearl Millet
47.78,28.82,27.28,28.33,51.31,6.6,88.8,Foxtail Millet
35.37,43.84,21.29,24.08,62.24,7.8,108.29,Niger Seed
72.02,24.07,33.44,33.09,59.03,7.06,63.94,Pearl Millet
72.3,68.69,62.33,22.84,70.33,6.65,99.08,Tomato
71.03,35.19,28.7,28.94,44.25,7.17,42.44,Sunflower
33.87,28.76,33.46,18.57,54.54,6.99,36.14,Lentil
68.62,65.0,48.6,26.63,58.52,7.07,85.08,Chilli
76.25,48.68,37.48,14.14,55.25,7.0,57.42,Barley
51.11,34.36,29.54,31.95,58.39,7.33,105.78,Groundnut
92.08,65.98,102.9,31.15,64.43,5.94,143.4,Papaya
82.55,44.22,54.74,31.28,86.02,6.18,239.51,Rice
102.67,52.35,94.26,22.38,60.81,6.68,103.54,Grapes
70.58,39.44,41.99,24.55,64.49,7.08,37.97,Barley
80.53,66.76,82.84,22.26,80.94,5.33,235.36,Pineapple
52.26,41.31,26.53,23.28,64.06,6.18,90.66,Finger Millet
76.14,31.96,24.66,27.96,55.92,6.67,101.28,Maize
62.53,34.79,23.14,28.82,68.83,7.0,69.65,Sorghum
71.55,28.8,69.07,11.52,62.27,5.62,136.79,Apple
90.15,49.36,62.6,26.45,56.27,6.54,59.85,Onion
41.68,30.69,32.57,30.36,65.98,6.31,93.61,Black Gram
105.71,51.62,98.68,31.45,70.13,6.73,164.99,Papaya
43.67,34.61,32.61,33.96,47.75,6.97,70.88,Groundnut
54.19,37.78,25.56,29.46,50.45,6.78,74.46,Green Gram
109.86,35.07,113.32,15.37,61.37,5.68,52.78,Potato
48.75,26.7,35.78,29.43,64.67,6.54,74.16,Groundnut
73.69,75.83,66.3,30.2,55.5,6.62,83.38,Chilli
124.55,79.21,128.15,31.15,79.06,6.48,98.05,Banana
97.07,49.57,68.29,19.62,87.0,6.3,203.25,Coffee
65.84,46.28,80.63,27.25,63.07,6.38,61.25,Pomegranate
45.65,24.94,34.95,32.17,51.28,6.52,65.27,Groundnut
103.77,68.56,106.85,16.53,68.92,5.75,56.71,Potato
59.47,31.7,66.71,25.51,67.97,6.06,73.91,Bottle Gourd
112.77,53.07,50.76,22.22,65.35,6.7,74.72,Cabbage
38.35,25.56,36.57,19.6,38.15,5.94,68.73,Rajma
82.91,48.86,64.79,19.19,68.4,6.38,87.9,Cabbage
89.05,55.74,20.83,26.24,82.16,6.03,55.45,Maize
46.82,26.94,50.8,20.39,61.44,7.08,43.03,Beetroot
36.91,23.77,25.15,23.48,68.93,6.49,123.51,Soybean
35.44,28.02,32.42,29.3,66.36,6.12,85.63,Black Gram
94.04,43.4,46.47,29.4,75.74,6.35,78.9,Cucumber
94.7,49.83,83.44,26.38,70.04,6.67,204.63,Mango
78.84,63.17,62.84,33.66,65.48,5.68,77.48,Brinjal
31.88,19.15,28.64,32.29,54.52,6.24,88.45,Foxtail Millet
54.26,29.1,22.95,23.8,47.89,6.51,83.04,Green Gram
60.9,22.35,63.35,32.84,60.07,6.34,71.43,Bottle Gourd
49.96,28.0,28.78,33.48,53.84,6.79,121.1,Red Gram
41.24,33.19,35.16,21.71,53.77,5.82,40.75,Linseed
18.97,26.65,36.74,28.03,63.29,6.56,61.01,Green Gram
90.74,53.8,71.77,25.78,52.78,6.14,158.5,Apple
50.47,18.09,31.92,25.41,44.91,6.09,115.94,Foxtail Millet
34.72,27.87,35.66,26.5,60.45,6.53,126.57,Field Bean
111.27,52.19,52.23,26.48,78.04,5.5,224.73,Rice
63.19,30.21,33.41,33.25,38.91,6.97,58.73,Sorghum
35.16,29.22,30.36,31.15,53.6,6.4,56.65,Foxtail Millet
36.04,24.46,28.35,25.54,57.36,6.55,105.28,Field Bean
54.12,35.53,43.08,19.45,60.73,6.46,40.12,Radish
93.35,35.46,27.86,22.25,54.94,6.24,59.97,Wheat
73.48,43.9,44.0,18.38,87.76,5.19,238.23,Tea
95.17,39.22,34.49,15.28,66.76,6.65,68.68,Wheat
83.26,70.25,58.37,18.93,70.56,6.16,111.78,Tomato
61.76,31.71,70.9,18.55,52.93,6.53,55.98,Carrot
122.87,60.18,83.79,25.26,81.29,6.76,146.8,Banana
60.25,28.53,69.38,28.04,71.51,6.93,98.5,Pumpkin
100.0,39.79,28.44,12.05,54.16,6.33,55.34,Wheat
88.37,51.09,88.27,30.97,69.01,6.58,107.59,Papaya
98.7,67.4,97.88,18.67,65.48,5.42,58.33,Potato
70.07,35.87,72.26,26.91,78.42,6.46,81.33,Cucumber
39.34,36.57,24.14,22.03,58.3,6.43,53.1,Radish
56.54,41.58,45.54,27.27,71.0,6.4,79.3,Cucumber
79.37,50.14,54.31,20.94,77.97,6.02,75.52,Cauliflower
104.34,46.43,87.95,31.87,79.15,6.52,215.68,Arecanut
50.28,33.07,37.93,19.16,58.73,6.75,46.59,Radish
46.92,28.6,34.19,25.52,63.73,6.4,126.75,Soybean
34.57,41.81,33.86,21.07,53.98,6.71,97.21,Field Bean
67.38,46.8,74.75,18.88,67.53,6.81,119.62,Guava
90.33,44.37,75.97,27.95,77.65,5.6,207.5,Pineapple
87.05,43.04,93.43,26.19,81.33,6.69,215.82,Arecanut
78.11,46.87,29.79,17.51,56.22,6.47,42.27,Barley
67.23,32.15,26.98,24.24,48.75,6.56,61.12,Mustard
40.33,33.43,41.28,33.8,74.41,6.73,88.15,Black Gram
47.75,23.76,57.41,23.41,67.62,7.25,90.53,Pumpkin
74.43,51.36,66.95,27.86,55.33,7.22,103.72,Guava
42.4,31.77,26.68,26.09,67.09,6.38,96.72,Niger Seed
69.19,31.45,27.8,25.44,67.31,7.56,90.18,Finger Millet
88.07,37.98,28.31,23.94,53.35,6.81,52.58,Barley
69.09,50.87,74.28,25.04,90.8,4.99,141.62,Tea
127.74,66.38,111.4,28.41,76.94,6.41,169.03,Banana
49.3,28.98,30.53,26.62,47.03,5.89,65.46,Sunflower
81.53,42.71,21.9,14.11,61.19,7.07,69.01,Wheat
78.68,69.66,94.11,26.64,78.43,7.92,117.96,Mango
80.98,50.3,87.58,28.65,77.85,5.64,242.46,Litchi
31.94,27.88,27.95,29.43,62.9,7.27,57.09,Groundnut
57.99,26.74,63.05,29.69,73.06,6.59,70.21,Pumpkin
88.98,52.82,83.6,29.13,88.57,6.24,227.68,Coconut
108.79,75.38,141.01,26.92,76.79,6.36,130.46,Banana
68.28,43.16,63.18,20.87,83.29,5.82,151.08,Coffee
39.49,32.89,36.37,29.93,62.65,6.18,53.85,Kodo Millet
83.38,58.04,104.56,27.07,41.31,7.42,71.39,Pomegranate
20.81,35.97,30.49,26.8,55.96,6.78,70.77,Field Bean
91.19,39.49,39.46,21.56,63.79,6.7,85.41,Maize
74.22,45.32,80.19,26.4,75.9,4.82,268.99,Pineapple
59.08,27.66,26.39,26.99,61.26,6.17,103.99,Sunflower
67.07,59.09,52.71,17.33,70.32,6.44,43.87,Garlic
18.23,21.95,34.47,25.23,44.27,6.67,67.25,Field Bean
52.88,33.7,32.8,28.66,44.75,6.22,96.55,Foxtail Millet
53.52,20.45,50.05,20.74,59.75,6.84,61.17,Beetroot
113.49,48.53,69.42,29.86,74.88,6.46,253.33,Arecanut
117.8,71.22,107.69,25.7,58.7,6.73,151.73,Mango
54.3,31.03,29.36,27.52,59.7,7.28,72.76,Sorghum
63.77,27.53,54.75,19.88,65.6,6.32,55.38,Beetroot
78.95,63.45,56.81,25.41,66.48,6.96,88.22,Brinjal
67.86,29.09,31.02,29.64,58.51,6.33,74.8,Sunflower
78.88,50.65,87.64,32.1,68.34,6.7,218.07,Papaya
96.58,56.68,105.77,28.86,64.14,6.48,108.78,Papaya
71.72,43.45,46.83,32.29,79.31,6.96,64.41,Okra
41.97,25.35,30.01,26.12,55.7,6.65,47.75,Chickpea
94.96,30.72,31.79,21.31,57.68,7.18,57.87,Wheat
83.23,53.56,38.82,26.86,69.94,6.16,79.23,Maize
32.14,34.52,27.76,25.76,56.11,6.33,72.84,Niger Seed
82.47,54.94,90.17,29.28,78.97,6.07,176.1,Litchi
97.39,48.45,96.87,29.43,75.43,6.04,262.03,Arecanut
75.0,41.8,27.33,29.57,51.15,6.02,92.39,Maize
87.81,52.17,43.78,25.92,86.57,6.23,183.34,Rice
81.91,45.85,67.38,22.55,84.43,5.86,250.21,Coffee
100.85,47.18,28.3,12.04,53.29,6.9,78.83,Wheat
46.86,31.37,28.51,22.64,69.19,6.48,81.19,Little Millet
85.23,47.21,89.06,25.74,65.43,6.68,170.0,Mango
34.07,29.75,32.37,29.89,67.99,7.1,65.47,Black Gram
35.2,27.4,26.03,15.37,41.95,7.11,74.97,Chickpea
89.63,46.43,28.53,12.23,62.75,6.24,75.64,Wheat
72.08,25.89,26.83,27.06,48.95,7.18,52.47,Sunflower
69.02,24.14,20.63,24.92,68.84,7.72,100.84,Finger Millet
51.49,34.36,42.59,29.82,51.06,6.47,113.73,Groundnut
103.33,75.1,87.47,30.87,86.41,4.96,359.69,Rubber
101.66,58.03,54.79,22.0,76.93,5.07,195.56,Tea
97.95,48.67,45.12,29.61,67.0,6.59,181.47,Rice
34.61,33.25,30.86,31.11,50.1,6.65,50.99,Green Gram
77.58,56.06,94.27,17.89,71.26,5.74,191.23,Litchi
81.89,55.01,77.76,24.25,77.75,6.35,120.54,Brinjal
104.47,42.94,47.88,26.93,87.65,6.0,245.36,Rice
92.28,52.61,101.48,23.45,68.94,6.57,127.77,Papaya
66.85,63.06,68.67,26.68,68.39,6.48,89.12,Brinjal
111.79,71.74,60.12,19.79,70.05,6.43,137.02,Orange
45.15,26.35,28.04,17.88,56.57,6.05,55.03,Radish
141.29,70.69,137.86,28.86,79.95,6.89,146.35,Banana
39.17,27.55,27.34,17.88,71.34,6.66,66.92,Soybean
87.87,55.94,78.37,22.31,81.14,6.54,129.28,Litchi
90.22,58.68,67.41,26.57,71.69,6.44,83.07,Tomato
88.83,62.49,91.76,28.5,83.65,6.76,223.17,Coconut
43.71,37.03,28.62,28.24,56.68,6.47,92.43,Kodo Millet
100.19,33.59,86.41,20.74,78.54,5.96,257.32,Pineapple
112.64,60.59,88.63,32.18,76.96,7.12,146.4,Mango
112.75,49.45,119.58,29.68,87.66,7.01,273.8,Coconut
86.64,52.18,92.34,22.15,66.65,5.72,83.47,Pomegranate
94.83,44.53,79.56,23.91,83.87,6.07,232.22,Arecanut
46.0,31.41,51.96,29.39,63.26,6.33,172.45,Cashew
92.65,57.96,77.04,23.88,62.19,7.01,61.54,Chilli
91.18,48.0,64.82,23.85,69.01,6.21,55.03,Onion
60.85,57.3,41.26,29.94,73.68,7.1,67.23,Okra
41.37,29.92,30.18,23.4,54.01,6.48,138.07,Red Gram
95.16,49.57,47.48,27.72,90.38,6.11,224.62,Rice
106.34,47.28,105.79,26.2,84.36,7.15,161.79,Coconut
49.87,28.71,30.42,32.57,61.38,6.38,74.85,Groundnut
45.35,21.33,32.52,22.7,55.16,7.26,73.54,Linseed
35.86,28.96,29.07,25.32,44.95,6.8,46.31,Chickpea
93.91,48.16,87.99,30.25,76.73,5.89,240.11,Arecanut
91.03,40.39,74.53,23.48,81.13,5.27,302.43,Tea
24.84,20.96,24.89,17.61,54.0,7.27,36.51,Lentil
110.62,49.45,77.39,25.34,83.39,6.38,181.97,Arecanut
57.26,34.83,68.75,21.06,70.76,5.58,124.24,Coffee
107.13,49.95,99.77,33.82,77.32,6.94,250.66,Coconut
46.7,31.52,30.48,38.21,46.5,6.92,71.01,Sorghum
103.85,47.54,94.99,33.68,75.68,5.64,83.1,Mango
62.38,38.03,61.64,20.93,57.08,6.16,44.9,Carrot
65.48,41.23,80.38,18.08,58.28,6.17,113.61,Guava
32.96,27.61,27.63,32.06,59.68,7.23,81.86,Green Gram
67.81,46.77,34.0,14.07,57.89,7.07,85.15,Wheat
77.68,43.86,71.53,27.79,71.13,6.99,96.43,Guava
43.84,28.72,29.67,16.23,63.02,6.56,41.47,Radish
41.07,39.35,31.8,20.73,54.85,7.24,54.18,Peas
83.19,56.34,101.38,30.6,82.81,7.07,228.38,Coconut
52.09,23.82,33.78,29.8,47.31,7.06,80.54,Groundnut
46.26,24.29,31.96,24.79,71.05,6.9,104.41,Soybean
138.18,65.99,128.42,27.94,87.37,6.46,128.74,Banana
108.84,62.63,97.29,32.08,77.45,5.53,249.16,Coconut
103.11,54.37,94.94,28.78,85.94,6.85,229.48,Coconut
30.83,35.26,26.24,25.6,54.15,6.85,85.79,Black Gram
35.09,23.06,32.51,27.68,53.42,6.29,64.66,Red Gram
41.11,29.74,27.35,18.75,37.51,6.66,93.88,Rajma
36.8,32.5,13.92,24.36,57.22,6.67,125.45,Soybean
73.98,30.36,33.8,34.06,34.75,7.0,73.07,Sorghum
91.49,49.59,74.02,24.81,83.0,6.22,234.55,Arecanut
91.99,50.77,75.15,23.51,52.93,6.78,50.6,Pomegranate
104.72,46.05,98.34,29.7,81.14,7.13,212.35,Coconut
88.16,55.43,112.03,30.05,69.61,6.34,120.46,Papaya
61.71,41.36,30.98,28.0,61.9,7.37,102.79,Finger Millet
49.89,17.09,56.54,19.07,64.56,6.11,46.28,Carrot
54.81,31.48,28.65,18.94,56.19,6.52,45.63,Radish
81.19,27.84,63.23,25.36,66.84,6.87,55.37,Pumpkin
36.57,24.29,32.44,30.07,53.91,6.35,51.63,Sesame
41.87,32.16,39.47,21.57,46.41,6.96,85.2,Peas
60.07,29.1,29.35,26.14,61.52,7.3,81.7,Sorghum
75.16,58.33,76.74,23.74,74.5,5.14,169.09,Pineapple
96.79,42.43,67.6,28.78,58.72,6.13,180.52,Litchi
50.3,31.95,30.56,22.06,71.53,6.83,138.25,Soybean
74.63,47.47,26.69,16.53,46.11,6.23,63.26,Barley
87.31,50.3,68.65,28.49,72.71,6.33,98.2,Guava
67.81,35.42,47.98,17.49,64.77,6.73,51.13,Carrot
51.88,29.92,81.0,22.81,59.15,6.99,67.96,Beetroot
48.89,29.21,31.77,29.74,44.09,7.65,48.26,Green Gram
59.23,44.38,33.0,28.72,62.39,6.73,100.02,Okra
112.18,65.92,133.67,29.62,82.32,6.48,236.79,Banana
86.95,66.78,77.25,30.99,71.36,6.77,84.38,Brinjal
37.6,31.65,38.31,27.3,62.59,6.55,95.3,Kodo Millet
103.36,58.97,57.52,20.86,68.46,5.88,65.11,Tomato
63.03,32.0,26.5,29.16,72.82,6.54,85.06,Black Gram
70.57,45.11,83.82,28.46,74.93,5.99,202.12,Litchi
45.84,30.86,22.25,23.71,54.76,6.73,134.32,Soybean
87.18,50.84,105.12,14.4,60.08,6.49,115.92,Apple
34.36,39.07,29.84,26.22,82.14,6.42,62.48,Black Gram
52.24,34.91,61.09,30.3,72.9,6.74,75.47,Bottle Gourd
53.58,26.24,61.49,18.8,59.93,6.44,59.75,Beetroot
46.89,38.78,42.75,16.62,64.11,6.52,56.29,Beetroot
97.49,52.32,99.12,22.86,69.62,6.13,192.59,Orange
53.27,18.27,22.15,17.35,40.21,6.84,44.9,Safflower
103.71,39.5,71.25,21.86,82.41,6.34,217.46,Arecanut
27.1,33.59,29.25,26.55,66.06,6.78,111.44,Little Millet
61.68,31.84,58.19,17.97,62.44,6.98,59.42,Beetroot
47.89,20.12,33.5,27.74,60.1,6.71,105.51,Field Bean
40.91,30.57,33.21,27.46,64.09,6.39,93.1,Foxtail Millet
69.87,45.63,69.81,32.59,74.15,6.39,176.05,Litchi
74.31,41.42,57.76,19.55,62.85,6.53,71.49,Cauliflower
73.78,64.93,52.07,21.99,65.22,6.7,92.3,Tomato
40.26,33.86,34.27,26.01,40.45,6.03,50.46,Safflower
86.67,49.74,104.33,31.67,57.89,6.52,59.19,Grapes
66.67,30.03,46.88,29.47,71.5,6.26,205.81,Cashew
52.09,34.68,30.55,27.29,42.38,6.37,90.99,Sesame
63.89,20.92,56.15,32.47,68.12,6.93,102.7,Pumpkin
57.62,26.54,31.51,24.85,71.16,6.74,71.75,Sunflower
109.28,68.41,93.3,26.61,58.63,6.6,72.45,Mango
108.38,49.11,53.48,19.85,89.6,4.92,191.62,Tea
29.52,28.03,33.47,31.39,58.36,6.19,76.84,Horse Gram
45.42,28.36,28.39,28.45,52.94,6.04,114.71,Foxtail Millet
87.62,47.18,29.73,16.28,60.89,6.37,79.11,Wheat
62.25,35.27,30.03,38.54,34.49,7.22,49.93,Pearl Millet
68.34,47.23,49.1,27.31,54.91,6.62,69.19,Okra
98.53,59.58,108.2,17.36,64.4,5.81,60.04,Potato
58.77,28.54,71.97,20.37,57.89,6.53,67.42,Beetroot
115.01,45.78,98.86,32.88,60.51,7.41,86.83,Grapes
99.2,58.04,60.68,28.07,66.48,7.13,76.64,Chilli
27.79,22.27,30.43,19.92,54.1,6.62,54.43,Peas
77.51,38.28,22.1,12.6,46.26,6.22,55.95,Barley
32.75,32.8,27.29,21.46,55.23,6.57,79.77,Field Bean
58.28,28.34,41.58,23.77,71.71,6.29,56.57,Bottle Gourd
55.03,28.57,23.12,29.71,57.94,6.63,64.71,Sunflower
69.89,30.42,29.82,26.95,65.17,6.27,148.76,Finger Millet
68.29,41.74,26.15,22.01,63.09,6.7,69.58,Barley
79.29,55.95,52.2,24.01,58.87,6.39,33.69,Onion
50.36,51.29,51.9,16.5,52.54,7.36,53.33,Garlic
97.63,43.59,48.44,34.78,80.29,5.55,228.55,Rice
64.16,41.19,80.11,25.45,73.25,5.89,196.76,Pineapple
38.49,26.92,26.1,18.53,41.54,7.57,45.1,Chickpea
77.12,48.68,67.07,24.01,63.61,6.26,50.59,Onion
32.95,36.19,32.43,29.82,60.93,7.05,74.37,Red Gram
58.95,25.76,40.61,18.91,68.97,6.54,58.06,Beetroot
44.19,27.32,27.85,23.65,37.25,5.91,89.83,Kodo Millet
49.51,38.64,49.46,32.61,78.75,5.61,252.15,Cashew
61.61,35.66,56.27,25.47,63.56,7.33,48.44,Pumpkin
90.69,50.8,111.09,20.3,64.72,7.07,73.19,Grapes
92.6,52.32,55.22,31.24,69.59,6.66,169.62,Litchi
57.94,34.42,32.74,33.69,39.94,6.46,54.34,Kodo Millet
98.67,43.72,60.3,20.5,67.89,6.37,106.18,Tomato
81.87,46.57,80.24,25.76,80.72,4.95,98.01,Pineapple
52.22,28.64,30.22,26.14,60.06,7.04,74.19,Little Millet
33.22,25.87,31.9,28.6,52.09,6.77,115.29,Red Gram
76.26,48.86,53.84,28.3,73.05,6.96,65.03,Okra
103.01,39.23,27.33,26.77,56.62,6.59,77.75,Wheat
56.32,35.31,29.79,24.17,49.64,6.59,40.15,Sunflower
103.44,63.52,111.47,21.68,54.42,5.91,123.7,Orange
28.81,30.67,24.57,27.04,51.76,7.02,59.34,Foxtail Millet
29.02,24.92,21.03,32.08,60.89,6.36,84.24,Sesame
56.79,32.11,32.39,30.3,35.74,7.2,56.11,Pearl Millet
47.94,24.51,26.85,28.03,51.43,7.51,83.16,Groundnut
96.93,52.07,46.54,20.15,65.67,6.1,89.21,Cauliflower
64.95,29.48,26.98,32.71,32.97,7.04,80.72,Sorghum
44.95,25.19,32.2,26.53,55.64,6.58,96.43,Foxtail Millet
86.25,43.73,43.76,22.35,89.03,4.57,215.08,Tea
108.32,62.82,95.28,24.72,70.5,5.43,96.73,Orange
107.92,55.11,99.04,20.73,67.42,6.15,56.15,Potato
55.62,36.1,34.84,17.3,53.48,7.37,75.6,Lentil
72.69,39.8,57.4,25.38,91.22,5.27,193.44,Coffee
91.51,57.35,110.7,25.82,84.83,8.11,268.7,Coconut
21.11,35.91,26.09,34.77,59.87,7.3,77.79,Green Gram
81.77,42.77,54.76,22.6,65.12,6.74,41.24,Garlic
48.48,29.05,31.88,18.95,43.42,7.75,60.07,Linseed
106.51,61.95,61.49,18.13,65.35,6.53,55.48,Tomato
129.23,68.8,114.98,32.6,78.03,6.52,190.94,Banana
55.52,36.72,21.45,18.18,57.86,6.73,61.63,Lentil
37.99,21.7,31.16,22.62,53.55,6.77,68.67,Chickpea
106.89,53.22,98.0,30.57,65.61,6.65,129.97,Orange
28.93,22.13,24.1,18.21,47.64,7.27,52.32,Chickpea
73.39,49.96,37.22,15.2,54.89,6.75,61.07,Barley
33.29,37.44,33.94,28.54,50.89,6.84,55.27,Sesame
91.3,66.35,89.84,24.4,66.85,6.01,165.94,Papaya
86.65,54.52,60.63,24.07,61.96,6.28,50.81,Onion
100.73,59.56,95.19,32.63,69.2,7.4,197.58,Mango
33.08,20.4,29.68,27.3,46.09,6.59,75.23,Horse Gram
86.34,55.39,66.83,20.19,80.94,6.34,78.22,Cabbage
83.05,51.73,43.24,29.2,73.95,6.82,70.45,Okra
58.76,27.89,50.52,17.6,56.31,7.3,60.11,Beetroot
42.08,34.68,37.93,22.7,70.0,6.29,156.5,Finger Millet
29.17,29.64,40.18,30.43,52.21,7.35,99.4,Field Bean
106.17,58.49,75.86,18.09,69.68,6.92,76.65,Brinjal
72.65,50.5,24.95,21.14,62.98,6.59,107.33,Maize
31.4,28.78,31.92,26.68,49.76,6.76,87.04,Sesame
33.75,23.19,22.72,29.92,43.2,6.94,49.93,Safflower
106.77,66.22,72.74,16.77,51.8,6.94,94.8,Orange
41.5,31.82,32.93,26.05,61.1,6.14,87.39,Castor
70.4,43.1,47.05,22.83,56.82,6.81,31.03,Garlic
97.24,53.06,56.41,18.1,63.14,6.3,76.13,Cauliflower
119.44,52.28,104.6,30.27,81.27,7.23,241.36,Banana
90.45,40.95,43.97,26.15,68.41,6.84,122.59,Maize
31.54,26.11,26.98,27.57,48.67,5.97,77.68,Sesame
43.22,38.58,29.57,23.14,54.86,6.84,41.18,Linseed
80.78,39.71,77.79,28.06,52.67,6.55,76.59,Pomegranate
84.04,33.63,80.7,9.75,63.27,5.61,96.61,Apple
91.33,58.31,78.26,27.7,58.72,6.77,68.4,Chilli
36.66,28.11,29.12,25.82,56.6,7.24,61.35,Sesame
59.28,30.49,55.31,16.78,49.51,6.52,31.87,Carrot
37.56,27.11,34.38,28.12,49.32,6.54,71.84,Pearl Millet
44.92,24.88,30.76,32.28,65.71,7.09,106.03,Black Gram
80.96,60.63,42.66,25.21,76.29,6.61,89.0,Tomato
31.2,32.14,27.26,14.85,56.78,6.52,64.28,Peas
99.42,57.0,65.49,26.18,84.84,6.0,230.86,Arecanut
81.8,43.74,94.85,29.04,90.08,7.28,178.62,Litchi
96.06,52.69,87.95,23.96,60.39,6.98,69.48,Grapes
107.64,57.64,106.99,27.74,69.92,6.14,140.96,Papaya
97.72,77.99,72.73,24.86,80.89,7.3,142.17,Orange
53.75,32.07,31.43,25.37,67.12,7.12,113.43,Finger Millet
55.41,27.78,26.87,17.54,41.48,6.27,70.7,Linseed
74.67,48.17,22.61,26.4,63.38,6.52,136.74,Maize
24.52,30.47,33.29,31.11,44.62,5.99,52.46,Horse Gram
73.16,51.52,65.79,25.87,81.82,5.79,174.5,Coffee
41.66,29.32,25.59,19.74,61.78,6.92,47.21,Radish
110.38,74.56,82.7,29.75,89.82,6.06,304.01,Rubber
85.84,52.84,98.79,28.99,79.13,6.49,187.64,Arecanut
76.91,59.16,72.1,24.14,79.68,5.7,89.18,Brinjal
70.33,59.23,70.42,22.78,72.47,6.58,84.46,Tomato
57.54,49.85,84.82,16.4,67.12,6.1,119.68,Guava
31.95,26.27,31.53,31.85,57.06,6.63,64.58,Cowpea
40.77,33.46,32.8,23.88,44.76,5.36,86.01,Little Millet
81.0,39.28,85.58,9.31,65.78,6.09,110.82,Apple
36.12,21.67,29.63,21.06,55.99,6.7,63.32,Safflower
69.25,49.99,91.43,9.37,62.23,6.29,122.82,Apple
95.85,42.62,54.65,25.71,96.94,6.17,157.39,Rice
60.18,30.43,34.49,28.13,57.21,6.8,118.63,Finger Millet
85.91,42.41,33.87,19.95,54.71,6.51,54.84,Barley
57.55,32.5,46.07,21.76,56.86,5.99,50.84,Carrot
52.8,29.08,40.83,25.73,65.59,6.23,120.26,Finger Millet
81.6,50.73,81.19,18.63,68.76,6.76,65.33,Cabbage
49.5,31.31,49.17,22.62,75.84,6.51,75.86,Pumpkin
59.31,29.94,32.67,30.88,61.11,6.81,93.38,Black Gram
81.28,17.52,30.74,28.86,48.55,6.89,53.27,Sunflower
26.9,34.81,31.36,25.92,53.68,5.94,70.11,Cowpea
95.87,67.23,65.13,29.37,57.72,6.35,85.55,Chilli
103.16,49.66,44.96,22.3,89.53,6.17,172.24,Rice
60.98,35.51,80.28,27.24,68.59,6.36,82.28,Bottle Gourd
40.44,28.93,37.08,25.71,53.65,5.68,95.97,Niger Seed
64.86,52.35,31.62,26.94,67.93,6.27,68.39,Cucumber
98.22,53.49,91.52,28.92,74.4,6.41,244.06,Arecanut
112.86,44.4,59.86,27.14,63.7,6.54,87.96,Tomato
95.74,50.18,58.87,27.58,82.69,6.08,209.54,Arecanut
40.5,35.19,27.92,27.11,42.5,6.64,125.16,Red Gram
128.59,73.12,127.94,30.12,76.49,6.02,132.5,Banana
78.33,49.83,79.42,24.58,42.16,6.22,62.06,Pomegranate
81.24,35.52,70.88,21.88,58.9,7.08,52.49,Garlic
35.96,29.97,19.53,30.05,59.08,6.28,66.3,Cowpea
80.3,39.22,31.14,18.76,50.13,5.87,42.38,Wheat
29.69,31.11,21.63,21.94,48.71,6.96,107.5,Niger Seed
55.61,32.72,69.67,20.24,48.22,7.26,50.87,Beetroot
95.49,36.5,74.61,31.55,72.54,6.45,102.32,Guava
112.64,68.72,96.33,22.88,76.46,5.89,59.58,Potato
96.03,61.51,110.86,33.67,54.1,7.01,155.14,Mango
103.27,72.73,91.53,27.46,77.76,6.42,139.91,Papaya
68.22,25.58,29.73,37.86,61.55,6.24,109.93,Castor
93.02,70.89,101.16,31.33,77.72,6.16,119.0,Papaya
69.26,21.49,67.37,14.24,58.52,6.94,53.58,Beetroot
54.22,27.46,30.76,18.9,52.72,7.12,58.17,Mustard
54.53,26.37,28.9,16.1,38.39,7.22,41.91,Linseed
62.28,24.87,64.78,32.16,68.34,6.9,57.39,Pumpkin
38.46,34.03,32.18,28.48,52.8,7.08,53.3,Kodo Millet
93.89,44.68,61.98,24.97,76.11,5.01,245.79,Tea
63.7,55.7,44.44,28.58,63.32,6.84,73.02,Okra
44.92,25.67,37.0,24.82,59.16,5.81,77.16,Little Millet
110.88,49.74,110.44,22.14,78.2,5.06,73.58,Potato
78.8,45.68,36.31,30.94,75.21,5.97,85.48,Maize
35.75,39.34,35.45,28.46,41.44,6.12,99.19,Cowpea
38.73,24.77,27.31,35.24,60.59,7.1,58.37,Green Gram
58.67,27.61,38.06,19.78,47.19,6.84,53.72,Mustard
65.02,30.13,34.57,28.15,44.04,6.85,72.0,Sorghum
66.32,63.96,63.93,28.0,63.09,6.53,81.61,Tomato
104.71,42.03,83.12,30.96,89.8,5.66,285.75,Rubber
71.8,47.34,71.77,30.96,52.83,6.59,111.3,Guava
109.41,56.0,55.64,19.16,69.7,6.68,51.13,Cauliflower
37.69,38.64,32.53,28.28,53.71,5.82,91.55,Cowpea
108.87,45.97,102.88,27.94,80.55,5.74,281.63,Coconut
28.93,31.55,34.15,32.01,50.26,6.05,68.36,Cowpea
65.24,36.25,28.03,20.04,65.91,6.96,55.24,Radish
85.8,54.31,60.18,24.03,75.32,4.69,238.54,Tea
39.11,17.13,37.21,20.6,59.93,6.94,71.41,Radish
43.78,40.4,35.35,22.5,56.52,7.43,80.68,Niger Seed
36.1,30.54,26.62,25.7,50.02,5.65,73.6,Horse Gram
89.79,29.01,57.41,20.29,76.32,5.79,211.42,Coffee
109.79,55.95,104.5,29.49,78.08,7.01,152.75,Banana
58.76,35.76,69.46,16.3,63.03,6.98,76.47,Beetroot
83.23,41.27,72.73,29.84,61.45,7.01,64.81,Pomegranate
50.65,28.66,30.56,16.92,49.18,6.82,75.97,Lentil
63.03,25.04,38.54,25.03,33.06,6.91,79.77,Sunflower
43.39,25.81,30.68,24.4,57.48,6.4,110.73,Little Millet
56.62,22.99,28.56,27.45,41.84,7.33,58.94,Sorghum
112.02,46.54,66.39,18.4,66.14,6.25,65.7,Cauliflower
55.72,34.54,26.52,25.15,54.76,6.42,31.45,Radish
103.13,52.79,75.35,26.32,87.84,6.16,203.09,Arecanut
93.19,44.98,42.29,14.37,46.91,6.84,71.02,Wheat
46.75,23.09,58.48,18.19,59.08,6.42,79.62,Beetroot
51.31,24.82,34.82,27.13,53.45,7.77,52.8,Pearl Millet
29.3,33.54,30.51,28.76,44.8,7.34,126.87,Red Gram
86.34,44.16,55.11,20.22,81.78,5.07,188.38,Tea
43.93,24.53,23.4,31.13,53.93,7.15,82.84,Green Gram
56.76,23.68,33.28,25.55,62.97,6.45,61.87,Sunflower
28.15,28.21,18.88,21.59,48.84,7.67,40.91,Chickpea
77.37,54.0,90.59,29.22,82.33,6.47,123.26,Litchi
87.87,50.33,68.09,21.42,65.85,6.57,55.12,Onion
40.56,29.93,34.42,23.03,50.17,6.24,40.12,Linseed
67.44,25.43,61.28,25.98,68.72,5.93,147.97,Cashew
77.91,48.28,47.74,31.05,69.97,6.97,83.42,Cucumber
64.4,29.83,52.0,26.0,69.43,6.81,64.62,Okra
83.49,58.85,89.61,24.61,89.45,5.37,280.27,Rubber
92.03,64.26,64.59,24.76,70.8,6.72,90.05,Tomato
83.17,49.24,41.54,33.75,88.75,6.02,249.59,Rice
50.13,32.16,32.81,28.31,45.09,7.28,53.06,Pearl Millet
28.26,27.88,30.05,23.63,38.44,6.95,73.68,Lentil
46.4,33.11,32.29,31.5,51.69,6.14,84.28,Foxtail Millet
77.44,39.08,94.68,29.94,68.62,6.8,106.27,Guava
46.58,23.18,28.13,29.57,59.99,5.86,122.97,Foxtail Millet
64.58,32.6,30.27,32.36,50.35,7.23,78.37,Sorghum
59.85,29.84,30.64,25.94,58.85,7.12,52.88,Castor
95.14,60.38,60.24,36.45,84.7,6.02,200.48,Rice
91.71,69.54,106.02,20.76,74.29,6.29,120.79,Orange
90.13,44.84,34.47,11.88,61.67,6.06,82.91,Wheat
27.15,24.29,29.9,28.3,44.61,6.94,65.22,Groundnut
53.53,31.4,52.94,25.47,70.7,7.22,108.2,Pumpkin
40.65,22.76,30.55,21.32,52.28,6.67,55.21,Radish
77.11,35.37,69.64,23.82,55.7,7.35,74.24,Pomegranate
63.61,45.15,24.61,30.22,63.05,7.01,86.35,Sorghum
58.7,47.77,77.98,21.91,58.17,6.49,87.66,Pomegranate
99.45,33.99,93.44,30.3,71.86,6.78,124.32,Papaya
100.84,44.35,98.02,29.72,87.43,5.79,204.8,Coconut
47.83,27.45,32.08,32.77,60.06,6.93,97.83,Castor
28.88,29.9,32.24,28.41,50.95,5.93,59.12,Horse Gram
43.11,25.47,31.37,29.1,57.59,5.56,80.89,Kodo Millet
98.93,52.74,40.6,19.91,67.15,6.09,71.79,Cabbage
63.54,25.38,27.81,25.61,42.0,6.74,38.58,Mustard
66.1,16.59,49.73,28.87,69.6,6.73,73.63,Bottle Gourd
65.37,30.08,42.86,19.54,60.8,5.99,52.47,Carrot
36.01,25.46,26.81,21.03,65.48,5.99,69.44,Rajma
29.22,22.15,31.41,26.05,42.58,6.59,80.78,Green Gram
34.17,29.89,26.72,25.72,51.84,6.28,122.57,Red Gram
42.38,32.6,31.2,29.67,60.76,7.07,43.41,Green Gram
24.23,33.53,36.0,23.34,52.18,6.04,87.03,Kodo Millet
50.76,25.03,65.11,23.05,62.93,6.53,42.54,Carrot
32.15,29.51,36.9,21.67,57.32,7.36,92.12,Niger Seed
74.17,49.27,94.98,28.71,49.21,6.97,120.45,Guava
91.86,51.19,75.49,29.96,92.03,6.03,283.76,Rubber
25.25,34.12,36.68,31.54,45.25,5.99,80.88,Cowpea
76.94,43.14,85.97,24.82,44.15,7.0,61.51,Pomegranate
45.45,23.32,20.79,19.06,45.57,6.97,82.63,Safflower
108.73,51.42,60.46,28.3,79.0,5.12,153.21,Tea
50.78,34.15,33.77,21.57,45.47,7.06,26.6,Safflower
88.45,52.87,99.63,20.63,84.95,6.16,147.48,Pineapple
70.86,28.36,23.56,34.07,35.76,7.2,71.4,Sorghum
54.76,25.0,67.64,29.47,67.83,6.75,102.19,Pumpkin
52.86,15.39,25.56,27.52,46.05,6.62,104.46,Sunflower
32.4,31.91,26.94,13.67,54.45,6.55,61.47,Peas
75.19,32.29,85.52,26.46,67.34,6.51,158.39,Litchi
86.97,43.9,98.4,31.29,87.96,7.0,197.64,Coconut
111.1,49.77,46.51,24.27,68.55,6.27,74.31,Cauliflower
38.06,29.04,31.9,22.57,68.41,6.16,45.51,Niger Seed
48.73,35.67,25.86,27.52,49.07,7.41,54.63,Pearl Millet
35.62,23.14,24.58,25.01,56.07,6.58,86.02,Niger Seed
48.73,30.01,33.9,20.49,55.44,7.54,44.0,Chickpea
39.25,17.36,29.04,26.87,54.73,6.05,108.49,Little Millet
77.63,25.52,56.07,33.45,69.28,6.79,100.56,Pumpkin
50.02,26.17,28.8,28.58,49.9,6.02,95.63,Little Millet
39.14,34.38,33.05,29.5,69.88,6.86,68.97,Green Gram
27.3,29.65,34.74,23.74,59.18,5.93,61.22,Horse Gram
75.72,34.96,83.63,28.75,72.66,5.42,219.11,Pineapple
50.13,32.04,25.19,25.64,66.1,6.5,68.0,Foxtail Millet
98.21,83.86,116.65,25.14,63.88,6.76,114.02,Papaya
64.45,33.52,70.83,34.19,70.8,6.18,87.9,Pumpkin
109.61,39.63,85.21,32.19,86.4,6.31,179.6,Arecanut
56.08,33.4,29.43,21.13,60.14,6.82,57.3,Sunflower
51.39,29.64,47.67,29.52,65.69,6.72,71.87,Bottle Gourd
60.3,30.68,26.59,33.44,55.27,6.48,75.67,Pearl Millet
66.07,40.39,50.27,33.62,65.8,6.9,61.03,Okra
79.18,50.44,36.76,30.54,64.34,7.1,103.58,Maize
87.84,67.95,105.12,24.93,78.0,7.39,149.61,Orange
90.94,51.49,67.21,19.06,66.45,6.56,57.89,Cauliflower
39.84,24.28,26.62,22.03,67.33,7.05,87.26,Field Bean
101.23,49.29,83.63,25.17,80.47,6.0,174.75,Arecanut
103.34,76.4,118.12,30.82,72.78,6.29,130.14,Papaya
35.82,29.72,28.75,23.24,39.31,6.76,64.91,Horse Gram
60.5,38.79,43.22,18.92,59.75,6.19,39.63,Garlic
99.43,39.64,85.84,31.27,93.37,7.05,213.45,Coconut
97.3,66.93,138.31,23.27,73.75,7.23,152.0,Banana
95.9,59.73,46.22,22.99,73.72,6.38,76.11,Tomato
25.35,38.69,27.11,28.64,67.2,6.6,71.43,Black Gram
39.68,27.78,28.16,27.44,52.47,6.29,82.24,Foxtail Millet
65.34,34.82,75.73,27.68,78.8,5.18,138.25,Pineapple
23.94,31.87,29.8,25.34,47.38,5.56,83.9,Cowpea
55.38,31.43,34.5,23.94,55.74,6.46,71.97,Groundnut
81.02,45.35,99.86,6.35,57.27,5.67,72.47,Apple
65.78,44.62,32.0,24.04,69.97,7.45,105.46,Maize
92.2,47.66,77.5,29.61,70.45,6.44,136.48,Guava
36.85,32.18,32.19,22.15,45.37,6.23,51.44,Linseed
41.28,34.97,28.81,19.6,55.92,7.29,42.72,Radish
77.08,49.02,91.97,29.37,61.02,6.57,130.23,Guava
84.48,68.41,89.24,21.01,72.91,6.07,63.0,Potato
60.68,24.97,46.9,25.21,68.17,5.99,161.83,Cashew
105.23,62.48,99.05,30.39,78.01,5.63,304.81,Rubber
113.84,65.49,83.69,31.23,69.32,5.91,150.79,Mango
37.74,19.74,27.54,32.2,67.18,6.84,74.34,Green Gram
25.81,34.97,21.96,30.42,57.88,6.4,60.95,Sesame
62.01,19.67,23.51,22.58,45.55,6.22,36.27,Mustard
45.7,28.98,28.64,28.94,73.95,6.36,107.04,Black Gram
30.74,34.92,27.63,26.09,64.87,7.36,66.02,Niger Seed
71.44,46.8,71.74,33.18,83.85,6.05,206.59,Litchi
95.62,67.58,55.77,26.86,54.6,6.72,85.33,Chilli
76.83,46.17,69.91,26.57,60.58,6.57,137.96,Apple
83.1,49.55,59.9,19.54,67.22,6.65,71.91,Cabbage
70.2,22.27,50.22,30.81,71.08,7.26,57.75,Pumpkin
101.04,51.98,57.07,16.06,76.0,6.67,82.34,Cauliflower
97.25,55.33,83.58,25.32,79.29,6.5,227.21,Arecanut
64.09,32.08,31.38,25.42,53.05,6.14,67.66,Castor
97.47,40.35,86.04,22.46,76.78,6.11,159.83,Litchi
69.87,59.43,70.85,26.83,64.13,5.68,115.16,Orange
74.91,45.75,60.96,21.84,59.3,7.31,43.03,Garlic
66.96,30.97,23.25,28.45,46.76,6.95,64.56,Pearl Millet
28.99,22.81,29.26,28.65,45.88,6.95,92.07,Horse Gram
54.6,29.94,50.21,24.47,73.35,7.38,59.06,Bottle Gourd
73.4,49.25,95.42,29.11,81.85,5.46,253.0,Pineapple
28.8,41.14,36.01,23.22,46.43,7.07,49.16,Safflower
61.1,39.99,38.83,31.53,74.86,6.96,52.27,Cucumber
46.45,42.9,30.88,16.14,55.85,6.43,99.39,Rajma
57.75,32.6,54.65,21.09,59.52,6.44,51.44,Carrot
48.5,25.25,30.23,15.59,48.94,6.77,68.47,Lentil
71.95,26.54,19.36,14.56,47.56,7.16,59.41,Mustard
112.58,62.65,116.27,28.71,74.03,6.55,185.71,Papaya
49.44,33.37,31.52,18.32,56.02,6.26,74.48,Peas
78.63,58.9,32.51,28.22,64.07,6.66,103.5,Maize
40.31,28.61,35.23,32.62,62.62,5.2,86.06,Sesame
131.32,48.4,93.89,24.14,83.7,6.06,235.11,Arecanut
48.33,27.99,34.58,20.6,63.04,6.73,75.32,Kodo Millet
56.47,24.99,27.03,29.71,53.02,5.58,89.59,Finger Millet
71.83,37.63,39.25,16.96,60.14,7.22,52.79,Barley
41.46,25.89,33.39,23.32,58.52,6.39,102.5,Little Millet
88.74,63.3,58.1,28.9,81.12,6.54,102.91,Tomato
60.76,32.15,20.15,31.27,51.56,6.81,60.11,Sorghum
76.24,43.17,52.35,20.41,58.32,6.68,47.22,Garlic
64.67,62.22,78.04,20.93,49.28,6.36,39.98,Garlic
21.73,29.75,33.77,36.78,58.87,5.63,91.68,Cowpea
90.56,26.47,63.4,25.8,85.41,5.4,189.33,Coffee
74.2,40.06,43.34,22.73,73.69,6.69,66.23,Okra
28.91,24.57,29.98,27.63,45.87,6.27,79.18,Horse Gram
31.09,14.54,33.16,13.21,43.3,6.73,37.87,Peas
92.52,41.91,77.92,27.58,87.12,6.49,191.99,Litchi
87.26,53.56,57.64,22.92,70.35,5.41,91.95,Brinjal
47.57,29.62,32.75,24.61,45.7,7.08,94.15,Field Bean
39.14,18.16,28.3,28.22,57.83,6.7,71.3,Cowpea
84.2,42.95,50.21,22.31,72.02,7.14,72.97,Okra
56.61,30.33,67.22,26.65,73.4,6.65,68.41,Bottle Gourd
36.99,37.89,30.83,19.33,56.46,6.44,69.09,Lentil
51.6,32.63,29.24,24.85,69.77,6.63,149.1,Finger Millet
71.21,43.17,43.43,29.64,73.58,6.82,89.75,Cucumber
50.46,25.39,67.47,20.47,68.62,6.57,79.8,Bottle Gourd
73.9,34.06,53.39,22.32,64.5,6.43,64.56,Okra
30.23,19.21,36.89,28.31,44.24,7.31,50.75,Horse Gram
102.24,56.03,77.58,29.88,75.15,6.81,205.83,Arecanut
53.99,38.49,38.14,24.01,63.48,6.58,47.76,Okra
55.77,27.52,34.87,16.56,39.2,6.86,52.38,Mustard
46.55,36.4,36.52,28.62,51.59,6.73,119.7,Red Gram
115.89,45.41,87.6,23.99,79.02,6.13,271.31,Arecanut
47.89,29.73,37.87,22.31,49.22,6.23,65.78,Safflower
43.15,38.15,26.56,26.21,58.05,6.13,83.77,Niger Seed
34.55,22.96,19.89,21.57,53.03,6.67,98.25,Safflower
68.54,58.66,83.67,26.34,74.21,6.35,92.41,Brinjal
76.34,33.16,31.56,35.02,37.85,7.04,72.55,Sorghum
72.08,38.14,50.87,23.48,81.08,6.07,183.34,Coffee
40.59,27.88,31.6,20.96,48.26,7.17,60.51,Safflower
58.79,43.55,37.1,29.13,64.19,7.24,67.54,Okra
22.71,32.02,23.82,26.28,62.15,5.96,60.15,Cowpea
45.55,25.79,37.18,25.34,63.13,6.72,100.45,Soybean
89.77,47.27,114.9,19.24,75.51,5.51,64.05,Potato
55.07,26.31,54.11,17.51,64.38,6.61,50.89,Carrot
39.63,32.98,30.72,27.13,53.47,6.74,50.05,Kodo Millet
63.42,25.74,25.42,26.48,68.6,6.29,92.12,Soybean
24.65,30.65,36.59,26.16,62.12,6.69,68.73,Field Bean
59.29,26.0,31.77,30.09,67.98,6.38,108.43,Finger Millet
18.88,29.55,24.74,25.92,56.0,6.93,51.66,Green Gram
110.05,42.9,79.87,28.18,65.08,7.05,72.04,Grapes
73.82,34.98,19.22,32.57,45.71,7.52,50.78,Sorghum
50.65,18.69,27.78,30.91,64.05,6.55,101.66,Black Gram
46.56,27.32,36.75,28.97,52.42,6.12,94.63,Black Gram
109.33,53.05,62.43,15.97,63.49,6.72,58.0,Cabbage
60.72,29.68,26.96,35.16,57.9,7.6,91.4,Sorghum
89.67,72.73,94.63,29.21,55.76,7.12,129.41,Mango
62.37,51.6,89.77,20.25,74.35,5.95,121.63,Guava
44.1,25.61,33.83,26.43,52.49,6.84,101.6,Red Gram
44.71,34.87,38.37,31.6,72.96,6.97,88.7,Black Gram
61.63,31.39,70.35,20.34,65.82,6.26,52.49,Carrot
58.38,32.51,31.46,28.51,45.03,6.41,65.81,Sunflower
54.35,28.83,50.82,11.73,60.3,6.48,37.73,Carrot
96.01,38.02,102.5,31.23,88.2,6.69,188.57,Coconut
114.63,54.02,51.41,21.41,84.33,5.39,203.13,Rice
40.98,28.16,35.79,21.09,47.8,6.12,78.57,Rajma
100.34,55.79,111.03,24.29,72.61,6.18,238.99,Mango
112.46,53.63,87.91,26.74,63.61,6.5,115.01,Papaya
43.26,29.98,30.31,31.54,66.48,6.18,61.91,Cowpea
40.47,42.53,25.53,26.46,47.31,7.08,68.98,Sunflower
66.09,37.07,33.72,23.56,32.08,6.81,125.11,Maize
68.19,34.07,61.0,29.03,68.96,6.24,135.5,Cashew
66.83,37.76,69.32,19.59,62.93,6.61,40.4,Carrot
53.44,28.45,34.46,30.24,51.13,7.32,80.67,Castor
89.68,52.73,38.34,30.0,75.38,6.29,71.11,Brinjal
62.48,38.91,53.23,25.52,68.8,6.87,162.88,Cashew
60.33,34.64,29.49,24.59,52.05,7.1,106.68,Little Millet
102.98,45.82,59.48,29.42,65.56,6.56,91.09,Chilli
96.38,50.65,59.86,28.86,77.68,4.72,273.25,Tea
78.35,40.62,37.64,25.92,70.78,6.68,122.13,Maize
65.83,31.62,54.62,30.8,73.42,6.7,73.53,Bottle Gourd
60.79,54.58,64.59,19.87,66.85,6.09,92.25,Cauliflower
85.39,54.45,72.6,30.21,81.76,4.74,258.17,Rubber
95.02,54.03,66.51,26.11,81.86,6.46,234.15,Arecanut
86.71,33.7,84.85,12.49,61.98,6.28,119.01,Apple
39.42,30.09,34.89,22.77,60.32,6.66,47.26,Radish
35.14,29.8,24.18,19.16,65.58,6.61,102.73,Rajma
36.75,35.06,31.36,24.72,60.39,6.04,89.63,Foxtail Millet
70.77,39.43,29.92,33.28,67.95,6.92,100.03,Maize
80.97,37.38,71.87,21.53,58.59,7.08,55.93,Garlic
47.52,27.16,32.93,20.65,41.41,6.41,51.21,Mustard
38.39,33.87,20.95,25.82,50.72,5.91,121.98,Little Millet
85.63,45.34,66.46,31.44,77.71,6.46,121.79,Litchi
100.74,48.97,76.38,23.51,64.5,5.99,60.88,Pomegranate
59.37,26.33,31.71,27.45,71.39,5.9,80.91,Red Gram
39.22,23.91,31.31,26.88,57.74,5.83,80.5,Kodo Millet
80.49,43.66,73.99,18.85,63.53,5.91,82.49,Apple
35.51,35.11,31.86,27.86,50.24,7.13,71.92,Green Gram
56.07,23.76,30.6,23.42,50.32,6.64,79.6,Safflower
50.16,28.72,27.25,29.34,70.62,6.55,120.47,Soybean
79.52,73.78,86.48,29.62,70.81,5.05,266.56,Rubber
71.43,40.35,49.17,26.26,60.53,7.14,52.3,Okra
91.79,64.51,66.19,20.7,74.54,6.41,99.38,Cauliflower
100.32,66.76,139.57,31.32,87.06,6.73,110.81,Banana
39.26,30.15,27.76,24.21,48.1,6.29,111.22,Field Bean
62.2,36.53,29.72,28.02,60.48,7.04,92.33,Foxtail Millet
48.78,40.14,26.63,22.02,60.36,6.15,54.59,Lentil
43.31,38.65,29.87,27.23,57.12,6.44,101.63,Foxtail Millet
112.69,52.11,62.19,16.55,78.16,6.87,91.23,Cauliflower
90.65,39.36,33.04,19.2,45.2,7.31,63.71,Barley
93.66,52.23,73.86,30.81,65.37,7.09,89.21,Chilli
75.14,31.44,34.22,12.82,64.21,6.86,70.08,Wheat
81.03,47.09,29.0,20.37,58.23,6.81,48.34,Barley
112.92,60.2,119.92,16.52,83.38,5.55,54.0,Potato
44.1,29.83,31.79,13.66,52.1,6.91,63.79,Peas
13.23,31.28,29.48,22.16,52.8,6.4,83.81,Rajma
103.47,71.87,104.79,28.65,74.9,6.53,110.93,Papaya
43.29,30.02,34.58,20.29,55.29,6.79,45.63,Linseed
63.72,27.64,25.79,28.46,57.44,7.03,137.82,Finger Millet
101.29,54.37,60.56,23.02,63.61,6.42,58.52,Cauliflower
43.89,29.95,32.93,19.05,49.69,7.48,66.69,Chickpea
61.91,34.77,27.21,31.67,52.67,7.67,75.4,Red Gram
79.4,37.15,36.05,30.36,75.62,7.27,59.32,Pumpkin
96.63,46.53,43.11,15.39,70.98,6.57,61.46,Cauliflower
46.72,29.85,32.1,31.46,34.69,7.58,39.43,Pearl Millet
54.31,26.49,34.58,25.31,48.84,6.75,64.99,Foxtail Millet
96.54,64.79,52.8,23.77,72.13,6.49,80.75,Tomato
42.37,28.37,40.45,26.54,52.72,6.91,81.56,Field Bean
33.29,28.57,27.25,19.51,55.35,6.19,88.17,Rajma
53.35,32.32,35.57,27.54,67.95,6.35,146.69,Soybean
53.22,33.93,33.14,23.7,47.91,7.14,45.83,Safflower
66.2,26.61,53.41,18.13,52.21,7.36,71.41,Beetroot
66.01,31.98,31.57,22.08,51.83,6.56,88.41,Sunflower
116.26,78.01,109.66,21.6,58.07,5.42,51.18,Potato
84.44,63.48,51.98,26.2,52.85,7.55,68.85,Chilli
130.39,64.64,123.24,30.02,83.96,6.66,219.86,Banana
84.06,44.73,35.52,22.3,82.89,5.82,190.9,Coffee
45.89,30.65,29.91,26.4,62.35,6.29,73.73,Castor
101.59,39.98,52.1,27.16,92.63,6.48,292.83,Rice
111.5,73.21,132.44,28.94,62.12,6.5,128.86,Papaya
87.55,51.9,84.02,22.06,71.47,6.72,78.44,Tomato
42.24,35.74,24.07,24.88,50.61,7.39,66.05,Safflower
26.36,27.09,34.92,16.74,54.19,6.59,64.18,Rajma
94.94,49.9,44.8,23.59,69.05,6.78,62.55,Cauliflower
44.1,34.54,31.36,31.24,66.61,6.67,90.59,Black Gram
32.49,33.64,30.0,18.85,56.86,5.79,50.49,Peas
50.93,29.58,35.64,19.18,41.78,7.32,42.68,Linseed
54.43,31.87,26.15,22.34,46.69,6.72,41.34,Lentil
36.76,35.83,37.59,28.77,65.82,6.0,81.17,Black Gram
36.56,33.98,24.39,25.95,62.24,6.37,84.6,Niger Seed
74.43,33.57,34.19,28.91,79.29,6.38,110.37,Finger Millet
103.38,64.55,69.66,27.21,83.68,6.19,326.28,Rubber
93.46,53.19,45.53,32.69,81.98,6.45,252.63,Rice
56.22,20.84,30.22,20.97,58.92,7.57,57.32,Radish
42.48,25.44,28.72,20.3,59.14,6.92,54.09,Safflower
102.89,62.06,113.07,18.13,74.59,5.82,58.99,Potato
49.79,26.46,27.14,30.47,85.17,7.04,72.32,Black Gram
59.49,50.95,72.91,21.64,61.51,6.28,143.05,Apple
97.28,54.77,69.63,26.64,58.42,7.05,91.27,Chilli
57.39,27.12,21.04,28.21,35.99,7.25,83.88,Pearl Millet
32.69,33.31,38.56,25.89,53.85,6.68,93.9,Niger Seed
62.9,34.83,26.36,35.68,54.27,7.14,72.68,Sorghum
39.17,26.9,23.54,22.79,40.2,6.76,45.54,Lentil
41.63,18.03,36.75,27.67,54.13,6.98,77.33,Sunflower
40.77,22.64,35.88,29.32,62.17,7.51,93.09,Foxtail Millet
66.65,59.68,61.12,17.63,67.86,6.28,55.65,Onion
93.6,52.79,45.38,22.49,73.25,4.68,235.14,Tea
72.08,32.79,74.07,28.96,65.12,6.39,97.9,Cashew
66.09,36.79,77.87,24.91,75.56,7.01,102.6,Bottle Gourd
81.41,68.56,87.25,27.28,66.51,7.24,174.21,Orange
62.56,39.54,27.31,22.12,54.97,6.42,75.84,Sunflower
63.55,26.35,29.52,23.75,76.72,6.44,91.35,Finger Millet
61.43,35.95,23.61,26.34,57.79,6.79,92.14,Finger Millet
83.17,50.17,68.61,24.88,59.5,6.6,68.31,Onion
64.04,18.11,65.95,23.35,63.96,6.95,74.46,Pumpkin
66.67,15.63,55.73,26.28,62.67,6.47,86.01,Bottle Gourd
42.83,27.89,34.22,32.18,52.77,6.22,87.12,Groundnut
61.83,30.71,63.47,31.46,81.16,6.54,194.02,Cashew
55.26,30.26,30.66,30.23,58.34,6.99,52.43,Groundnut
19.17,25.13,17.65,27.36,63.78,6.19,89.3,Cowpea
53.91,32.85,46.75,30.79,69.68,6.39,70.19,Pumpkin
92.87,57.89,72.87,19.67,84.27,4.64,256.91,Tea
79.03,50.8,102.49,17.87,74.34,5.51,56.95,Potato
18.34,30.31,24.66,22.4,65.9,6.56,87.8,Soybean
105.14,60.61,104.79,27.89,57.88,7.9,152.77,Mango
93.54,49.62,91.19,32.17,78.05,6.76,176.24,Papaya
105.18,62.78,106.13,25.84,66.67,6.71,209.41,Mango
102.8,50.71,59.18,18.61,65.58,6.85,77.88,Cabbage
84.24,50.65,41.78,22.44,53.64,6.8,85.81,Maize
31.87,33.06,32.01,14.09,50.91,7.61,58.6,Peas
76.55,40.24,38.19,27.67,64.04,6.69,70.27,Okra
75.8,38.06,88.76,7.81,55.73,6.35,105.42,Apple
106.25,72.71,138.15,25.16,74.15,6.66,138.99,Banana
100.22,56.64,53.43,27.61,84.85,5.57,263.45,Rice
104.34,45.54,114.99,34.23,69.34,6.22,262.33,Coconut
131.41,75.0,122.23,32.47,79.99,6.37,139.12,Banana
34.5,40.81,21.34,28.26,62.77,6.35,111.86,Niger Seed
85.52,52.16,76.11,28.13,62.34,6.17,171.83,Litchi
41.01,36.16,36.58,20.25,55.49,6.8,30.54,Lentil
81.2,40.44,50.96,22.57,71.24,6.56,101.3,Tomato
73.65,72.13,66.21,28.49,61.85,7.06,69.29,Chilli
37.25,28.39,23.2,26.66,54.68,6.05,85.9,Cowpea
40.24,17.59,29.97,23.92,56.91,6.2,90.4,Little Millet
62.03,28.55,51.43,29.24,67.35,6.3,70.69,Bottle Gourd
120.94,58.34,118.42,31.2,87.46,6.98,119.49,Banana
104.07,57.06,74.56,31.42,58.77,6.9,66.75,Chilli
62.55,30.47,56.71,19.05,58.69,6.35,34.07,Carrot
53.39,27.36,40.0,16.76,52.15,6.54,37.39,Mustard
38.36,27.46,32.59,17.98,57.96,6.39,44.59,Peas
68.64,25.88,31.53,31.37,50.09,7.28,68.53,Sorghum
37.53,31.03,30.24,30.2,42.22,6.71,111.72,Red Gram
68.08,34.73,65.21,12.37,57.65,6.06,98.8,Apple
97.76,69.75,92.01,33.99,83.88,5.81,247.2,Rubber
88.86,46.03,58.07,27.16,64.68,6.78,79.14,Chilli
55.27,53.89,72.24,18.02,65.16,7.02,52.78,Garlic
61.16,29.69,32.63,29.13,36.22,7.01,82.82,Sorghum
66.13,39.76,74.85,26.5,44.77,6.34,75.74,Pomegranate
30.13,21.0,31.96,24.68,60.96,6.28,115.13,Little Millet
96.08,51.28,70.38,20.73,79.62,4.44,217.49,Pineapple
85.13,25.72,37.14,23.25,59.1,6.9,58.66,Mustard
53.12,40.28,94.4,22.38,47.12,6.1,74.28,Pomegranate
41.05,38.66,28.9,16.19,54.9,6.65,25.79,Radish
47.12,22.74,30.75,23.73,50.14,7.08,41.4,Safflower
47.79,36.96,65.06,27.78,64.96,6.95,67.58,Bottle Gourd
87.55,40.04,78.5,17.56,64.14,6.29,112.3,Apple
46.73,33.63,33.1,23.65,58.97,7.55,62.29,Soybean
97.04,57.92,59.63,23.26,76.45,5.31,257.19,Tea
45.63,34.15,23.91,22.52,57.2,6.88,59.4,Linseed
62.32,31.88,42.98,31.59,40.95,6.86,76.75,Castor
81.93,49.23,58.95,26.43,57.1,6.83,48.1,Onion
63.8,28.24,32.64,25.86,56.79,7.07,70.31,Groundnut
42.9,35.7,66.1,15.89,61.19,6.43,37.01,Carrot
44.99,20.87,25.06,29.9,66.35,6.91,93.93,Black Gram
35.32,26.39,38.02,25.57,49.42,6.42,81.39,Groundnut
28.34,32.59,28.89,25.27,62.46,6.82,93.49,Field Bean
72.45,37.97,78.21,28.2,56.67,6.17,99.49,Guava
81.44,47.47,51.61,21.6,73.07,5.62,225.59,Tea
29.39,26.33,20.94,29.34,56.3,6.89,79.42,Groundnut
60.07,34.47,55.61,34.33,72.75,6.74,171.48,Cashew
84.18,55.57,59.31,25.16,74.0,7.03,74.61,Brinjal
64.27,30.72,68.53,32.23,69.37,6.76,124.9,Pumpkin
21.71,27.59,36.55,22.16,58.33,6.31,85.65,Rajma
46.65,30.42,28.42,22.7,45.71,6.25,62.92,Linseed
96.59,66.67,113.1,23.74,77.18,5.91,182.91,Mango
41.51,33.04,31.61,25.68,62.93,7.25,70.78,Green Gram
70.51,33.39,33.86,27.34,64.74,6.67,119.28,Finger Millet
64.26,22.62,25.74,18.16,48.63,6.71,41.25,Mustard
51.37,20.56,35.69,24.02,55.37,6.6,98.06,Castor
48.48,29.59,21.76,17.76,48.84,7.28,64.75,Linseed
43.73,23.12,71.43,26.77,60.94,6.29,183.34,Cashew
29.55,36.74,36.67,22.32,60.34,6.52,74.81,Rajma
110.16,65.15,74.46,33.08,89.73,6.23,303.09,Rubber
33.11,29.26,32.81,18.78,60.29,7.12,54.02,Lentil
33.79,31.12,28.81,16.81,55.92,6.41,49.4,Lentil
94.74,70.7,107.31,35.01,66.75,6.25,106.17,Mango
85.75,45.13,65.13,27.71,53.57,6.05,110.55,Guava
36.57,32.38,30.45,16.45,44.31,7.17,89.72,Field Bean
80.36,27.7,42.38,13.44,45.12,7.26,50.63,Mustard
101.6,61.64,66.06,21.73,85.06,4.92,180.91,Tea
64.41,44.98,72.43,25.85,55.83,5.76,74.83,Pomegranate
61.18,32.89,48.08,23.4,65.08,6.29,42.9,Carrot
41.87,29.67,36.79,27.6,49.21,6.29,92.1,Foxtail Millet
48.31,31.32,35.12,18.05,37.09,6.46,47.64,Linseed
101.34,46.88,119.32,29.54,61.78,7.01,266.69,Coconut
52.14,32.75,57.89,25.64,67.78,6.76,66.8,Bottle Gourd
93.61,51.16,51.6,32.95,78.57,5.95,199.05,Rice
81.89,47.25,54.44,21.76,78.76,5.39,173.42,Coffee
82.86,41.41,34.18,24.87,62.05,6.23,47.17,Wheat
95.32,45.82,103.33,17.4,60.71,6.59,117.39,Apple
114.05,40.07,107.75,29.21,62.09,7.43,234.16,Mango
30.75,26.25,37.06,26.49,46.85,6.55,50.24,Cowpea
60.17,45.53,37.78,28.44,70.87,6.46,70.9,Cucumber
85.9,68.38,25.89,26.42,75.5,6.31,119.52,Brinjal
73.7,62.41,62.09,20.91,69.65,6.48,85.2,Brinjal
36.57,26.49,29.51,19.3,42.22,6.8,29.67,Lentil
86.32,55.55,78.06,31.55,65.48,6.32,41.35,Brinjal
74.93,54.03,71.24,35.32,74.97,6.14,150.33,Litchi
75.92,33.09,68.62,17.92,60.52,6.77,97.37,Apple
61.65,36.06,54.42,24.09,61.0,6.48,35.1,Garlic
64.12,42.18,45.3,18.12,78.66,5.6,194.61,Coffee
62.15,33.71,20.33,25.96,56.73,6.65,127.03,Soybean
74.02,21.57,27.01,19.52,36.96,6.9,65.04,Sunflower
100.14,48.94,79.13,27.5,81.27,5.72,184.23,Mango
24.63,26.54,30.99,23.08,55.36,6.86,67.31,Chickpea
64.39,25.28,48.23,25.38,71.28,6.56,165.96,Cashew
66.99,36.58,53.37,28.54,73.74,7.37,97.21,Pumpkin
60.46,44.8,61.05,18.53,66.85,6.63,88.41,Cauliflower
62.13,49.1,71.25,22.97,61.91,6.81,27.61,Garlic
85.34,46.56,59.86,21.77,76.32,6.29,175.49,Coffee
46.51,31.7,28.24,14.8,47.95,6.98,58.77,Chickpea
72.01,21.95,28.25,20.33,71.05,6.33,119.49,Maize
42.92,24.3,25.04,28.52,62.45,6.38,90.93,Green Gram
61.24,35.18,32.56,24.11,61.22,6.48,75.75,Niger Seed
63.92,53.08,76.81,21.42,67.3,6.72,44.98,Garlic
66.32,27.42,63.48,27.6,73.18,7.34,118.15,Pumpkin
72.16,27.54,54.31,18.96,53.65,6.97,46.31,Carrot
34.13,27.77,30.48,29.03,49.16,7.21,51.44,Groundnut
53.81,30.14,32.73,29.92,42.11,6.82,69.05,Groundnut
73.85,54.56,77.41,30.06,84.15,6.85,81.55,Guava
28.32,30.18,26.83,31.92,61.23,6.25,67.02,Sesame
109.85,62.0,83.51,24.46,89.45,4.79,266.19,Rubber
51.16,31.53,35.5,26.5,56.14,6.77,71.46,Groundnut
44.29,29.12,40.11,15.17,59.67,6.32,55.69,Radish
43.43,31.31,34.51,19.18,71.07,6.91,53.19,Radish
20.95,36.52,33.7,31.49,43.38,6.66,101.35,Red Gram
55.73,40.12,33.98,30.6,50.55,6.9,53.3,Groundnut
43.63,32.32,21.12,29.99,50.22,5.75,80.03,Cowpea
31.42,37.18,29.54,11.48,65.37,6.81,66.02,Peas
90.35,40.88,65.09,16.51,54.04,6.74,121.42,Apple
52.07,34.43,39.21,28.43,49.83,7.1,32.19,Safflower
43.98,36.21,35.28,17.55,47.59,7.18,32.73,Chickpea
79.73,40.87,70.61,21.13,81.6,5.53,247.54,Tea
49.64,28.06,37.36,25.63,64.42,6.18,82.32,Sunflower
28.37,32.13,27.27,25.95,60.12,5.77,75.06,Horse Gram
87.35,50.65,54.92,28.39,62.56,5.64,90.54,Brinjal
34.41,25.92,36.91,25.03,57.44,6.69,48.48,Horse Gram
39.8,38.77,33.22,22.47,47.67,6.66,83.26,Field Bean
83.1,67.36,89.53,23.07,73.37,6.02,63.26,Potato
86.2,63.51,58.83,19.61,71.51,6.2,111.4,Brinjal
52.02,27.37,30.0,20.75,40.83,6.28,57.37,Sunflower
43.19,28.04,34.71,22.99,46.94,7.66,59.21,Safflower
113.75,70.15,71.09,23.12,71.3,5.21,69.34,Potato
80.9,36.76,31.48,26.92,55.02,6.45,84.6,Sunflower
52.24,32.75,37.22,22.0,49.35,6.84,45.95,Mustard
63.74,30.26,68.23,25.88,72.47,7.14,79.2,Bottle Gourd
89.14,45.55,70.04,25.24,73.08,6.32,73.71,Pomegranate
28.1,35.35,32.13,27.34,61.27,6.75,79.22,Field Bean
40.74,26.9,22.98,18.12,59.6,6.93,45.41,Radish
48.56,27.05,34.09,25.51,47.98,6.55,69.17,Sunflower
49.7,39.85,25.3,31.06,50.53,7.4,87.73,Pearl Millet
86.57,32.6,68.4,19.7,61.45,6.59,64.25,Carrot
62.81,43.66,63.38,34.84,65.05,6.02,116.61,Guava
62.17,41.54,55.93,16.72,68.05,6.14,43.69,Garlic
25.5,22.93,31.11,26.85,57.01,6.1,71.52,Horse Gram
44.19,35.38,30.39,23.88,57.14,6.75,100.52,Niger Seed
40.2,30.41,36.41,21.57,57.63,6.17,90.71,Niger Seed
68.12,50.71,56.62,17.64,57.31,7.33,50.43,Garlic
36.59,35.38,35.56,30.6,70.39,6.29,89.59,Cowpea
92.93,45.32,88.54,30.09,82.02,6.01,253.74,Rubber
90.08,55.69,59.82,24.92,72.0,6.95,106.14,Brinjal
114.54,49.35,66.27,20.45,71.59,4.98,213.41,Tea
109.74,73.65,97.47,17.78,72.61,6.28,91.94,Orange
28.01,29.95,21.68,28.05,49.36,5.53,46.15,Sesame
97.64,57.97,99.21,27.54,73.24,6.48,108.89,Orange
39.04,18.51,34.53,30.48,71.11,6.19,70.96,Black Gram
68.01,54.04,79.11,17.93,56.99,7.07,70.71,Garlic
59.75,30.66,61.54,34.65,69.0,6.27,163.08,Cashew
28.51,28.15,29.02,28.66,56.86,6.81,58.98,Horse Gram
35.39,33.34,31.47,25.2,56.99,6.51,83.78,Field Bean
105.87,71.29,85.06,29.77,81.92,5.22,277.67,Rubber
75.83,35.47,47.13,33.55,69.53,6.54,80.39,Cucumber
57.46,26.93,31.28,24.96,50.08,6.87,125.29,Finger Millet
16.6,34.57,30.54,22.12,64.98,6.4,119.06,Rajma
100.92,52.0,105.72,32.62,69.75,6.21,184.86,Papaya
71.22,39.95,48.09,29.23,64.67,6.97,62.66,Okra
21.84,32.23,24.96,28.07,46.16,6.27,62.91,Horse Gram
103.78,56.83,61.29,20.63,70.1,6.5,88.17,Cabbage
20.88,30.76,31.21,31.97,54.41,7.47,44.88,Red Gram
85.32,34.92,88.15,21.64,66.57,6.78,141.45,Guava
39.77,32.39,23.4,21.97,52.43,6.47,93.43,Rajma
84.42,51.0,69.28,24.74,60.11,6.76,72.04,Onion
86.43,21.22,56.74,27.21,67.47,6.67,73.18,Pumpkin
78.69,40.25,70.32,29.66,68.37,6.43,119.75,Guava
39.15,27.57,31.15,17.71,48.3,7.17,64.75,Linseed
100.81,46.09,25.72,17.23,43.63,6.95,91.45,Wheat
72.59,39.5,31.92,15.73,54.45,6.36,57.91,Wheat
104.61,45.11,92.41,35.63,87.5,6.09,219.01,Coconut
34.78,29.02,27.8,31.75,56.63,5.79,61.84,Sesame
94.08,40.32,46.45,25.99,75.46,6.28,93.27,Brinjal
117.77,46.85,104.62,32.45,65.65,5.93,87.28,Mango
49.67,34.64,34.79,24.31,62.89,6.38,72.59,Sunflower
60.78,30.45,28.94,27.84,44.85,6.41,64.1,Sunflower
44.56,31.03,33.81,17.37,53.99,7.29,71.58,Chickpea
52.52,39.34,63.15,32.0,63.2,6.47,139.34,Cashew
106.84,57.79,96.03,27.12,71.35,6.7,197.4,Mango
31.76,26.1,28.04,19.98,56.44,5.18,90.49,Niger Seed
44.56,24.0,33.16,31.98,63.9,6.26,96.26,Foxtail Millet
69.86,34.27,26.69,18.45,49.91,6.57,60.1,Barley
50.06,30.41,34.85,20.22,47.07,6.24,38.96,Lentil
91.47,58.66,52.69,25.0,84.36,6.19,261.03,Rice
55.37,39.26,59.48,20.96,61.51,6.4,50.7,Garlic
25.39,18.14,29.89,26.75,38.35,7.01,49.28,Horse Gram
89.47,48.47,43.47,28.98,80.76,5.35,214.95,Tea
29.68,22.04,35.95,20.93,61.33,7.08,105.63,Rajma
52.06,34.45,57.0,29.14,64.08,6.52,56.22,Pumpkin
67.72,37.78,25.64,27.98,33.54,6.67,60.28,Sorghum
107.58,42.52,51.24,32.69,86.95,4.49,260.82,Rubber
46.12,31.27,28.58,28.35,66.29,6.82,81.6,Kodo Millet
72.08,51.78,35.59,29.41,71.84,6.21,74.66,Okra
45.97,32.28,27.3,18.17,40.05,6.93,55.18,Lentil
31.19,31.57,34.47,28.62,58.86,6.33,58.77,Sesame
108.13,50.42,91.53,30.3,53.41,6.84,88.87,Grapes
45.86,33.94,24.71,30.48,47.49,6.83,74.88,Groundnut
35.92,24.67,29.44,24.04,57.81,5.86,72.09,Horse Gram
27.04,24.06,33.39,31.58,52.57,6.49,82.51,Horse Gram
98.44,37.07,26.25,13.18,48.89,6.69,74.58,Wheat
36.84,30.08,34.81,30.25,55.34,6.4,47.19,Sesame
24.85,32.74,20.94,30.19,47.3,5.74,81.06,Red Gram
79.52,56.43,89.14,27.97,71.25,7.56,177.35,Mango
101.87,67.73,90.62,21.0,76.77,5.57,50.51,Potato
83.43,46.34,32.51,22.7,76.08,7.08,121.18,Maize
89.44,55.07,52.64,22.67,65.7,6.42,82.57,Cabbage
87.71,37.98,68.79,19.78,68.49,6.91,70.23,Cabbage
69.43,27.37,32.11,37.19,49.84,6.99,51.95,Pearl Millet
74.61,56.03,50.5,30.86,57.3,7.66,69.56,Okra
28.78,27.1,30.16,28.83,72.74,6.57,73.75,Sunflower
35.75,28.54,31.27,23.36,58.74,6.88,88.0,Niger Seed
47.5,29.93,41.17,25.89,68.63,7.37,75.8,Black Gram
41.91,18.97,21.7,18.86,45.49,6.72,46.03,Safflower
54.82,32.69,66.45,20.04,70.53,7.46,55.78,Beetroot
106.37,55.28,94.7,20.9,73.08,5.55,72.22,Potato
32.76,38.93,27.91,15.38,51.76,6.94,66.49,Peas
38.48,38.72,35.99,28.51,44.91,6.75,79.26,Groundnut
82.52,45.05,58.76,23.2,58.12,6.3,78.12,Pomegranate
68.19,26.41,78.41,17.16,61.74,6.89,75.05,Beetroot
127.93,74.47,129.38,26.09,80.04,6.38,198.56,Banana
86.04,47.73,67.5,18.62,69.82,6.4,97.41,Cabbage
22.42,27.46,23.07,35.28,39.63,6.54,59.98,Horse Gram
52.84,26.16,26.6,27.28,67.79,6.08,112.7,Finger Millet
51.96,31.61,64.34,24.9,64.78,6.89,76.45,Bottle Gourd
96.56,52.71,70.32,27.46,83.5,5.73,235.85,Arecanut
33.21,31.39,31.94,25.26,51.28,7.3,62.97,Foxtail Millet
99.21,57.11,69.6,27.92,91.38,4.84,267.06,Tea
77.36,34.72,41.67,26.96,68.3,7.16,44.1,Okra
25.6,32.52,30.55,27.86,43.67,5.82,81.75,Horse Gram
88.29,62.57,84.25,28.69,85.63,5.11,258.87,Rubber
73.04,42.33,27.17,23.48,52.35,6.08,122.07,Maize
55.93,24.56,22.32,32.59,47.63,7.38,74.61,Sorghum
66.55,26.3,37.41,35.25,54.61,7.22,64.58,Pearl Millet
93.69,45.89,27.96,19.11,56.21,7.12,64.72,Wheat
98.98,60.87,86.1,32.22,83.98,6.86,138.3,Orange
61.51,43.38,41.75,19.83,58.39,6.54,47.45,Garlic
65.62,27.19,31.47,27.34,62.11,6.33,82.74,Soybean
83.42,47.8,58.6,20.65,61.82,6.99,34.85,Garlic
96.38,70.07,100.54,20.41,64.88,5.98,56.79,Potato
69.11,32.76,67.07,29.95,74.38,6.79,54.89,Bottle Gourd
28.04,31.02,13.07,29.91,46.8,6.72,97.48,Red Gram
55.21,36.2,59.09,31.32,65.01,5.94,146.45,Cashew
30.62,30.36,24.42,24.99,59.87,6.8,57.87,Field Bean
47.22,24.43,50.36,16.63,46.57,7.05,62.52,Beetroot
94.07,60.38,90.23,30.37,74.13,6.84,137.46,Papaya
52.97,41.97,34.06,21.74,51.05,6.97,46.18,Lentil
36.52,35.05,32.96,25.11,52.42,7.19,97.85,Soybean
55.75,24.84,33.49,23.54,61.35,7.23,151.27,Finger Millet
39.76,19.01,29.58,30.23,64.73,6.92,75.38,Green Gram
75.51,33.81,24.85,28.12,40.97,7.62,76.26,Pearl Millet
30.69,27.37,25.5,25.72,67.26,6.19,81.61,Cowpea
48.4,29.02,31.35,23.89,58.56,6.1,63.78,Sesame
38.22,31.24,29.45,26.62,58.03,5.4,86.06,Niger Seed
71.44,58.18,100.44,23.11,69.91,6.13,53.71,Potato
118.9,60.66,122.19,31.33,72.16,7.43,178.64,Banana
61.47,28.63,36.04,27.15,65.6,6.4,107.04,Soybean
133.43,70.35,136.57,31.3,78.38,6.17,250.24,Banana
58.89,37.43,32.15,28.31,51.44,7.16,81.94,Sorghum
59.99,27.26,66.91,17.68,62.7,6.88,39.76,Carrot
48.5,25.89,47.33,24.41,65.67,6.38,40.64,Carrot
40.44,30.85,31.76,27.46,69.73,6.93,88.08,Sunflower
64.54,35.37,28.81,26.49,46.3,6.88,89.43,Little Millet
78.84,60.44,88.61,30.01,89.5,5.04,248.97,Rubber
112.8,42.5,103.21,31.14,73.34,6.57,110.41,Papaya
54.25,29.31,28.4,16.62,43.35,7.11,19.35,Mustard
38.19,32.07,35.5,31.96,47.85,5.55,64.28,Horse Gram
66.58,30.19,26.76,15.46,52.73,6.86,64.65,Mustard
48.53,30.16,28.53,28.56,54.75,6.14,66.64,Cowpea
97.68,44.12,104.28,29.24,81.55,7.43,286.43,Coconut
25.5,34.46,41.01,18.47,51.91,6.6,41.62,Lentil
78.31,71.06,102.88,21.85,75.3,5.46,64.2,Potato
33.24,27.05,38.35,25.67,65.99,6.84,89.25,Field Bean
92.3,48.74,74.16,26.39,68.6,6.35,93.33,Cauliflower
77.24,38.5,33.13,17.0,50.34,7.52,54.43,Barley
69.89,40.73,30.84,21.23,44.17,6.34,48.42,Barley
69.07,28.4,30.85,28.53,53.62,6.71,78.65,Castor
91.36,50.45,55.33,19.28,67.57,6.63,60.92,Cauliflower
43.11,25.5,29.37,27.81,64.59,6.12,74.46,Cowpea
51.65,38.4,25.7,26.68,46.08,6.05,67.48,Linseed
26.05,29.67,18.27,20.57,56.35,6.65,58.03,Peas
98.0,52.26,67.31,30.47,79.23,4.49,297.46,Rubber
60.54,27.03,37.23,27.63,66.25,6.94,95.87,Little Millet
37.98,24.68,29.53,27.01,66.99,6.54,75.9,Cowpea
44.93,24.1,23.57,30.48,44.46,7.16,58.42,Chickpea
101.56,50.25,70.45,25.31,78.6,5.8,196.99,Arecanut
96.73,42.5,73.85,22.04,74.07,4.82,217.08,Tea
106.19,77.64,120.27,31.93,86.83,6.78,86.16,Banana
70.22,72.11,81.09,30.03,69.99,6.25,148.69,Orange
73.71,30.63,35.89,29.61,45.2,6.83,52.04,Sunflower
96.78,53.85,37.31,24.2,70.42,6.23,127.47,Maize
68.42,27.52,58.31,28.9,67.71,6.42,221.93,Cashew
85.63,53.34,77.74,10.86,50.33,5.85,126.94,Apple
106.06,49.93,99.97,22.13,82.45,5.76,185.34,Coconut
75.55,32.53,74.28,16.81,54.59,5.79,109.32,Apple
38.08,28.38,37.37,22.12,57.03,6.47,29.36,Radish
106.92,52.66,95.9,30.08,57.79,6.09,158.77,Mango
42.34,32.86,35.52,28.15,50.88,6.36,113.42,Kodo Millet
92.99,67.81,102.85,24.98,63.83,7.19,126.0,Orange
75.36,65.22,65.46,25.31,52.62,6.34,70.58,Chilli
29.37,28.52,26.0,14.9,69.6,6.4,39.61,Peas
46.68,28.01,35.31,34.27,80.19,6.79,119.35,Black Gram
63.69,31.11,29.86,20.09,61.83,5.85,54.19,Radish
43.93,30.3,27.2,37.25,53.57,6.26,70.05,Sesame
36.29,30.14,30.13,29.19,64.84,5.94,85.55,Foxtail Millet
23.2,30.14,27.74,20.45,45.45,6.3,47.72,Lentil
27.68,27.86,34.77,27.1,51.01,5.43,64.26,Horse Gram
55.57,35.67,52.35,27.88,64.45,6.58,179.64,Cashew
72.71,42.65,83.09,22.71,77.64,5.46,208.0,Pineapple
116.22,49.13,70.34,14.45,67.63,6.67,210.97,Orange
55.75,27.47,33.35,29.82,62.02,6.83,95.17,Kodo Millet
25.74,22.78,34.84,23.35,74.62,6.63,77.26,Rajma
50.01,22.75,45.3,21.76,64.7,6.56,48.16,Carrot
85.68,39.76,46.22,27.1,63.29,6.36,133.93,Maize
59.58,34.88,28.99,25.94,52.91,6.89,129.6,Castor
70.18,33.61,30.18,27.18,64.03,6.25,94.18,Castor
102.92,41.08,27.9,23.56,55.97,6.69,80.3,Wheat
96.15,51.07,45.1,18.78,70.88,6.99,87.66,Cauliflower
39.31,25.03,21.22,21.6,51.69,6.74,98.57,Rajma
75.54,55.58,76.44,27.46,85.83,5.59,195.18,Rubber
45.88,34.8,26.71,29.26,44.62,5.94,55.86,Green Gram
94.21,49.33,104.6,29.68,82.29,6.65,270.11,Coconut
89.02,47.18,33.9,16.93,62.08,6.92,84.51,Wheat
77.87,49.27,53.48,22.71,74.38,6.26,62.43,Cauliflower
64.45,55.3,66.5,23.49,62.9,6.94,69.44,Onion
95.9,67.19,109.07,33.2,80.13,6.48,138.6,Papaya
71.4,56.18,72.47,22.62,70.59,6.7,197.54,Litchi
47.66,26.45,31.6,24.33,69.01,6.13,114.95,Finger Millet
68.17,23.67,34.25,19.24,51.7,6.65,62.22,Radish
29.67,30.6,33.6,31.02,67.35,6.63,87.91,Black Gram
38.78,34.07,32.82,16.86,53.75,6.53,98.13,Rajma
98.33,78.88,57.94,24.77,56.92,6.05,74.69,Chilli
55.73,27.94,64.61,28.55,64.72,5.58,168.11,Cashew
46.93,29.27,23.95,22.9,52.55,6.71,59.36,Chickpea
70.23,44.89,42.39,29.05,73.06,6.78,56.25,Okra
26.09,29.23,30.45,18.79,66.13,6.78,54.47,Peas
36.27,32.01,22.19,26.78,54.23,7.25,33.01,Safflower
23.27,34.86,28.88,20.36,51.55,6.84,52.78,Lentil
48.09,19.18,14.49,28.88,62.02,6.58,91.67,Kodo Millet
27.56,37.17,24.04,29.23,40.81,6.16,62.82,Horse Gram
32.78,31.19,23.5,23.55,49.27,6.99,68.36,Chickpea
36.13,33.02,34.6,26.12,48.78,5.97,108.78,Little Millet
57.54,30.6,60.37,17.96,61.33,7.21,64.55,Beetroot
62.07,36.06,40.25,15.73,47.6,6.62,55.06,Mustard
77.53,46.88,36.11,26.89,54.27,6.74,121.16,Maize
88.08,35.43,75.59,28.67,82.26,5.58,170.96,Litchi
27.22,19.61,29.48,19.67,70.38,6.46,64.63,Rajma
48.95,30.26,35.85,23.14,59.63,6.4,86.84,Field Bean
77.71,44.99,82.4,30.51,67.7,6.43,193.9,Litchi
120.23,48.14,94.97,17.2,64.34,4.97,58.49,Potato
106.5,50.99,62.16,22.21,71.43,6.44,91.88,Tomato
81.29,51.48,60.92,31.83,62.03,6.25,71.23,Onion
34.48,31.64,37.01,23.8,59.44,6.94,104.66,Little Millet
60.63,30.71,75.51,19.95,67.25,7.38,61.0,Beetroot
36.25,24.79,28.01,27.28,50.78,5.32,24.58,Sesame
46.0,34.67,37.61,27.78,51.44,6.14,66.44,Kodo Millet
138.94,68.91,119.67,27.45,83.92,6.15,156.32,Banana
30.08,23.25,30.73,17.02,55.83,6.69,106.13,Rajma
38.82,29.1,37.87,29.89,71.52,6.03,61.76,Cowpea
49.2,27.51,34.83,25.77,60.27,5.94,98.0,Little Millet
93.9,63.95,60.61,23.94,74.52,6.13,63.9,Brinjal
104.32,44.39,51.43,21.47,76.27,6.17,68.44,Cauliflower
78.6,41.8,35.8,33.45,69.44,6.92,74.73,Okra
75.2,44.4,49.59,29.64,62.63,6.73,65.01,Okra
83.25,47.96,50.57,24.0,64.47,6.46,59.42,Cauliflower
124.01,58.22,93.75,16.05,66.03,5.62,67.8,Potato
40.31,29.8,26.69,26.62,67.12,6.08,89.96,Sesame
71.51,43.68,48.44,23.6,45.52,6.3,53.98,Okra
45.98,35.15,35.63,31.85,55.28,7.16,83.13,Black Gram
59.27,30.14,36.68,31.49,50.41,7.46,62.38,Sorghum
40.22,30.24,30.09,19.04,44.81,6.36,56.9,Linseed
66.48,40.37,77.36,34.28,70.34,6.73,124.63,Guava
86.64,53.1,65.44,24.39,81.26,5.69,160.55,Coffee
62.75,50.92,52.52,22.66,56.59,6.35,41.19,Onion
97.9,56.75,78.32,33.08,68.21,6.47,166.42,Mango
33.75,33.08,31.71,29.49,71.27,5.97,102.85,Black Gram
64.83,28.61,44.03,27.77,80.32,6.63,72.39,Bottle Gourd
84.14,21.61,100.89,24.33,67.83,6.48,236.53,Litchi
54.33,26.45,52.2,29.89,61.5,6.76,60.05,Pumpkin
83.33,46.85,68.0,25.24,81.62,5.35,152.65,Coffee
38.96,23.2,36.33,18.16,51.94,6.32,59.19,Lentil
38.12,27.16,33.54,26.42,51.46,7.32,55.32,Safflower
61.77,40.95,38.59,31.48,67.41,7.06,50.56,Okra
91.75,44.6,48.45,22.03,77.97,5.33,200.52,Coffee
73.38,39.84,35.2,15.92,58.99,6.83,52.32,Barley
121.31,65.35,64.77,20.52,76.73,6.66,95.34,Tomato
43.85,27.92,35.33,27.85,70.71,6.08,141.69,Finger Millet
80.06,46.15,27.78,10.91,49.83,6.89,57.98,Barley
38.94,22.26,29.06,19.41,59.23,6.06,81.65,Rajma
34.15,37.06,27.76,21.89,52.17,7.2,94.83,Linseed
79.85,35.07,67.81,7.01,57.26,5.5,129.85,Apple
23.65,36.88,26.66,14.72,53.48,7.07,53.93,Lentil
99.81,60.33,128.77,27.76,69.57,6.33,184.59,Banana
101.02,59.02,76.83,27.76,82.56,6.41,226.19,Rubber
40.78,33.58,30.84,17.94,36.97,6.54,64.92,Linseed
98.01,54.76,99.32,26.39,75.21,6.28,244.59,Arecanut
79.44,46.66,42.74,25.71,74.07,6.32,209.59,Coffee
31.9,33.93,31.27,30.93,43.09,5.66,87.34,Cowpea
61.86,21.72,20.08,15.96,47.42,6.55,57.63,Mustard
38.13,27.58,27.31,25.18,58.39,6.6,57.16,Safflower
77.59,27.92,33.35,22.45,61.88,7.11,70.59,Sunflower
73.55,31.34,41.66,24.38,54.82,5.9,76.77,Sunflower
67.08,41.81,81.1,31.45,57.84,6.9,119.07,Guava
29.65,26.75,42.05,21.54,57.63,6.83,63.0,Chickpea
82.58,38.62,38.12,25.96,52.66,6.36,121.73,Maize
60.42,49.45,86.71,28.2,66.73,6.13,197.38,Litchi
80.57,39.03,68.41,26.13,86.71,6.13,182.55,Pineapple
33.28,38.39,27.38,30.29,48.15,6.79,67.15,Green Gram
84.39,67.52,104.92,33.03,49.34,6.21,150.98,Orange
82.64,63.66,101.78,30.16,74.05,6.42,126.04,Papaya
40.64,19.67,24.81,27.76,55.05,7.1,87.52,Little Millet
80.06,58.31,106.14,30.71,74.33,6.54,125.18,Papaya
25.92,26.38,26.24,23.33,47.91,7.09,82.89,Field Bean
72.82,49.95,62.18,18.33,61.06,6.14,67.95,Garlic
59.34,32.71,68.12,31.3,68.54,5.59,144.11,Cashew
95.88,33.86,58.37,20.02,81.48,5.96,201.23,Coffee
84.06,34.28,29.52,23.52,69.51,6.65,92.14,Maize
92.95,51.03,54.99,22.44,65.65,6.74,67.1,Cabbage
47.57,34.83,59.24,30.7,82.75,6.42,69.28,Bottle Gourd
71.85,46.97,47.88,34.79,64.57,6.83,58.3,Okra
101.24,51.56,60.48,20.49,70.37,6.5,86.7,Cabbage
31.77,31.11,36.25,26.26,58.7,6.73,87.49,Cowpea
41.82,29.12,31.38,18.69,52.69,6.53,46.33,Linseed
52.66,29.73,30.99,16.85,53.46,6.61,55.86,Mustard
46.2,27.3,26.25,18.7,67.19,5.89,62.75,Radish
41.63,37.06,26.87,25.81,51.81,7.18,91.19,Foxtail Millet
45.68,30.78,29.64,24.09,64.21,6.34,75.58,Field Bean
81.27,52.32,53.97,32.25,71.07,6.95,82.3,Cucumber
95.2,51.67,97.86,28.28,91.48,5.74,294.89,Coconut
83.46,54.49,77.01,31.38,61.38,6.03,64.66,Chilli
37.83,27.28,34.42,15.01,57.72,6.48,125.88,Rajma
87.57,49.57,55.06,21.19,79.4,5.61,169.58,Coffee
25.56,30.21,33.79,23.12,56.53,6.09,103.23,Rajma
34.32,29.95,35.72,32.98,51.87,6.92,62.36,Sesame
48.22,33.96,36.09,30.54,56.14,7.07,74.9,Sesame
83.45,36.73,50.42,25.95,69.46,5.75,61.53,Cucumber
59.53,24.63,23.33,24.93,56.47,6.06,104.28,Castor
47.38,23.44,31.76,21.2,56.13,6.62,58.44,Safflower
87.22,40.13,24.21,26.9,60.86,6.77,127.72,Maize
26.73,31.73,40.41,15.55,54.49,6.61,53.73,Radish
50.5,20.63,27.79,36.65,32.66,7.3,64.53,Pearl Millet
68.04,73.27,62.19,27.45,65.37,6.61,44.09,Chilli
93.36,50.83,60.08,26.02,82.09,5.36,203.7,Tea
30.56,31.99,39.01,31.6,56.89,5.7,55.1,Green Gram
97.71,45.33,57.29,23.41,65.91,6.58,86.49,Cabbage
57.88,33.32,34.29,25.04,40.89,6.43,83.73,Chickpea
30.42,26.34,28.54,32.27,58.21,7.22,79.57,Sesame
55.26,25.34,49.77,31.17,71.29,6.63,55.77,Bottle Gourd
33.25,24.11,33.34,30.81,58.22,7.05,81.97,Red Gram
55.97,35.42,29.18,25.28,55.49,6.91,129.44,Finger Millet
42.08,31.95,32.52,17.44,62.71,6.62,59.04,Peas
97.89,36.72,29.84,14.43,61.38,6.96,77.55,Wheat
67.17,28.07,35.31,26.14,56.48,6.22,112.89,Finger Millet
117.61,51.11,76.12,28.35,77.99,5.95,261.23,Arecanut
55.91,29.0,31.33,30.06,56.97,6.91,86.9,Groundnut
44.97,34.28,39.79,25.2,43.73,6.12,98.84,Kodo Millet
102.25,76.83,92.37,30.28,90.98,5.31,236.66,Rubber
66.0,50.7,82.48,24.61,67.86,5.59,79.08,Brinjal
117.24,55.43,46.27,26.56,78.3,5.98,239.65,Rice
78.12,59.18,31.66,25.34,59.24,6.64,104.01,Maize
85.92,44.07,57.45,23.85,79.49,6.01,140.48,Coffee
67.39,46.43,50.81,31.22,72.84,6.27,57.69,Cucumber
72.86,44.9,24.44,20.08,70.46,7.66,79.94,Wheat
42.78,28.4,37.52,31.43,63.72,6.8,65.23,Black Gram
92.89,44.42,35.31,16.67,49.08,5.93,35.57,Barley
122.1,50.42,94.86,27.28,56.95,6.37,156.84,Orange
92.74,65.98,70.23,24.71,65.71,6.59,58.54,Chilli
42.72,28.18,30.12,32.04,59.31,6.84,57.35,Black Gram
54.46,33.47,42.77,26.07,65.11,6.44,180.22,Cashew
86.01,58.82,58.83,31.46,63.92,6.87,80.27,Chilli
39.52,23.41,26.35,21.61,46.8,6.4,35.85,Linseed
55.78,34.54,28.95,30.47,68.6,7.2,76.14,Castor
89.11,45.97,48.77,21.16,67.94,6.41,68.92,Cauliflower
36.31,25.3,26.6,25.29,54.63,6.89,76.02,Field Bean
60.08,24.44,71.45,29.78,67.67,6.44,86.37,Bottle Gourd
111.3,76.71,51.51,26.04,69.15,6.35,89.81,Tomato
61.88,36.44,29.54,25.07,43.93,7.57,48.7,Safflower
30.54,29.28,28.61,17.3,52.76,6.45,77.43,Peas
77.33,51.16,52.77,20.93,76.07,6.11,120.93,Tomato
50.93,28.78,35.27,21.81,60.38,7.42,57.51,Sunflower
81.65,61.03,71.81,27.42,48.62,6.88,45.16,Pomegranate
92.76,47.11,48.64,22.69,77.42,4.89,222.8,Tea
35.88,37.62,30.03,20.7,53.13,6.21,79.9,Rajma
76.19,52.22,55.76,30.23,58.2,7.34,44.01,Chilli
105.13,46.16,101.5,27.71,81.66,5.39,220.07,Coconut
40.15,28.63,29.2,32.55,61.42,6.35,90.58,Black Gram
111.61,54.19,85.92,26.65,64.85,7.09,97.82,Orange
82.11,42.08,67.86,20.57,65.47,6.4,135.59,Apple
73.19,23.71,27.09,15.34,48.15,6.42,54.45,Mustard
54.21,39.87,47.56,32.36,56.48,5.16,165.26,Cashew
62.6,29.52,70.72,21.33,68.78,6.88,91.69,Pumpkin
46.58,31.3,36.43,23.18,44.17,7.22,50.96,Safflower
70.2,39.7,57.91,22.41,78.15,6.19,92.94,Tomato
29.17,31.68,30.45,23.59,62.04,6.63,76.62,Field Bean
129.21,52.72,60.65,22.43,67.27,6.22,55.34,Cauliflower
47.4,33.06,29.47,27.2,50.45,6.51,87.53,Field Bean
70.23,37.02,26.86,34.88,34.61,6.75,66.9,Pearl Millet
58.73,44.61,39.52,25.48,65.51,6.41,71.17,Okra
37.0,32.63,37.07,20.85,45.24,6.61,45.4,Chickpea
34.79,27.9,36.67,18.9,51.19,6.63,44.45,Peas
131.12,72.93,104.66,31.23,71.87,7.15,142.61,Banana
113.78,76.45,85.37,29.55,94.71,6.1,296.73,Rubber
41.68,40.05,20.12,23.29,68.68,6.15,76.85,Kodo Millet
83.79,32.17,61.27,18.58,65.74,6.74,65.99,Beetroot
68.82,51.2,71.66,16.35,60.05,6.4,112.46,Apple
50.74,34.12,36.84,24.35,43.16,6.3,70.75,Kodo Millet
78.49,40.48,83.07,15.99,59.29,6.46,114.94,Apple
48.17,32.77,36.87,27.0,45.08,6.48,95.14,Foxtail Millet
97.34,16.41,90.81,32.08,71.6,6.41,168.56,Litchi
36.91,34.82,26.69,20.46,58.87,7.1,49.78,Peas
49.15,29.04,39.76,22.37,52.43,5.72,107.75,Little Millet
81.75,71.19,87.0,29.55,74.19,7.22,109.13,Papaya
85.82,56.23,71.33,22.57,59.09,6.44,73.76,Onion
28.63,21.64,29.59,24.17,43.95,7.43,39.33,Peas
66.15,32.27,42.59,26.99,78.81,7.09,85.62,Pumpkin
58.63,30.14,31.51,19.84,56.65,6.39,50.85,Radish
52.59,29.67,36.91,30.73,51.2,6.45,80.6,Groundnut
28.88,26.1,34.41,29.4,54.42,6.46,66.64,Cowpea
73.42,37.9,39.01,17.44,57.34,6.63,45.53,Barley
78.74,46.81,76.53,27.25,60.55,5.83,106.32,Guava
79.83,49.07,59.82,25.24,56.24,6.82,71.34,Onion
36.09,38.66,26.9,28.6,54.88,5.42,47.76,Sesame
79.07,53.71,72.4,27.07,69.86,7.2,79.97,Brinjal
47.32,27.37,31.34,28.0,68.74,6.46,73.98,Sunflower
79.76,53.01,96.85,20.07,76.34,6.36,134.91,Orange
23.98,33.48,30.02,9.19,54.89,7.08,56.51,Peas
63.74,38.6,30.09,28.43,67.76,6.34,114.89,Finger Millet
82.21,27.91,66.02,26.89,68.89,6.64,77.73,Bottle Gourd
63.26,28.77,62.01,16.56,55.73,6.81,59.31,Beetroot
76.88,45.68,63.05,32.73,90.63,6.54,162.68,Litchi
83.26,57.3,73.33,29.14,76.22,6.87,79.89,Tomato
84.38,61.99,132.18,27.89,80.53,6.63,209.93,Banana
101.51,40.37,47.34,23.7,79.89,5.11,199.76,Tea
88.28,61.22,94.89,20.55,57.03,6.28,238.67,Orange
84.51,50.7,81.97,21.75,61.97,5.9,125.05,Apple
69.14,32.81,33.71,18.11,52.93,6.86,29.68,Mustard
52.79,28.72,24.75,24.97,45.68,6.97,60.7,Linseed
27.41,26.21,23.34,25.28,54.92,7.08,65.11,Linseed
59.17,33.81,28.08,25.51,68.78,6.09,85.73,Finger Millet
42.05,25.88,27.34,22.94,62.94,7.16,60.02,Field Bean
83.48,51.03,58.59,23.35,73.6,6.58,64.97,Cauliflower
40.37,28.28,27.15,27.48,59.56,6.24,69.59,Foxtail Millet
34.47,25.53,24.29,23.21,43.42,6.33,104.27,Rajma
21.12,29.13,34.61,24.66,58.04,6.17,94.52,Niger Seed
77.97,26.29,28.93,35.28,40.15,6.74,86.16,Sorghum
36.42,32.38,33.29,23.81,44.46,6.39,110.74,Kodo Millet
53.3,41.65,53.51,16.65,52.71,6.28,49.38,Carrot
60.53,18.46,27.34,17.91,53.45,6.81,50.64,Linseed
66.06,26.02,27.01,25.62,63.18,7.52,99.99,Finger Millet
47.01,26.93,41.71,22.68,49.58,6.8,90.85,Soybean
67.14,44.25,88.27,21.78,55.75,5.9,121.55,Apple
68.31,36.82,36.84,28.44,57.46,6.0,94.52,Kodo Millet
79.44,53.95,60.85,21.2,75.79,6.12,205.29,Coffee
93.11,52.96,75.39,27.94,56.97,5.6,51.66,Pomegranate
54.0,31.57,54.54,16.58,53.25,6.81,38.44,Carrot
68.01,51.66,94.09,18.86,58.13,5.33,62.43,Potato
86.02,41.68,84.48,30.91,72.59,5.86,125.8,Guava
48.62,32.28,77.78,18.43,57.6,6.69,47.96,Beetroot
52.87,34.27,30.36,23.16,68.71,6.32,127.88,Finger Millet
96.05,48.32,55.3,30.11,81.36,6.92,221.57,Rice
48.96,38.87,32.38,28.32,67.76,6.79,75.45,Castor
62.64,18.23,32.82,25.82,49.03,6.12,52.61,Safflower
42.63,31.3,30.74,27.17,64.34,6.25,68.97,Foxtail Millet
35.95,32.25,32.24,32.48,49.63,6.43,89.09,Cowpea
46.24,27.94,45.25,36.4,73.85,7.32,102.64,Pumpkin
57.99,22.93,57.43,25.3,58.11,5.94,51.39,Carrot
100.91,46.4,51.72,30.44,81.22,6.2,241.28,Rice
27.89,26.7,23.06,23.71,53.26,7.57,83.21,Horse Gram
48.32,23.69,34.28,19.38,56.47,6.34,122.4,Rajma
118.83,70.76,112.6,29.21,85.67,6.65,92.29,Banana
26.85,23.87,34.09,30.54,42.14,6.93,79.06,Sesame
34.17,36.76,28.55,23.38,62.87,6.41,97.35,Rajma
85.9,58.39,35.23,25.99,60.89,6.43,109.94,Maize
120.93,66.87,118.6,29.95,84.59,7.15,209.74,Banana
97.55,75.72,94.48,30.71,60.2,6.07,123.41,Orange
34.27,24.53,27.14,24.48,50.33,6.26,62.32,Field Bean
94.77,51.75,71.8,22.72,90.94,6.25,156.33,Coffee
49.92,28.38,27.24,31.82,33.9,7.05,73.63,Sorghum
66.73,26.0,56.42,15.83,58.93,6.52,49.73,Carrot
59.51,36.25,64.8,34.66,69.71,5.82,139.13,Cashew
33.2,29.61,27.53,26.18,59.43,6.38,103.9,Soybean
102.91,72.73,106.42,27.18,80.93,7.02,165.4,Banana
49.27,36.55,32.12,29.69,58.62,6.93,44.99,Black Gram
43.04,37.33,38.13,18.46,55.45,6.79,90.33,Safflower
43.41,27.15,20.06,25.72,64.16,6.43,117.69,Finger Millet
88.68,43.29,38.81,26.53,63.95,7.17,116.23,Maize
91.41,76.36,95.17,33.15,58.47,6.46,165.86,Mango
39.47,36.81,27.06,29.34,42.54,7.31,123.91,Red Gram
41.64,35.34,29.13,16.84,50.8,6.66,55.45,Peas
44.37,32.78,29.92,25.74,66.14,6.88,107.9,Castor
120.92,63.22,105.71,20.46,62.34,6.23,54.56,Potato
57.31,31.32,37.38,18.7,51.59,6.85,41.96,Mustard
57.08,26.25,32.58,31.64,47.67,7.73,52.08,Pearl Millet
69.95,19.89,53.65,19.14,58.93,6.11,35.29,Carrot
79.2,55.67,56.06,22.82,43.68,6.89,90.61,Pomegranate
86.37,49.54,34.23,30.51,74.16,5.5,89.37,Brinjal
85.14,50.26,67.95,18.87,49.76,6.96,54.87,Garlic
76.01,44.94,75.55,27.37,78.3,5.23,313.4,Pineapple
44.61,35.61,35.0,29.17,45.42,6.63,51.46,Red Gram
127.62,53.02,118.5,28.45,84.55,7.31,153.9,Banana
44.18,31.65,29.38,27.3,44.76,6.58,78.13,Little Millet
81.48,51.89,51.58,17.21,71.93,6.22,77.54,Cauliflower
77.64,45.2,78.68,26.22,90.5,6.42,221.73,Litchi
92.05,51.49,53.02,22.19,60.29,6.32,37.34,Onion
92.2,49.68,48.49,22.39,65.95,6.39,83.95,Cabbage
101.87,45.9,50.68,20.36,75.74,6.61,71.72,Cabbage
81.12,46.43,45.25,19.29,65.9,7.34,44.15,Garlic
66.43,47.94,83.86,27.64,77.13,5.09,192.13,Pineapple
89.04,47.73,30.13,20.68,56.73,6.68,58.43,Barley
69.63,19.62,31.66,31.53,46.78,7.66,82.63,Sorghum
47.93,38.26,36.38,20.96,58.37,6.64,136.16,Soybean
59.81,27.24,25.31,29.31,47.45,6.66,82.51,Castor
105.51,58.0,117.43,25.45,49.03,6.31,72.15,Grapes
69.55,53.44,50.57,31.11,74.94,6.37,80.43,Cucumber
110.38,42.81,96.24,29.89,85.14,5.92,176.69,Coconut
96.95,67.72,98.52,30.93,85.09,4.89,293.08,Rubber
71.23,49.9,81.39,28.1,80.6,6.48,211.56,Pineapple
105.64,51.34,72.29,26.12,74.55,6.0,216.77,Arecanut
91.57,62.1,49.34,24.09,84.1,6.0,221.47,Rice
56.67,36.3,48.5,29.82,68.7,6.45,77.29,Pumpkin
54.04,29.81,25.45,24.69,62.9,6.6,69.02,Sunflower
62.37,39.56,35.11,16.35,59.77,6.67,58.33,Wheat
63.6,27.31,54.99,24.95,70.07,6.18,152.04,Cashew
112.89,59.06,94.07,29.56,65.78,5.92,44.53,Mango
44.91,32.84,33.67,20.31,60.89,6.46,60.27,Linseed
86.19,51.16,101.16,18.51,53.06,6.89,75.24,Grapes
28.79,22.56,36.34,29.08,57.49,6.64,45.66,Horse Gram
70.89,49.66,68.09,23.17,52.98,6.62,56.9,Onion
105.3,57.65,65.26,19.4,69.93,6.19,77.89,Cabbage
107.32,55.65,135.46,33.33,70.39,7.12,169.35,Banana
50.36,29.54,62.22,19.25,52.56,6.48,53.32,Beetroot
48.32,31.15,26.49,27.3,65.48,6.44,80.16,Little Millet
80.72,46.64,70.17,26.85,76.09,7.88,112.6,Guava
59.56,31.28,44.65,24.56,72.16,6.18,63.79,Bottle Gourd
50.79,37.18,28.32,19.49,52.84,7.23,62.5,Linseed
54.52,34.12,37.96,28.71,63.7,7.32,62.08,Groundnut
51.96,24.55,29.93,27.69,72.39,5.83,101.89,Black Gram
38.65,24.98,28.05,23.83,58.16,6.53,108.77,Rajma
50.33,23.62,50.47,29.28,76.87,7.0,88.46,Pumpkin
130.25,54.9,113.28,28.86,85.72,6.49,214.42,Banana
80.69,36.49,29.46,15.01,42.05,6.72,54.49,Wheat
55.45,26.19,32.96,13.17,54.15,6.77,55.61,Mustard
38.12,35.48,43.72,14.39,47.27,6.4,46.29,Lentil
92.09,75.58,104.04,34.07,76.3,6.45,157.5,Papaya
45.34,30.3,32.03,25.83,50.39,7.15,104.72,Little Millet
52.97,28.18,28.49,25.39,70.72,6.15,152.66,Finger Millet
49.14,24.77,28.24,23.99,45.41,5.63,92.22,Little Millet
61.33,32.99,29.29,21.27,43.11,6.94,33.35,Safflower
80.12,37.74,72.24,29.35,68.47,6.5,205.58,Litchi
92.26,43.96,69.46,25.88,69.13,6.44,240.83,Litchi
38.28,41.25,34.2,17.34,50.29,6.36,51.34,Lentil
27.93,44.57,26.32,34.24,47.0,5.86,85.47,Sesame
45.84,37.91,22.54,19.93,70.71,5.64,95.2,Niger Seed
50.28,18.74,33.33,30.38,63.91,6.92,103.27,Soybean
48.47,33.67,32.7,19.98,64.93,6.84,26.62,Radish
108.91,49.5,68.7,25.15,68.51,6.71,74.07,Tomato
97.83,74.95,86.77,35.44,73.55,6.42,286.66,Rubber
36.89,27.13,27.41,25.93,61.69,6.09,88.88,Niger Seed
93.6,37.81,37.39,14.55,64.95,6.5,41.25,Barley
44.16,32.08,40.01,28.48,49.09,7.14,99.94,Castor
51.61,31.65,67.85,20.3,61.59,6.33,57.21,Carrot
77.47,34.56,35.41,19.38,45.24,6.47,47.11,Barley
40.93,22.78,32.53,29.75,47.04,6.42,87.39,Cowpea
92.75,45.83,53.18,33.23,88.23,5.79,200.98,Rice
28.61,27.13,30.31,16.8,64.48,7.11,55.0,Peas
82.5,28.41,36.3,19.42,49.79,6.84,52.39,Mustard
64.18,23.7,68.47,25.44,71.74,6.8,78.66,Bottle Gourd
79.24,50.54,51.92,25.8,75.29,6.59,54.13,Onion
32.87,36.01,32.32,27.78,49.32,7.69,55.5,Safflower
59.87,41.64,49.21,26.69,59.51,6.93,55.87,Okra
97.92,47.67,63.82,16.83,71.66,6.3,76.03,Cabbage
51.57,31.85,57.56,24.42,62.29,6.22,44.37,Carrot
86.41,45.61,36.07,14.83,53.0,7.17,47.26,Barley
28.72,35.16,27.49,21.95,56.41,7.75,46.59,Chickpea
66.77,28.82,29.53,27.03,53.28,6.88,79.0,Sorghum
31.25,31.98,35.22,33.06,51.44,6.22,68.69,Green Gram
82.3,62.38,70.77,19.87,61.99,5.75,150.6,Orange
49.1,24.46,24.95,15.73,51.98,6.24,32.78,Linseed
56.6,31.91,26.46,18.44,50.09,6.98,49.01,Radish
115.96,51.59,94.03,27.5,86.19,6.12,311.54,Rubber
78.56,45.8,70.87,28.99,48.16,6.46,72.43,Pomegranate
52.57,31.45,34.84,24.72,48.36,6.31,86.06,Little Millet
84.49,50.74,35.89,22.61,77.24,6.83,69.82,Cabbage
78.87,68.31,53.27,30.28,66.77,6.84,97.05,Brinjal
46.85,30.63,23.82,25.76,60.04,6.69,71.4,Niger Seed
101.23,52.21,51.95,29.67,74.07,6.68,101.81,Brinjal
72.08,53.5,64.15,23.3,61.2,6.69,73.97,Chilli
99.06,42.2,102.08,30.34,88.65,8.36,227.73,Coconut
94.76,49.48,53.43,29.42,58.15,6.6,76.38,Chilli
81.45,55.46,78.32,30.0,55.08,5.87,143.77,Orange
97.72,46.12,99.36,30.1,77.27,6.3,243.49,Coconut
35.97,34.68,29.51,30.52,49.08,6.55,101.41,Red Gram
48.58,30.21,33.6,28.39,54.97,6.58,108.27,Black Gram
89.31,55.3,52.47,25.91,79.16,6.61,53.92,Cauliflower
115.32,56.27,92.69,21.45,76.4,6.44,209.38,Arecanut
48.32,30.66,37.56,37.51,52.15,6.87,66.63,Pearl Millet
52.22,32.73,27.25,29.16,67.28,6.74,158.31,Finger Millet
47.05,32.1,33.42,31.14,52.13,6.61,65.55,Green Gram
116.51,53.33,49.24,27.6,76.78,6.43,173.99,Rice
45.45,27.57,40.91,28.33,49.31,6.27,107.55,Kodo Millet
35.73,20.88,31.75,27.31,60.85,6.26,95.69,Niger Seed
41.73,25.66,29.62,23.58,59.14,7.09,112.37,Soybean
56.19,25.75,62.84,32.69,73.89,6.32,231.17,Cashew
58.41,36.98,43.22,26.95,73.85,5.95,93.93,Soybean
25.24,20.42,36.29,30.27,47.57,5.98,63.43,Horse Gram
46.11,37.7,34.38,23.2,49.11,6.51,49.8,Lentil
49.48,27.07,38.63,25.11,60.72,7.36,78.11,Little Millet
87.36,39.1,37.55,23.74,66.47,7.21,151.87,Maize
66.9,39.19,24.41,33.58,60.86,7.31,66.64,Sorghum
40.66,23.97,28.77,22.99,49.14,6.14,66.22,Linseed
69.02,52.87,91.92,28.89,76.04,5.52,193.28,Pineapple
81.22,40.99,59.95,19.35,73.68,6.54,58.23,Cauliflower
99.72,53.42,93.17,22.71,69.61,7.76,150.07,Orange
36.26,26.05,27.9,27.0,44.79,6.03,73.62,Cowpea
78.24,37.62,73.49,22.04,84.14,5.58,184.04,Coffee
47.68,33.06,29.97,29.08,56.38,6.7,61.14,Groundnut
101.52,43.02,64.97,18.71,80.92,6.56,73.66,Cauliflower
60.09,37.0,59.79,19.04,56.1,7.09,44.86,Beetroot
33.75,32.55,34.86,24.44,50.13,6.86,43.33,Lentil
83.82,46.34,27.14,24.5,67.84,6.36,92.33,Maize
87.97,43.97,82.92,30.41,49.4,6.41,72.19,Pomegranate
