crop,leaf_color,spot_color,spot_size,leaf_curl,powder,stem,temperature,humidity,disease
Rice,Brown,Brown,None,No,No,Healthy,30.2,66.5,Brown Spot
Rice,Brown,Brown,Medium,No,No,Healthy,22.3,89.0,Brown Spot
Rice,Brown,Brown,Medium,No,No,Healthy,20.9,82.0,Brown Spot
Rice,Brown,Brown,Medium,Yes,No,Healthy,18.6,83.4,Brown Spot
Rice,Brown,Brown,Medium,No,No,Healthy,18.6,74.4,Brown Spot
Rice,Brown,Brown,Medium,No,No,Rotten,21.8,75.9,Brown Spot
Rice,Brown,Brown,Medium,No,Yes,Healthy,31.1,98.4,Brown Spot
Rice,Brown,Brown,Medium,No,No,Healthy,27.5,100.0,Brown Spot
Rice,Brown,Brown,Medium,No,No,Healthy,24.8,104.4,Brown Spot
Rice,Green,Brown,Medium,Yes,No,Healthy,25.2,104.3,Brown Spot
Rice,Yellow,Brown,Medium,No,No,Healthy,33.1,71.7,Brown Spot
Rice,Green,Brown,Medium,No,No,Dry,21.6,80.1,Brown Spot
Rice,Brown,Brown,Small,No,No,Healthy,22.4,74.9,Brown Spot
Rice,Brown,Brown,Medium,No,Yes,Healthy,22.9,99.5,Brown Spot
Rice,Brown,Brown,Medium,No,No,Healthy,27.8,70.2,Brown Spot
Rice,Brown,Brown,Medium,Yes,No,Healthy,35.4,99.0,Brown Spot
Rice,Brown,None,Medium,No,No,Healthy,25.7,69.2,Brown Spot
Rice,Brown,Brown,Medium,No,No,Healthy,33.4,69.8,Brown Spot
Rice,Brown,Brown,Medium,No,No,Healthy,34.4,69.3,Brown Spot
Rice,Black,Brown,Medium,No,No,Healthy,34.6,51.2,Brown Spot
Rice,Brown,Brown,Medium,No,No,Healthy,27.2,78.9,Brown Spot
Rice,Black,Brown,Small,No,No,Healthy,27.7,98.7,Brown Spot
Rice,Brown,Brown,Medium,No,No,Healthy,30.6,87.5,Brown Spot
Rice,Brown,Brown,Medium,No,No,Healthy,29.9,102.0,Brown Spot
Rice,Brown,Yellow,Medium,No,No,Healthy,22.5,76.6,Brown Spot
Rice,Brown,Brown,Medium,No,No,Healthy,36.1,70.7,Brown Spot
Rice,Brown,Brown,Medium,No,No,Healthy,22.9,84.6,Brown Spot
Rice,Brown,Brown,Small,No,No,Healthy,22.9,94.4,Brown Spot
Rice,Brown,Black,Medium,No,No,Healthy,20.6,70.5,Brown Spot
Rice,Yellow,Brown,None,No,Yes,Healthy,35.0,81.3,Brown Spot
Rice,Brown,White,Medium,No,No,Healthy,34.6,97.1,Brown Spot
Rice,Brown,Brown,Medium,No,No,Healthy,16.2,74.4,Brown Spot
Rice,Green,Brown,Medium,No,No,Healthy,18.3,99.7,Brown Spot
Rice,Brown,Brown,Small,No,No,Healthy,27.7,80.5,Brown Spot
Rice,Brown,Brown,Medium,No,No,Healthy,24.2,77.7,Brown Spot
Rice,Brown,Brown,Medium,No,No,Healthy,25.9,102.2,Brown Spot
Rice,Brown,Brown,Small,No,No,Healthy,29.1,91.0,Brown Spot
Rice,Brown,Brown,Medium,No,No,Healthy,29.8,69.1,Brown Spot
Rice,Brown,Brown,Medium,No,No,Healthy,35.0,88.0,Brown Spot
Rice,Green,Brown,Medium,No,Yes,Cracked,33.4,92.6,Brown Spot
Rice,Brown,White,Medium,No,No,Healthy,29.7,93.6,Brown Spot
Rice,Brown,Brown,Medium,No,No,Healthy,32.9,84.4,Brown Spot
Rice,Brown,Brown,Medium,No,No,Cracked,31.3,93.1,Brown Spot
Rice,Black,Brown,Medium,No,Yes,Healthy,27.1,102.3,Brown Spot
Rice,Brown,Brown,Medium,No,No,Healthy,26.2,66.6,Brown Spot
Rice,Brown,Brown,Medium,No,No,Healthy,30.6,87.5,Brown Spot
Rice,Brown,Brown,Medium,Yes,No,Healthy,25.1,94.8,Brown Spot
Rice,Brown,Brown,Medium,No,Yes,Healthy,17.9,67.1,Brown Spot
Rice,Brown,Brown,None,No,Yes,Healthy,32.7,72.0,Brown Spot
Rice,Brown,Brown,None,No,No,Healthy,31.7,68.5,Brown Spot
Rice,Brown,Brown,Medium,No,No,Cracked,28.1,91.3,Brown Spot
Rice,Brown,Brown,Medium,No,No,Healthy,31.5,82.5,Brown Spot
Rice,Yellow,Brown,Medium,No,No,Healthy,23.0,98.7,Brown Spot
Rice,Brown,Brown,None,No,No,Healthy,24.1,84.5,Brown Spot
Rice,Brown,Brown,Medium,No,No,Healthy,25.7,87.2,Brown Spot
Rice,White,Brown,Medium,No,No,Healthy,30.7,79.9,Brown Spot
Rice,Brown,Brown,Medium,No,Yes,Rotten,21.5,70.2,Brown Spot
Rice,Brown,Brown,Medium,No,Yes,Healthy,23.5,79.6,Brown Spot
Rice,Brown,White,Medium,No,No,Healthy,18.0,76.6,Brown Spot
Rice,Brown,Brown,Medium,No,No,Healthy,31.1,71.4,Brown Spot
Rice,Brown,Brown,Medium,No,No,Rotten,32.9,80.3,Brown Spot
Rice,Brown,Brown,Medium,No,No,Healthy,29.9,75.8,Brown Spot
Rice,Brown,Brown,Medium,No,No,Healthy,23.4,76.5,Brown Spot
Rice,Brown,Brown,Medium,No,No,Cracked,20.0,74.3,Brown Spot
Rice,Brown,Brown,Medium,No,No,Healthy,20.2,92.4,Brown Spot
Rice,Brown,Black,Medium,No,No,Healthy,22.6,69.1,Brown Spot
Rice,Brown,White,Medium,No,No,Dry,26.4,76.3,Brown Spot
Rice,Brown,Brown,Medium,No,No,Healthy,25.8,84.8,Brown Spot
Rice,Brown,Brown,Medium,No,No,Healthy,37.8,97.7,Brown Spot
Rice,Brown,Brown,Medium,No,No,Healthy,23.0,70.6,Brown Spot
Rice,Brown,Brown,Medium,No,No,Healthy,18.0,81.4,Brown Spot
Rice,Brown,Yellow,Medium,No,No,Healthy,34.0,103.7,Brown Spot
Rice,Brown,Brown,Large,No,No,Healthy,34.4,78.8,Brown Spot
Rice,Yellow,Brown,Medium,No,No,Healthy,24.2,95.3,Brown Spot
Rice,Yellow,Brown,Medium,No,No,Cracked,31.5,97.1,Brown Spot
Rice,Green,Brown,Medium,No,No,Healthy,14.6,101.0,Brown Spot
Rice,Brown,White,None,No,No,Healthy,24.2,91.8,Brown Spot
Rice,Brown,Brown,Medium,No,No,Healthy,23.4,74.4,Brown Spot
Rice,Brown,Brown,Medium,No,No,Healthy,24.1,67.7,Brown Spot
Rice,Brown,Brown,Medium,No,Yes,Rotten,25.2,92.1,Brown Spot
Rice,Brown,Brown,Medium,Yes,No,Healthy,19.2,102.4,Brown Spot
Rice,Brown,Brown,None,Yes,No,Rotten,24.7,86.4,Brown Spot
Rice,Brown,Brown,Medium,No,No,Healthy,29.6,79.2,Brown Spot
Rice,Brown,Brown,Medium,No,No,Healthy,23.8,82.7,Brown Spot
Rice,Brown,White,Medium,No,No,Healthy,36.7,86.2,Brown Spot
Rice,Brown,Yellow,Medium,No,No,Healthy,36.5,71.0,Brown Spot
Rice,Brown,Brown,Medium,No,Yes,Rotten,26.6,91.7,Brown Spot
Rice,Brown,Brown,Medium,No,No,Healthy,30.4,90.3,Brown Spot
Rice,Brown,White,Medium,No,No,Healthy,35.1,70.8,Brown Spot
Rice,Brown,Brown,Medium,No,Yes,Healthy,29.8,102.1,Brown Spot
Rice,Brown,White,Medium,No,No,Healthy,36.8,79.5,Brown Spot
Rice,Brown,Brown,Medium,No,No,Healthy,33.1,75.0,Brown Spot
Rice,Brown,Brown,Medium,No,No,Healthy,37.5,100.6,Brown Spot
Rice,Brown,Brown,Medium,No,No,Healthy,33.2,74.8,Brown Spot
Rice,Brown,Brown,Medium,No,No,Cracked,27.8,69.8,Brown Spot
Rice,Brown,Brown,Medium,No,No,Healthy,26.1,69.7,Brown Spot
Rice,Brown,Brown,Medium,No,No,Healthy,24.1,104.3,Brown Spot
Rice,Brown,Brown,Medium,No,No,Healthy,31.8,73.9,Brown Spot
Rice,Green,Brown,Medium,No,No,Healthy,25.0,71.5,Brown Spot
Rice,Black,None,Medium,No,No,Healthy,36.4,87.4,Brown Spot
Rice,Brown,Brown,Medium,No,No,Healthy,30.6,74.2,Brown Spot
Rice,Brown,Black,Medium,No,No,Healthy,29.6,41.9,Brown Spot
Rice,Brown,Brown,Medium,No,No,Healthy,33.9,90.2,Brown Spot
Rice,Brown,Brown,Medium,No,No,Healthy,19.4,67.6,Brown Spot
Rice,Brown,Brown,Medium,No,No,Healthy,32.5,69.9,Brown Spot
Rice,Brown,Brown,Medium,No,No,Healthy,17.9,77.3,Brown Spot
Rice,Brown,None,Medium,No,No,Healthy,31.5,85.0,Brown Spot
Rice,Brown,Brown,Medium,No,No,Healthy,26.1,81.3,Brown Spot
Rice,Brown,Black,Medium,No,No,Healthy,26.3,69.6,Brown Spot
Rice,Yellow,Brown,Medium,No,No,Healthy,28.1,73.1,Brown Spot
Rice,Brown,Brown,Medium,Yes,No,Healthy,30.5,72.4,Brown Spot
Rice,Brown,Brown,Medium,No,No,Healthy,20.7,68.2,Brown Spot
Rice,Brown,Brown,Medium,No,No,Cracked,34.0,68.5,Brown Spot
Rice,Brown,White,Medium,Yes,No,Healthy,35.5,87.8,Brown Spot
Rice,Brown,Brown,Medium,No,No,Healthy,21.1,75.2,Brown Spot
Rice,Brown,Brown,Medium,No,No,Rotten,29.4,96.3,Brown Spot
Rice,Black,Brown,Medium,No,No,Healthy,24.3,88.2,Brown Spot
Rice,White,Brown,Medium,No,No,Healthy,24.2,70.5,Brown Spot
Rice,Yellow,Brown,None,No,No,Healthy,36.3,78.8,Brown Spot
Rice,Brown,Brown,Medium,No,No,Cracked,28.0,91.3,Brown Spot
Rice,Brown,Brown,Medium,No,No,Cracked,18.6,79.7,Brown Spot
Rice,Brown,Brown,Medium,No,No,Healthy,35.4,73.1,Brown Spot
Rice,Brown,Yellow,Medium,No,No,Healthy,21.6,58.4,Brown Spot
Rice,Brown,None,Medium,No,No,Healthy,27.8,97.9,Brown Spot
Rice,Brown,Brown,Medium,No,Yes,Healthy,19.3,74.3,Brown Spot
Rice,Brown,Yellow,Large,No,No,Healthy,20.5,26.3,Brown Spot
Rice,Brown,Yellow,Medium,No,No,Healthy,18.7,81.9,Brown Spot
Rice,Brown,Brown,Medium,No,No,Healthy,23.4,65.6,Brown Spot
Rice,Brown,Brown,Medium,No,No,Healthy,26.9,90.3,Brown Spot
Rice,Brown,Brown,Medium,No,No,Healthy,27.5,78.5,Brown Spot
Rice,Brown,Brown,Medium,Yes,Yes,Healthy,19.0,95.8,Brown Spot
Rice,Brown,Brown,Medium,No,No,Healthy,32.4,73.0,Brown Spot
Rice,Brown,Brown,Medium,No,No,Healthy,36.4,78.7,Brown Spot
Rice,Brown,Brown,Medium,No,No,Healthy,37.2,72.5,Brown Spot
Rice,Brown,Brown,Medium,No,No,Healthy,26.5,93.8,Brown Spot
Rice,Brown,Brown,Medium,No,No,Healthy,27.8,87.9,Brown Spot
Rice,Brown,Brown,Medium,No,No,Healthy,36.3,66.8,Brown Spot
Rice,Green,Brown,Medium,No,Yes,Healthy,16.0,103.0,Brown Spot
Rice,Brown,Brown,Medium,No,No,Healthy,37.2,73.3,Brown Spot
Rice,Brown,Brown,Medium,No,No,Healthy,23.4,77.2,Brown Spot
Rice,Yellow,Brown,Medium,No,Yes,Healthy,27.4,79.6,Brown Spot
Rice,Brown,Brown,Medium,No,No,Healthy,32.7,97.6,Brown Spot
Rice,Green,Yellow,Medium,No,No,Healthy,30.2,72.6,Brown Spot
Rice,Brown,Brown,Medium,No,No,Healthy,24.5,102.2,Brown Spot
Rice,Brown,Brown,Medium,No,No,Healthy,27.6,72.1,Brown Spot
Rice,Brown,Brown,Medium,No,No,Healthy,18.3,67.3,Brown Spot
Rice,Brown,Brown,Medium,No,No,Healthy,23.4,102.8,Brown Spot
Rice,Brown,White,Medium,No,No,Healthy,21.7,89.2,Brown Spot
Rice,Brown,Brown,Medium,No,No,Healthy,26.8,75.9,Brown Spot
Rice,Brown,Brown,Medium,No,No,Cracked,24.1,88.0,Brown Spot
Rice,Black,Brown,Medium,No,No,Healthy,36.6,59.6,Brown Spot
Rice,Brown,Brown,Medium,No,No,Healthy,11.6,81.2,Brown Spot
Rice,Brown,Yellow,Small,No,No,Healthy,29.9,89.3,Brown Spot
Rice,Brown,Brown,Medium,No,No,Healthy,18.6,70.8,Brown Spot
Rice,White,Brown,Medium,No,No,Healthy,37.1,94.3,Brown Spot
Rice,Green,Brown,Medium,No,No,Healthy,19.9,81.7,Brown Spot
Rice,Yellow,Brown,Medium,No,No,Healthy,29.1,72.1,Brown Spot
Rice,Brown,Brown,None,No,No,Healthy,25.9,81.6,Brown Spot
Rice,Brown,Brown,Medium,No,No,Healthy,37.2,84.2,Brown Spot
Rice,Brown,Brown,Medium,No,No,Healthy,33.4,75.8,Brown Spot
Rice,Brown,Brown,Medium,No,Yes,Healthy,27.3,84.2,Brown Spot
Rice,Brown,Brown,Medium,No,No,Healthy,36.4,96.9,Brown Spot
Rice,Brown,Brown,Medium,No,No,Healthy,28.3,101.9,Brown Spot
Rice,Brown,Brown,Medium,Yes,No,Cracked,18.8,81.6,Brown Spot
Rice,Brown,None,Medium,No,No,Healthy,27.1,73.3,Brown Spot
Rice,Black,Brown,Medium,No,No,Healthy,35.6,72.3,Brown Spot
Rice,Brown,Brown,Medium,No,No,Cracked,18.5,77.1,Brown Spot
Rice,Brown,Brown,Medium,No,No,Healthy,23.1,97.0,Brown Spot
Rice,Brown,Brown,Medium,No,Yes,Healthy,21.5,89.3,Brown Spot
Rice,Brown,Brown,Medium,No,No,Healthy,22.6,75.7,Brown Spot
Rice,Brown,Brown,Medium,Yes,No,Healthy,30.8,83.7,Brown Spot
Rice,Brown,Brown,Medium,No,No,Healthy,20.4,71.5,Brown Spot
Rice,Brown,Brown,Medium,No,No,Healthy,22.6,94.9,Brown Spot
Rice,Brown,Brown,Medium,No,No,Healthy,27.6,87.8,Brown Spot
Rice,Brown,Brown,Medium,No,No,Healthy,33.5,83.2,Brown Spot
Rice,Green,White,Medium,No,No,Healthy,21.0,88.1,Brown Spot
Rice,Brown,White,Medium,No,No,Healthy,36.8,90.7,Brown Spot
Rice,Brown,Brown,Medium,No,No,Healthy,30.5,79.1,Brown Spot
Rice,Brown,Brown,Medium,No,No,Healthy,30.9,86.7,Brown Spot
Rice,Brown,Brown,Medium,No,No,Healthy,29.7,102.0,Brown Spot
Rice,Brown,Brown,Small,No,No,Healthy,18.6,82.6,Brown Spot
Rice,Brown,Brown,Medium,No,No,Rotten,29.4,91.7,Brown Spot
Rice,Black,Brown,Medium,No,No,Healthy,30.0,82.2,Brown Spot
Rice,Brown,Brown,Large,No,No,Healthy,32.5,84.0,Brown Spot
Rice,Brown,None,Medium,No,No,Rotten,24.2,68.6,Brown Spot
Rice,Brown,Black,None,No,No,Healthy,33.4,88.4,Brown Spot
Rice,Brown,Brown,Medium,No,No,Healthy,32.3,94.9,Brown Spot
Rice,Brown,Brown,Medium,No,No,Healthy,30.4,77.5,Brown Spot
Rice,Brown,Brown,Medium,No,No,Healthy,23.9,67.3,Brown Spot
Rice,Brown,Brown,Large,No,No,Healthy,22.2,87.7,Brown Spot
Rice,Green,Brown,None,No,No,Healthy,20.5,86.8,Brown Spot
Rice,Brown,Brown,Medium,No,No,Healthy,34.2,60.5,Brown Spot
Rice,Green,Brown,Medium,No,No,Healthy,26.9,87.0,Brown Spot
Rice,Brown,Brown,Medium,No,No,Healthy,19.6,71.3,Brown Spot
Rice,Brown,None,Medium,No,No,Healthy,37.1,74.3,Brown Spot
Rice,Brown,Brown,None,No,No,Cracked,17.9,72.2,Brown Spot
Rice,Brown,Brown,Medium,No,No,Healthy,23.0,101.5,Brown Spot
Rice,Brown,Brown,Medium,No,No,Healthy,20.6,97.5,Brown Spot
Rice,Brown,Brown,Medium,No,No,Healthy,25.2,94.4,Brown Spot
Rice,Brown,Brown,Medium,No,No,Healthy,29.6,89.4,Brown Spot
Rice,Brown,Brown,Medium,No,No,Healthy,25.1,72.7,Brown Spot
Rice,Brown,White,Medium,No,No,Healthy,33.0,71.5,Brown Spot
Rice,Brown,Brown,Medium,No,No,Healthy,26.5,48.3,Brown Spot
Rice,Brown,Brown,Medium,No,No,Healthy,19.4,100.6,Brown Spot
Rice,Brown,Brown,Medium,No,No,Healthy,19.0,82.5,Brown Spot
Rice,Brown,Brown,Medium,No,No,Rotten,19.8,77.4,Brown Spot
Rice,Brown,Brown,Medium,No,No,Rotten,23.6,89.0,Brown Spot
Rice,Yellow,Brown,Medium,No,No,Cracked,24.1,76.4,Brown Spot
Rice,Brown,White,Medium,No,No,Healthy,36.1,73.7,Brown Spot
Rice,Brown,Brown,Medium,Yes,No,Healthy,20.8,82.0,Brown Spot
Rice,Brown,Brown,Medium,No,No,Healthy,24.8,100.4,Brown Spot
Rice,Black,Brown,Medium,No,No,Healthy,36.9,91.9,Brown Spot
Rice,Brown,Brown,Medium,Yes,No,Healthy,31.2,74.1,Brown Spot
Rice,Brown,Brown,Medium,No,No,Healthy,36.5,70.0,Brown Spot
Rice,Brown,None,Medium,No,No,Healthy,31.3,77.9,Brown Spot
Rice,Brown,Brown,Medium,No,No,Healthy,28.5,78.4,Brown Spot
Rice,Brown,Brown,Medium,No,No,Healthy,35.0,37.2,Brown Spot
Rice,Brown,Black,Medium,No,No,Healthy,24.9,73.2,Brown Spot
Rice,Brown,Brown,Medium,No,No,Healthy,34.2,89.6,Brown Spot
Rice,Brown,Brown,Medium,No,No,Healthy,21.3,92.5,Brown Spot
Rice,Brown,Brown,Medium,No,No,Healthy,37.2,87.1,Brown Spot
Rice,Brown,Brown,Large,No,No,Healthy,33.6,103.1,Brown Spot
Rice,Brown,Brown,Medium,No,No,Healthy,22.1,66.8,Brown Spot
Rice,Brown,Brown,Medium,No,No,Healthy,23.0,86.7,Brown Spot
Rice,Green,Brown,Small,No,No,Healthy,30.5,41.0,Brown Spot
Rice,Brown,Brown,Medium,No,No,Healthy,34.5,89.3,Brown Spot
Rice,White,None,Medium,No,No,Healthy,21.0,103.7,Brown Spot
Rice,Brown,Brown,Medium,No,No,Healthy,23.2,91.1,Brown Spot
Rice,Brown,Brown,Medium,No,No,Cracked,30.1,90.0,Brown Spot
Rice,Brown,Brown,Medium,No,No,Healthy,34.8,78.3,Brown Spot
Rice,Brown,Brown,Medium,No,No,Healthy,22.0,82.3,Brown Spot
Rice,Brown,Brown,Large,No,No,Healthy,18.6,94.4,Brown Spot
Rice,Brown,Brown,Medium,No,No,Healthy,30.4,71.7,Brown Spot
Rice,Brown,Brown,Medium,No,No,Healthy,31.9,95.0,Brown Spot
Rice,Brown,Brown,Medium,No,No,Healthy,17.9,78.9,Brown Spot
Rice,Yellow,Brown,Medium,No,No,Healthy,24.9,77.2,Brown Spot
Rice,Brown,Brown,Small,No,No,Healthy,21.9,94.7,Brown Spot
Rice,Brown,Brown,Medium,No,No,Healthy,36.5,77.8,Brown Spot
Rice,Brown,Brown,Medium,No,No,Healthy,34.3,91.2,Brown Spot
Rice,Brown,Brown,Medium,No,No,Healthy,19.9,85.0,Brown Spot
Rice,Brown,Brown,Medium,Yes,No,Healthy,21.1,83.9,Brown Spot
Rice,Brown,Brown,Medium,No,No,Healthy,27.5,81.7,Brown Spot
Rice,Green,Brown,Medium,No,No,Healthy,33.5,86.4,Brown Spot
Rice,Brown,Brown,Medium,No,No,Healthy,26.2,83.2,Brown Spot
Rice,Brown,Brown,Medium,No,No,Healthy,36.3,85.9,Brown Spot
Rice,Brown,Brown,Medium,No,No,Healthy,26.1,85.9,Brown Spot
Rice,Brown,Brown,Medium,No,No,Healthy,20.8,95.7,Brown Spot
Rice,Brown,Brown,Medium,No,No,Healthy,24.8,101.4,Brown Spot
Rice,Brown,Brown,Medium,No,No,Healthy,35.6,78.0,Brown Spot
Rice,Brown,Brown,Medium,No,No,Healthy,25.6,99.7,Brown Spot
Rice,Yellow,Brown,Medium,No,No,Healthy,32.2,75.0,Brown Spot
Rice,Green,Brown,Medium,No,No,Healthy,22.3,79.0,Brown Spot
Rice,Brown,Brown,Medium,No,No,Healthy,36.9,81.9,Brown Spot
Rice,Brown,Brown,Medium,No,No,Healthy,35.2,83.4,Brown Spot
Rice,Brown,Black,Medium,No,No,Healthy,20.3,76.9,Brown Spot
Rice,Brown,Brown,Medium,No,No,Healthy,33.0,88.3,Brown Spot
Rice,Brown,Brown,Medium,No,No,Healthy,34.4,69.0,Brown Spot
Rice,Brown,White,Medium,No,No,Healthy,19.6,81.0,Brown Spot
Rice,Brown,Brown,Medium,No,No,Healthy,33.2,70.2,Brown Spot
Rice,Brown,Brown,Medium,No,No,Healthy,12.1,97.2,Brown Spot
Rice,Brown,Brown,Medium,No,No,Healthy,28.9,74.7,Brown Spot
Rice,Brown,Brown,Medium,No,No,Healthy,29.8,90.7,Brown Spot
Rice,Brown,Brown,Medium,No,No,Healthy,22.6,50.6,Brown Spot
Rice,Brown,Brown,Medium,No,No,Healthy,23.0,84.9,Brown Spot
Rice,Brown,Brown,Medium,Yes,No,Healthy,20.9,75.2,Brown Spot
Rice,Brown,None,Medium,No,No,Healthy,34.2,72.4,Brown Spot
Rice,Brown,Brown,Medium,No,No,Healthy,36.2,98.1,Brown Spot
Rice,Brown,Brown,Medium,No,No,Healthy,27.1,78.4,Brown Spot
Rice,Brown,Brown,Medium,No,No,Healthy,31.5,71.0,Brown Spot
Rice,Brown,Brown,Medium,No,No,Dry,24.0,103.6,Brown Spot
Rice,Brown,Brown,Medium,Yes,No,Healthy,22.1,88.5,Brown Spot
Rice,Brown,Brown,Medium,No,No,Healthy,28.8,72.6,Brown Spot
Rice,Brown,Brown,Medium,No,No,Healthy,24.5,78.0,Brown Spot
Rice,Black,Brown,Medium,No,No,Healthy,19.9,65.5,Brown Spot
Rice,Brown,Black,Medium,No,No,Healthy,34.6,90.9,Brown Spot
Rice,Brown,Brown,Medium,No,No,Rotten,35.1,71.8,Brown Spot
Rice,Brown,Brown,Medium,No,No,Healthy,20.6,82.4,Brown Spot
Rice,Brown,Yellow,Medium,No,No,Healthy,25.4,20.3,Brown Spot
Rice,Brown,Black,Medium,No,No,Dry,36.8,84.0,Brown Spot
Rice,White,Brown,Medium,No,No,Healthy,21.4,67.2,Brown Spot
Rice,White,Brown,Medium,No,No,Cracked,28.3,103.4,Brown Spot
Rice,Brown,Brown,Small,No,No,Healthy,23.6,65.7,Brown Spot
Rice,Brown,White,Medium,No,No,Healthy,36.9,103.4,Brown Spot
Rice,Brown,Brown,Large,No,No,Healthy,24.0,93.9,Brown Spot
Rice,Brown,Brown,None,No,No,Healthy,27.9,81.9,Brown Spot
Rice,Brown,Brown,Medium,No,No,Healthy,28.2,78.9,Brown Spot
Rice,Brown,Brown,Medium,No,No,Healthy,31.3,67.0,Brown Spot
Rice,Yellow,Brown,Medium,No,No,Healthy,23.2,84.7,Brown Spot
Rice,Brown,Brown,Medium,No,No,Healthy,29.5,69.0,Brown Spot
Rice,Brown,Brown,Medium,No,No,Healthy,19.0,93.2,Brown Spot
Rice,Brown,Brown,Medium,No,No,Healthy,18.4,67.5,Brown Spot
Rice,Brown,Black,Medium,No,No,Healthy,26.4,103.0,Brown Spot
Rice,Brown,Brown,Medium,No,No,Healthy,20.9,87.8,Brown Spot
Rice,Brown,Brown,Medium,No,No,Dry,32.7,65.8,Brown Spot
Rice,Brown,Brown,Large,No,No,Dry,26.0,80.2,Brown Spot
Rice,Brown,Brown,Medium,No,No,Healthy,28.7,88.7,Brown Spot
Rice,Brown,Brown,Large,No,No,Healthy,36.3,90.9,Brown Spot
Rice,Brown,Brown,Medium,No,No,Healthy,30.5,104.4,Brown Spot
Rice,Brown,Brown,Small,No,No,Healthy,22.1,86.4,Brown Spot
Rice,Green,Brown,Medium,No,No,Dry,31.9,87.3,Brown Spot
Rice,White,Brown,Medium,No,No,Healthy,22.8,77.0,Brown Spot
Rice,Brown,Black,Medium,No,Yes,Healthy,31.0,86.2,Brown Spot
Rice,Brown,Brown,Medium,No,No,Healthy,34.6,72.5,Brown Spot
Rice,Brown,Brown,Medium,Yes,No,Healthy,32.7,84.6,Brown Spot
Rice,Brown,Brown,Medium,No,No,Dry,32.0,102.6,Brown Spot
Rice,Brown,White,Medium,No,No,Rotten,20.3,80.5,Brown Spot
Rice,Black,Brown,Medium,No,No,Healthy,24.4,100.7,Brown Spot
Rice,Brown,Brown,Medium,No,No,Healthy,21.0,90.1,Brown Spot
Rice,Brown,Brown,Medium,No,No,Healthy,31.2,81.8,Brown Spot
Rice,Green,Brown,Medium,No,No,Healthy,30.7,76.0,Brown Spot
Rice,Brown,Brown,Medium,No,Yes,Healthy,29.6,95.8,Brown Spot
Rice,Brown,Brown,Medium,No,No,Healthy,17.8,91.7,Brown Spot
Rice,Brown,Brown,Medium,No,No,Healthy,22.7,74.5,Brown Spot
Rice,Brown,Brown,Medium,Yes,No,Healthy,23.8,94.3,Brown Spot
Rice,Brown,Brown,Large,No,No,Healthy,33.6,72.6,Brown Spot
Rice,Brown,Brown,Medium,No,No,Healthy,31.3,67.8,Brown Spot
Rice,Yellow,Brown,Medium,Yes,No,Healthy,24.7,66.6,Brown Spot
Rice,Brown,Brown,Medium,No,No,Healthy,23.9,93.0,Brown Spot
Rice,Brown,Brown,None,No,Yes,Rotten,26.2,93.8,Brown Spot
Rice,Brown,Brown,Medium,No,No,Healthy,19.2,84.7,Brown Spot
Rice,Brown,Brown,Medium,No,No,Healthy,33.4,83.0,Brown Spot
Rice,Brown,Brown,Medium,No,Yes,Healthy,17.8,69.0,Brown Spot
Rice,Brown,Brown,Medium,No,No,Healthy,33.7,98.4,Brown Spot
Rice,Brown,Brown,Medium,Yes,No,Healthy,17.8,79.4,Brown Spot
Rice,Black,Brown,Small,No,No,Healthy,31.8,69.7,Brown Spot
Rice,Brown,Brown,Small,No,No,Healthy,35.8,98.2,Brown Spot
Rice,Yellow,Brown,Medium,No,No,Healthy,36.0,98.2,Brown Spot
Rice,Brown,Brown,Medium,No,No,Healthy,29.6,78.1,Brown Spot
Rice,Brown,Yellow,Small,No,No,Healthy,33.4,70.9,Brown Spot
Rice,White,Brown,Medium,No,No,Healthy,24.5,91.7,Brown Spot
Rice,White,Brown,None,No,No,Healthy,29.1,102.3,Brown Spot
Rice,Brown,Brown,Medium,No,No,Healthy,30.8,73.3,Brown Spot
Rice,Brown,Brown,Medium,No,No,Healthy,26.6,89.5,Brown Spot
Rice,Brown,Brown,None,No,No,Healthy,31.3,67.3,Brown Spot
Rice,Brown,Brown,Medium,No,No,Healthy,33.0,99.4,Brown Spot
Rice,Brown,Brown,Medium,No,No,Healthy,36.6,77.0,Brown Spot
Rice,Brown,Brown,Medium,No,No,Dry,20.3,88.3,Brown Spot
Rice,Brown,Brown,Medium,No,No,Healthy,27.3,87.8,Brown Spot
Rice,Brown,Brown,Medium,No,No,Healthy,28.2,69.1,Brown Spot
Rice,Yellow,Black,Medium,No,No,Healthy,20.0,79.0,Brown Spot
Rice,Brown,Brown,Medium,No,No,Healthy,31.9,66.5,Brown Spot
Rice,Brown,Brown,Medium,No,No,Healthy,19.4,69.2,Brown Spot
Rice,Brown,Brown,Medium,No,No,Healthy,34.0,73.5,Brown Spot
Rice,Brown,Brown,Medium,No,No,Healthy,31.7,67.0,Brown Spot
Rice,Brown,Brown,Medium,No,No,Healthy,23.9,77.6,Brown Spot
Rice,Black,Brown,Medium,No,No,Healthy,23.4,92.2,Brown Spot
Rice,Brown,Brown,Medium,No,No,Healthy,25.4,96.6,Brown Spot
Rice,Brown,Brown,Medium,No,No,Rotten,20.2,65.7,Brown Spot
Rice,Brown,Brown,Large,No,No,Healthy,20.9,74.1,Brown Spot
Rice,Brown,Brown,Medium,No,No,Healthy,22.6,73.2,Brown Spot
Rice,Brown,Brown,Medium,No,No,Healthy,27.2,78.3,Brown Spot
Rice,Brown,Brown,Large,No,No,Healthy,22.1,94.4,Brown Spot
Rice,White,Brown,Medium,No,No,Healthy,19.9,90.7,Brown Spot
Rice,Brown,Brown,Large,No,No,Healthy,33.6,88.1,Brown Spot
Rice,Brown,Brown,Medium,No,No,Rotten,35.1,88.5,Brown Spot
Rice,Brown,Brown,Medium,No,No,Healthy,32.5,71.0,Brown Spot
Rice,Brown,Brown,None,No,No,Healthy,27.3,36.5,Brown Spot
Rice,Brown,Brown,Medium,No,No,Healthy,36.6,90.2,Brown Spot
Rice,Brown,White,Medium,No,No,Healthy,27.8,80.2,Brown Spot
Rice,Brown,Brown,Medium,No,No,Healthy,21.0,68.5,Brown Spot
Rice,Brown,None,Medium,No,No,Healthy,31.8,84.3,Brown Spot
Rice,White,Yellow,None,No,No,Healthy,27.7,100.2,Brown Spot
Rice,Brown,Brown,Medium,No,No,Healthy,36.2,73.9,Brown Spot
Rice,White,Brown,Medium,No,No,Healthy,29.9,85.4,Brown Spot
Rice,Brown,Brown,Medium,No,No,Healthy,34.5,85.2,Brown Spot
Rice,Black,Brown,Medium,No,No,Healthy,20.0,84.3,Brown Spot
Rice,Brown,Brown,Medium,No,No,Healthy,33.4,96.3,Brown Spot
Rice,Brown,Brown,Medium,No,No,Healthy,22.3,99.0,Brown Spot
Rice,Brown,Brown,Medium,No,No,Healthy,17.9,91.0,Brown Spot
Rice,Brown,Brown,Medium,No,No,Healthy,24.9,76.2,Brown Spot
Rice,Green,Brown,Medium,No,No,Healthy,23.7,78.9,Brown Spot
Rice,Brown,Brown,None,No,No,Healthy,25.6,78.7,Brown Spot
Rice,Brown,Brown,Large,No,No,Healthy,29.5,68.9,Brown Spot
Rice,Brown,Brown,Medium,No,No,Healthy,29.4,102.4,Brown Spot
Rice,Brown,Brown,Medium,No,Yes,Healthy,29.4,85.6,Brown Spot
Rice,Brown,Brown,Medium,No,Yes,Healthy,25.5,88.4,Brown Spot
Rice,Brown,Brown,Medium,No,No,Healthy,33.7,74.3,Brown Spot
Rice,Brown,Brown,Medium,No,No,Healthy,24.4,70.1,Brown Spot
Rice,Green,Brown,Medium,No,No,Healthy,22.5,78.7,Brown Spot
Rice,Brown,Brown,Medium,No,No,Healthy,31.4,96.7,Brown Spot
Rice,Brown,Brown,Medium,No,No,Healthy,24.4,87.1,Brown Spot
Rice,Brown,Brown,Medium,No,No,Cracked,21.6,94.2,Brown Spot
Rice,Brown,Brown,Medium,No,Yes,Healthy,29.7,58.6,Brown Spot
Rice,Green,Brown,Medium,No,No,Cracked,32.4,70.5,Brown Spot
Rice,Brown,Brown,Small,No,No,Healthy,23.9,65.8,Brown Spot
Rice,Brown,Brown,Medium,No,No,Rotten,29.7,79.8,Brown Spot
Rice,Yellow,Brown,Small,No,No,Healthy,33.6,93.6,Brown Spot
Rice,Brown,Brown,Medium,No,No,Healthy,20.4,100.3,Brown Spot
Rice,Brown,Brown,Medium,No,No,Healthy,20.9,73.9,Brown Spot
Rice,Brown,Brown,Medium,No,Yes,Healthy,24.5,81.6,Brown Spot
Rice,Brown,Brown,Medium,No,No,Healthy,30.9,84.5,Brown Spot
Rice,Brown,Brown,Medium,No,No,Healthy,24.3,90.1,Brown Spot
Rice,Brown,Brown,Large,No,No,Healthy,30.3,76.1,Brown Spot
Rice,Brown,Brown,Medium,Yes,No,Healthy,22.3,75.3,Brown Spot
Rice,Brown,Brown,Medium,No,No,Healthy,25.5,95.3,Brown Spot
Rice,Black,Brown,Medium,No,No,Rotten,20.2,48.5,Brown Spot
Rice,Brown,Brown,Medium,Yes,No,Healthy,29.3,83.3,Brown Spot
Rice,Brown,Brown,Medium,No,No,Healthy,26.4,79.8,Brown Spot
Rice,Brown,Brown,Medium,No,No,Cracked,27.3,95.0,Brown Spot
Rice,Brown,Brown,Medium,No,No,Dry,25.4,71.9,Brown Spot
Rice,Yellow,Black,Large,No,No,Healthy,23.8,96.3,Blast
Rice,Brown,Black,Large,No,No,Healthy,25.9,85.3,Blast
Rice,Brown,White,Large,No,No,Healthy,22.4,89.8,Blast
Rice,Brown,Black,Large,No,No,Healthy,22.3,83.9,Blast
Rice,Brown,Black,Large,No,Yes,Healthy,23.4,97.1,Blast
Rice,Brown,Black,Large,No,No,Healthy,30.8,101.3,Blast
Rice,Brown,Black,Large,No,No,Healthy,21.3,94.3,Blast
Rice,Brown,Black,Large,No,No,Healthy,30.9,92.1,Blast
Rice,Brown,Black,Large,No,No,Healthy,30.9,96.7,Blast
Rice,Brown,Black,Large,No,No,Healthy,27.5,86.0,Blast
Rice,Brown,Black,Large,No,No,Rotten,26.6,91.1,Blast
Rice,Brown,Black,Large,No,No,Healthy,21.5,81.0,Blast
Rice,Brown,Black,Large,No,No,Healthy,29.7,97.2,Blast
Rice,Brown,Black,Small,No,No,Healthy,27.2,85.4,Blast
Rice,Brown,Black,Large,No,No,Healthy,22.8,77.8,Blast
Rice,Black,Black,Large,No,Yes,Healthy,20.9,100.9,Blast
Rice,Brown,None,None,No,No,Healthy,29.1,78.5,Blast
Rice,Brown,Black,Large,No,No,Healthy,22.8,94.1,Blast
Rice,Brown,Black,Large,No,No,Dry,28.1,88.1,Blast
Rice,Brown,Black,Large,No,No,Healthy,26.5,102.9,Blast
Rice,Brown,Black,None,No,Yes,Healthy,30.4,83.6,Blast
Rice,Brown,Yellow,Large,No,No,Healthy,31.0,82.6,Blast
Rice,Brown,Black,Large,No,No,Healthy,22.4,83.9,Blast
Rice,Brown,Black,Large,No,No,Healthy,24.2,89.5,Blast
Rice,Black,Black,Small,No,No,Cracked,24.8,97.3,Blast
Rice,Brown,Black,Large,No,Yes,Healthy,21.4,90.6,Blast
Rice,Brown,Black,Large,No,No,Healthy,26.8,79.3,Blast
Rice,Brown,Black,Large,No,No,Rotten,24.9,88.3,Blast
Rice,Brown,Black,Large,No,No,Healthy,23.3,83.9,Blast
Rice,Black,Black,Large,No,No,Healthy,27.6,97.0,Blast
Rice,Brown,Black,Large,No,No,Healthy,28.7,95.9,Blast
Rice,Brown,Black,Large,No,No,Healthy,23.0,91.0,Blast
Rice,Brown,Black,Large,No,No,Healthy,15.5,94.3,Blast
Rice,Brown,White,Large,No,No,Cracked,23.6,99.2,Blast
Rice,Brown,None,Large,Yes,No,Healthy,29.8,90.8,Blast
Rice,Brown,Yellow,Large,No,No,Healthy,22.4,86.0,Blast
Rice,Brown,Black,Large,No,No,Healthy,31.2,102.7,Blast
Rice,Brown,Black,Large,No,No,Healthy,27.9,99.7,Blast
Rice,Brown,Black,Small,No,No,Healthy,27.6,92.1,Blast
Rice,Brown,Black,Small,No,No,Cracked,26.7,81.1,Blast
Rice,Brown,Black,Large,No,No,Healthy,30.8,84.9,Blast
Rice,Brown,Black,Large,No,No,Healthy,31.1,93.0,Blast
Rice,Brown,Black,Large,No,No,Dry,29.6,89.2,Blast
Rice,Brown,Black,Large,No,No,Healthy,30.7,82.8,Blast
Rice,Brown,Black,Large,No,No,Healthy,25.6,78.8,Blast
Rice,Green,Brown,Large,No,No,Healthy,29.9,97.5,Blast
Rice,Brown,White,Large,No,No,Healthy,19.3,93.4,Blast
Rice,Brown,Yellow,Large,No,No,Healthy,27.5,79.4,Blast
Rice,Brown,Black,Small,No,No,Healthy,26.9,95.5,Blast
Rice,Brown,Black,Large,No,No,Healthy,25.5,86.4,Blast
Rice,Brown,Black,Large,No,No,Dry,24.3,99.7,Blast
Rice,Brown,Black,Large,No,No,Healthy,27.3,80.1,Blast
Rice,Brown,Black,Large,No,No,Healthy,30.0,83.2,Blast
Rice,Brown,Yellow,Medium,No,No,Healthy,14.7,98.5,Blast
Rice,Brown,Black,Large,Yes,No,Healthy,31.1,81.2,Blast
Rice,Green,Black,Large,No,No,Healthy,24.2,100.3,Blast
Rice,Brown,Black,Large,No,No,Healthy,26.3,95.1,Blast
Rice,Brown,Black,Large,No,No,Healthy,28.2,88.1,Blast
Rice,Brown,Black,Large,No,No,Healthy,22.7,92.8,Blast
Rice,Brown,Black,Large,No,No,Healthy,31.2,87.8,Blast
Rice,Brown,Black,Large,No,No,Healthy,31.9,85.4,Blast
Rice,Brown,Black,Medium,No,No,Healthy,27.8,100.8,Blast
Rice,Brown,Black,Large,No,Yes,Healthy,29.5,84.8,Blast
Rice,Brown,Black,Large,No,No,Healthy,22.4,98.9,Blast
Rice,Brown,Black,Large,No,No,Healthy,24.0,99.3,Blast
Rice,Brown,Black,Small,No,Yes,Healthy,24.7,78.0,Blast
Rice,Brown,Black,Large,No,No,Healthy,22.3,99.7,Blast
Rice,Brown,Black,Large,No,No,Healthy,20.8,101.2,Blast
Rice,Brown,Black,Large,No,No,Healthy,26.8,85.1,Blast
Rice,Brown,Black,Large,No,No,Healthy,23.6,77.4,Blast
Rice,Brown,Black,Large,No,No,Healthy,23.3,78.9,Blast
Rice,Black,Black,Large,No,No,Healthy,25.2,81.7,Blast
Rice,Brown,Black,Large,No,No,Healthy,26.3,102.3,Blast
Rice,Brown,White,Large,Yes,No,Cracked,28.8,89.2,Blast
Rice,Brown,Black,Large,No,No,Healthy,25.9,78.7,Blast
Rice,Brown,Black,Large,No,No,Cracked,29.1,85.5,Blast
Rice,White,Black,Large,No,No,Healthy,21.5,82.4,Blast
Rice,Brown,Black,Small,No,No,Healthy,30.5,91.9,Blast
Rice,Brown,Black,Large,No,No,Healthy,27.9,92.5,Blast
Rice,Brown,Black,Large,No,No,Healthy,29.2,96.7,Blast
Rice,Brown,None,Large,No,No,Healthy,29.1,94.7,Blast
Rice,Brown,Black,None,No,No,Healthy,29.7,78.6,Blast
Rice,Brown,Black,Large,No,No,Healthy,28.1,87.3,Blast
Rice,Brown,Black,Large,No,No,Healthy,30.4,98.8,Blast
Rice,Brown,Black,Large,No,No,Healthy,25.3,102.7,Blast
Rice,Brown,Black,Large,No,No,Healthy,26.1,91.4,Blast
Rice,Brown,Black,Large,No,No,Healthy,25.1,91.2,Blast
Rice,Brown,Black,None,No,No,Healthy,28.4,102.6,Blast
Rice,Brown,Yellow,Large,No,No,Healthy,27.8,94.8,Blast
Rice,Brown,Black,Medium,No,No,Healthy,28.4,87.9,Blast
Rice,Brown,Black,Large,No,No,Healthy,41.7,81.4,Blast
Rice,Brown,Black,Large,No,No,Healthy,22.2,28.9,Blast
Rice,Brown,Black,Large,No,No,Healthy,28.1,89.6,Blast
Rice,Brown,Black,None,No,No,Healthy,25.1,87.0,Blast
Rice,Brown,Black,Large,No,No,Healthy,22.5,87.4,Blast
Rice,Brown,None,Large,No,No,Healthy,29.9,77.3,Blast
Rice,Brown,Black,Large,No,No,Healthy,27.1,94.0,Blast
Rice,Brown,Black,Large,No,No,Healthy,27.8,97.0,Blast
Rice,Brown,Black,Large,No,No,Healthy,21.9,88.6,Blast
Rice,White,Black,Large,No,No,Healthy,22.0,99.3,Blast
Rice,Brown,Black,Large,No,No,Healthy,27.7,79.0,Blast
Rice,Brown,Black,Large,No,No,Healthy,23.7,78.6,Blast
Rice,Brown,Black,Medium,No,No,Healthy,22.7,89.8,Blast
Rice,Brown,White,Large,No,No,Healthy,23.4,88.6,Blast
Rice,Brown,Black,Large,No,Yes,Healthy,30.6,89.8,Blast
Rice,Brown,None,Large,No,No,Healthy,26.4,102.8,Blast
Rice,Yellow,Black,Large,No,No,Healthy,28.7,84.5,Blast
Rice,Yellow,Black,Large,No,No,Healthy,30.0,22.0,Blast
Rice,Brown,Black,Large,No,No,Healthy,29.5,24.5,Blast
Rice,Green,Black,Large,No,No,Healthy,27.9,99.7,Blast
Rice,Green,Black,Large,No,No,Healthy,27.5,77.4,Blast
Rice,Brown,Black,Large,No,No,Healthy,26.0,97.8,Blast
Rice,Brown,Black,Large,No,No,Healthy,15.6,82.5,Blast
Rice,Brown,Black,None,No,No,Healthy,26.9,80.5,Blast
Rice,Brown,Black,Large,No,No,Healthy,27.6,100.1,Blast
Rice,Brown,Black,Large,No,No,Healthy,15.8,92.9,Blast
Rice,Brown,Black,Large,No,No,Healthy,21.8,86.4,Blast
Rice,Brown,Black,Large,No,No,Healthy,27.9,102.2,Blast
Rice,Brown,Black,Large,No,Yes,Healthy,33.7,96.7,Blast
Rice,Brown,Black,Large,No,No,Healthy,24.2,82.2,Blast
Rice,Brown,White,Large,No,No,Healthy,23.1,89.2,Blast
Rice,Brown,Black,Large,No,No,Healthy,24.5,65.5,Blast
Rice,White,Brown,Large,No,No,Cracked,23.9,81.1,Blast
Rice,Brown,Black,Large,No,No,Healthy,29.5,84.3,Blast
Rice,Brown,Black,Large,No,No,Healthy,21.3,102.8,Blast
Rice,Brown,Black,Large,No,No,Healthy,21.7,96.6,Blast
Rice,Brown,White,Large,No,No,Healthy,28.1,56.4,Blast
Rice,Brown,Black,Large,No,No,Healthy,20.8,93.3,Blast
Rice,White,Black,None,No,No,Healthy,23.0,94.8,Blast
Rice,Brown,Black,Large,No,No,Healthy,24.6,93.9,Blast
Rice,Brown,Black,Large,No,No,Healthy,28.6,99.6,Blast
Rice,Brown,Black,Large,No,No,Healthy,25.9,90.7,Blast
Rice,Brown,None,Large,No,No,Healthy,22.8,100.0,Blast
Rice,White,White,Large,No,No,Healthy,29.9,90.5,Blast
Rice,Brown,Black,Large,No,No,Healthy,21.5,99.7,Blast
Rice,Brown,Black,Large,No,No,Healthy,28.0,98.9,Blast
Rice,Brown,Black,Large,No,No,Rotten,22.3,84.4,Blast
Rice,Brown,Black,Large,No,No,Rotten,22.5,80.0,Blast
Rice,Black,Brown,Medium,No,Yes,Healthy,24.7,91.0,Blast
Rice,Yellow,Black,Large,Yes,No,Healthy,23.9,100.3,Blast
Rice,Brown,White,Large,No,No,Healthy,30.2,80.6,Blast
Rice,Brown,None,Large,No,No,Healthy,26.3,97.3,Blast
Rice,Brown,Black,Large,No,No,Healthy,30.6,100.6,Blast
Rice,Brown,Black,Large,No,Yes,Healthy,26.6,82.6,Blast
Rice,Brown,Black,Large,No,No,Cracked,26.9,79.2,Blast
Rice,Brown,Black,Large,No,No,Healthy,22.6,89.0,Blast
Rice,Brown,White,Large,No,No,Healthy,24.0,20.2,Blast
Rice,White,Black,Large,No,No,Healthy,34.5,93.8,Blast
Rice,Brown,Brown,Large,No,No,Healthy,25.8,95.1,Blast
Rice,Green,Black,Large,No,No,Healthy,24.5,78.4,Blast
Rice,Brown,Black,Large,No,No,Healthy,21.8,96.6,Blast
Rice,Brown,Brown,Large,No,No,Healthy,22.3,80.6,Blast
Rice,Brown,Black,Large,No,No,Healthy,30.1,92.9,Blast
Rice,Brown,Black,Medium,No,No,Healthy,29.3,101.0,Blast
Rice,Brown,Black,Large,No,No,Healthy,22.0,80.3,Blast
Rice,Brown,Black,Large,No,No,Healthy,13.5,96.7,Blast
Rice,Yellow,Black,Large,No,No,Healthy,28.6,97.3,Blast
Rice,Brown,Black,Large,No,No,Healthy,26.8,86.2,Blast
Rice,Brown,Black,Large,No,No,Healthy,28.2,102.1,Blast
Rice,Brown,Black,Large,No,No,Healthy,30.8,81.7,Blast
Rice,Brown,Black,Large,No,No,Healthy,26.0,86.4,Blast
Rice,Brown,White,Medium,No,Yes,Healthy,29.5,82.9,Blast
Rice,Brown,Black,Small,No,Yes,Healthy,24.9,90.6,Blast
Rice,Brown,Black,Large,No,No,Healthy,29.6,87.5,Blast
Rice,White,Black,Large,No,No,Healthy,30.6,86.3,Blast
Rice,Brown,White,Large,No,No,Healthy,27.3,25.5,Blast
Rice,Brown,Black,Large,No,No,Healthy,28.7,94.2,Blast
Rice,Green,Black,Large,No,No,Healthy,26.4,77.5,Blast
Rice,Brown,Black,Large,No,No,Healthy,26.6,99.4,Blast
Rice,White,Black,Large,No,No,Healthy,27.7,94.8,Blast
Rice,Brown,Black,Large,No,No,Healthy,28.8,84.4,Blast
Rice,Brown,Black,Large,No,No,Healthy,24.8,88.1,Blast
Rice,Brown,Black,Large,No,No,Healthy,29.8,80.0,Blast
Rice,Brown,Black,Large,No,No,Healthy,25.7,77.6,Blast
Rice,Yellow,Black,None,No,No,Healthy,29.2,94.4,Blast
Rice,Brown,Black,None,No,No,Healthy,21.3,102.9,Blast
Rice,White,Black,Large,No,No,Healthy,26.3,88.1,Blast
Rice,Brown,Black,Large,No,Yes,Healthy,27.3,88.8,Blast
Rice,Green,Black,Large,No,No,Healthy,27.4,98.0,Blast
Rice,Brown,Black,Large,No,No,Healthy,23.9,88.3,Blast
Rice,Brown,White,Large,Yes,No,Healthy,27.1,87.6,Blast
Rice,Brown,Black,Large,No,No,Dry,22.5,80.5,Blast
Rice,Brown,Black,Large,No,No,Healthy,27.1,99.5,Blast
Rice,Brown,Black,Large,No,No,Healthy,26.0,80.1,Blast
Rice,Brown,Brown,Large,No,Yes,Healthy,24.1,98.6,Blast
Rice,Brown,Black,Large,No,No,Healthy,29.8,78.5,Blast
Rice,Brown,None,None,No,No,Healthy,22.3,89.4,Blast
Rice,Brown,Black,Large,No,Yes,Dry,26.5,85.0,Blast
Rice,Yellow,Black,Large,No,No,Healthy,23.9,101.3,Blast
Rice,Brown,Black,None,No,No,Healthy,28.9,89.8,Blast
Rice,Brown,Black,Large,No,No,Healthy,24.5,92.7,Blast
Rice,Brown,Black,Large,No,No,Healthy,22.2,87.4,Blast
Rice,Brown,Black,Medium,No,No,Healthy,29.0,85.3,Blast
Rice,White,Black,Large,Yes,No,Healthy,29.9,101.6,Blast
Rice,Brown,Black,None,No,No,Healthy,22.6,87.4,Blast
Rice,Brown,Black,Large,No,No,Rotten,30.5,98.5,Blast
Rice,Brown,Black,Large,No,No,Dry,31.2,84.4,Blast
Rice,Black,Black,Large,No,No,Healthy,26.9,93.8,Blast
Rice,White,Yellow,Large,No,No,Healthy,21.8,78.5,Blast
Rice,Green,Black,Large,No,Yes,Healthy,24.8,102.4,Blast
Rice,Brown,Black,Medium,No,Yes,Dry,24.1,90.8,Blast
Rice,Brown,Black,Large,Yes,No,Healthy,27.2,96.8,Blast
Rice,Brown,White,Large,No,No,Healthy,23.2,77.9,Blast
Rice,Brown,Brown,Medium,No,No,Healthy,25.9,99.0,Blast
Rice,Yellow,Black,Large,No,No,Healthy,31.2,77.1,Blast
Rice,Brown,Black,Large,No,No,Healthy,24.9,92.3,Blast
Rice,White,Black,Medium,No,No,Healthy,21.3,93.2,Blast
Rice,Black,Black,Small,No,No,Healthy,30.7,86.9,Blast
Rice,Brown,Yellow,Large,No,No,Healthy,30.7,81.0,Blast
Rice,Brown,Black,Large,No,No,Healthy,25.9,100.0,Blast
Rice,Brown,Black,Large,No,No,Healthy,21.2,85.9,Blast
Rice,Brown,Brown,Large,No,No,Healthy,25.3,100.6,Blast
Rice,Brown,Black,Large,No,No,Healthy,21.3,79.8,Blast
Rice,Brown,Black,Medium,No,No,Healthy,22.0,94.2,Blast
Rice,Brown,Black,Large,Yes,No,Healthy,25.5,98.0,Blast
Rice,Brown,Black,Large,No,No,Healthy,26.4,77.2,Blast
Rice,Brown,Black,Large,No,No,Healthy,28.0,102.0,Blast
Rice,White,Black,Large,No,No,Healthy,21.1,89.5,Blast
Rice,Brown,Yellow,Large,No,No,Healthy,22.5,81.0,Blast
Rice,Brown,Black,Large,No,No,Healthy,24.3,79.7,Blast
Rice,Brown,Black,Large,No,No,Healthy,25.9,92.4,Blast
Rice,Brown,Black,Large,No,No,Healthy,21.5,100.2,Blast
Rice,Brown,White,Large,No,No,Dry,25.7,88.4,Blast
Rice,Brown,Black,Large,No,No,Healthy,29.1,97.8,Blast
Rice,Brown,Black,Large,Yes,No,Healthy,21.8,87.8,Blast
Rice,Brown,Black,Large,No,Yes,Healthy,29.7,90.1,Blast
Rice,White,Black,Large,Yes,No,Healthy,28.8,91.5,Blast
Rice,Brown,Black,Large,No,No,Healthy,30.9,97.3,Blast
Rice,Brown,Brown,Large,No,No,Healthy,24.6,95.9,Blast
Rice,Brown,Black,Large,No,No,Healthy,25.4,87.8,Blast
Rice,Brown,Black,Large,No,No,Healthy,24.6,94.3,Blast
Rice,Brown,Black,None,No,No,Healthy,29.7,31.6,Blast
Rice,Brown,Yellow,Large,No,No,Healthy,39.5,87.2,Blast
Rice,Brown,White,Large,No,No,Healthy,24.0,42.4,Blast
Rice,Brown,Black,Large,No,No,Healthy,27.6,95.1,Blast
Rice,Brown,Black,Large,No,No,Healthy,28.5,80.3,Blast
Rice,Brown,None,Large,No,No,Healthy,29.1,92.4,Blast
Rice,Brown,Black,Large,No,No,Healthy,22.1,96.7,Blast
Rice,Brown,Black,Large,No,No,Healthy,28.2,101.4,Blast
Rice,Brown,Black,Large,No,No,Healthy,24.7,96.2,Blast
Rice,Brown,Black,Large,No,No,Cracked,21.8,88.0,Blast
Rice,Brown,Black,Large,No,No,Healthy,27.4,102.9,Blast
Rice,Brown,Black,Large,No,No,Healthy,30.9,90.3,Blast
Rice,Brown,Black,Large,No,No,Healthy,25.0,32.3,Blast
Rice,Brown,Black,Large,No,No,Healthy,25.2,101.4,Blast
Rice,Brown,Yellow,Large,No,No,Healthy,25.8,85.1,Blast
Rice,Brown,Black,Large,Yes,No,Cracked,27.7,80.9,Blast
Rice,Brown,Black,Large,No,No,Healthy,28.5,93.8,Blast
Rice,Brown,Black,None,No,No,Dry,22.8,65.6,Blast
Rice,Brown,Black,Large,No,No,Healthy,29.0,83.4,Blast
Rice,Brown,Yellow,Large,No,No,Healthy,26.9,81.7,Blast
Rice,Brown,Black,Large,No,No,Healthy,24.0,87.6,Blast
Rice,Brown,Black,Large,No,No,Healthy,24.2,86.8,Blast
Rice,Brown,Black,Large,Yes,No,Healthy,22.0,78.6,Blast
Rice,Brown,Black,Small,No,No,Healthy,21.9,96.8,Blast
Rice,Brown,Black,Large,Yes,No,Healthy,22.5,83.4,Blast
Rice,Brown,Brown,Large,No,No,Healthy,21.4,101.0,Blast
Rice,Brown,Black,Large,No,No,Dry,26.7,84.8,Blast
Rice,Brown,Black,Large,No,No,Dry,30.0,101.6,Blast
Rice,Yellow,Black,Large,No,No,Healthy,21.0,58.1,Blast
Rice,Brown,Black,Large,No,No,Healthy,36.6,79.0,Blast
Rice,Brown,Black,Large,No,Yes,Healthy,24.8,95.1,Blast
Rice,Brown,Black,Large,No,No,Healthy,29.3,93.3,Blast
Rice,Brown,Black,Large,No,No,Healthy,31.0,93.6,Blast
Rice,Yellow,Black,Large,No,Yes,Healthy,22.6,92.3,Blast
Rice,Brown,Black,Large,Yes,No,Healthy,30.0,77.1,Blast
Rice,Brown,Black,Large,No,No,Rotten,33.1,93.5,Blast
Rice,Brown,Black,Large,No,No,Healthy,31.0,88.0,Blast
Rice,Brown,Black,Large,No,No,Healthy,27.0,93.3,Blast
Rice,Brown,Black,Large,No,No,Healthy,30.6,97.2,Blast
Rice,Brown,Black,Large,No,No,Healthy,29.6,78.7,Blast
Rice,Brown,Black,Large,No,No,Healthy,23.9,86.9,Blast
Rice,Brown,Black,Large,No,No,Healthy,30.0,93.1,Blast
Rice,Brown,Black,Large,No,No,Healthy,21.5,97.5,Blast
Rice,Brown,Black,Small,No,No,Healthy,29.1,78.6,Blast
Rice,Brown,Black,None,No,No,Healthy,24.6,77.2,Blast
Rice,Brown,Yellow,Large,No,No,Healthy,30.2,97.4,Blast
Rice,Black,Black,Large,No,No,Healthy,23.9,85.5,Blast
Rice,Brown,Black,Large,Yes,No,Healthy,23.3,96.1,Blast
Rice,Brown,Black,Large,No,No,Rotten,26.6,80.7,Blast
Rice,Green,Brown,Large,No,No,Dry,24.3,87.4,Blast
Rice,Brown,Black,Large,No,No,Healthy,25.5,86.6,Blast
Rice,Brown,Black,Large,No,No,Dry,30.0,80.4,Blast
Rice,White,Brown,Large,No,No,Healthy,35.5,85.5,Blast
Rice,Brown,Black,Large,No,No,Healthy,22.5,87.1,Blast
Rice,Brown,Black,Large,Yes,No,Healthy,30.7,89.3,Blast
Rice,Brown,Black,Large,No,No,Healthy,24.0,100.1,Blast
Rice,Brown,Black,Large,No,No,Healthy,26.9,89.1,Blast
Rice,White,Black,Large,No,No,Healthy,23.2,93.8,Blast
Rice,Brown,Black,Large,No,No,Healthy,24.5,91.2,Blast
Rice,Brown,Black,Large,No,Yes,Healthy,22.2,99.2,Blast
Rice,Black,Black,Large,No,No,Healthy,28.7,77.3,Blast
Rice,Brown,White,Large,No,No,Healthy,26.5,89.2,Blast
Rice,Green,Black,Large,No,No,Healthy,26.6,86.7,Blast
Rice,Brown,Black,Large,No,Yes,Healthy,28.6,96.8,Blast
Rice,Brown,None,Large,No,No,Healthy,29.1,100.8,Blast
Rice,Brown,Black,Large,No,No,Healthy,25.5,100.3,Blast
Rice,Brown,Black,Large,No,No,Healthy,30.8,84.4,Blast
Rice,Brown,Brown,Large,No,No,Healthy,22.4,79.9,Blast
Rice,Brown,Black,Large,No,No,Healthy,25.7,92.7,Blast
Rice,Black,Black,Large,No,No,Dry,25.0,98.0,Blast
Rice,Brown,Black,Large,Yes,No,Rotten,28.1,95.5,Blast
Rice,Brown,Yellow,Large,No,Yes,Healthy,28.1,90.8,Blast
Rice,Brown,Black,Large,No,No,Healthy,31.2,79.0,Blast
Rice,Black,Black,Large,No,No,Healthy,28.0,96.5,Blast
Rice,Brown,Black,Large,No,No,Healthy,25.6,89.0,Blast
Rice,Brown,Black,Large,No,No,Healthy,27.1,81.6,Blast
Rice,Brown,Black,Large,No,No,Healthy,28.2,100.2,Blast
Rice,Brown,Black,Small,No,No,Dry,28.0,50.2,Blast
Rice,Brown,Brown,Large,No,No,Healthy,29.3,94.7,Blast
Rice,Brown,Black,Large,No,No,Healthy,24.2,93.3,Blast
Rice,Brown,Black,Large,No,Yes,Healthy,27.6,77.3,Blast
Rice,White,Black,Medium,Yes,No,Rotten,27.0,102.6,Blast
Rice,Black,Black,Large,Yes,No,Healthy,24.3,93.5,Blast
Rice,Brown,Black,Large,No,No,Healthy,23.2,92.3,Blast
Rice,Brown,Black,Large,Yes,No,Healthy,22.2,90.0,Blast
Rice,Brown,Black,Large,No,No,Healthy,23.7,93.7,Blast
Rice,Brown,Black,Medium,No,No,Healthy,21.4,100.9,Blast
Rice,Brown,Black,Large,No,No,Healthy,41.7,101.8,Blast
Rice,Brown,Black,Large,No,No,Healthy,25.2,89.1,Blast
Rice,Brown,Black,Large,No,No,Healthy,28.9,79.1,Blast
Rice,Brown,Yellow,Large,No,No,Healthy,29.1,77.5,Blast
Rice,Brown,Black,Large,No,No,Healthy,24.0,84.4,Blast
Rice,Brown,Black,Large,No,No,Healthy,28.3,89.8,Blast
Rice,Brown,Black,Medium,No,No,Healthy,30.4,87.0,Blast
Rice,Brown,Black,Large,No,No,Healthy,28.0,93.9,Blast
Rice,Brown,Black,Small,No,No,Healthy,27.5,83.8,Blast
Rice,Brown,Black,Large,No,No,Healthy,30.3,87.3,Blast
Rice,Brown,None,Large,No,No,Healthy,30.9,94.1,Blast
Rice,Brown,Black,Large,No,No,Healthy,23.6,82.4,Blast
Rice,Brown,Black,Large,No,No,Healthy,25.1,84.5,Blast
Rice,Brown,White,Large,No,No,Healthy,23.0,82.2,Blast
Rice,Brown,Black,Large,No,No,Healthy,23.8,86.8,Blast
Rice,Brown,Black,Large,Yes,Yes,Healthy,20.9,92.1,Blast
Rice,Brown,Black,Large,No,No,Dry,27.1,85.8,Blast
Rice,Yellow,Black,Large,No,No,Healthy,29.2,77.1,Blast
Rice,Brown,Black,Large,No,No,Healthy,27.2,94.1,Blast
Rice,Brown,Black,Large,Yes,No,Healthy,24.2,88.6,Blast
Rice,Brown,Yellow,Large,No,No,Healthy,23.9,82.1,Blast
Rice,Black,Black,Large,No,No,Healthy,31.2,102.7,Blast
Rice,Black,Black,Large,No,No,Healthy,21.7,88.3,Blast
Rice,Brown,Black,Large,No,No,Healthy,27.7,101.0,Blast
Rice,Brown,Black,Small,No,No,Healthy,24.7,95.7,Blast
Rice,Brown,Black,Large,No,No,Healthy,21.7,96.3,Blast
Rice,Brown,Black,Large,No,No,Healthy,26.4,99.0,Blast
Rice,Yellow,Black,Large,No,No,Healthy,24.9,91.0,Blast
Rice,Green,Black,Large,No,No,Healthy,29.1,95.3,Blast
Rice,Brown,Brown,Large,No,No,Healthy,30.9,78.5,Blast
Rice,Green,Black,Large,No,Yes,Healthy,25.9,87.2,Blast
Rice,Black,Black,Large,No,No,Healthy,26.3,84.4,Blast
Rice,Brown,Black,Small,No,No,Healthy,30.5,84.9,Blast
Rice,Yellow,Black,Small,No,No,Healthy,20.9,95.9,Blast
Rice,Brown,Black,Large,No,No,Healthy,30.6,80.1,Blast
Rice,Brown,None,Large,No,No,Healthy,23.9,92.5,Blast
Rice,Brown,Black,Large,No,No,Healthy,27.6,86.6,Blast
Rice,Brown,Black,Large,No,No,Healthy,23.6,96.4,Blast
Rice,Brown,Black,Large,No,No,Healthy,30.3,97.7,Blast
Rice,Brown,None,Large,No,No,Healthy,26.9,95.6,Blast
Rice,Brown,Black,None,No,No,Healthy,29.1,80.2,Blast
Rice,Brown,Black,Medium,No,No,Healthy,30.8,81.5,Blast
Rice,Brown,Black,Large,No,No,Healthy,28.0,90.6,Blast
Rice,Brown,Black,Large,No,No,Healthy,23.9,98.6,Blast
Rice,Brown,Black,Large,No,No,Healthy,24.8,100.5,Blast
Rice,Brown,Yellow,Large,No,No,Healthy,31.2,95.1,Blast
Rice,Brown,Black,Large,No,No,Dry,24.7,102.1,Blast
Rice,Yellow,Black,Large,No,No,Cracked,22.3,97.8,Blast
Rice,Brown,Black,Large,No,No,Healthy,21.8,86.1,Blast
Rice,Black,Black,Large,No,No,Healthy,29.2,94.6,Blast
Rice,Yellow,Black,Large,No,No,Healthy,22.1,78.0,Blast
Rice,Brown,Brown,Large,No,Yes,Healthy,25.7,84.5,Blast
Rice,Brown,Black,Large,No,No,Cracked,29.6,93.5,Blast
Rice,Brown,Black,Large,No,No,Healthy,27.8,101.2,Blast
Rice,Brown,Yellow,Large,No,No,Healthy,29.4,77.2,Blast
Rice,Brown,Black,Large,No,No,Healthy,30.5,96.9,Blast
Rice,Green,Black,Large,No,No,Healthy,30.9,85.8,Blast
Rice,Brown,White,Large,No,No,Healthy,24.9,101.0,Blast
Rice,Brown,Black,Large,No,No,Cracked,23.9,79.8,Blast
Rice,Brown,Black,Large,No,No,Healthy,22.1,89.7,Blast
Rice,Brown,Black,Large,No,No,Healthy,21.9,88.4,Blast
Rice,Brown,Black,Large,No,No,Healthy,21.2,87.3,Blast
Rice,Brown,Yellow,Large,No,No,Healthy,26.5,97.8,Blast
Rice,Brown,Black,Large,No,No,Healthy,30.8,97.6,Blast
Rice,Brown,Black,Large,No,No,Healthy,20.9,89.5,Blast
Rice,Brown,Black,Large,No,No,Healthy,23.5,95.2,Blast
Rice,Brown,Black,Large,No,No,Healthy,29.7,93.4,Blast
Rice,Yellow,Black,Large,No,No,Healthy,29.8,86.9,Blast
Rice,Brown,Black,Large,No,No,Healthy,23.6,84.3,Blast
Rice,Brown,Black,Large,No,No,Healthy,25.7,100.6,Blast
Rice,Brown,Black,Large,No,No,Healthy,22.2,86.4,Blast
Rice,Yellow,Black,Large,No,Yes,Healthy,21.9,97.5,Blast
Rice,Brown,Black,Large,Yes,Yes,Healthy,25.7,96.8,Blast
Rice,Green,Black,Large,Yes,No,Healthy,22.0,88.3,Blast
Rice,Brown,None,Large,No,No,Healthy,29.1,95.0,Blast
Rice,Brown,Black,Large,No,No,Healthy,25.0,84.1,Blast
Rice,Brown,Black,Large,No,Yes,Dry,29.7,84.7,Blast
Rice,Brown,Black,Large,No,Yes,Healthy,29.9,78.3,Blast
Rice,Brown,Black,Large,No,No,Healthy,28.1,91.3,Blast
Rice,White,Black,Large,No,No,Rotten,30.8,81.6,Blast
Rice,Brown,Black,Large,No,No,Healthy,29.3,82.7,Blast
Rice,Yellow,Black,Small,No,No,Healthy,30.2,79.4,Blast
Tomato,Brown,Brown,Large,No,No,Healthy,20.8,70.9,Early Blight
Tomato,Brown,Brown,Medium,No,No,Healthy,29.0,86.1,Early Blight
Tomato,Brown,Brown,Medium,No,No,Healthy,26.7,56.0,Early Blight
Tomato,Brown,Brown,Medium,No,No,Healthy,25.8,72.8,Early Blight
Tomato,Brown,None,Medium,No,No,Healthy,19.8,67.1,Early Blight
Tomato,Black,Brown,Medium,No,Yes,Healthy,30.5,82.2,Early Blight
Tomato,Brown,Brown,Medium,No,No,Healthy,22.8,69.6,Early Blight
Tomato,Brown,Black,None,No,No,Rotten,30.1,82.3,Early Blight
Tomato,Brown,Brown,Medium,Yes,No,Healthy,22.7,70.7,Early Blight
Tomato,Brown,Yellow,Medium,No,No,Healthy,20.2,85.4,Early Blight
Tomato,Brown,White,Medium,No,No,Healthy,21.7,71.8,Early Blight
Tomato,Brown,Black,Medium,No,No,Healthy,29.0,64.1,Early Blight
Tomato,Brown,White,Medium,No,No,Healthy,29.5,89.3,Early Blight
Tomato,Brown,Brown,Medium,No,No,Healthy,31.0,97.2,Early Blight
Tomato,Brown,Brown,Medium,No,No,Cracked,20.4,86.5,Early Blight
Tomato,Brown,Brown,None,No,No,Healthy,23.8,68.7,Early Blight
Tomato,Brown,Brown,Medium,No,No,Dry,23.7,72.0,Early Blight
Tomato,Brown,Brown,Medium,No,No,Healthy,31.2,75.8,Early Blight
Tomato,Brown,Brown,Medium,No,No,Healthy,29.4,87.3,Early Blight
Tomato,Brown,Brown,Medium,No,No,Rotten,19.9,69.6,Early Blight
Tomato,Brown,Brown,Medium,No,No,Healthy,18.6,80.4,Early Blight
Tomato,Brown,Brown,Medium,No,No,Healthy,31.2,84.8,Early Blight
Tomato,Brown,Brown,Medium,No,No,Healthy,30.2,75.1,Early Blight
Tomato,Brown,Brown,Medium,No,No,Dry,27.4,58.6,Early Blight
Tomato,Green,White,Medium,No,Yes,Healthy,24.3,60.6,Early Blight
Tomato,Brown,White,Medium,No,No,Healthy,18.7,85.4,Early Blight
Tomato,Brown,Black,Medium,No,No,Cracked,26.0,69.3,Early Blight
Tomato,Yellow,Brown,Medium,No,No,Healthy,19.0,89.0,Early Blight
Tomato,Brown,None,Medium,No,No,Healthy,23.9,73.1,Early Blight
Tomato,Brown,Brown,Medium,No,No,Healthy,29.6,66.8,Early Blight
Tomato,Black,Brown,Medium,No,No,Cracked,30.2,73.6,Early Blight
Tomato,Brown,Brown,Medium,No,No,Healthy,21.3,84.4,Early Blight
Tomato,Brown,Brown,Large,No,No,Healthy,23.4,92.0,Early Blight
Tomato,White,Brown,Small,No,No,Dry,19.4,71.3,Early Blight
Tomato,Brown,Brown,Medium,Yes,No,Healthy,31.0,67.1,Early Blight
Tomato,Brown,Brown,Medium,No,Yes,Healthy,23.6,55.9,Early Blight
Tomato,Brown,Brown,Medium,No,No,Healthy,30.2,91.9,Early Blight
Tomato,Brown,Brown,Medium,No,No,Healthy,33.9,78.1,Early Blight
Tomato,Brown,Brown,Medium,No,No,Cracked,27.3,92.7,Early Blight
Tomato,Brown,Brown,Medium,No,No,Healthy,23.8,69.2,Early Blight
Tomato,Brown,Brown,Medium,No,No,Healthy,25.6,70.4,Early Blight
Tomato,Brown,Brown,Medium,No,No,Healthy,18.7,91.9,Early Blight
Tomato,Brown,None,Medium,No,No,Cracked,29.6,63.8,Early Blight
Tomato,Brown,Brown,Large,No,No,Healthy,18.6,70.1,Early Blight
Tomato,White,Brown,Medium,No,No,Healthy,18.7,61.5,Early Blight
Tomato,Brown,White,Small,No,No,Healthy,23.6,94.6,Early Blight
Tomato,Brown,Brown,Medium,No,No,Healthy,21.5,83.2,Early Blight
Tomato,Brown,Brown,Large,No,No,Dry,18.8,55.9,Early Blight
Tomato,Black,Brown,Medium,No,No,Healthy,20.9,80.9,Early Blight
Tomato,Brown,Brown,None,No,No,Rotten,26.0,59.5,Early Blight
Tomato,Brown,Brown,Medium,No,No,Healthy,12.4,74.7,Early Blight
Tomato,Brown,Black,Medium,No,No,Healthy,18.6,62.5,Early Blight
Tomato,Brown,Brown,None,No,No,Healthy,28.1,21.8,Early Blight
Tomato,Brown,Brown,Medium,No,No,Healthy,28.0,92.2,Early Blight
Tomato,Brown,None,Medium,No,No,Healthy,30.8,91.5,Early Blight
Tomato,Brown,Brown,Medium,No,No,Healthy,30.9,74.5,Early Blight
Tomato,Brown,Brown,Medium,No,No,Healthy,23.4,80.2,Early Blight
Tomato,Brown,Brown,Medium,No,No,Healthy,15.8,69.2,Early Blight
Tomato,Brown,Yellow,Medium,No,No,Healthy,20.5,67.9,Early Blight
Tomato,Brown,Brown,Medium,No,No,Healthy,25.8,83.4,Early Blight
Tomato,Brown,Brown,Medium,No,No,Healthy,21.1,42.0,Early Blight
Tomato,Brown,None,None,No,No,Healthy,18.7,56.9,Early Blight
Tomato,Brown,Brown,Medium,No,No,Healthy,29.3,71.7,Early Blight
Tomato,White,Brown,Medium,No,No,Cracked,31.3,74.7,Early Blight
Tomato,Brown,Brown,Medium,No,No,Healthy,21.4,58.9,Early Blight
Tomato,Brown,Brown,Medium,No,No,Healthy,19.9,92.4,Early Blight
Tomato,Black,Brown,Medium,No,No,Healthy,20.1,89.1,Early Blight
Tomato,Brown,Brown,Medium,No,No,Healthy,24.9,66.4,Early Blight
Tomato,Brown,Brown,Medium,No,No,Healthy,26.9,88.9,Early Blight
Tomato,Brown,White,Medium,No,No,Healthy,22.9,87.2,Early Blight
Tomato,Brown,Brown,Medium,No,No,Healthy,30.4,70.5,Early Blight
Tomato,Yellow,Brown,Medium,No,No,Healthy,20.4,89.7,Early Blight
Tomato,Brown,Brown,Medium,No,No,Healthy,25.7,69.3,Early Blight
Tomato,Brown,Brown,Medium,No,No,Healthy,30.6,63.1,Early Blight
Tomato,Brown,Brown,Medium,Yes,No,Healthy,19.9,60.0,Early Blight
Tomato,Brown,Brown,Medium,No,No,Healthy,28.0,89.8,Early Blight
Tomato,Yellow,Brown,Medium,No,No,Healthy,25.0,82.8,Early Blight
Tomato,Yellow,Brown,Medium,No,No,Healthy,31.0,97.9,Early Blight
Tomato,White,Brown,Medium,No,No,Healthy,19.9,87.4,Early Blight
Tomato,Brown,Brown,Medium,No,No,Healthy,22.9,74.6,Early Blight
Tomato,Brown,Brown,Medium,No,No,Healthy,25.2,81.4,Early Blight
Tomato,Brown,Brown,Medium,No,Yes,Healthy,21.4,66.2,Early Blight
Tomato,Brown,Yellow,Medium,Yes,Yes,Healthy,31.1,89.7,Early Blight
Tomato,Brown,None,Medium,No,Yes,Healthy,30.8,66.3,Early Blight
Tomato,Brown,Yellow,Medium,No,No,Healthy,31.1,75.0,Early Blight
Tomato,Brown,Brown,Medium,No,No,Healthy,22.3,73.2,Early Blight
Tomato,White,Brown,Medium,No,No,Healthy,20.3,89.8,Early Blight
Tomato,Brown,Brown,Medium,Yes,Yes,Healthy,39.9,66.8,Early Blight
Tomato,Brown,Brown,Medium,No,No,Healthy,24.2,89.7,Early Blight
Tomato,Green,Brown,Medium,No,Yes,Healthy,30.6,73.5,Early Blight
Tomato,Black,Brown,Medium,No,No,Healthy,24.1,64.7,Early Blight
Tomato,Brown,Brown,Medium,No,No,Healthy,26.6,87.6,Early Blight
Tomato,Brown,Yellow,Medium,No,No,Healthy,19.6,66.0,Early Blight
Tomato,Brown,Brown,Medium,No,No,Healthy,16.6,84.3,Early Blight
Tomato,Brown,Brown,Medium,No,No,Healthy,25.5,94.1,Early Blight
Tomato,Brown,Brown,Medium,No,No,Healthy,24.7,29.7,Early Blight
Tomato,Brown,Brown,Medium,No,No,Healthy,24.1,80.3,Early Blight
Tomato,Brown,Brown,Medium,No,No,Healthy,27.2,92.9,Early Blight
Tomato,White,Brown,Medium,Yes,Yes,Healthy,19.7,77.5,Early Blight
Tomato,Brown,Brown,Medium,No,No,Healthy,31.3,69.5,Early Blight
Tomato,Brown,Brown,Medium,No,Yes,Healthy,27.8,68.7,Early Blight
Tomato,Brown,Brown,Medium,No,Yes,Healthy,24.6,81.2,Early Blight
Tomato,Brown,Brown,Medium,No,No,Healthy,33.5,58.1,Early Blight
Tomato,Brown,Brown,None,No,No,Healthy,30.4,86.5,Early Blight
Tomato,Brown,Brown,Medium,No,No,Healthy,28.2,72.7,Early Blight
Tomato,Brown,Brown,Medium,No,No,Healthy,25.7,63.1,Early Blight
Tomato,Brown,Brown,Medium,No,No,Healthy,18.8,31.2,Early Blight
Tomato,Brown,Yellow,Medium,No,No,Healthy,31.0,83.9,Early Blight
Tomato,Brown,Brown,Medium,No,No,Healthy,19.4,72.2,Early Blight
Tomato,Brown,Brown,Medium,No,No,Healthy,22.8,64.2,Early Blight
Tomato,Brown,Brown,Large,Yes,No,Healthy,21.6,75.7,Early Blight
Tomato,Brown,Brown,Medium,No,No,Healthy,24.0,36.3,Early Blight
Tomato,Brown,White,Medium,No,No,Healthy,30.8,90.8,Early Blight
Tomato,Brown,Brown,Medium,No,No,Healthy,11.1,66.0,Early Blight
Tomato,Brown,Brown,Medium,No,No,Healthy,28.6,87.1,Early Blight
Tomato,Brown,Brown,Medium,No,No,Healthy,24.1,72.1,Early Blight
Tomato,Brown,None,Small,No,No,Healthy,21.5,84.7,Early Blight
Tomato,Brown,Brown,Medium,No,No,Healthy,20.8,57.2,Early Blight
Tomato,Brown,Brown,Medium,No,No,Healthy,21.8,76.7,Early Blight
Tomato,Brown,Brown,Medium,No,Yes,Healthy,29.8,65.0,Early Blight
Tomato,Brown,Brown,Medium,No,No,Cracked,21.1,60.8,Early Blight
Tomato,Brown,Brown,Medium,No,No,Healthy,26.9,73.2,Early Blight
Tomato,Brown,Brown,Medium,No,No,Healthy,26.4,74.8,Early Blight
Tomato,Brown,Brown,Medium,No,No,Healthy,29.5,69.1,Early Blight
Tomato,Brown,Brown,Medium,No,No,Cracked,24.1,72.2,Early Blight
Tomato,Black,Brown,Small,Yes,No,Healthy,24.0,83.5,Early Blight
Tomato,Brown,Brown,Medium,No,No,Healthy,31.5,85.6,Early Blight
Tomato,Black,Brown,Medium,No,Yes,Healthy,18.7,67.5,Early Blight
Tomato,White,Brown,Medium,No,No,Healthy,25.7,71.4,Early Blight
Tomato,Brown,Brown,Medium,No,No,Dry,29.8,60.5,Early Blight
Tomato,Brown,Brown,Medium,No,No,Healthy,19.0,83.5,Early Blight
Tomato,Brown,Brown,Medium,No,No,Healthy,26.3,69.1,Early Blight
Tomato,Brown,Brown,Medium,No,No,Healthy,26.8,89.7,Early Blight
Tomato,Brown,Brown,Medium,No,No,Healthy,20.6,57.2,Early Blight
Tomato,Brown,Brown,Medium,No,No,Healthy,26.1,68.9,Early Blight
Tomato,Brown,None,Medium,No,No,Healthy,31.5,80.1,Early Blight
Tomato,Brown,Brown,Medium,No,No,Healthy,21.0,77.9,Early Blight
Tomato,Brown,White,Medium,No,No,Healthy,28.0,89.8,Early Blight
Tomato,Brown,Brown,Medium,No,No,Healthy,29.2,60.4,Early Blight
Tomato,Brown,Brown,Large,No,No,Healthy,19.6,71.9,Early Blight
Tomato,Brown,Brown,Medium,No,No,Healthy,25.7,91.8,Early Blight
Tomato,Brown,Brown,Medium,No,No,Healthy,23.5,72.0,Early Blight
Tomato,Black,Brown,Medium,No,No,Healthy,19.9,83.7,Early Blight
Tomato,Brown,Brown,Medium,No,No,Healthy,28.0,83.7,Early Blight
Tomato,Brown,Brown,Medium,No,No,Healthy,22.7,62.4,Early Blight
Tomato,Brown,None,Medium,No,No,Healthy,25.1,91.7,Early Blight
Tomato,Brown,Brown,Medium,No,No,Dry,22.1,89.8,Early Blight
Tomato,Brown,Brown,Small,No,No,Healthy,31.4,84.9,Early Blight
Tomato,Brown,Brown,Medium,No,No,Healthy,29.3,56.5,Early Blight
Tomato,Brown,Black,Medium,No,No,Healthy,27.7,88.4,Early Blight
Tomato,Brown,Brown,Medium,No,No,Healthy,28.8,83.9,Early Blight
Tomato,Brown,None,None,No,No,Rotten,30.5,72.4,Early Blight
Tomato,Brown,Brown,Medium,No,No,Healthy,27.3,65.8,Early Blight
Tomato,Brown,Brown,Medium,No,No,Healthy,19.4,77.3,Early Blight
Tomato,Brown,Brown,Medium,No,No,Healthy,27.0,62.5,Early Blight
Tomato,Brown,Black,Medium,No,No,Healthy,19.8,59.9,Early Blight
Tomato,Black,Brown,Medium,No,No,Healthy,23.0,71.0,Early Blight
Tomato,Brown,Brown,Medium,No,No,Healthy,29.6,71.5,Early Blight
Tomato,Brown,Yellow,Medium,No,Yes,Healthy,24.8,55.8,Early Blight
Tomato,Brown,Brown,Medium,No,No,Healthy,22.1,92.6,Early Blight
Tomato,Brown,Brown,Medium,No,No,Healthy,25.5,93.9,Early Blight
Tomato,Brown,Brown,Medium,No,No,Healthy,21.7,56.0,Early Blight
Tomato,Brown,Brown,Medium,No,No,Healthy,34.0,82.3,Early Blight
Tomato,Brown,None,Medium,No,No,Healthy,25.1,79.4,Early Blight
Tomato,Brown,Brown,Medium,No,No,Healthy,22.6,41.9,Early Blight
Tomato,Brown,Brown,Medium,No,No,Healthy,31.1,77.4,Early Blight
Tomato,Brown,Brown,Medium,No,No,Healthy,25.6,59.7,Early Blight
Tomato,Black,Brown,Medium,No,No,Healthy,29.0,93.6,Early Blight
Tomato,Brown,None,Medium,No,No,Healthy,25.8,85.2,Early Blight
Tomato,Brown,Brown,Medium,No,No,Healthy,27.5,84.9,Early Blight
Tomato,Brown,Brown,Medium,No,No,Healthy,30.5,72.1,Early Blight
Tomato,Brown,White,Medium,No,No,Healthy,30.0,74.8,Early Blight
Tomato,Brown,Brown,Medium,No,No,Healthy,30.5,81.9,Early Blight
Tomato,Yellow,Brown,Medium,No,No,Healthy,27.8,75.8,Early Blight
Tomato,Brown,Brown,Medium,No,No,Healthy,32.4,94.2,Early Blight
Tomato,Brown,White,Medium,No,No,Healthy,26.8,35.4,Early Blight
Tomato,Brown,Brown,Medium,No,No,Healthy,21.8,76.6,Early Blight
Tomato,Brown,Brown,Medium,No,No,Healthy,26.1,85.4,Early Blight
Tomato,Brown,Brown,Medium,No,No,Healthy,20.7,86.1,Early Blight
Tomato,Brown,Brown,Medium,No,No,Healthy,20.3,87.0,Early Blight
Tomato,Brown,Brown,Medium,No,No,Healthy,23.1,88.2,Early Blight
Tomato,Brown,Black,Medium,No,No,Healthy,24.2,72.7,Early Blight
Tomato,Yellow,Brown,Medium,No,No,Healthy,23.0,72.0,Early Blight
Tomato,Brown,Brown,Medium,No,No,Healthy,25.3,55.7,Early Blight
Tomato,Green,White,Large,No,No,Healthy,19.1,82.6,Early Blight
Tomato,Brown,Brown,Medium,No,No,Healthy,19.0,56.6,Early Blight
Tomato,White,Brown,Medium,No,No,Dry,27.7,67.8,Early Blight
Tomato,Brown,Brown,Small,No,No,Healthy,25.2,92.2,Early Blight
Tomato,Brown,None,Medium,No,No,Healthy,22.1,63.2,Early Blight
Tomato,Yellow,Brown,Medium,No,No,Healthy,29.4,58.9,Early Blight
Tomato,Brown,Brown,Medium,No,No,Healthy,21.3,70.1,Early Blight
Tomato,Brown,Brown,Medium,No,No,Healthy,22.2,66.4,Early Blight
Tomato,Brown,None,Large,No,No,Cracked,26.0,69.1,Early Blight
Tomato,Brown,Brown,Medium,No,No,Healthy,23.0,87.1,Early Blight
Tomato,Brown,Brown,Medium,No,No,Healthy,24.6,56.7,Early Blight
Tomato,Brown,Brown,Medium,No,No,Dry,18.9,82.9,Early Blight
Tomato,Brown,Brown,Medium,No,No,Healthy,20.6,76.8,Early Blight
Tomato,Brown,Brown,Medium,No,No,Healthy,27.9,78.9,Early Blight
Tomato,White,Brown,Small,No,No,Healthy,26.4,71.1,Early Blight
Tomato,Brown,Brown,Medium,Yes,No,Healthy,22.5,85.4,Early Blight
Tomato,Brown,Brown,Medium,No,No,Healthy,29.7,72.5,Early Blight
Tomato,Brown,Brown,Large,No,No,Healthy,23.6,63.8,Early Blight
Tomato,Brown,Brown,Medium,No,No,Healthy,28.6,90.5,Early Blight
Tomato,Brown,Yellow,Medium,No,No,Healthy,21.4,79.2,Early Blight
Tomato,Brown,Brown,Medium,No,No,Healthy,25.0,57.2,Early Blight
Tomato,Brown,Brown,Medium,No,No,Healthy,21.9,92.7,Early Blight
Tomato,Brown,Brown,Medium,No,No,Healthy,23.8,87.0,Early Blight
Tomato,Brown,Yellow,Medium,No,No,Healthy,19.2,72.1,Early Blight
Tomato,Brown,Brown,Medium,No,Yes,Healthy,23.2,86.1,Early Blight
Tomato,Brown,Brown,Medium,Yes,No,Healthy,29.1,42.5,Early Blight
Tomato,Brown,Brown,Medium,No,No,Healthy,22.3,87.4,Early Blight
Tomato,Brown,Brown,Medium,No,No,Rotten,19.0,84.3,Early Blight
Tomato,Brown,Brown,Medium,No,No,Healthy,30.4,90.7,Early Blight
Tomato,Brown,Brown,Medium,No,No,Healthy,29.1,59.4,Early Blight
Tomato,Yellow,Brown,Small,No,No,Healthy,27.9,84.5,Early Blight
Tomato,Brown,Brown,Medium,No,No,Healthy,21.3,92.0,Early Blight
Tomato,Brown,Brown,Medium,No,No,Healthy,18.6,63.6,Early Blight
Tomato,Brown,Brown,Medium,No,No,Healthy,27.7,64.1,Early Blight
Tomato,Brown,White,Medium,No,No,Healthy,25.7,68.9,Early Blight
Tomato,Brown,Brown,Medium,Yes,No,Healthy,18.9,88.7,Early Blight
Tomato,Brown,Brown,Medium,No,No,Healthy,24.4,73.7,Early Blight
Tomato,Brown,None,Medium,No,Yes,Healthy,28.2,94.1,Early Blight
Tomato,Brown,Brown,Medium,No,No,Healthy,20.6,85.8,Early Blight
Tomato,Brown,Brown,Medium,No,No,Healthy,19.9,90.0,Early Blight
Tomato,Brown,Brown,Medium,No,No,Cracked,29.2,73.0,Early Blight
Tomato,Brown,Brown,Medium,No,No,Healthy,26.0,71.8,Early Blight
Tomato,Brown,Brown,None,No,Yes,Healthy,23.8,56.4,Early Blight
Tomato,Yellow,Brown,Medium,No,No,Healthy,29.7,88.7,Early Blight
Tomato,Brown,Brown,Medium,No,No,Healthy,18.9,78.0,Early Blight
Tomato,Brown,Brown,Medium,No,No,Healthy,29.4,89.5,Early Blight
Tomato,White,Brown,Medium,No,No,Healthy,24.6,70.5,Early Blight
Tomato,Green,Brown,Medium,No,No,Healthy,24.8,83.8,Early Blight
Tomato,Brown,Brown,Medium,No,No,Cracked,20.1,61.2,Early Blight
Tomato,Black,Brown,Medium,No,No,Healthy,21.2,59.3,Early Blight
Tomato,Brown,Brown,Medium,No,No,Healthy,24.4,31.2,Early Blight
Tomato,Brown,Brown,Medium,No,No,Healthy,25.9,67.4,Early Blight
Tomato,Brown,Brown,Medium,No,No,Healthy,21.5,88.7,Early Blight
Tomato,Brown,Brown,Medium,No,No,Healthy,30.2,93.4,Early Blight
Tomato,Brown,Brown,Medium,No,No,Healthy,24.8,70.3,Early Blight
Tomato,Brown,Brown,Medium,No,No,Healthy,21.1,75.0,Early Blight
Tomato,Brown,Yellow,None,No,No,Healthy,18.9,79.9,Early Blight
Tomato,Brown,Brown,Medium,Yes,No,Healthy,28.9,62.6,Early Blight
Tomato,Brown,Brown,Medium,No,No,Healthy,21.0,87.9,Early Blight
Tomato,Brown,Brown,Medium,No,No,Healthy,25.5,86.0,Early Blight
Tomato,Brown,Brown,Medium,No,No,Dry,24.8,77.7,Early Blight
Tomato,Brown,Brown,Medium,No,No,Healthy,28.3,79.0,Early Blight
Tomato,Brown,Brown,Medium,Yes,No,Healthy,27.3,75.1,Early Blight
Tomato,Brown,Brown,Small,No,No,Healthy,28.4,81.7,Early Blight
Tomato,Brown,Brown,Medium,No,No,Healthy,25.0,68.0,Early Blight
Tomato,Black,Brown,Medium,No,No,Cracked,28.7,88.7,Early Blight
Tomato,Brown,Black,Medium,No,No,Healthy,30.6,88.0,Early Blight
Tomato,Brown,Black,Medium,No,No,Healthy,28.4,71.3,Early Blight
Tomato,Brown,Brown,Medium,No,No,Healthy,22.3,70.1,Early Blight
Tomato,Brown,None,Medium,No,Yes,Healthy,19.5,61.8,Early Blight
Tomato,Brown,Brown,Medium,No,No,Healthy,11.8,78.4,Early Blight
Tomato,Brown,Brown,Medium,No,No,Healthy,28.6,71.6,Early Blight
Tomato,Brown,Brown,Medium,No,No,Cracked,21.9,81.8,Early Blight
Tomato,Brown,Brown,Medium,No,No,Healthy,28.2,63.9,Early Blight
Tomato,Brown,Brown,Medium,No,No,Healthy,20.0,71.5,Early Blight
Tomato,Brown,Brown,Medium,No,No,Healthy,25.1,86.6,Early Blight
Tomato,Brown,None,Medium,No,No,Healthy,28.9,88.5,Early Blight
Tomato,Brown,Brown,Medium,No,No,Healthy,29.9,84.3,Early Blight
Tomato,Brown,Brown,Medium,No,No,Healthy,36.5,38.0,Early Blight
Tomato,White,Brown,Medium,No,No,Healthy,27.2,85.5,Early Blight
Tomato,Brown,Brown,Medium,No,No,Rotten,26.3,88.4,Early Blight
Tomato,Black,Brown,None,No,No,Healthy,30.7,64.0,Early Blight
Tomato,Brown,Brown,Medium,No,No,Healthy,23.4,72.9,Early Blight
Tomato,Black,Brown,Medium,No,No,Healthy,21.2,92.2,Early Blight
Tomato,Brown,None,Medium,No,No,Healthy,18.6,86.8,Early Blight
Tomato,Brown,None,Medium,No,No,Healthy,27.0,97.1,Early Blight
Tomato,Brown,Black,Medium,No,No,Healthy,20.5,82.6,Early Blight
Tomato,Brown,None,Medium,No,No,Healthy,30.7,93.1,Early Blight
Tomato,Brown,Brown,Medium,No,No,Healthy,23.4,22.1,Early Blight
Tomato,Brown,Brown,Medium,No,Yes,Cracked,28.4,83.7,Early Blight
Tomato,Brown,Brown,Medium,No,No,Healthy,20.2,79.0,Early Blight
Tomato,Brown,Brown,Medium,No,No,Healthy,28.2,88.7,Early Blight
Tomato,Brown,Brown,Medium,No,No,Dry,26.5,65.2,Early Blight
Tomato,Brown,None,Medium,No,No,Healthy,28.4,60.6,Early Blight
Tomato,Brown,Brown,Medium,No,No,Healthy,31.2,56.1,Early Blight
Tomato,Brown,Brown,Medium,No,No,Healthy,29.8,93.4,Early Blight
Tomato,White,Brown,Medium,No,No,Healthy,22.9,94.4,Early Blight
Tomato,Green,Brown,Medium,No,No,Healthy,27.4,72.1,Early Blight
Tomato,Brown,Yellow,Medium,No,No,Healthy,25.7,92.1,Early Blight
Tomato,White,Brown,Medium,No,No,Rotten,28.0,69.3,Early Blight
Tomato,Brown,Brown,Medium,Yes,No,Healthy,23.4,59.4,Early Blight
Tomato,Black,Brown,Medium,No,No,Healthy,31.0,92.5,Early Blight
Tomato,Brown,Brown,Medium,No,No,Rotten,27.2,63.6,Early Blight
Tomato,Brown,Brown,Medium,No,No,Healthy,23.6,61.7,Early Blight
Tomato,Brown,Brown,Medium,No,No,Healthy,26.1,81.7,Early Blight
Tomato,Brown,Brown,Medium,Yes,No,Healthy,26.3,64.6,Early Blight
Tomato,Brown,White,Medium,No,No,Dry,23.5,90.3,Early Blight
Tomato,Brown,Brown,Medium,No,No,Healthy,21.6,88.6,Early Blight
Tomato,Brown,Brown,Medium,No,No,Healthy,30.3,80.5,Early Blight
Tomato,Black,Brown,Large,No,No,Healthy,21.4,72.4,Early Blight
Tomato,Brown,Brown,Small,No,No,Cracked,19.0,59.7,Early Blight
Tomato,Brown,None,Large,No,No,Healthy,30.7,83.5,Early Blight
Tomato,Brown,Brown,Medium,No,No,Healthy,18.8,92.4,Early Blight
Tomato,Brown,Brown,Medium,No,No,Dry,31.1,66.3,Early Blight
Tomato,Brown,Brown,Medium,No,No,Dry,28.1,84.9,Early Blight
Tomato,Brown,Brown,Medium,No,No,Healthy,29.3,59.5,Early Blight
Tomato,Brown,Brown,Medium,No,No,Healthy,23.1,86.9,Early Blight
Tomato,Brown,Brown,Medium,Yes,No,Healthy,22.4,77.3,Early Blight
Tomato,Brown,Brown,Medium,Yes,No,Healthy,22.9,69.3,Early Blight
Tomato,Brown,White,Medium,No,No,Healthy,17.2,94.2,Early Blight
Tomato,Brown,Brown,Medium,No,No,Healthy,18.8,79.4,Early Blight
Tomato,Brown,Brown,Medium,No,No,Healthy,30.1,93.7,Early Blight
Tomato,Brown,Brown,Medium,Yes,No,Healthy,31.0,60.7,Early Blight
Tomato,Yellow,Brown,Medium,No,No,Healthy,29.2,64.4,Early Blight
Tomato,Brown,Brown,Medium,No,No,Healthy,24.2,92.7,Early Blight
Tomato,Brown,Brown,Medium,No,Yes,Healthy,19.4,83.5,Early Blight
Tomato,Brown,White,Medium,No,No,Healthy,24.4,76.5,Early Blight
Tomato,Brown,Yellow,Medium,No,No,Healthy,18.6,79.3,Early Blight
Tomato,Brown,None,Medium,No,No,Healthy,31.2,85.7,Early Blight
Tomato,Yellow,Brown,Medium,No,No,Healthy,27.4,86.9,Early Blight
Tomato,Brown,Brown,Medium,No,No,Healthy,20.9,71.2,Early Blight
Tomato,White,Brown,Medium,No,No,Healthy,31.3,57.8,Early Blight
Tomato,Brown,Brown,None,No,Yes,Healthy,23.4,58.2,Early Blight
Tomato,Brown,Brown,Medium,No,No,Healthy,30.1,83.0,Early Blight
Tomato,Brown,Brown,Large,No,No,Healthy,29.0,67.7,Early Blight
Tomato,Brown,Yellow,Medium,No,No,Cracked,22.9,73.2,Early Blight
Tomato,White,Brown,Medium,No,No,Healthy,20.9,71.3,Early Blight
Tomato,Brown,Brown,Medium,No,Yes,Healthy,26.0,76.2,Early Blight
Tomato,Brown,Brown,Medium,No,No,Healthy,23.4,74.6,Early Blight
Tomato,White,Brown,Medium,No,No,Healthy,19.2,87.9,Early Blight
Tomato,White,Brown,Medium,No,No,Healthy,22.4,86.0,Early Blight
Tomato,Brown,Brown,Medium,No,No,Healthy,24.4,62.7,Early Blight
Tomato,Brown,Black,Large,No,No,Healthy,30.2,60.0,Early Blight
Tomato,Black,Brown,Medium,Yes,No,Dry,19.1,61.0,Early Blight
Tomato,Yellow,Brown,Medium,No,No,Healthy,23.8,55.9,Early Blight
Tomato,Brown,Brown,Large,No,No,Healthy,27.5,73.0,Early Blight
Tomato,Brown,Brown,Medium,No,No,Healthy,28.1,92.8,Early Blight
Tomato,Brown,White,Medium,No,No,Healthy,30.0,92.6,Early Blight
Tomato,Brown,Brown,Medium,No,No,Healthy,19.6,82.6,Early Blight
Tomato,Brown,Black,Medium,No,No,Healthy,31.2,21.1,Early Blight
Tomato,Brown,Brown,Medium,No,No,Healthy,20.5,66.9,Early Blight
Tomato,Brown,Brown,Medium,No,No,Healthy,25.4,77.2,Early Blight
Tomato,Brown,Brown,Medium,No,No,Healthy,30.6,69.9,Early Blight
Tomato,Brown,Yellow,Medium,No,No,Healthy,21.4,80.0,Early Blight
Tomato,Black,Brown,Large,No,No,Healthy,28.2,82.1,Early Blight
Tomato,Brown,Brown,Medium,No,No,Healthy,26.8,62.3,Early Blight
Tomato,Brown,Brown,Medium,Yes,No,Healthy,29.9,88.7,Early Blight
Tomato,Brown,Brown,Medium,No,No,Dry,23.5,69.7,Early Blight
Tomato,Brown,Brown,Medium,No,No,Healthy,30.2,76.9,Early Blight
Tomato,Brown,Brown,Medium,No,No,Healthy,29.3,37.4,Early Blight
Tomato,Brown,Brown,Medium,No,No,Healthy,27.5,70.6,Early Blight
Tomato,Brown,Brown,Medium,No,No,Healthy,23.8,73.8,Early Blight
Tomato,Brown,Brown,Medium,No,No,Healthy,39.4,58.0,Early Blight
Tomato,Black,Brown,Medium,No,No,Healthy,29.4,69.7,Early Blight
Tomato,Brown,Brown,Medium,No,No,Healthy,29.9,61.9,Early Blight
Tomato,Brown,Brown,Large,No,No,Healthy,21.7,59.9,Early Blight
Tomato,Brown,White,Medium,No,No,Healthy,27.4,87.4,Early Blight
Tomato,Yellow,Black,Medium,No,No,Healthy,26.6,81.9,Early Blight
Tomato,Brown,Brown,Medium,No,No,Healthy,31.3,74.8,Early Blight
Tomato,Brown,Brown,Large,No,No,Healthy,26.9,82.8,Early Blight
Tomato,Brown,Brown,Medium,No,No,Healthy,28.4,91.6,Early Blight
Tomato,Brown,Brown,Medium,No,No,Healthy,23.3,75.5,Early Blight
Tomato,White,None,Medium,No,No,Healthy,19.6,73.0,Early Blight
Tomato,Green,Brown,Medium,No,No,Healthy,23.4,61.5,Early Blight
Tomato,Brown,Brown,Medium,No,No,Healthy,26.6,89.5,Early Blight
Tomato,Brown,Brown,Medium,No,No,Healthy,19.6,83.3,Early Blight
Tomato,Brown,Brown,None,No,No,Healthy,21.1,94.0,Early Blight
Tomato,Brown,Brown,Medium,No,No,Healthy,31.2,65.8,Early Blight
Tomato,Brown,Brown,Medium,No,No,Healthy,21.5,70.9,Early Blight
Tomato,Brown,Brown,Medium,No,No,Healthy,18.6,90.2,Early Blight
Tomato,Brown,Brown,Medium,No,No,Dry,19.5,79.5,Early Blight
Tomato,Brown,Brown,Medium,No,No,Healthy,28.0,67.9,Early Blight
Tomato,Brown,Brown,Large,No,Yes,Healthy,20.7,82.4,Early Blight
Tomato,Brown,Brown,Small,No,No,Healthy,28.1,70.5,Early Blight
Tomato,Brown,Brown,Medium,No,No,Healthy,27.1,62.2,Early Blight
Tomato,Brown,Brown,Medium,No,No,Healthy,22.4,92.8,Early Blight
Tomato,Brown,Brown,Medium,No,No,Healthy,23.1,59.6,Early Blight
Tomato,Brown,Brown,Medium,No,No,Healthy,30.9,80.1,Early Blight
Tomato,Brown,Brown,Medium,No,Yes,Healthy,27.5,60.5,Early Blight
Tomato,Brown,Brown,Medium,No,No,Rotten,30.2,74.1,Early Blight
Tomato,Brown,White,Medium,No,No,Healthy,29.1,65.2,Early Blight
Tomato,Brown,Brown,Medium,No,No,Healthy,26.3,90.2,Early Blight
Tomato,Black,Brown,Medium,Yes,No,Healthy,19.3,65.1,Early Blight
Tomato,Brown,Brown,Medium,No,No,Healthy,26.9,92.9,Early Blight
Tomato,Brown,Brown,Medium,No,No,Rotten,18.4,87.4,Early Blight
Tomato,Brown,White,Medium,No,No,Healthy,24.3,70.4,Early Blight
Tomato,Brown,Brown,Medium,No,No,Healthy,20.2,92.8,Early Blight
Tomato,Brown,Brown,Medium,No,No,Healthy,26.9,70.9,Early Blight
Tomato,Brown,Brown,Medium,No,No,Healthy,27.8,74.9,Early Blight
Tomato,Brown,Brown,Medium,No,No,Healthy,19.6,68.9,Early Blight
Tomato,Brown,Brown,Medium,No,No,Healthy,21.2,61.7,Early Blight
Tomato,Yellow,Brown,Medium,No,No,Healthy,24.7,57.1,Early Blight
Tomato,Brown,Brown,Medium,No,No,Healthy,28.5,74.7,Early Blight
Tomato,Brown,Brown,Medium,Yes,No,Healthy,27.6,78.2,Early Blight
Tomato,Brown,White,Medium,No,No,Healthy,23.5,88.1,Early Blight
Tomato,Brown,Brown,Medium,No,No,Healthy,27.0,75.5,Early Blight
Tomato,Brown,Brown,Medium,No,No,Dry,28.2,88.0,Early Blight
Tomato,Brown,White,Medium,No,No,Healthy,36.5,56.4,Early Blight
Tomato,Brown,None,Medium,No,No,Dry,30.5,74.2,Early Blight
Tomato,Brown,Brown,Medium,No,No,Healthy,30.6,67.3,Early Blight
Tomato,Brown,Brown,Small,No,No,Healthy,22.1,29.6,Early Blight
Tomato,Brown,Brown,Medium,No,No,Healthy,29.9,91.8,Early Blight
Tomato,Brown,Brown,Large,No,No,Healthy,28.0,61.5,Early Blight
Tomato,Brown,Brown,Medium,No,No,Healthy,31.0,89.7,Early Blight
Tomato,Brown,White,Medium,No,No,Healthy,18.5,80.9,Early Blight
Tomato,Brown,Yellow,Medium,No,No,Healthy,19.6,69.8,Early Blight
Tomato,Black,Black,Large,No,Yes,Healthy,21.0,86.7,Late Blight
Tomato,Black,Brown,Medium,No,Yes,Healthy,25.0,85.7,Late Blight
Tomato,Black,Black,Large,No,Yes,Healthy,21.3,91.0,Late Blight
Tomato,Black,Brown,Large,No,Yes,Healthy,18.9,28.3,Late Blight
Tomato,Black,Black,Large,No,Yes,Healthy,17.7,98.7,Late Blight
Tomato,Yellow,Black,None,No,Yes,Healthy,14.9,93.7,Late Blight
Tomato,Black,Black,Large,No,Yes,Healthy,18.8,98.5,Late Blight
Tomato,Black,Black,Large,No,Yes,Healthy,14.4,83.6,Late Blight
Tomato,Black,Black,Large,No,Yes,Healthy,19.1,92.3,Late Blight
Tomato,Black,Black,Large,Yes,Yes,Healthy,24.7,87.0,Late Blight
Tomato,Black,Black,Large,Yes,Yes,Healthy,19.8,100.6,Late Blight
Tomato,Black,Black,Large,No,Yes,Healthy,21.3,89.2,Late Blight
Tomato,Black,Black,Large,No,Yes,Healthy,22.3,77.7,Late Blight
Tomato,Black,None,Large,No,Yes,Healthy,16.8,80.1,Late Blight
Tomato,Black,White,Large,No,Yes,Healthy,24.4,82.1,Late Blight
Tomato,Green,Black,Large,No,Yes,Healthy,24.5,82.9,Late Blight
Tomato,Black,Black,Large,No,Yes,Healthy,22.6,77.5,Late Blight
Tomato,Black,Brown,Large,No,Yes,Healthy,14.3,83.8,Late Blight
Tomato,Black,Black,Large,No,Yes,Healthy,19.3,102.9,Late Blight
Tomato,Black,Black,Large,No,Yes,Rotten,15.4,24.8,Late Blight
Tomato,Black,Black,Large,No,Yes,Healthy,17.7,83.3,Late Blight
Tomato,Black,Black,Large,No,Yes,Healthy,24.7,78.8,Late Blight
Tomato,Black,Black,Large,No,Yes,Healthy,23.3,98.8,Late Blight
Tomato,Yellow,Black,Large,No,Yes,Healthy,22.2,101.2,Late Blight
Tomato,Black,Black,Large,No,Yes,Healthy,21.3,84.5,Late Blight
Tomato,Black,Yellow,Large,No,Yes,Healthy,17.1,84.3,Late Blight
Tomato,Black,Black,Large,No,Yes,Healthy,24.8,94.9,Late Blight
Tomato,Black,Black,Large,No,Yes,Rotten,18.0,90.4,Late Blight
Tomato,Black,Black,Large,No,Yes,Healthy,20.9,86.1,Late Blight
Tomato,Black,Black,Large,No,Yes,Healthy,25.1,80.6,Late Blight
Tomato,Black,Black,Small,Yes,Yes,Healthy,15.8,95.8,Late Blight
Tomato,Black,Black,Large,No,Yes,Healthy,22.8,101.2,Late Blight
Tomato,White,Black,Large,No,Yes,Healthy,14.4,98.1,Late Blight
Tomato,Black,Black,Large,No,Yes,Healthy,19.1,102.5,Late Blight
Tomato,Black,White,Large,No,Yes,Healthy,24.5,84.2,Late Blight
Tomato,Black,Black,Large,No,Yes,Healthy,21.6,84.2,Late Blight
Tomato,Yellow,Black,Large,No,Yes,Healthy,20.7,85.2,Late Blight
Tomato,Black,Black,Large,No,Yes,Healthy,26.2,98.0,Late Blight
Tomato,Black,Black,Large,No,Yes,Healthy,22.2,88.3,Late Blight
Tomato,Black,White,Large,No,Yes,Healthy,18.5,93.0,Late Blight
Tomato,Black,Black,Large,No,Yes,Healthy,20.1,87.1,Late Blight
Tomato,Black,None,Large,No,Yes,Healthy,18.1,84.1,Late Blight
Tomato,Black,Black,Large,No,Yes,Healthy,22.8,77.6,Late Blight
Tomato,Black,Black,Large,No,Yes,Healthy,17.0,100.7,Late Blight
Tomato,Black,Black,Large,No,Yes,Healthy,18.5,78.2,Late Blight
Tomato,Black,Black,Large,No,Yes,Healthy,15.4,80.7,Late Blight
Tomato,Black,Black,Large,No,Yes,Healthy,20.9,97.4,Late Blight
Tomato,Black,Black,Large,No,Yes,Healthy,26.0,92.7,Late Blight
Tomato,Black,Black,Large,No,Yes,Cracked,15.8,90.9,Late Blight
Tomato,Brown,Black,Large,No,Yes,Healthy,15.3,78.3,Late Blight
Tomato,Black,Black,Large,No,Yes,Healthy,16.7,93.6,Late Blight
Tomato,Brown,Black,Large,No,Yes,Healthy,20.5,87.5,Late Blight
Tomato,Black,Black,Medium,No,Yes,Healthy,25.7,81.3,Late Blight
Tomato,Black,Black,Small,No,Yes,Healthy,18.4,54.8,Late Blight
Tomato,Black,Black,Large,No,No,Healthy,13.7,82.9,Late Blight
Tomato,Black,Black,Large,No,Yes,Healthy,17.3,78.4,Late Blight
Tomato,Black,Brown,Large,No,Yes,Healthy,25.6,99.6,Late Blight
Tomato,Black,Black,Large,No,Yes,Healthy,14.3,90.2,Late Blight
Tomato,Black,Black,Large,No,Yes,Healthy,23.9,92.2,Late Blight
Tomato,Black,Black,Large,No,Yes,Healthy,26.5,81.0,Late Blight
Tomato,Black,Black,Large,No,Yes,Healthy,21.5,21.0,Late Blight
Tomato,Black,Black,Large,No,Yes,Healthy,12.1,100.8,Late Blight
Tomato,Black,Black,Medium,No,Yes,Healthy,22.2,98.1,Late Blight
Tomato,Black,Brown,Large,No,Yes,Dry,22.4,95.6,Late Blight
Tomato,Black,None,Small,No,Yes,Cracked,20.0,95.8,Late Blight
Tomato,Black,Black,Large,No,Yes,Healthy,25.3,101.1,Late Blight
Tomato,Black,Black,Large,No,Yes,Healthy,25.8,94.2,Late Blight
Tomato,Black,Black,Large,No,Yes,Healthy,17.5,89.6,Late Blight
Tomato,Black,Black,Large,No,Yes,Rotten,17.9,92.5,Late Blight
Tomato,Brown,Black,Medium,No,Yes,Healthy,26.4,77.1,Late Blight
Tomato,Black,Black,Small,Yes,Yes,Healthy,17.5,79.6,Late Blight
Tomato,Black,Black,Large,No,Yes,Healthy,21.5,90.7,Late Blight
Tomato,Black,Black,Large,No,Yes,Healthy,37.3,94.9,Late Blight
Tomato,Black,Black,Large,No,Yes,Healthy,18.7,98.0,Late Blight
Tomato,Black,Black,Large,No,Yes,Healthy,21.1,80.1,Late Blight
Tomato,Black,Black,Small,No,Yes,Healthy,19.2,80.2,Late Blight
Tomato,Black,Black,Large,Yes,Yes,Healthy,18.0,78.3,Late Blight
Tomato,Black,Brown,Large,No,Yes,Healthy,23.2,95.4,Late Blight
Tomato,Black,Black,Large,No,Yes,Healthy,14.5,85.7,Late Blight
Tomato,Black,Black,Small,No,Yes,Healthy,18.2,85.9,Late Blight
Tomato,White,Brown,Large,No,Yes,Healthy,23.1,90.1,Late Blight
Tomato,Black,Black,Large,No,Yes,Rotten,20.6,46.6,Late Blight
Tomato,Green,Black,Large,No,Yes,Healthy,25.5,98.7,Late Blight
Tomato,Black,Black,Large,No,Yes,Cracked,16.5,82.8,Late Blight
Tomato,Black,Black,Large,No,Yes,Healthy,13.7,99.6,Late Blight
Tomato,Black,Black,Large,No,Yes,Healthy,20.7,97.3,Late Blight
Tomato,Brown,Black,Large,No,Yes,Healthy,17.8,83.4,Late Blight
Tomato,White,Black,Large,No,Yes,Rotten,23.0,86.4,Late Blight
Tomato,Black,Black,Large,No,Yes,Healthy,14.4,97.0,Late Blight
Tomato,Black,Black,Large,No,Yes,Healthy,20.1,89.5,Late Blight
Tomato,Black,Black,Large,No,Yes,Healthy,13.7,100.8,Late Blight
Tomato,Black,Black,Large,No,Yes,Healthy,19.7,88.3,Late Blight
Tomato,Yellow,White,Large,No,Yes,Healthy,21.6,89.6,Late Blight
Tomato,Black,Black,Large,No,Yes,Healthy,25.2,77.9,Late Blight
Tomato,Black,Black,Large,No,Yes,Healthy,17.6,89.1,Late Blight
Tomato,Black,Black,Large,No,Yes,Healthy,23.4,80.1,Late Blight
Tomato,Black,Black,Large,No,Yes,Healthy,25.7,94.3,Late Blight
Tomato,Black,Black,None,No,Yes,Healthy,14.5,98.5,Late Blight
Tomato,Black,Black,Large,No,Yes,Healthy,17.8,100.1,Late Blight
Tomato,Black,Black,Large,No,No,Healthy,24.7,98.1,Late Blight
Tomato,Black,Black,None,No,Yes,Healthy,24.9,79.4,Late Blight
Tomato,Black,Black,Large,No,Yes,Healthy,18.2,91.1,Late Blight
Tomato,Black,Yellow,Large,No,Yes,Rotten,17.0,93.4,Late Blight
Tomato,Black,Black,Large,No,Yes,Dry,19.9,83.2,Late Blight
Tomato,Black,Black,Large,No,Yes,Healthy,17.0,93.0,Late Blight
Tomato,Yellow,Black,Large,No,Yes,Healthy,22.5,92.0,Late Blight
Tomato,Black,Black,None,No,Yes,Healthy,15.2,82.7,Late Blight
Tomato,Black,Black,Large,No,Yes,Healthy,15.4,93.8,Late Blight
Tomato,Black,Black,Large,No,Yes,Healthy,16.2,86.2,Late Blight
Tomato,Black,Brown,Large,No,Yes,Healthy,24.7,100.1,Late Blight
Tomato,Black,Black,Large,Yes,Yes,Healthy,23.4,78.7,Late Blight
Tomato,Black,Yellow,Large,No,Yes,Healthy,25.3,77.4,Late Blight
Tomato,Black,Black,Large,No,Yes,Healthy,16.8,79.6,Late Blight
Tomato,Black,Black,Large,No,Yes,Healthy,24.0,96.7,Late Blight
Tomato,Black,Black,Large,No,Yes,Healthy,15.4,77.5,Late Blight
Tomato,Black,Yellow,Large,No,Yes,Healthy,19.0,95.1,Late Blight
Tomato,Black,Black,Large,No,Yes,Healthy,25.1,85.4,Late Blight
Tomato,Black,Black,None,No,Yes,Healthy,14.8,100.3,Late Blight
Tomato,Black,Black,Large,No,Yes,Healthy,16.4,20.9,Late Blight
Tomato,Black,Black,Large,No,Yes,Healthy,17.9,83.2,Late Blight
Tomato,Black,Black,Large,No,Yes,Healthy,20.5,87.4,Late Blight
Tomato,Black,Black,Large,No,Yes,Healthy,25.5,84.2,Late Blight
Tomato,Black,Black,Large,No,Yes,Healthy,13.8,84.2,Late Blight
Tomato,Yellow,Black,Large,No,Yes,Healthy,22.1,82.9,Late Blight
Tomato,Black,Black,Large,No,Yes,Healthy,22.4,98.7,Late Blight
Tomato,Black,Black,Large,No,Yes,Rotten,15.5,78.9,Late Blight
Tomato,Black,Black,Large,No,Yes,Healthy,24.3,92.5,Late Blight
Tomato,Black,Yellow,Large,No,No,Healthy,23.0,97.1,Late Blight
Tomato,Black,Black,Large,No,Yes,Rotten,20.4,99.3,Late Blight
Tomato,Black,Black,Large,No,Yes,Healthy,16.6,78.3,Late Blight
Tomato,Black,Black,Large,No,Yes,Healthy,25.7,98.5,Late Blight
Tomato,Black,Black,Medium,No,Yes,Healthy,19.0,93.5,Late Blight
Tomato,Black,Black,Large,No,Yes,Healthy,23.6,95.0,Late Blight
Tomato,Black,Black,Large,No,Yes,Dry,19.8,97.9,Late Blight
Tomato,Black,Black,Large,No,Yes,Healthy,18.4,80.0,Late Blight
Tomato,Black,Black,Large,No,Yes,Healthy,19.7,89.8,Late Blight
Tomato,Black,Black,Large,No,Yes,Healthy,11.6,89.2,Late Blight
Tomato,Black,Black,Large,No,Yes,Healthy,18.8,91.6,Late Blight
Tomato,Black,Black,Large,No,Yes,Healthy,32.9,86.8,Late Blight
Tomato,White,Black,Large,No,Yes,Healthy,23.7,77.4,Late Blight
Tomato,Black,Black,Large,No,Yes,Healthy,18.6,98.7,Late Blight
Tomato,Black,Black,Large,No,Yes,Healthy,25.8,90.0,Late Blight
Tomato,Black,Black,Large,No,Yes,Healthy,14.4,95.1,Late Blight
Tomato,Black,Black,Large,No,Yes,Healthy,16.7,87.9,Late Blight
Tomato,Black,Black,Large,No,Yes,Healthy,24.9,98.4,Late Blight
Tomato,Black,Black,None,No,Yes,Healthy,18.7,83.0,Late Blight
Tomato,Black,None,Large,No,Yes,Healthy,23.8,99.4,Late Blight
Tomato,Black,Black,Large,No,Yes,Healthy,20.0,81.6,Late Blight
Tomato,Black,Black,Large,No,Yes,Healthy,21.8,102.8,Late Blight
Tomato,Black,Black,Large,No,Yes,Healthy,18.6,82.8,Late Blight
Tomato,Black,Black,Large,No,Yes,Healthy,21.4,82.2,Late Blight
Tomato,Black,Black,Large,No,Yes,Healthy,22.9,101.9,Late Blight
Tomato,Black,Black,None,No,Yes,Healthy,18.8,91.4,Late Blight
Tomato,Black,Black,Large,No,Yes,Healthy,20.6,75.1,Late Blight
Tomato,Black,Black,Large,No,No,Healthy,26.0,100.6,Late Blight
Tomato,Black,Black,Large,No,Yes,Healthy,14.4,80.2,Late Blight
Tomato,Black,Yellow,Large,No,Yes,Healthy,21.1,96.7,Late Blight
Tomato,Black,Black,Large,No,Yes,Healthy,17.9,79.7,Late Blight
Tomato,Black,Black,Large,No,Yes,Healthy,23.6,85.8,Late Blight
Tomato,Black,Black,Large,No,Yes,Healthy,16.2,77.5,Late Blight
Tomato,Black,Brown,Large,No,Yes,Healthy,18.5,94.8,Late Blight
Tomato,Black,Black,Large,No,Yes,Healthy,20.7,88.3,Late Blight
Tomato,Black,Black,Large,No,Yes,Healthy,17.7,96.5,Late Blight
Tomato,Black,Black,Large,No,Yes,Healthy,22.2,91.3,Late Blight
Tomato,Black,Black,Large,No,Yes,Healthy,19.4,49.5,Late Blight
Tomato,Black,Black,Large,No,Yes,Healthy,26.4,102.8,Late Blight
Tomato,Black,Black,Large,No,Yes,Healthy,18.4,97.3,Late Blight
Tomato,Black,Black,Large,No,Yes,Healthy,20.3,80.8,Late Blight
Tomato,Yellow,Black,Small,No,Yes,Cracked,25.0,91.8,Late Blight
Tomato,Black,Black,Large,No,Yes,Healthy,29.9,64.6,Late Blight
Tomato,Black,Black,Large,No,No,Healthy,16.3,91.6,Late Blight
Tomato,Black,Black,Large,No,Yes,Healthy,20.8,77.5,Late Blight
Tomato,Black,Black,Large,No,Yes,Healthy,20.6,99.1,Late Blight
Tomato,Black,Black,Large,No,Yes,Healthy,18.4,87.6,Late Blight
Tomato,Black,Black,Large,No,Yes,Healthy,16.0,90.7,Late Blight
Tomato,Black,Black,Large,No,Yes,Healthy,23.9,85.1,Late Blight
Tomato,Green,White,Large,No,Yes,Healthy,20.2,92.6,Late Blight
Tomato,Black,Black,Large,No,Yes,Dry,17.9,25.3,Late Blight
Tomato,Black,Black,Large,No,Yes,Healthy,14.2,87.6,Late Blight
Tomato,Black,Black,Large,No,Yes,Healthy,25.8,84.3,Late Blight
Tomato,Black,Black,Large,No,No,Healthy,24.7,94.5,Late Blight
Tomato,Black,Black,Large,No,Yes,Healthy,16.9,87.3,Late Blight
Tomato,Black,White,Large,No,No,Healthy,25.6,82.3,Late Blight
Tomato,Black,Black,Large,No,Yes,Healthy,14.5,81.2,Late Blight
Tomato,Black,Black,Large,Yes,Yes,Dry,15.1,82.7,Late Blight
Tomato,Yellow,Black,Large,No,Yes,Healthy,20.1,102.3,Late Blight
Tomato,Black,None,Large,No,Yes,Healthy,25.6,100.5,Late Blight
Tomato,Black,White,Large,No,Yes,Healthy,24.2,90.9,Late Blight
Tomato,White,Black,Large,No,Yes,Cracked,23.0,92.8,Late Blight
Tomato,Black,Black,Large,No,Yes,Healthy,13.9,83.0,Late Blight
Tomato,Yellow,Yellow,Large,No,Yes,Healthy,26.4,88.8,Late Blight
Tomato,Black,Black,Large,No,Yes,Healthy,13.5,91.1,Late Blight
Tomato,Black,Black,Large,No,No,Rotten,17.9,102.7,Late Blight
Tomato,Black,Black,Large,No,Yes,Healthy,17.8,87.3,Late Blight
Tomato,Black,Black,Large,No,Yes,Healthy,15.1,91.2,Late Blight
Tomato,Black,Black,Large,Yes,Yes,Healthy,20.5,102.4,Late Blight
Tomato,Black,Black,None,No,Yes,Healthy,20.7,78.7,Late Blight
Tomato,Black,Black,Large,No,Yes,Healthy,15.8,100.3,Late Blight
Tomato,Black,Black,Large,No,Yes,Healthy,23.6,102.1,Late Blight
Tomato,Black,Black,Large,No,Yes,Healthy,19.2,89.9,Late Blight
Tomato,Black,Black,Large,Yes,Yes,Healthy,22.4,77.0,Late Blight
Tomato,Black,Brown,Large,No,Yes,Healthy,23.0,73.8,Late Blight
Tomato,Black,Black,Large,No,Yes,Healthy,25.6,87.2,Late Blight
Tomato,Yellow,Black,None,No,Yes,Healthy,20.4,92.0,Late Blight
Tomato,Black,Black,Large,No,Yes,Healthy,22.3,85.5,Late Blight
Tomato,Black,Black,Large,No,Yes,Healthy,21.2,99.6,Late Blight
Tomato,Black,Black,Large,No,Yes,Healthy,18.3,101.7,Late Blight
Tomato,Black,Black,Large,No,No,Cracked,24.2,82.8,Late Blight
Tomato,Black,Black,Large,No,Yes,Healthy,15.6,82.2,Late Blight
Tomato,Black,Black,Large,No,Yes,Healthy,17.3,79.8,Late Blight
Tomato,Black,Black,Large,No,Yes,Healthy,25.9,79.5,Late Blight
Tomato,Black,Black,None,No,Yes,Healthy,14.9,48.3,Late Blight
Tomato,Black,Black,Large,No,Yes,Dry,21.4,48.9,Late Blight
Tomato,White,Black,Large,No,Yes,Healthy,20.7,100.7,Late Blight
Tomato,Black,Black,Large,No,Yes,Dry,15.7,89.8,Late Blight
Tomato,Black,Black,Large,No,Yes,Healthy,23.7,98.9,Late Blight
Tomato,Black,Black,Large,No,No,Healthy,15.3,84.1,Late Blight
Tomato,Black,Black,Large,No,Yes,Healthy,24.2,102.8,Late Blight
Tomato,Black,Black,Large,No,Yes,Healthy,19.0,96.2,Late Blight
Tomato,Black,White,Large,No,Yes,Healthy,15.4,102.0,Late Blight
Tomato,Brown,Black,Small,No,Yes,Healthy,15.2,99.0,Late Blight
Tomato,Black,Black,None,No,Yes,Healthy,24.1,96.2,Late Blight
Tomato,Black,Black,Large,No,Yes,Healthy,23.1,100.0,Late Blight
Tomato,Black,Black,Large,No,Yes,Healthy,18.8,95.4,Late Blight
Tomato,Black,Black,Large,No,Yes,Rotten,18.4,99.4,Late Blight
Tomato,Black,Black,Large,No,Yes,Healthy,23.0,87.2,Late Blight
Tomato,Green,Black,Large,No,Yes,Healthy,23.7,95.9,Late Blight
Tomato,Black,Black,Large,No,Yes,Healthy,23.1,99.9,Late Blight
Tomato,Black,Black,Small,No,Yes,Healthy,16.6,81.3,Late Blight
Tomato,Black,Black,Large,Yes,Yes,Healthy,19.9,93.8,Late Blight
Tomato,Black,Black,Large,No,Yes,Healthy,24.0,97.1,Late Blight
Tomato,Black,None,Large,No,Yes,Healthy,15.6,85.6,Late Blight
Tomato,Black,Black,Small,No,Yes,Healthy,25.9,101.6,Late Blight
Tomato,Black,Black,Large,Yes,Yes,Healthy,24.7,91.2,Late Blight
Tomato,Black,Black,Large,No,Yes,Healthy,20.9,86.1,Late Blight
Tomato,Black,Black,Large,No,No,Healthy,14.3,98.8,Late Blight
Tomato,Yellow,Yellow,None,No,Yes,Healthy,24.6,91.9,Late Blight
Tomato,Black,Black,Large,No,Yes,Healthy,23.6,96.0,Late Blight
Tomato,Black,Black,Large,No,Yes,Healthy,23.3,82.1,Late Blight
Tomato,Black,Black,Large,No,Yes,Healthy,23.0,80.0,Late Blight
Tomato,Green,Black,Large,No,Yes,Healthy,22.3,80.0,Late Blight
Tomato,Black,Black,Large,No,Yes,Healthy,25.5,96.8,Late Blight
Tomato,Black,Black,Large,No,Yes,Healthy,20.5,94.2,Late Blight
Tomato,Black,Black,Large,No,No,Healthy,17.2,97.5,Late Blight
Tomato,Brown,Black,None,No,Yes,Healthy,18.4,77.4,Late Blight
Tomato,Black,Black,None,No,Yes,Healthy,25.6,95.6,Late Blight
Tomato,Black,Black,Large,No,Yes,Healthy,16.0,101.3,Late Blight
Tomato,Black,Black,Large,No,Yes,Healthy,23.2,81.1,Late Blight
Tomato,Black,Black,Large,No,Yes,Healthy,15.7,93.1,Late Blight
Tomato,Black,Black,Large,No,Yes,Healthy,18.0,83.8,Late Blight
Tomato,Black,White,Large,Yes,Yes,Healthy,15.1,93.0,Late Blight
Tomato,Yellow,Black,Small,No,Yes,Healthy,21.2,97.2,Late Blight
Tomato,Black,Black,Large,Yes,Yes,Healthy,14.9,91.4,Late Blight
Tomato,Black,Black,Large,No,Yes,Healthy,18.7,96.8,Late Blight
Tomato,Black,Black,Large,No,Yes,Healthy,15.4,77.8,Late Blight
Tomato,Black,Black,Large,No,Yes,Healthy,19.5,89.6,Late Blight
Tomato,Black,Black,Large,No,Yes,Healthy,22.7,77.6,Late Blight
Tomato,Yellow,Black,Large,No,Yes,Healthy,16.4,80.1,Late Blight
Tomato,Black,Black,Large,No,Yes,Healthy,25.1,88.4,Late Blight
Tomato,Black,Black,Large,No,Yes,Healthy,17.0,87.8,Late Blight
Tomato,Black,Black,Large,No,Yes,Healthy,34.0,100.8,Late Blight
Tomato,Black,Black,Large,No,Yes,Healthy,22.7,95.1,Late Blight
Tomato,Black,Yellow,Large,No,Yes,Healthy,14.0,92.3,Late Blight
Tomato,Black,Black,Large,No,Yes,Healthy,19.5,88.4,Late Blight
Tomato,Brown,Black,Large,No,Yes,Healthy,25.9,89.6,Late Blight
Tomato,Black,Black,Medium,No,Yes,Rotten,17.3,91.8,Late Blight
Tomato,Black,Black,Large,No,Yes,Healthy,13.8,89.1,Late Blight
Tomato,White,None,Large,No,Yes,Healthy,13.9,97.9,Late Blight
Tomato,Black,Black,None,No,Yes,Healthy,21.2,100.0,Late Blight
Tomato,White,Black,Large,No,Yes,Healthy,26.0,101.1,Late Blight
Tomato,Black,Black,Large,No,Yes,Healthy,24.9,86.3,Late Blight
Tomato,Black,Brown,Large,No,Yes,Healthy,25.2,83.7,Late Blight
Tomato,Black,Black,Large,No,Yes,Rotten,21.9,79.2,Late Blight
Tomato,Black,Black,Large,No,Yes,Healthy,19.5,96.6,Late Blight
Tomato,Black,Black,Small,No,Yes,Rotten,16.9,97.6,Late Blight
Tomato,Black,White,Large,No,Yes,Healthy,17.8,86.8,Late Blight
Tomato,Black,Black,Large,No,Yes,Healthy,17.2,92.9,Late Blight
Tomato,Brown,Black,Large,No,Yes,Healthy,13.7,91.6,Late Blight
Tomato,Black,Black,Large,No,Yes,Healthy,13.5,102.2,Late Blight
Tomato,Black,Black,Large,No,Yes,Healthy,26.3,87.3,Late Blight
Tomato,Yellow,Black,Large,No,Yes,Rotten,14.5,103.0,Late Blight
Tomato,Brown,Black,Large,Yes,Yes,Healthy,22.8,79.8,Late Blight
Tomato,Black,Black,Large,No,Yes,Healthy,15.3,98.6,Late Blight
Tomato,Black,Black,Large,No,No,Healthy,13.9,65.4,Late Blight
Tomato,Black,Black,None,No,Yes,Healthy,15.1,83.7,Late Blight
Tomato,Yellow,Yellow,Large,No,Yes,Healthy,14.8,79.1,Late Blight
Tomato,Black,Black,Large,No,Yes,Healthy,19.0,94.2,Late Blight
Tomato,Black,None,Large,No,Yes,Healthy,20.9,94.9,Late Blight
Tomato,Black,Black,Large,No,Yes,Healthy,14.3,94.9,Late Blight
Tomato,Black,Black,Large,No,Yes,Healthy,22.4,78.6,Late Blight
Tomato,Black,Black,Large,No,Yes,Healthy,15.1,90.4,Late Blight
Tomato,Black,Black,Large,No,Yes,Healthy,15.3,90.8,Late Blight
Tomato,Black,Black,Large,No,Yes,Healthy,20.7,83.1,Late Blight
Tomato,Black,Black,Large,No,Yes,Healthy,23.3,85.8,Late Blight
Tomato,Black,Brown,Small,No,Yes,Healthy,13.9,80.4,Late Blight
Tomato,Green,Black,Large,No,Yes,Healthy,14.9,93.4,Late Blight
Tomato,Black,Black,Large,No,Yes,Healthy,17.3,102.0,Late Blight
Tomato,White,Black,Large,No,Yes,Healthy,14.5,84.3,Late Blight
Tomato,Black,Black,Small,No,Yes,Healthy,25.2,102.5,Late Blight
Tomato,Brown,Black,Large,No,Yes,Healthy,25.0,86.3,Late Blight
Tomato,Black,Black,Large,Yes,Yes,Healthy,19.0,80.8,Late Blight
Tomato,Yellow,Black,Large,No,Yes,Healthy,21.2,64.3,Late Blight
Tomato,Black,Black,None,No,Yes,Healthy,20.7,96.5,Late Blight
Tomato,Black,None,Large,No,Yes,Healthy,18.3,94.0,Late Blight
Tomato,Green,Black,Large,No,Yes,Healthy,20.5,96.9,Late Blight
Tomato,Black,Black,Large,No,Yes,Healthy,21.8,89.4,Late Blight
Tomato,Black,Black,Large,No,Yes,Healthy,22.0,78.6,Late Blight
Tomato,Black,Black,Large,No,Yes,Healthy,21.4,97.6,Late Blight
Tomato,Black,Black,Large,No,Yes,Cracked,14.0,100.9,Late Blight
Tomato,Brown,Black,Large,No,Yes,Healthy,18.0,81.5,Late Blight
Tomato,Black,Black,Large,Yes,Yes,Healthy,19.7,93.1,Late Blight
Tomato,Black,Black,Large,No,Yes,Healthy,15.4,88.9,Late Blight
Tomato,Brown,Black,Large,No,Yes,Healthy,15.5,100.1,Late Blight
Tomato,White,Black,Medium,No,Yes,Healthy,22.4,83.6,Late Blight
Tomato,Black,Black,Large,No,Yes,Healthy,20.7,82.9,Late Blight
Tomato,Black,Black,None,No,Yes,Healthy,13.9,100.9,Late Blight
Tomato,Black,Black,Large,No,Yes,Healthy,15.4,78.2,Late Blight
Tomato,Black,Black,Large,No,Yes,Healthy,14.1,77.8,Late Blight
Tomato,Brown,Brown,Large,No,Yes,Healthy,18.5,79.4,Late Blight
Tomato,Black,Black,Large,No,Yes,Healthy,19.8,87.9,Late Blight
Tomato,Black,White,None,No,Yes,Cracked,23.8,77.9,Late Blight
Tomato,Black,Black,Large,No,Yes,Dry,32.0,78.9,Late Blight
Tomato,Brown,Black,Large,No,Yes,Healthy,24.8,95.4,Late Blight
Tomato,Black,Black,Large,No,Yes,Healthy,25.4,69.2,Late Blight
Tomato,Black,Black,Large,No,Yes,Healthy,18.4,95.9,Late Blight
Tomato,Black,Black,Large,No,Yes,Healthy,25.2,91.7,Late Blight
Tomato,Black,Black,Large,No,Yes,Healthy,15.8,88.8,Late Blight
Tomato,Black,Black,Large,No,No,Healthy,22.6,102.7,Late Blight
Tomato,Black,Black,Large,No,Yes,Healthy,26.2,91.9,Late Blight
Tomato,Black,Black,Large,No,Yes,Healthy,22.7,94.4,Late Blight
Tomato,Black,Black,Large,Yes,Yes,Healthy,17.1,92.8,Late Blight
Tomato,Black,Black,None,No,Yes,Healthy,14.2,95.4,Late Blight
Tomato,Black,Brown,Large,No,Yes,Healthy,19.8,98.7,Late Blight
Tomato,Black,Black,Large,No,Yes,Healthy,30.2,101.4,Late Blight
Tomato,White,Black,Large,No,Yes,Healthy,17.1,99.5,Late Blight
Tomato,Black,Black,Large,No,Yes,Healthy,20.3,101.6,Late Blight
Tomato,Black,Black,Large,No,Yes,Healthy,25.6,101.0,Late Blight
Tomato,Black,None,Large,No,Yes,Healthy,15.7,86.7,Late Blight
Tomato,Yellow,Black,Large,No,Yes,Healthy,18.2,101.6,Late Blight
Tomato,Green,Yellow,Large,No,Yes,Healthy,13.7,101.9,Late Blight
Tomato,Black,Black,Large,No,Yes,Healthy,24.0,80.7,Late Blight
Tomato,Black,Black,Large,No,Yes,Healthy,19.6,80.0,Late Blight
Tomato,Black,Black,Large,No,Yes,Healthy,16.3,46.6,Late Blight
Tomato,Black,Black,Large,No,Yes,Cracked,25.1,82.5,Late Blight
Tomato,Black,Black,Large,No,Yes,Rotten,20.4,87.5,Late Blight
Tomato,Brown,Black,Large,No,Yes,Healthy,20.6,102.2,Late Blight
Tomato,Black,Black,Large,No,Yes,Healthy,21.5,84.2,Late Blight
Tomato,Black,Black,Large,No,Yes,Healthy,21.2,91.1,Late Blight
Tomato,Black,None,Large,No,Yes,Healthy,25.1,79.6,Late Blight
Tomato,Black,Black,Large,No,Yes,Healthy,22.7,88.6,Late Blight
Tomato,Black,Black,Large,No,Yes,Healthy,25.6,95.2,Late Blight
Tomato,Black,None,Large,No,Yes,Dry,15.1,99.7,Late Blight
Tomato,Black,Black,Large,No,Yes,Healthy,26.1,94.0,Late Blight
Tomato,Black,Black,Large,No,Yes,Healthy,19.3,82.0,Late Blight
Tomato,Black,Black,Large,No,No,Healthy,14.1,102.5,Late Blight
Tomato,Black,Black,Large,No,Yes,Healthy,18.0,101.4,Late Blight
Tomato,Black,Yellow,Large,No,Yes,Healthy,25.3,101.8,Late Blight
Tomato,Black,Yellow,None,No,Yes,Healthy,20.9,80.8,Late Blight
Tomato,Black,Black,Large,No,Yes,Healthy,27.5,98.4,Late Blight
Tomato,Black,Black,Large,Yes,Yes,Healthy,22.3,95.6,Late Blight
Tomato,Black,Black,Large,No,Yes,Healthy,18.6,88.9,Late Blight
Tomato,Black,Black,Large,No,Yes,Healthy,26.3,85.1,Late Blight
Tomato,Black,Black,Large,No,Yes,Healthy,20.9,97.3,Late Blight
Tomato,White,Yellow,Large,No,No,Healthy,17.8,98.8,Late Blight
Tomato,Black,Black,Large,No,Yes,Healthy,18.6,82.7,Late Blight
Tomato,Black,Black,Large,No,Yes,Healthy,23.8,91.1,Late Blight
Tomato,Black,Black,Large,No,Yes,Healthy,16.5,98.9,Late Blight
Tomato,Black,None,Large,No,Yes,Healthy,16.8,102.6,Late Blight
Tomato,Black,Black,Large,No,Yes,Healthy,20.7,81.7,Late Blight
Tomato,Black,Black,Large,No,Yes,Healthy,20.3,100.7,Late Blight
Tomato,Black,Black,Large,No,Yes,Healthy,20.7,79.1,Late Blight
Tomato,Black,Black,Large,No,Yes,Healthy,14.1,78.3,Late Blight
Tomato,White,Black,Medium,No,Yes,Rotten,18.4,101.5,Late Blight
Tomato,Black,Black,Large,No,Yes,Healthy,15.7,64.1,Late Blight
Tomato,Black,Black,Large,No,Yes,Healthy,15.5,83.6,Late Blight
Tomato,Black,Black,Large,No,Yes,Healthy,19.0,101.8,Late Blight
Tomato,Black,Black,Large,No,Yes,Healthy,16.2,78.3,Late Blight
Tomato,Black,Black,Large,No,Yes,Healthy,24.9,82.1,Late Blight
Tomato,Black,White,Large,No,Yes,Healthy,22.4,98.4,Late Blight
Tomato,Green,Black,None,No,Yes,Healthy,16.4,97.0,Late Blight
Tomato,Black,Black,Large,No,Yes,Healthy,24.7,81.1,Late Blight
Tomato,Black,Black,Large,No,Yes,Healthy,14.4,87.1,Late Blight
Tomato,Black,None,Large,No,No,Healthy,20.7,86.6,Late Blight
Tomato,Black,Black,Large,No,Yes,Dry,24.0,86.4,Late Blight
Tomato,Black,Black,Large,No,Yes,Healthy,21.4,81.9,Late Blight
Tomato,Black,Black,Large,No,Yes,Healthy,15.3,99.9,Late Blight
Tomato,Black,None,Large,No,No,Healthy,22.0,95.1,Late Blight
Tomato,Green,Black,Large,No,Yes,Healthy,25.6,80.8,Late Blight
Tomato,Black,Black,Medium,No,Yes,Healthy,24.0,100.1,Late Blight
Tomato,Black,Black,Large,No,Yes,Healthy,16.7,75.2,Late Blight
Tomato,Black,Black,Large,No,Yes,Healthy,26.2,83.9,Late Blight
Tomato,Brown,Black,Large,No,Yes,Cracked,22.8,95.7,Late Blight
Tomato,Black,Black,Small,No,Yes,Healthy,18.5,95.9,Late Blight
Tomato,Brown,Black,Large,No,Yes,Healthy,20.5,100.6,Late Blight
Tomato,Black,Black,None,No,No,Healthy,23.7,86.7,Late Blight
Tomato,Black,Black,Large,No,Yes,Healthy,23.6,92.3,Late Blight
Tomato,Black,Black,Small,No,Yes,Healthy,16.0,97.6,Late Blight
Tomato,Black,Black,Large,No,Yes,Dry,16.4,97.0,Late Blight
Tomato,Black,Black,Medium,No,Yes,Healthy,25.5,80.7,Late Blight
Tomato,Black,Black,Large,No,Yes,Healthy,22.1,96.2,Late Blight
Potato,Black,Black,Large,No,Yes,Healthy,20.0,93.7,Late Blight
Potato,Black,Black,Large,No,Yes,Healthy,16.4,88.6,Late Blight
Potato,Black,Black,Large,Yes,Yes,Healthy,25.5,93.4,Late Blight
Potato,Black,Black,Large,No,Yes,Healthy,14.1,77.7,Late Blight
Potato,Black,Black,Large,No,Yes,Healthy,19.0,92.7,Late Blight
Potato,Black,Black,Large,No,No,Healthy,13.9,81.3,Late Blight
Potato,Black,Black,Medium,No,Yes,Healthy,15.9,95.9,Late Blight
Potato,Black,Black,Large,No,Yes,Healthy,25.3,80.9,Late Blight
Potato,Black,Black,Large,No,Yes,Cracked,19.7,95.0,Late Blight
Potato,Black,Black,Large,No,Yes,Healthy,18.7,100.6,Late Blight
Potato,Black,Yellow,Large,No,Yes,Cracked,14.0,77.4,Late Blight
Potato,Black,White,Large,No,Yes,Healthy,22.2,98.9,Late Blight
Potato,Black,Yellow,Large,No,Yes,Healthy,16.2,102.2,Late Blight
Potato,Black,Black,Small,No,Yes,Healthy,15.5,91.6,Late Blight
Potato,Black,Black,Large,No,Yes,Healthy,15.9,100.1,Late Blight
Potato,Black,Black,Large,No,Yes,Healthy,24.7,83.4,Late Blight
Potato,Black,Black,Large,No,Yes,Healthy,22.2,83.0,Late Blight
Potato,Black,White,Large,No,Yes,Healthy,18.7,78.5,Late Blight
Potato,Black,Black,Large,No,Yes,Healthy,19.7,86.4,Late Blight
Potato,Black,None,Large,No,Yes,Healthy,20.9,100.9,Late Blight
Potato,Black,Black,Large,No,Yes,Cracked,20.0,97.9,Late Blight
Potato,White,Black,Large,Yes,Yes,Healthy,14.7,96.0,Late Blight
Potato,Black,Black,Small,No,Yes,Healthy,19.4,77.9,Late Blight
Potato,Black,Yellow,Large,No,Yes,Healthy,15.2,96.7,Late Blight
Potato,Brown,Black,Large,No,Yes,Healthy,21.8,82.4,Late Blight
Potato,Black,Black,Large,No,Yes,Healthy,13.9,90.3,Late Blight
Potato,Black,Black,Large,No,Yes,Healthy,13.8,86.1,Late Blight
Potato,Black,Black,Large,No,Yes,Healthy,15.3,102.2,Late Blight
Potato,Black,Black,Large,No,Yes,Healthy,17.5,101.5,Late Blight
Potato,White,Black,Large,No,Yes,Dry,18.1,79.1,Late Blight
Potato,Black,Black,Large,No,Yes,Healthy,15.3,95.1,Late Blight
Potato,Brown,Black,Medium,No,Yes,Healthy,15.6,87.8,Late Blight
Potato,Brown,Black,Large,No,Yes,Healthy,22.0,83.4,Late Blight
Potato,Black,Black,Medium,No,Yes,Healthy,18.6,101.1,Late Blight
Potato,Black,Black,Large,No,Yes,Healthy,34.3,87.7,Late Blight
Potato,Black,Black,Medium,No,Yes,Cracked,22.9,95.8,Late Blight
Potato,Black,Black,Medium,No,Yes,Healthy,15.2,95.0,Late Blight
Potato,Black,Black,Large,No,Yes,Healthy,18.3,89.3,Late Blight
Potato,Yellow,Black,Large,No,Yes,Dry,25.6,80.9,Late Blight
Potato,Black,Black,Large,No,Yes,Healthy,24.7,99.5,Late Blight
Potato,Black,Black,Large,No,Yes,Healthy,25.5,92.8,Late Blight
Potato,Black,Black,Small,No,Yes,Healthy,16.4,91.1,Late Blight
Potato,Black,Black,Large,No,Yes,Healthy,17.5,84.6,Late Blight
Potato,Black,Black,Medium,No,Yes,Healthy,22.3,94.1,Late Blight
Potato,Black,White,None,No,Yes,Healthy,21.1,78.3,Late Blight
Potato,Black,Black,Large,No,Yes,Cracked,16.2,85.3,Late Blight
Potato,Black,Black,Large,No,No,Healthy,18.6,81.7,Late Blight
Potato,Black,Black,Large,No,Yes,Healthy,13.7,85.6,Late Blight
Potato,Black,Black,Large,No,Yes,Healthy,23.0,80.2,Late Blight
Potato,Black,Black,Large,No,No,Healthy,18.0,98.2,Late Blight
Potato,Black,Black,Small,No,Yes,Healthy,20.7,83.7,Late Blight
Potato,Green,Black,Large,No,Yes,Healthy,25.8,97.8,Late Blight
Potato,Black,Black,Large,Yes,Yes,Healthy,19.2,99.8,Late Blight
Potato,Black,Black,Large,No,Yes,Healthy,17.7,83.8,Late Blight
Potato,Black,None,Large,No,Yes,Dry,25.5,81.0,Late Blight
Potato,Black,Black,Large,No,Yes,Healthy,18.5,96.7,Late Blight
Potato,Green,Black,None,No,Yes,Healthy,25.7,97.7,Late Blight
Potato,Green,Black,Large,No,Yes,Healthy,18.9,100.9,Late Blight
Potato,White,Black,Large,No,Yes,Healthy,21.7,82.9,Late Blight
Potato,Black,Black,Large,No,Yes,Healthy,19.9,81.5,Late Blight
Potato,Black,Black,Large,No,Yes,Healthy,17.3,80.8,Late Blight
Potato,Black,Black,Large,No,Yes,Healthy,16.0,96.1,Late Blight
Potato,Black,Black,Large,No,Yes,Healthy,24.4,90.0,Late Blight
Potato,Black,Black,Large,No,Yes,Healthy,23.5,94.8,Late Blight
Potato,Black,Black,Large,No,Yes,Healthy,19.1,94.1,Late Blight
Potato,Black,Black,Large,No,Yes,Healthy,15.7,26.4,Late Blight
Potato,Black,White,Large,No,Yes,Healthy,22.9,81.1,Late Blight
Potato,Black,Black,Large,No,Yes,Healthy,22.6,87.5,Late Blight
Potato,Black,Black,Large,No,Yes,Healthy,25.9,78.1,Late Blight
Potato,Black,Brown,Large,No,Yes,Healthy,14.9,41.8,Late Blight
Potato,Black,None,Large,No,Yes,Healthy,25.8,81.5,Late Blight
Potato,Black,Black,Large,No,Yes,Healthy,20.5,81.1,Late Blight
Potato,Black,Black,Large,No,Yes,Healthy,35.4,98.8,Late Blight
Potato,Black,Black,Large,No,Yes,Healthy,23.1,87.1,Late Blight
Potato,Black,Black,Large,No,Yes,Healthy,22.1,79.9,Late Blight
Potato,Black,Black,Large,No,Yes,Healthy,15.6,83.6,Late Blight
Potato,Black,Black,Large,No,Yes,Healthy,15.0,89.2,Late Blight
Potato,Black,Black,Large,No,Yes,Healthy,22.0,90.4,Late Blight
Potato,Black,Black,Large,No,Yes,Healthy,22.7,78.6,Late Blight
Potato,White,Black,Small,No,Yes,Healthy,14.1,98.0,Late Blight
Potato,Black,Black,Large,No,Yes,Healthy,21.4,78.6,Late Blight
Potato,Black,Black,Small,No,Yes,Healthy,26.4,82.4,Late Blight
Potato,Black,Black,Large,No,Yes,Healthy,20.1,93.5,Late Blight
Potato,Black,Yellow,Large,No,Yes,Healthy,13.5,78.9,Late Blight
Potato,White,Black,Large,No,No,Healthy,16.4,100.3,Late Blight
Potato,Black,Brown,Large,No,Yes,Healthy,25.1,80.4,Late Blight
Potato,Green,Black,Large,No,Yes,Healthy,16.7,79.0,Late Blight
Potato,Black,Black,Large,No,Yes,Healthy,20.4,83.4,Late Blight
Potato,Black,Black,Large,No,Yes,Healthy,18.4,95.1,Late Blight
Potato,Black,Black,Large,No,Yes,Healthy,17.5,90.2,Late Blight
Potato,Black,Black,Large,No,Yes,Dry,23.1,100.1,Late Blight
Potato,Black,Black,Large,No,Yes,Healthy,14.3,88.4,Late Blight
Potato,Black,Black,Large,No,Yes,Healthy,18.1,93.1,Late Blight
Potato,Black,Black,Large,No,Yes,Healthy,19.5,84.5,Late Blight
Potato,Black,Black,Large,No,Yes,Healthy,23.6,90.9,Late Blight
Potato,Black,Black,Large,No,Yes,Healthy,15.7,98.7,Late Blight
Potato,Black,Black,Large,No,Yes,Healthy,24.4,81.7,Late Blight
Potato,Black,Black,Large,No,Yes,Healthy,22.2,78.1,Late Blight
Potato,Black,Black,None,No,Yes,Healthy,14.9,86.0,Late Blight
Potato,Black,Black,Large,Yes,Yes,Healthy,18.6,94.6,Late Blight
Potato,Black,Black,Large,No,Yes,Healthy,16.9,91.7,Late Blight
Potato,Black,Black,Large,No,Yes,Healthy,22.9,77.5,Late Blight
Potato,Black,Brown,Large,Yes,Yes,Healthy,25.1,80.2,Late Blight
Potato,Black,Black,Large,No,Yes,Healthy,25.9,91.5,Late Blight
Potato,Black,Black,Large,No,Yes,Healthy,25.3,92.9,Late Blight
Potato,Black,Black,Large,Yes,Yes,Healthy,16.6,101.2,Late Blight
Potato,Black,Brown,Large,No,Yes,Healthy,17.7,92.5,Late Blight
Potato,Black,Yellow,Large,No,Yes,Healthy,15.3,85.7,Late Blight
Potato,Black,Brown,Large,No,Yes,Healthy,25.8,101.2,Late Blight
Potato,Black,Black,Large,No,Yes,Healthy,20.5,91.2,Late Blight
Potato,Black,Black,Large,No,Yes,Healthy,22.4,86.0,Late Blight
Potato,Black,Black,Large,No,Yes,Healthy,25.4,90.8,Late Blight
Potato,Black,Black,Large,No,Yes,Healthy,16.3,97.1,Late Blight
Potato,Black,Brown,Large,No,Yes,Healthy,17.4,98.0,Late Blight
Potato,Black,Black,Small,No,Yes,Healthy,16.0,90.8,Late Blight
Potato,Black,Black,Large,No,Yes,Healthy,20.5,81.6,Late Blight
Potato,Black,Black,Large,No,Yes,Healthy,17.6,78.6,Late Blight
Potato,Black,Black,Large,No,Yes,Healthy,20.2,79.6,Late Blight
Potato,Black,Black,Large,No,Yes,Healthy,19.3,86.9,Late Blight
Potato,Brown,Black,Large,No,Yes,Healthy,21.0,100.1,Late Blight
Potato,Black,Black,Large,No,Yes,Healthy,14.1,92.5,Late Blight
Potato,Black,Yellow,Large,No,Yes,Healthy,20.3,100.5,Late Blight
Potato,Brown,Black,Large,No,Yes,Healthy,19.2,91.6,Late Blight
Potato,Black,Black,Large,No,Yes,Healthy,14.9,92.4,Late Blight
Potato,Black,None,Large,Yes,Yes,Healthy,14.5,80.6,Late Blight
Potato,White,Yellow,Large,No,Yes,Healthy,23.8,97.7,Late Blight
Potato,Black,Black,Large,No,Yes,Healthy,20.4,85.9,Late Blight
Potato,White,Black,Large,No,Yes,Healthy,25.0,77.6,Late Blight
Potato,Black,Black,Large,No,Yes,Healthy,17.6,91.6,Late Blight
Potato,Black,Black,Large,No,Yes,Healthy,23.3,96.6,Late Blight
Potato,Black,White,Large,No,Yes,Healthy,15.1,96.7,Late Blight
Potato,Black,None,Large,No,Yes,Healthy,27.0,78.1,Late Blight
Potato,Black,Black,Large,No,Yes,Healthy,22.8,82.4,Late Blight
Potato,Black,Black,Large,No,Yes,Healthy,16.3,86.1,Late Blight
Potato,Black,Black,Large,No,Yes,Healthy,17.7,99.7,Late Blight
Potato,Black,Black,Large,No,Yes,Healthy,18.5,86.8,Late Blight
Potato,Black,Black,Large,No,Yes,Healthy,22.1,98.8,Late Blight
Potato,Black,Black,Large,No,Yes,Cracked,18.0,83.5,Late Blight
Potato,Brown,Black,Large,No,Yes,Healthy,26.0,85.4,Late Blight
Potato,Black,Black,None,No,Yes,Healthy,20.6,31.4,Late Blight
Potato,Black,Black,Large,No,Yes,Healthy,15.0,96.6,Late Blight
Potato,Green,Black,Large,No,Yes,Cracked,22.5,99.4,Late Blight
Potato,Yellow,Black,Large,No,Yes,Healthy,23.4,99.7,Late Blight
Potato,Black,Black,Large,No,Yes,Healthy,17.0,82.1,Late Blight
Potato,White,Black,Large,No,Yes,Healthy,17.0,95.7,Late Blight
Potato,Black,Black,Large,No,Yes,Healthy,19.3,96.4,Late Blight
Potato,Yellow,Black,Large,No,Yes,Healthy,22.8,92.7,Late Blight
Potato,Green,Black,Large,No,No,Healthy,18.6,86.1,Late Blight
Potato,Black,Black,Large,No,Yes,Healthy,34.3,89.0,Late Blight
Potato,Black,Black,Large,No,Yes,Healthy,15.6,86.7,Late Blight
Potato,Black,Black,Large,No,Yes,Healthy,15.4,96.5,Late Blight
Potato,Black,Black,Large,No,Yes,Healthy,15.8,79.0,Late Blight
Potato,Black,Black,Large,No,Yes,Healthy,19.8,93.2,Late Blight
Potato,Black,Black,Large,No,Yes,Healthy,22.0,78.5,Late Blight
Potato,Black,Black,Large,No,Yes,Healthy,14.4,86.4,Late Blight
Potato,Black,Black,Large,No,Yes,Healthy,15.3,83.9,Late Blight
Potato,Black,Black,Large,No,Yes,Healthy,14.7,82.3,Late Blight
Potato,Black,Black,Large,No,Yes,Healthy,24.0,83.6,Late Blight
Potato,Black,Black,Small,No,Yes,Healthy,26.4,78.8,Late Blight
Potato,Black,Black,Large,No,Yes,Healthy,23.7,100.5,Late Blight
Potato,Black,Black,Large,Yes,Yes,Healthy,15.3,96.0,Late Blight
Potato,Black,Black,Large,No,Yes,Healthy,15.9,93.7,Late Blight
Potato,Black,Black,Large,No,Yes,Healthy,26.1,94.6,Late Blight
Potato,Yellow,Black,Large,No,Yes,Healthy,22.2,85.3,Late Blight
Potato,Black,Yellow,Large,No,Yes,Healthy,21.4,90.9,Late Blight
Potato,Black,Black,None,No,Yes,Healthy,20.0,79.9,Late Blight
Potato,Black,Black,Small,No,No,Healthy,20.9,65.7,Late Blight
Potato,Black,Black,Small,No,Yes,Healthy,23.7,102.5,Late Blight
Potato,Black,Brown,Large,No,No,Dry,17.6,88.2,Late Blight
Potato,Black,Black,Large,No,Yes,Healthy,25.2,77.0,Late Blight
Potato,Black,Black,None,No,Yes,Healthy,18.7,61.3,Late Blight
Potato,Black,Black,Large,No,Yes,Healthy,21.0,99.3,Late Blight
Potato,Black,Black,Large,No,Yes,Healthy,24.3,94.5,Late Blight
Potato,Black,Black,Large,No,Yes,Dry,20.6,98.9,Late Blight
Potato,Black,Black,Large,Yes,Yes,Healthy,22.4,83.5,Late Blight
Potato,Black,Black,Large,No,Yes,Healthy,21.9,95.1,Late Blight
Potato,Black,Black,Large,No,Yes,Healthy,22.1,78.8,Late Blight
Potato,Black,Black,Large,No,Yes,Healthy,17.2,100.2,Late Blight
Potato,Black,Black,Large,No,Yes,Dry,13.7,80.6,Late Blight
Potato,Black,Black,Large,No,Yes,Healthy,26.1,80.9,Late Blight
Potato,Black,Brown,Large,No,Yes,Healthy,16.5,100.7,Late Blight
Potato,Black,Black,Large,No,Yes,Healthy,21.6,102.8,Late Blight
Potato,Black,Black,Large,No,Yes,Healthy,21.7,85.5,Late Blight
Potato,Black,Black,Large,No,Yes,Healthy,19.0,77.6,Late Blight
Potato,Black,Black,Large,No,Yes,Healthy,26.3,80.3,Late Blight
Potato,Black,Black,Medium,No,Yes,Dry,18.4,89.9,Late Blight
Potato,Black,Black,Large,No,Yes,Healthy,22.0,100.2,Late Blight
Potato,Black,Black,Large,No,Yes,Healthy,13.6,90.0,Late Blight
Potato,Green,Black,Large,No,Yes,Healthy,19.0,89.8,Late Blight
Potato,Black,Brown,Large,No,Yes,Cracked,13.5,87.2,Late Blight
Potato,Black,Black,Small,No,Yes,Healthy,24.6,88.5,Late Blight
Potato,Black,Black,Large,No,Yes,Rotten,14.0,102.3,Late Blight
Potato,Black,Black,Large,No,Yes,Healthy,17.5,85.0,Late Blight
Potato,Black,Black,Medium,No,Yes,Healthy,16.8,96.2,Late Blight
Potato,Black,Black,Large,No,Yes,Healthy,15.1,94.4,Late Blight
Potato,White,Black,Large,No,Yes,Healthy,17.5,85.8,Late Blight
Potato,Black,None,Small,No,Yes,Healthy,20.5,102.8,Late Blight
Potato,Black,Black,Large,No,Yes,Cracked,16.0,96.5,Late Blight
Potato,Black,White,Large,No,Yes,Rotten,13.6,101.6,Late Blight
Potato,Green,Black,Large,No,Yes,Healthy,14.9,88.6,Late Blight
Potato,Black,Black,Large,No,Yes,Cracked,25.7,98.1,Late Blight
Potato,Black,None,Large,No,Yes,Healthy,25.0,81.0,Late Blight
Potato,Green,Black,Medium,No,Yes,Healthy,26.2,89.1,Late Blight
Potato,White,Black,Large,No,Yes,Healthy,13.8,101.0,Late Blight
Potato,Black,Black,Large,No,Yes,Healthy,16.4,79.9,Late Blight
Potato,Black,Black,Large,No,Yes,Healthy,16.1,92.5,Late Blight
Potato,Yellow,Black,Large,No,Yes,Healthy,14.0,99.8,Late Blight
Potato,Black,Black,Large,No,Yes,Rotten,18.1,72.1,Late Blight
Potato,Black,Black,Large,No,Yes,Healthy,26.1,80.2,Late Blight
Potato,Black,Black,Large,No,Yes,Healthy,19.6,87.1,Late Blight
Potato,Black,Black,Large,No,Yes,Healthy,25.7,29.2,Late Blight
Potato,Black,Black,Large,No,Yes,Healthy,16.1,78.2,Late Blight
Potato,Black,Black,Large,No,Yes,Healthy,15.0,91.0,Late Blight
Potato,Black,Black,Large,No,Yes,Healthy,19.0,88.7,Late Blight
Potato,Black,Black,Medium,No,Yes,Healthy,20.7,87.1,Late Blight
Potato,Black,Black,Large,No,Yes,Healthy,17.7,98.3,Late Blight
Potato,Black,Black,Small,No,Yes,Healthy,24.6,80.2,Late Blight
Potato,Black,Black,Large,No,Yes,Healthy,19.9,98.0,Late Blight
Potato,Black,Black,Large,No,Yes,Dry,23.4,98.1,Late Blight
Potato,Black,Black,Large,No,Yes,Healthy,19.0,89.0,Late Blight
Potato,Black,Black,Large,No,Yes,Healthy,24.0,96.6,Late Blight
Potato,Brown,Black,Large,No,Yes,Healthy,16.5,77.4,Late Blight
Potato,Black,White,Large,No,Yes,Healthy,20.8,85.6,Late Blight
Potato,Black,Black,Large,No,Yes,Healthy,30.9,83.5,Late Blight
Potato,Black,Black,Large,No,Yes,Healthy,22.9,102.1,Late Blight
Potato,White,Yellow,Large,No,Yes,Healthy,21.4,41.1,Late Blight
Potato,Yellow,Black,Large,No,Yes,Healthy,23.6,62.0,Late Blight
Potato,Black,Black,Large,No,Yes,Healthy,19.3,101.7,Late Blight
Potato,White,Black,Large,No,Yes,Healthy,19.5,95.5,Late Blight
Potato,Black,Black,Large,No,No,Healthy,15.9,82.5,Late Blight
Potato,Black,Black,None,No,Yes,Healthy,14.9,79.0,Late Blight
Potato,Black,Black,Large,No,Yes,Healthy,21.5,91.1,Late Blight
Potato,Black,Yellow,Large,No,Yes,Healthy,16.2,34.4,Late Blight
Potato,Black,Black,Large,No,No,Healthy,18.7,89.9,Late Blight
Potato,Black,Black,Large,No,Yes,Healthy,21.0,22.6,Late Blight
Potato,Black,Black,Large,No,Yes,Healthy,21.0,99.2,Late Blight
Potato,Black,Black,Large,No,Yes,Healthy,26.0,77.8,Late Blight
Potato,Black,Black,Large,No,Yes,Healthy,14.9,92.7,Late Blight
Potato,Black,Black,Large,No,Yes,Healthy,20.9,98.4,Late Blight
Potato,Black,Black,Large,No,Yes,Healthy,19.4,93.8,Late Blight
Potato,Black,Black,Large,No,Yes,Healthy,21.6,88.7,Late Blight
Potato,White,Brown,Large,No,Yes,Dry,24.8,81.4,Late Blight
Potato,Black,Black,Medium,No,Yes,Healthy,18.3,83.2,Late Blight
Potato,Black,Black,None,No,Yes,Dry,35.9,86.3,Late Blight
Potato,Black,Black,Large,No,Yes,Healthy,17.8,95.7,Late Blight
Potato,Black,Yellow,Large,No,Yes,Healthy,16.0,97.2,Late Blight
Potato,Brown,Black,Large,No,Yes,Healthy,23.2,91.0,Late Blight
Potato,Black,None,Large,Yes,Yes,Healthy,23.3,87.2,Late Blight
Potato,Black,Black,None,No,Yes,Healthy,17.5,86.7,Late Blight
Potato,Black,Black,Large,No,Yes,Healthy,23.9,92.2,Late Blight
Potato,Black,Black,Large,No,Yes,Cracked,25.9,89.3,Late Blight
Potato,Black,Black,Large,No,Yes,Healthy,15.1,67.4,Late Blight
Potato,Black,Black,Large,No,Yes,Healthy,14.9,86.2,Late Blight
Potato,Black,Black,Large,No,Yes,Healthy,37.2,94.3,Late Blight
Potato,Black,Black,Large,No,Yes,Healthy,16.8,80.4,Late Blight
Potato,Black,Black,Large,No,Yes,Rotten,14.9,81.7,Late Blight
Potato,Black,None,Large,No,Yes,Healthy,23.3,92.3,Late Blight
Potato,Black,Black,Large,No,Yes,Healthy,19.1,78.5,Late Blight
Potato,Black,Black,Large,No,Yes,Healthy,23.6,95.2,Late Blight
Potato,Black,Black,Large,No,Yes,Healthy,23.6,86.4,Late Blight
Potato,Black,Black,Large,No,Yes,Healthy,13.4,99.6,Late Blight
Potato,Black,Black,Small,No,Yes,Healthy,20.7,81.9,Late Blight
Potato,Black,Black,Large,No,Yes,Healthy,21.0,92.4,Late Blight
Potato,Black,Black,Large,No,Yes,Healthy,25.4,66.5,Late Blight
Potato,Black,Black,Large,No,Yes,Healthy,21.5,78.3,Late Blight
Potato,Black,Black,Large,No,Yes,Healthy,14.7,101.7,Late Blight
Potato,Black,White,Small,No,Yes,Healthy,17.7,84.3,Late Blight
Potato,Black,Black,Large,No,Yes,Healthy,25.7,77.3,Late Blight
Potato,Black,Yellow,Large,No,Yes,Healthy,16.2,99.6,Late Blight
Potato,Black,Brown,Large,No,Yes,Healthy,16.1,79.6,Late Blight
Potato,Black,Black,Large,No,Yes,Dry,18.2,101.7,Late Blight
Potato,Black,Black,Large,No,Yes,Healthy,24.9,98.0,Late Blight
Potato,Black,Black,Large,No,Yes,Healthy,20.8,33.5,Late Blight
Potato,White,Black,Large,No,Yes,Healthy,17.0,88.1,Late Blight
Potato,Black,Black,Large,No,Yes,Healthy,20.5,96.4,Late Blight
Potato,Black,Black,Large,No,Yes,Healthy,40.6,78.6,Late Blight
Potato,Black,Black,Large,No,Yes,Healthy,16.5,97.3,Late Blight
Potato,Black,Black,Medium,No,Yes,Healthy,19.9,93.8,Late Blight
Potato,Black,Black,Large,No,Yes,Healthy,18.4,91.1,Late Blight
Potato,Black,Black,None,No,Yes,Healthy,16.5,91.4,Late Blight
Potato,Black,Black,Large,No,Yes,Healthy,20.9,101.4,Late Blight
Potato,Black,Black,Large,No,Yes,Healthy,19.4,98.1,Late Blight
Potato,Black,Black,Large,No,Yes,Healthy,19.3,100.8,Late Blight
Potato,Black,Black,Large,Yes,Yes,Healthy,23.8,100.5,Late Blight
Potato,Black,Black,Large,No,Yes,Healthy,23.5,88.8,Late Blight
Potato,Black,Black,Large,No,Yes,Healthy,16.2,87.8,Late Blight
Potato,Black,White,Large,No,Yes,Healthy,31.5,85.4,Late Blight
Potato,Black,Black,Large,No,Yes,Healthy,23.4,91.2,Late Blight
Potato,Black,Black,Large,No,Yes,Healthy,21.0,35.3,Late Blight
Potato,Black,Black,Small,No,Yes,Healthy,20.9,90.9,Late Blight
Potato,Black,Black,Large,No,Yes,Healthy,23.1,101.0,Late Blight
Potato,Black,Black,Medium,No,Yes,Healthy,21.2,94.9,Late Blight
Potato,Black,Yellow,Large,No,Yes,Healthy,15.0,86.3,Late Blight
Potato,Yellow,Black,Large,No,Yes,Healthy,13.5,83.7,Late Blight
Potato,Black,Black,Large,No,Yes,Cracked,14.2,80.8,Late Blight
Potato,Black,Yellow,Large,No,No,Healthy,21.7,101.8,Late Blight
Potato,Black,Yellow,Large,No,No,Healthy,22.0,83.6,Late Blight
Potato,Black,Brown,Large,No,Yes,Healthy,14.2,92.6,Late Blight
Potato,Black,Black,Large,No,Yes,Healthy,24.8,99.3,Late Blight
Potato,Black,Black,Large,No,Yes,Healthy,17.4,88.1,Late Blight
Potato,Black,Black,Large,No,Yes,Healthy,17.1,79.0,Late Blight
Potato,Black,Black,Large,Yes,Yes,Dry,14.3,70.0,Late Blight
Potato,Black,Black,Large,No,Yes,Healthy,17.1,82.7,Late Blight
Potato,Black,Black,Large,No,Yes,Healthy,13.6,81.6,Late Blight
Potato,Black,Black,Large,Yes,Yes,Healthy,13.7,79.3,Late Blight
Potato,Black,Black,Large,No,Yes,Dry,22.7,83.5,Late Blight
Potato,Black,Black,Large,No,Yes,Healthy,14.0,86.2,Late Blight
Potato,White,Black,Large,No,Yes,Rotten,26.1,99.7,Late Blight
Potato,Yellow,Black,Large,No,Yes,Healthy,20.2,84.2,Late Blight
Potato,Black,Black,Large,No,Yes,Healthy,26.1,87.6,Late Blight
Potato,Black,Black,Large,No,Yes,Healthy,16.8,92.7,Late Blight
Potato,Black,Yellow,Large,No,No,Healthy,25.6,92.2,Late Blight
Potato,Black,Black,Large,No,Yes,Healthy,23.3,96.1,Late Blight
Potato,Brown,Brown,Large,No,Yes,Healthy,15.1,83.6,Late Blight
Potato,Black,Black,Large,No,Yes,Healthy,23.4,79.2,Late Blight
Potato,Brown,Black,Large,No,Yes,Healthy,18.7,98.8,Late Blight
Potato,Black,Black,Large,No,Yes,Healthy,20.8,82.7,Late Blight
Potato,Black,Black,Large,No,Yes,Healthy,21.2,91.0,Late Blight
Potato,Black,None,Large,No,Yes,Healthy,21.6,95.4,Late Blight
Potato,Black,Yellow,None,No,Yes,Healthy,23.9,93.2,Late Blight
Potato,Black,Black,Large,No,Yes,Healthy,15.2,77.1,Late Blight
Potato,Black,Black,None,No,Yes,Healthy,26.2,81.0,Late Blight
Potato,Black,Black,Large,No,Yes,Healthy,16.8,95.5,Late Blight
Potato,Green,Black,Large,No,Yes,Rotten,19.9,82.1,Late Blight
Potato,Black,Black,Large,No,Yes,Healthy,22.5,98.7,Late Blight
Potato,Brown,Black,Large,No,Yes,Healthy,23.0,98.1,Late Blight
Potato,Green,Black,Large,No,Yes,Healthy,26.0,87.8,Late Blight
Potato,Brown,Black,Large,No,Yes,Healthy,23.7,93.4,Late Blight
Potato,Black,Black,Large,No,Yes,Healthy,14.5,86.1,Late Blight
Potato,Black,Black,Large,No,Yes,Healthy,14.5,96.2,Late Blight
Potato,Black,Black,Large,No,Yes,Healthy,15.0,87.4,Late Blight
Potato,Black,Yellow,Large,No,Yes,Healthy,17.6,91.0,Late Blight
Potato,Black,Black,Large,No,Yes,Healthy,21.2,87.2,Late Blight
Potato,Black,Black,Large,No,Yes,Healthy,17.1,102.3,Late Blight
Potato,Yellow,Black,Large,No,Yes,Healthy,25.2,84.3,Late Blight
Potato,Black,Black,Large,No,Yes,Rotten,24.6,81.5,Late Blight
Potato,Black,Black,None,No,Yes,Cracked,14.0,94.7,Late Blight
Potato,Black,Black,Large,No,Yes,Healthy,18.4,79.5,Late Blight
Potato,Black,Black,Large,No,No,Healthy,22.0,77.8,Late Blight
Potato,Black,Black,Small,No,Yes,Healthy,25.9,86.4,Late Blight
Potato,Black,Black,Large,No,Yes,Rotten,17.3,96.4,Late Blight
Potato,Black,Black,Large,No,Yes,Healthy,24.8,81.7,Late Blight
Potato,Green,Black,Large,No,Yes,Healthy,20.5,77.4,Late Blight
Potato,Black,Black,Large,No,Yes,Healthy,18.6,78.1,Late Blight
Potato,Black,Black,Large,No,Yes,Healthy,24.4,37.3,Late Blight
Potato,Black,Black,Large,No,Yes,Rotten,18.2,77.6,Late Blight
Potato,Black,White,Large,No,Yes,Healthy,26.1,78.1,Late Blight
Potato,Black,Black,Large,Yes,Yes,Rotten,17.7,98.1,Late Blight
Potato,Black,Black,Large,No,Yes,Healthy,28.0,80.2,Late Blight
Potato,Black,Black,Large,No,Yes,Healthy,18.7,87.6,Late Blight
Potato,Brown,Black,Large,No,Yes,Healthy,13.7,102.2,Late Blight
Potato,Black,Black,Large,No,Yes,Healthy,23.4,100.4,Late Blight
Potato,Black,Black,Large,No,Yes,Healthy,13.6,88.5,Late Blight
Potato,Black,Black,Large,No,Yes,Dry,14.3,80.4,Late Blight
Potato,White,Black,Large,No,No,Healthy,16.3,94.7,Late Blight
Potato,Black,Black,Large,No,Yes,Healthy,25.6,93.6,Late Blight
Potato,Black,Black,Large,No,Yes,Healthy,15.1,83.1,Late Blight
Potato,Black,Black,Large,No,Yes,Healthy,14.1,81.8,Late Blight
Potato,Black,Black,Large,No,Yes,Healthy,21.9,91.7,Late Blight
Potato,Brown,Black,Large,No,Yes,Healthy,19.7,97.4,Late Blight
Potato,Black,Brown,Large,No,No,Healthy,15.6,87.3,Late Blight
Potato,Black,Black,Large,No,Yes,Healthy,20.5,85.8,Late Blight
Potato,Black,White,Large,No,Yes,Healthy,16.0,96.8,Late Blight
Potato,Black,Black,Large,No,Yes,Healthy,23.9,89.6,Late Blight
Potato,Black,Black,Large,No,Yes,Healthy,20.9,92.8,Late Blight
Potato,Black,Black,Large,No,Yes,Healthy,22.3,81.8,Late Blight
Potato,Black,White,Large,No,Yes,Healthy,14.5,100.1,Late Blight
Potato,Black,Black,Large,No,Yes,Healthy,29.7,86.8,Late Blight
Potato,Black,White,Large,No,Yes,Healthy,38.7,84.7,Late Blight
Potato,Black,Black,Large,No,Yes,Cracked,39.6,91.8,Late Blight
Potato,Black,Black,Large,No,Yes,Healthy,25.0,97.7,Late Blight
Potato,Black,Black,Large,No,No,Healthy,25.5,102.5,Late Blight
Potato,Black,Black,Large,No,Yes,Healthy,33.7,90.2,Late Blight
Potato,Black,Black,None,No,Yes,Healthy,18.9,99.7,Late Blight
Potato,Green,Black,Large,No,Yes,Healthy,22.7,99.9,Late Blight
Potato,Yellow,Black,Large,No,Yes,Cracked,14.5,94.8,Late Blight
Potato,Black,Black,Large,No,Yes,Healthy,17.4,98.5,Late Blight
Potato,Black,Black,Large,No,Yes,Healthy,20.3,100.6,Late Blight
Potato,Black,Black,Large,No,Yes,Dry,20.3,87.0,Late Blight
Potato,Black,Black,Large,No,No,Cracked,18.6,96.6,Late Blight
Potato,Black,White,Large,No,Yes,Healthy,15.5,87.3,Late Blight
Potato,Brown,Black,Large,No,Yes,Healthy,18.1,85.3,Late Blight
Potato,Black,Black,Large,No,Yes,Healthy,19.9,79.6,Late Blight
Potato,Black,Black,Large,No,Yes,Dry,18.9,90.8,Late Blight
Potato,Black,Black,Small,No,Yes,Healthy,16.9,97.0,Late Blight
Potato,Black,Black,Large,No,Yes,Healthy,19.0,90.3,Late Blight
Potato,Black,Black,Large,No,Yes,Healthy,25.0,84.8,Late Blight
Potato,Black,Black,Large,No,Yes,Healthy,20.5,96.1,Late Blight
Potato,White,Brown,Medium,Yes,Yes,Healthy,19.1,78.7,Late Blight
Potato,Black,Black,Large,No,Yes,Healthy,21.4,90.7,Late Blight
Potato,Black,Black,Large,No,Yes,Healthy,20.9,90.0,Late Blight
Potato,Black,Black,Large,No,Yes,Healthy,22.1,88.2,Late Blight
Potato,Black,None,Large,No,Yes,Healthy,25.3,92.6,Late Blight
Potato,Black,Black,Large,Yes,Yes,Dry,20.8,88.4,Late Blight
Potato,Black,Black,Large,No,Yes,Healthy,26.4,94.9,Late Blight
Potato,Black,Black,Large,No,No,Healthy,18.7,90.4,Late Blight
Potato,Black,Black,Large,No,Yes,Rotten,18.2,91.3,Late Blight
Potato,Black,Black,Large,No,No,Healthy,22.6,87.0,Late Blight
Potato,Black,Black,Large,No,Yes,Healthy,20.0,84.7,Late Blight
Potato,Black,Black,Large,No,Yes,Rotten,19.0,81.0,Late Blight
Banana,Yellow,None,Large,No,Yes,Rotten,26.5,85.0,Panama Wilt
Banana,Yellow,None,None,No,No,Healthy,36.3,78.2,Panama Wilt
Banana,Yellow,None,None,No,No,Rotten,34.5,84.7,Panama Wilt
Banana,Yellow,None,None,No,No,Rotten,31.4,83.3,Panama Wilt
Banana,Yellow,None,None,No,No,Rotten,25.5,56.2,Panama Wilt
Banana,Yellow,None,Large,No,No,Rotten,23.9,88.6,Panama Wilt
Banana,Yellow,Yellow,None,No,No,Rotten,36.5,52.1,Panama Wilt
Banana,Yellow,None,None,No,No,Rotten,29.8,61.2,Panama Wilt
Banana,Yellow,None,None,No,No,Rotten,32.1,77.1,Panama Wilt
Banana,Yellow,None,None,No,No,Rotten,34.7,94.4,Panama Wilt
Banana,Yellow,None,None,No,Yes,Rotten,32.1,89.8,Panama Wilt
Banana,Yellow,None,Medium,No,No,Rotten,24.7,74.2,Panama Wilt
Banana,Yellow,None,None,No,Yes,Rotten,26.2,93.4,Panama Wilt
Banana,Yellow,Yellow,None,No,No,Rotten,28.7,94.1,Panama Wilt
Banana,Yellow,None,None,No,No,Rotten,34.8,79.6,Panama Wilt
Banana,Yellow,None,None,No,No,Rotten,27.3,71.6,Panama Wilt
Banana,Yellow,None,None,No,No,Rotten,27.4,56.3,Panama Wilt
Banana,Yellow,None,None,No,No,Rotten,31.1,74.9,Panama Wilt
Banana,Brown,None,Medium,No,No,Rotten,30.8,84.5,Panama Wilt
Banana,Yellow,None,None,No,No,Rotten,27.4,70.2,Panama Wilt
Banana,Brown,None,None,No,No,Rotten,35.8,91.0,Panama Wilt
Banana,White,None,None,No,No,Rotten,27.2,58.7,Panama Wilt
Banana,Yellow,Black,None,No,No,Rotten,25.7,75.5,Panama Wilt
Banana,Yellow,None,None,No,No,Rotten,32.2,70.6,Panama Wilt
Banana,Yellow,None,None,No,No,Rotten,25.2,87.1,Panama Wilt
Banana,Yellow,None,None,No,No,Rotten,34.6,78.1,Panama Wilt
Banana,Yellow,None,None,No,No,Rotten,29.5,78.9,Panama Wilt
Banana,Yellow,None,None,No,No,Rotten,35.4,92.6,Panama Wilt
Banana,Black,None,None,No,No,Rotten,36.4,83.8,Panama Wilt
Banana,Yellow,None,None,No,No,Rotten,27.8,80.3,Panama Wilt
Banana,Yellow,None,None,No,No,Rotten,27.5,70.9,Panama Wilt
Banana,Yellow,White,Medium,No,No,Rotten,25.2,64.0,Panama Wilt
Banana,Yellow,None,None,Yes,No,Rotten,29.8,72.6,Panama Wilt
Banana,Brown,None,Medium,No,No,Rotten,33.9,68.9,Panama Wilt
Banana,Yellow,None,None,No,No,Rotten,30.4,76.4,Panama Wilt
Banana,Yellow,None,None,No,No,Rotten,24.6,82.3,Panama Wilt
Banana,Yellow,None,None,No,No,Rotten,31.2,67.9,Panama Wilt
Banana,Yellow,None,None,No,No,Rotten,24.7,63.1,Panama Wilt
Banana,Yellow,None,None,No,No,Rotten,31.1,68.2,Panama Wilt
Banana,Yellow,None,None,No,No,Rotten,30.6,76.9,Panama Wilt
Banana,Yellow,None,None,No,No,Rotten,28.8,76.9,Panama Wilt
Banana,Yellow,None,Medium,No,No,Rotten,32.7,35.6,Panama Wilt
Banana,Yellow,None,None,No,No,Rotten,25.7,84.4,Panama Wilt
Banana,Yellow,Yellow,None,No,No,Rotten,30.9,56.2,Panama Wilt
Banana,Yellow,None,None,No,No,Rotten,36.4,64.6,Panama Wilt
Banana,Yellow,None,None,No,No,Rotten,31.5,57.3,Panama Wilt
Banana,Yellow,None,None,No,No,Rotten,25.9,70.3,Panama Wilt
Banana,Yellow,None,None,No,No,Rotten,25.1,67.4,Panama Wilt
Banana,Yellow,None,None,No,No,Rotten,29.1,65.9,Panama Wilt
Banana,Yellow,None,None,No,No,Rotten,34.8,65.0,Panama Wilt
Banana,Yellow,None,Medium,No,No,Rotten,27.8,62.4,Panama Wilt
Banana,Yellow,None,None,No,No,Rotten,26.7,80.4,Panama Wilt
Banana,Black,None,None,No,No,Rotten,32.6,61.7,Panama Wilt
Banana,Yellow,None,None,No,No,Cracked,32.5,91.6,Panama Wilt
Banana,Yellow,None,Large,No,No,Rotten,29.9,78.6,Panama Wilt
Banana,Yellow,None,None,No,No,Rotten,32.1,71.5,Panama Wilt
Banana,White,None,None,No,No,Rotten,30.9,78.5,Panama Wilt
Banana,Yellow,None,None,No,No,Rotten,30.0,59.5,Panama Wilt
Banana,Yellow,None,None,No,No,Rotten,28.4,73.9,Panama Wilt
Banana,Yellow,None,Medium,No,No,Rotten,32.8,77.2,Panama Wilt
Banana,White,Brown,None,No,No,Rotten,33.7,72.7,Panama Wilt
Banana,White,None,None,No,No,Rotten,35.4,63.0,Panama Wilt
Banana,Yellow,Black,None,No,No,Healthy,34.5,58.6,Panama Wilt
Banana,Yellow,None,None,No,No,Rotten,28.9,90.2,Panama Wilt
Banana,Yellow,None,None,No,No,Rotten,25.0,85.8,Panama Wilt
Banana,Yellow,None,None,No,No,Rotten,29.7,81.5,Panama Wilt
Banana,Black,None,None,No,No,Rotten,33.9,65.8,Panama Wilt
Banana,Yellow,None,None,No,No,Rotten,27.2,81.0,Panama Wilt
Banana,Yellow,None,None,No,No,Rotten,30.8,89.9,Panama Wilt
Banana,Brown,None,None,No,No,Rotten,35.9,85.5,Panama Wilt
Banana,White,None,Large,No,No,Rotten,32.5,77.6,Panama Wilt
Banana,Green,None,None,No,No,Rotten,34.6,90.0,Panama Wilt
Banana,Yellow,None,None,No,No,Dry,41.1,81.6,Panama Wilt
Banana,Yellow,White,Medium,No,No,Rotten,27.6,90.9,Panama Wilt
Banana,Black,None,Large,No,No,Rotten,31.4,64.8,Panama Wilt
Banana,Yellow,None,Small,No,No,Rotten,26.7,61.4,Panama Wilt
Banana,Yellow,None,Small,No,No,Rotten,36.1,62.7,Panama Wilt
Banana,Yellow,White,None,No,No,Rotten,24.5,60.9,Panama Wilt
Banana,Yellow,Brown,None,No,No,Rotten,35.4,69.5,Panama Wilt
Banana,Yellow,None,None,No,No,Cracked,33.0,72.4,Panama Wilt
Banana,Yellow,None,None,No,No,Rotten,31.8,58.9,Panama Wilt
Banana,Yellow,None,Large,No,Yes,Dry,32.1,58.7,Panama Wilt
Banana,Green,White,None,No,No,Healthy,24.0,82.8,Panama Wilt
Banana,Yellow,None,Small,No,No,Rotten,23.0,76.4,Panama Wilt
Banana,Yellow,None,Medium,No,No,Rotten,18.9,61.5,Panama Wilt
Banana,Yellow,None,None,Yes,No,Rotten,33.3,66.0,Panama Wilt
Banana,Yellow,None,None,No,No,Rotten,35.8,67.8,Panama Wilt
Banana,Yellow,Yellow,Large,No,No,Healthy,33.8,72.5,Panama Wilt
Banana,Brown,None,None,No,No,Rotten,34.6,56.4,Panama Wilt
Banana,Yellow,None,None,No,No,Rotten,30.1,90.8,Panama Wilt
Banana,Yellow,None,None,No,No,Rotten,25.8,80.5,Panama Wilt
Banana,Yellow,Yellow,None,No,No,Rotten,26.5,77.3,Panama Wilt
Banana,Yellow,None,None,No,No,Rotten,34.2,71.2,Panama Wilt
Banana,Green,Yellow,None,No,No,Rotten,32.6,56.3,Panama Wilt
Banana,Yellow,None,None,No,No,Rotten,12.1,46.5,Panama Wilt
Banana,Yellow,None,None,No,No,Rotten,25.4,71.7,Panama Wilt
Banana,Yellow,Black,None,No,No,Rotten,27.1,74.2,Panama Wilt
Banana,Yellow,Brown,None,No,No,Rotten,19.0,89.7,Panama Wilt
Banana,Yellow,Yellow,None,No,No,Rotten,29.4,60.4,Panama Wilt
Banana,Yellow,None,None,No,No,Rotten,35.9,91.7,Panama Wilt
Banana,Yellow,None,None,No,No,Rotten,33.4,64.1,Panama Wilt
Banana,White,None,None,No,No,Rotten,35.5,21.6,Panama Wilt
Banana,Yellow,None,None,No,Yes,Rotten,27.3,61.6,Panama Wilt
Banana,Green,None,Medium,No,No,Rotten,31.2,90.6,Panama Wilt
Banana,Green,None,None,No,No,Rotten,31.1,75.0,Panama Wilt
Banana,Yellow,None,None,No,No,Rotten,26.6,65.0,Panama Wilt
Banana,Yellow,None,None,No,No,Rotten,31.9,72.3,Panama Wilt
Banana,Yellow,None,None,No,No,Rotten,24.4,78.9,Panama Wilt
Banana,Yellow,None,None,No,No,Rotten,26.3,84.5,Panama Wilt
Banana,Yellow,Black,None,No,No,Rotten,29.2,79.2,Panama Wilt
Banana,Yellow,None,None,Yes,No,Rotten,36.2,72.2,Panama Wilt
Banana,Yellow,None,None,No,No,Rotten,31.0,77.1,Panama Wilt
Banana,Yellow,None,None,No,No,Rotten,26.7,81.8,Panama Wilt
Banana,Yellow,None,Large,No,No,Rotten,26.7,61.4,Panama Wilt
Banana,Yellow,None,None,No,No,Rotten,30.2,71.6,Panama Wilt
Banana,Yellow,Brown,None,No,No,Rotten,29.4,68.6,Panama Wilt
Banana,Yellow,None,Medium,No,No,Rotten,32.1,75.1,Panama Wilt
Banana,Yellow,None,None,No,No,Rotten,32.4,71.6,Panama Wilt
Banana,Yellow,None,None,No,No,Dry,34.8,87.3,Panama Wilt
Banana,Yellow,Brown,None,No,No,Rotten,24.3,61.1,Panama Wilt
Banana,Yellow,None,None,No,No,Rotten,33.3,79.4,Panama Wilt
Banana,Yellow,None,None,No,No,Rotten,23.0,87.9,Panama Wilt
Banana,Yellow,None,None,No,No,Rotten,27.8,53.7,Panama Wilt
Banana,Yellow,Brown,None,No,No,Dry,27.7,56.3,Panama Wilt
Banana,Yellow,None,None,No,No,Rotten,35.2,62.8,Panama Wilt
Banana,Yellow,None,None,No,No,Rotten,30.9,89.0,Panama Wilt
Banana,Yellow,None,None,No,No,Dry,25.2,66.9,Panama Wilt
Banana,Yellow,None,None,No,No,Rotten,27.6,83.5,Panama Wilt
Banana,Yellow,None,None,No,No,Dry,33.7,25.4,Panama Wilt
Banana,White,None,Small,No,No,Rotten,30.0,66.0,Panama Wilt
Banana,Yellow,None,None,No,No,Rotten,23.8,86.3,Panama Wilt
Banana,White,None,None,No,No,Rotten,34.6,80.5,Panama Wilt
Banana,Yellow,Yellow,Medium,No,No,Healthy,34.3,59.9,Panama Wilt
Banana,Yellow,None,None,No,No,Rotten,24.5,90.6,Panama Wilt
Banana,Yellow,None,None,No,No,Rotten,31.8,57.9,Panama Wilt
Banana,Yellow,None,None,No,No,Rotten,30.3,81.0,Panama Wilt
Banana,Yellow,None,None,No,No,Healthy,24.8,71.2,Panama Wilt
Banana,White,None,None,No,No,Rotten,25.5,73.5,Panama Wilt
Banana,Yellow,None,None,No,No,Rotten,24.9,75.6,Panama Wilt
Banana,Yellow,None,Medium,No,No,Rotten,28.1,84.2,Panama Wilt
Banana,Yellow,None,None,No,No,Rotten,28.4,65.5,Panama Wilt
Banana,Yellow,None,None,No,No,Rotten,31.0,78.6,Panama Wilt
Banana,Black,None,None,No,No,Rotten,30.8,58.1,Panama Wilt
Banana,Yellow,None,None,No,No,Rotten,23.6,86.3,Panama Wilt
Banana,Yellow,None,None,Yes,No,Rotten,27.6,80.4,Panama Wilt
Banana,Yellow,None,None,No,No,Rotten,33.9,73.7,Panama Wilt
Banana,Yellow,None,None,No,No,Rotten,26.4,89.2,Panama Wilt
Banana,Yellow,None,None,No,No,Rotten,27.6,82.5,Panama Wilt
Banana,Yellow,None,None,No,No,Rotten,34.3,83.4,Panama Wilt
Banana,Black,Yellow,None,No,No,Rotten,32.5,72.9,Panama Wilt
Banana,Yellow,None,None,No,No,Rotten,29.1,85.6,Panama Wilt
Banana,Yellow,Black,Large,No,No,Rotten,33.6,56.1,Panama Wilt
Banana,Yellow,None,None,No,No,Rotten,31.6,92.8,Panama Wilt
Banana,Yellow,None,None,Yes,No,Rotten,32.5,29.1,Panama Wilt
Banana,Yellow,None,None,No,No,Rotten,24.1,71.0,Panama Wilt
Banana,Yellow,Brown,None,No,No,Rotten,26.9,73.8,Panama Wilt
Banana,Yellow,None,None,No,Yes,Cracked,35.1,78.9,Panama Wilt
Banana,Green,White,None,No,No,Rotten,34.6,82.0,Panama Wilt
Banana,White,White,None,No,No,Rotten,33.6,61.0,Panama Wilt
Banana,Yellow,None,None,No,No,Rotten,34.9,81.8,Panama Wilt
Banana,Yellow,None,Small,No,No,Rotten,23.8,85.4,Panama Wilt
Banana,Black,None,None,No,No,Rotten,26.1,64.6,Panama Wilt
Banana,Yellow,None,None,No,No,Rotten,32.9,78.5,Panama Wilt
Banana,Brown,None,None,No,No,Rotten,34.2,93.2,Panama Wilt
Banana,Yellow,None,None,No,No,Healthy,18.4,84.3,Panama Wilt
Banana,Yellow,None,None,Yes,No,Dry,30.2,87.1,Panama Wilt
Banana,Yellow,None,None,No,No,Rotten,33.5,88.5,Panama Wilt
Banana,White,None,None,No,No,Dry,33.6,65.0,Panama Wilt
Banana,Yellow,None,None,No,No,Rotten,25.3,72.0,Panama Wilt
Banana,Yellow,None,None,Yes,Yes,Rotten,29.7,89.3,Panama Wilt
Banana,Yellow,None,None,No,No,Rotten,33.3,81.5,Panama Wilt
Banana,Yellow,None,None,No,Yes,Rotten,29.1,72.8,Panama Wilt
Banana,Green,None,None,No,No,Rotten,30.7,80.5,Panama Wilt
Banana,Yellow,White,None,No,No,Dry,25.3,68.8,Panama Wilt
Banana,Brown,None,None,Yes,No,Rotten,36.0,76.3,Panama Wilt
Banana,Brown,Black,None,No,No,Rotten,26.0,58.2,Panama Wilt
Banana,Yellow,None,None,No,No,Rotten,34.4,72.1,Panama Wilt
Banana,Yellow,Brown,None,No,No,Rotten,30.3,72.9,Panama Wilt
Banana,Yellow,None,None,No,No,Rotten,24.8,71.5,Panama Wilt
Banana,Yellow,None,None,No,No,Rotten,32.1,78.9,Panama Wilt
Banana,Yellow,Black,None,Yes,No,Rotten,25.7,57.1,Panama Wilt
Banana,Yellow,Black,None,No,No,Rotten,31.0,69.7,Panama Wilt
Banana,Black,None,None,No,No,Rotten,27.1,70.8,Panama Wilt
Banana,Yellow,None,None,Yes,No,Rotten,31.9,65.4,Panama Wilt
Banana,Yellow,Black,None,No,No,Rotten,32.2,89.5,Panama Wilt
Banana,Yellow,None,None,No,No,Rotten,26.3,93.7,Panama Wilt
Banana,Black,None,None,No,No,Rotten,35.5,90.6,Panama Wilt
Banana,Yellow,None,None,No,No,Rotten,26.7,93.5,Panama Wilt
Banana,Yellow,None,None,No,No,Rotten,15.6,94.3,Panama Wilt
Banana,Yellow,None,Medium,No,No,Rotten,30.9,82.7,Panama Wilt
Banana,Yellow,None,None,No,No,Rotten,31.7,82.2,Panama Wilt
Banana,Yellow,None,None,No,No,Dry,32.5,80.3,Panama Wilt
Banana,Yellow,None,Medium,No,No,Rotten,33.5,82.3,Panama Wilt
Banana,Yellow,White,None,Yes,No,Rotten,24.8,61.0,Panama Wilt
Banana,Yellow,None,None,No,No,Rotten,32.3,90.8,Panama Wilt
Banana,Yellow,None,None,No,No,Rotten,28.0,68.8,Panama Wilt
Banana,Yellow,None,None,No,No,Rotten,24.5,81.5,Panama Wilt
Banana,Yellow,None,None,No,No,Rotten,25.3,62.8,Panama Wilt
Banana,Yellow,None,None,No,No,Rotten,34.3,70.1,Panama Wilt
Banana,Yellow,None,None,No,No,Rotten,26.8,60.1,Panama Wilt
Banana,Yellow,None,None,No,Yes,Rotten,34.3,64.9,Panama Wilt
Banana,Yellow,White,None,No,No,Rotten,32.8,83.6,Panama Wilt
Banana,White,Black,None,No,No,Rotten,33.4,66.4,Panama Wilt
Banana,Yellow,None,None,No,No,Rotten,25.5,61.2,Panama Wilt
Banana,Yellow,None,None,No,No,Rotten,26.7,60.7,Panama Wilt
Banana,Yellow,None,None,Yes,No,Rotten,33.2,80.0,Panama Wilt
Banana,Yellow,None,None,No,No,Rotten,35.0,82.2,Panama Wilt
Banana,Yellow,None,None,No,No,Healthy,31.1,92.5,Panama Wilt
Banana,Yellow,None,Small,No,No,Rotten,34.4,61.0,Panama Wilt
Banana,Yellow,None,None,No,No,Rotten,30.9,58.4,Panama Wilt
Banana,Yellow,None,None,No,No,Rotten,29.4,55.5,Panama Wilt
Banana,Yellow,None,None,No,No,Dry,27.6,82.1,Panama Wilt
Banana,Yellow,None,None,No,No,Rotten,31.8,89.8,Panama Wilt
Banana,Yellow,None,None,No,No,Rotten,33.7,86.3,Panama Wilt
Banana,Yellow,None,None,No,No,Rotten,38.4,75.2,Panama Wilt
Banana,Yellow,None,None,No,No,Rotten,27.2,57.8,Panama Wilt
Banana,Yellow,None,None,No,No,Rotten,33.5,84.4,Panama Wilt
Banana,Yellow,None,Large,No,No,Rotten,23.6,76.5,Panama Wilt
Banana,Yellow,None,None,No,No,Rotten,32.7,80.8,Panama Wilt
Banana,Yellow,None,None,No,No,Rotten,29.7,55.8,Panama Wilt
Banana,Yellow,None,None,No,No,Rotten,25.8,73.4,Panama Wilt
Banana,Yellow,None,Small,No,No,Rotten,26.9,69.7,Panama Wilt
Banana,Yellow,None,None,No,No,Rotten,29.3,82.2,Panama Wilt
Banana,Yellow,None,None,No,No,Rotten,25.2,71.2,Panama Wilt
Banana,Yellow,None,None,No,No,Cracked,30.6,88.7,Panama Wilt
Banana,Yellow,None,None,No,No,Rotten,36.0,67.3,Panama Wilt
Banana,Yellow,None,None,No,No,Cracked,29.4,85.9,Panama Wilt
Banana,Yellow,None,None,No,No,Rotten,26.2,40.0,Panama Wilt
Banana,Yellow,None,None,No,No,Rotten,30.7,63.3,Panama Wilt
Banana,Yellow,None,None,No,No,Cracked,33.5,78.0,Panama Wilt
Banana,Yellow,None,None,No,No,Rotten,27.8,64.2,Panama Wilt
Banana,Yellow,None,None,No,Yes,Rotten,25.2,61.6,Panama Wilt
Banana,Yellow,Yellow,None,No,No,Rotten,34.5,74.2,Panama Wilt
Banana,Yellow,None,None,No,No,Dry,15.2,79.8,Panama Wilt
Banana,Green,None,None,No,No,Dry,30.2,59.2,Panama Wilt
Banana,Yellow,None,Medium,No,No,Rotten,28.8,65.0,Panama Wilt
Banana,Yellow,None,None,No,No,Healthy,34.8,71.7,Panama Wilt
Banana,Yellow,None,None,Yes,No,Rotten,28.6,81.1,Panama Wilt
Banana,Yellow,None,None,No,No,Rotten,25.7,70.7,Panama Wilt
Banana,Yellow,None,None,No,No,Rotten,32.1,84.9,Panama Wilt
Banana,White,Yellow,None,No,No,Rotten,30.0,68.8,Panama Wilt
Banana,Yellow,None,None,No,No,Rotten,33.0,79.0,Panama Wilt
Banana,Brown,White,None,No,No,Rotten,25.9,77.2,Panama Wilt
Banana,Yellow,None,Medium,No,No,Rotten,24.0,82.7,Panama Wilt
Banana,Yellow,None,None,No,No,Rotten,34.7,79.0,Panama Wilt
Banana,Yellow,None,None,No,No,Rotten,32.1,69.6,Panama Wilt
Banana,Yellow,None,None,No,No,Rotten,25.8,59.7,Panama Wilt
Banana,Yellow,None,None,No,No,Rotten,34.9,63.9,Panama Wilt
Banana,Yellow,None,Medium,No,No,Rotten,36.2,83.0,Panama Wilt
Banana,Yellow,None,None,No,No,Rotten,34.0,57.9,Panama Wilt
Banana,Brown,None,None,No,No,Rotten,27.5,66.0,Panama Wilt
Banana,Yellow,None,None,No,No,Rotten,33.3,55.8,Panama Wilt
Banana,Yellow,None,None,No,No,Rotten,35.7,94.1,Panama Wilt
Banana,Yellow,None,None,No,No,Rotten,24.0,67.6,Panama Wilt
Banana,Yellow,None,None,No,No,Rotten,24.5,36.0,Panama Wilt
Banana,Yellow,Yellow,None,No,No,Rotten,25.8,74.2,Panama Wilt
Banana,Yellow,None,None,No,No,Rotten,28.5,77.7,Panama Wilt
Banana,Yellow,None,None,No,No,Rotten,25.1,81.0,Panama Wilt
Banana,Yellow,None,None,Yes,No,Rotten,27.4,75.7,Panama Wilt
Banana,Yellow,None,None,No,No,Rotten,33.0,75.3,Panama Wilt
Banana,Yellow,Brown,Medium,No,No,Healthy,28.0,73.0,Panama Wilt
Banana,Yellow,None,None,No,No,Rotten,26.7,72.1,Panama Wilt
Banana,Yellow,None,None,No,No,Rotten,24.1,73.4,Panama Wilt
Banana,Yellow,None,None,Yes,No,Rotten,29.4,91.9,Panama Wilt
Banana,Yellow,None,Large,No,No,Rotten,31.0,73.3,Panama Wilt
Banana,Yellow,White,None,No,No,Rotten,34.3,58.7,Panama Wilt
Banana,Yellow,None,None,No,No,Rotten,33.0,55.5,Panama Wilt
Banana,Black,None,None,Yes,No,Dry,26.2,82.6,Panama Wilt
Banana,Yellow,None,None,No,No,Rotten,33.7,71.4,Panama Wilt
Banana,Yellow,None,None,No,No,Rotten,25.8,77.4,Panama Wilt
Banana,Yellow,White,None,No,No,Rotten,25.2,57.7,Panama Wilt
Banana,Yellow,None,None,No,No,Rotten,30.2,86.3,Panama Wilt
Banana,Yellow,None,None,No,No,Rotten,24.2,70.5,Panama Wilt
Banana,Yellow,None,None,No,No,Cracked,28.4,68.5,Panama Wilt
Banana,Yellow,None,Large,No,No,Rotten,29.5,37.3,Panama Wilt
Banana,Yellow,None,None,No,No,Rotten,31.7,65.6,Panama Wilt
Banana,Green,None,None,No,No,Rotten,26.4,72.7,Panama Wilt
Banana,Black,None,None,No,No,Rotten,28.1,73.5,Panama Wilt
Banana,Yellow,None,Medium,No,No,Rotten,35.2,77.1,Panama Wilt
Banana,Yellow,None,None,No,No,Rotten,35.7,88.2,Panama Wilt
Banana,Yellow,None,Large,No,No,Rotten,29.7,73.7,Panama Wilt
Banana,Yellow,None,None,No,No,Rotten,29.3,63.3,Panama Wilt
Banana,Yellow,None,None,No,No,Rotten,31.9,57.3,Panama Wilt
Banana,Yellow,None,None,No,No,Rotten,26.9,65.0,Panama Wilt
Banana,Yellow,None,Medium,No,No,Rotten,28.9,93.9,Panama Wilt
Banana,Brown,None,None,No,No,Rotten,24.5,57.8,Panama Wilt
Banana,Yellow,Yellow,None,Yes,No,Rotten,33.1,88.0,Panama Wilt
Banana,Yellow,None,None,No,No,Rotten,33.0,73.8,Panama Wilt
Banana,Yellow,Yellow,None,No,No,Rotten,31.1,71.1,Panama Wilt
Banana,Yellow,None,None,No,No,Rotten,30.5,78.4,Panama Wilt
Banana,Yellow,None,None,No,No,Rotten,30.0,90.9,Panama Wilt
Banana,Yellow,None,None,No,No,Rotten,26.3,58.8,Panama Wilt
Banana,Green,None,None,No,No,Rotten,30.0,62.0,Panama Wilt
Banana,Green,None,None,No,No,Rotten,35.4,64.3,Panama Wilt
Banana,Yellow,None,None,No,No,Rotten,35.5,89.2,Panama Wilt
Banana,Yellow,None,None,No,No,Rotten,30.2,63.1,Panama Wilt
Banana,Yellow,None,None,No,No,Rotten,30.5,80.4,Panama Wilt
Banana,White,Black,None,No,No,Rotten,32.7,81.9,Panama Wilt
Banana,White,None,None,No,No,Rotten,28.0,79.7,Panama Wilt
Banana,Yellow,Brown,None,No,No,Rotten,24.0,57.7,Panama Wilt
Banana,Yellow,None,None,No,No,Rotten,25.5,82.4,Panama Wilt
Banana,Yellow,None,None,No,No,Rotten,24.3,67.8,Panama Wilt
Banana,Yellow,None,None,No,No,Rotten,31.8,69.6,Panama Wilt
Banana,Black,None,None,No,No,Rotten,24.6,83.3,Panama Wilt
Banana,Yellow,None,None,No,No,Rotten,33.1,83.1,Panama Wilt
Banana,Yellow,None,None,No,No,Rotten,25.3,92.1,Panama Wilt
Banana,Yellow,None,None,No,No,Rotten,24.8,71.9,Panama Wilt
Banana,Yellow,None,None,No,No,Rotten,34.4,82.9,Panama Wilt
Banana,Yellow,None,None,No,No,Rotten,35.5,61.4,Panama Wilt
Banana,Yellow,None,None,No,No,Rotten,28.5,61.2,Panama Wilt
Banana,Yellow,None,None,No,No,Rotten,25.3,86.7,Panama Wilt
Banana,Brown,None,None,No,No,Rotten,25.6,56.7,Panama Wilt
Banana,Yellow,None,None,No,No,Rotten,29.5,60.3,Panama Wilt
Banana,Yellow,None,Medium,No,No,Rotten,22.2,75.6,Panama Wilt
Banana,Brown,None,None,No,No,Rotten,35.0,65.8,Panama Wilt
Banana,Yellow,None,Medium,No,No,Rotten,33.0,75.2,Panama Wilt
Banana,Yellow,Black,None,No,No,Rotten,26.4,77.3,Panama Wilt
Banana,Green,None,None,No,No,Rotten,36.0,71.8,Panama Wilt
Banana,Green,None,None,No,No,Rotten,27.1,87.9,Panama Wilt
Banana,Yellow,None,None,No,Yes,Rotten,33.4,84.0,Panama Wilt
Banana,Yellow,Brown,None,No,No,Rotten,31.2,84.9,Panama Wilt
Banana,Brown,None,None,No,No,Rotten,24.7,84.2,Panama Wilt
Banana,Yellow,None,Medium,No,No,Rotten,26.8,75.4,Panama Wilt
Banana,Yellow,Yellow,None,No,No,Rotten,25.7,85.7,Panama Wilt
Banana,Yellow,None,None,Yes,No,Rotten,26.7,63.7,Panama Wilt
Banana,Yellow,None,Medium,No,No,Rotten,29.9,56.2,Panama Wilt
Banana,Yellow,Black,None,No,No,Rotten,25.4,64.5,Panama Wilt
Banana,Yellow,None,None,No,No,Rotten,27.1,83.1,Panama Wilt
Banana,Yellow,None,None,No,No,Rotten,29.1,68.1,Panama Wilt
Banana,Yellow,Yellow,None,No,No,Healthy,28.1,67.9,Panama Wilt
Banana,Yellow,None,Large,No,No,Rotten,35.4,57.4,Panama Wilt
Banana,Yellow,None,None,No,No,Rotten,33.1,77.9,Panama Wilt
Banana,Yellow,None,None,No,No,Rotten,32.1,62.0,Panama Wilt
Banana,White,None,Medium,No,No,Rotten,10.3,75.2,Panama Wilt
Banana,Yellow,None,None,No,No,Rotten,33.8,76.1,Panama Wilt
Banana,Black,None,None,No,No,Rotten,25.5,70.8,Panama Wilt
Banana,Yellow,None,None,No,Yes,Rotten,28.6,82.7,Panama Wilt
Banana,Yellow,Black,Small,No,No,Rotten,31.6,82.1,Panama Wilt
Banana,Yellow,None,None,Yes,No,Rotten,29.4,89.6,Panama Wilt
Banana,Yellow,None,None,No,No,Rotten,28.0,84.7,Panama Wilt
Banana,Yellow,None,None,No,No,Rotten,24.3,74.3,Panama Wilt
Banana,Yellow,None,None,No,No,Rotten,32.2,72.2,Panama Wilt
Banana,Yellow,None,None,No,No,Rotten,27.0,72.9,Panama Wilt
Banana,Yellow,None,None,No,No,Rotten,33.8,63.7,Panama Wilt
Banana,Green,None,Small,No,No,Rotten,28.6,61.0,Panama Wilt
Banana,Yellow,Black,None,No,No,Rotten,31.2,73.7,Panama Wilt
Banana,Yellow,None,None,Yes,Yes,Rotten,26.9,81.4,Panama Wilt
Banana,Yellow,None,None,No,No,Rotten,24.9,68.9,Panama Wilt
Banana,Brown,None,Medium,No,No,Rotten,32.1,61.4,Panama Wilt
Banana,Yellow,Yellow,None,No,No,Rotten,28.2,75.1,Panama Wilt
Banana,Brown,None,None,No,No,Rotten,28.8,64.8,Panama Wilt
Banana,White,None,None,No,No,Rotten,36.5,72.8,Panama Wilt
Banana,Yellow,None,Medium,No,No,Rotten,30.7,83.3,Panama Wilt
Banana,Yellow,None,None,No,No,Rotten,23.8,56.8,Panama Wilt
Banana,Yellow,None,Medium,No,No,Rotten,30.9,80.7,Panama Wilt
Banana,Yellow,None,Large,No,No,Rotten,24.9,86.6,Panama Wilt
Banana,Yellow,None,None,No,No,Rotten,26.1,72.2,Panama Wilt
Banana,Yellow,None,Small,No,No,Rotten,25.2,76.5,Panama Wilt
Banana,Yellow,None,None,No,Yes,Rotten,31.3,91.0,Panama Wilt
Banana,Yellow,None,None,No,No,Healthy,33.5,77.6,Panama Wilt
Banana,Yellow,None,Small,No,No,Rotten,32.1,91.2,Panama Wilt
Banana,Black,None,None,No,No,Rotten,34.5,62.6,Panama Wilt
Banana,Yellow,Brown,None,No,No,Cracked,28.6,92.1,Panama Wilt
Banana,Yellow,Black,None,No,No,Rotten,24.6,59.7,Panama Wilt
Banana,Yellow,None,None,No,No,Rotten,27.6,93.1,Panama Wilt
Banana,Yellow,None,None,No,No,Rotten,30.3,86.6,Panama Wilt
Banana,Yellow,None,None,No,No,Rotten,27.7,68.7,Panama Wilt
Banana,Brown,None,None,No,No,Rotten,33.6,76.4,Panama Wilt
Banana,Yellow,None,None,No,No,Rotten,26.7,27.8,Panama Wilt
Banana,Yellow,None,Large,No,No,Rotten,34.9,70.9,Panama Wilt
Banana,Yellow,None,None,No,Yes,Rotten,28.4,84.4,Panama Wilt
Banana,Yellow,None,None,No,No,Rotten,27.2,75.9,Panama Wilt
Banana,Yellow,None,None,No,No,Rotten,28.5,67.1,Panama Wilt
Banana,Yellow,None,None,No,No,Rotten,35.3,82.8,Panama Wilt
Banana,Yellow,White,None,No,No,Healthy,23.7,67.1,Panama Wilt
Banana,Black,None,None,No,No,Rotten,25.9,94.2,Panama Wilt
Banana,Black,None,None,No,No,Healthy,31.8,71.0,Panama Wilt
Banana,Yellow,Yellow,None,No,No,Rotten,30.7,75.4,Panama Wilt
Banana,Yellow,None,None,Yes,No,Rotten,30.0,67.1,Panama Wilt
Banana,Yellow,None,None,No,No,Rotten,27.9,65.4,Panama Wilt
Banana,White,None,None,No,No,Rotten,30.6,62.9,Panama Wilt
Banana,Green,None,None,No,Yes,Rotten,34.7,73.2,Panama Wilt
Banana,Brown,None,None,No,No,Rotten,26.8,91.9,Panama Wilt
Banana,Yellow,White,None,No,No,Rotten,26.6,70.5,Panama Wilt
Banana,Yellow,None,None,No,No,Rotten,27.1,67.6,Panama Wilt
Banana,Yellow,None,None,No,No,Cracked,24.5,38.1,Panama Wilt
Banana,Yellow,None,None,No,No,Rotten,35.1,65.8,Panama Wilt
Banana,Brown,None,None,No,No,Dry,34.5,76.6,Panama Wilt
Banana,Green,None,None,Yes,No,Dry,34.1,83.5,Panama Wilt
Banana,Yellow,None,None,No,No,Rotten,27.3,84.5,Panama Wilt
Banana,Yellow,None,None,No,No,Rotten,27.9,92.3,Panama Wilt
Banana,Yellow,White,None,No,Yes,Rotten,28.9,88.4,Panama Wilt
Banana,Yellow,None,None,No,No,Rotten,33.5,72.8,Panama Wilt
Banana,Yellow,None,None,No,No,Rotten,25.4,64.2,Panama Wilt
Banana,Yellow,None,None,No,No,Rotten,36.3,60.3,Panama Wilt
Banana,Yellow,None,None,No,No,Rotten,26.0,92.2,Panama Wilt
Banana,Yellow,Brown,None,No,No,Rotten,32.7,56.6,Panama Wilt
Banana,Yellow,None,None,No,No,Rotten,26.0,72.6,Panama Wilt
Banana,White,None,None,No,No,Rotten,23.9,70.4,Panama Wilt
Banana,Yellow,None,None,No,No,Rotten,36.0,80.1,Panama Wilt
Apple,Brown,Brown,Small,No,Yes,Healthy,17.7,103.5,Apple Scab
Apple,Green,Brown,Small,No,Yes,Healthy,21.8,82.9,Apple Scab
Apple,Green,Brown,Small,No,No,Healthy,25.2,89.7,Apple Scab
Apple,Black,Brown,Small,No,No,Healthy,24.0,87.6,Apple Scab
Apple,Green,Brown,Small,No,No,Healthy,20.9,96.6,Apple Scab
Apple,Green,Brown,Small,No,No,Healthy,23.4,86.6,Apple Scab
Apple,Green,Brown,Small,No,No,Healthy,15.5,66.3,Apple Scab
Apple,Green,Brown,Large,No,No,Healthy,18.7,86.2,Apple Scab
Apple,Green,Brown,Small,No,No,Healthy,23.1,95.9,Apple Scab
Apple,Green,Brown,Small,No,No,Rotten,14.2,86.3,Apple Scab
Apple,Green,Brown,Small,No,No,Rotten,25.2,92.4,Apple Scab
Apple,Green,Brown,Small,No,No,Healthy,16.5,81.2,Apple Scab
Apple,Yellow,Brown,Small,No,No,Healthy,22.9,87.6,Apple Scab
Apple,Green,Brown,Small,No,No,Healthy,20.8,86.9,Apple Scab
Apple,Green,Brown,Small,Yes,No,Healthy,24.6,94.9,Apple Scab
Apple,Green,White,Small,Yes,No,Healthy,24.5,96.8,Apple Scab
Apple,Green,Brown,Small,No,No,Healthy,23.8,77.6,Apple Scab
Apple,Green,White,Small,No,Yes,Healthy,25.5,74.8,Apple Scab
Apple,Green,Brown,Medium,No,No,Healthy,19.5,72.2,Apple Scab
Apple,Brown,Brown,Small,No,No,Healthy,21.3,99.3,Apple Scab
Apple,Green,Brown,Small,No,No,Healthy,25.4,67.3,Apple Scab
Apple,Green,Brown,Small,No,No,Healthy,19.2,66.7,Apple Scab
Apple,Green,Brown,Small,No,No,Healthy,18.5,95.9,Apple Scab
Apple,Green,Brown,Small,No,No,Healthy,23.4,93.5,Apple Scab
Apple,Green,White,Small,No,No,Healthy,15.9,72.6,Apple Scab
Apple,White,Brown,Small,No,No,Healthy,20.3,70.4,Apple Scab
Apple,Green,Brown,Small,Yes,No,Healthy,20.5,75.0,Apple Scab
Apple,Green,Black,Small,No,No,Healthy,14.6,33.5,Apple Scab
Apple,Green,Brown,Small,No,No,Dry,22.9,71.1,Apple Scab
Apple,Green,Brown,Small,No,No,Healthy,17.4,83.1,Apple Scab
Apple,Green,Brown,Small,No,No,Rotten,15.1,89.7,Apple Scab
Apple,Green,Brown,Small,No,No,Healthy,21.6,77.4,Apple Scab
Apple,White,Brown,Small,No,No,Healthy,19.6,92.6,Apple Scab
Apple,Green,Brown,Small,No,No,Healthy,16.7,98.9,Apple Scab
Apple,Green,Brown,Small,No,No,Healthy,21.7,86.5,Apple Scab
Apple,Green,Brown,Small,No,No,Dry,16.7,76.7,Apple Scab
Apple,Green,Brown,Small,No,No,Healthy,21.7,92.7,Apple Scab
Apple,Green,Brown,Small,No,No,Healthy,21.6,80.0,Apple Scab
Apple,Green,Brown,Small,No,No,Healthy,24.2,94.1,Apple Scab
Apple,Green,Brown,Small,Yes,No,Healthy,24.9,69.8,Apple Scab
Apple,Green,Brown,Small,No,No,Healthy,20.2,90.8,Apple Scab
Apple,Green,Brown,Small,No,No,Dry,22.2,86.4,Apple Scab
Apple,Green,Brown,Small,No,No,Dry,14.0,71.5,Apple Scab
Apple,Green,Brown,Small,No,Yes,Healthy,16.0,94.7,Apple Scab
Apple,Green,Brown,Small,No,No,Healthy,24.5,94.1,Apple Scab
Apple,Green,Brown,Small,No,No,Healthy,25.1,91.1,Apple Scab
Apple,Green,Brown,Small,No,No,Healthy,24.1,79.3,Apple Scab
Apple,White,Brown,Small,No,No,Healthy,13.9,84.2,Apple Scab
Apple,Green,Brown,Small,No,No,Healthy,19.5,79.2,Apple Scab
Apple,Brown,Brown,Small,No,No,Dry,19.3,100.0,Apple Scab
Apple,Green,Brown,Small,No,No,Healthy,23.9,75.8,Apple Scab
Apple,Yellow,Brown,None,No,Yes,Healthy,31.4,79.3,Apple Scab
Apple,Green,Brown,Small,No,No,Healthy,21.2,66.1,Apple Scab
Apple,Green,Brown,Small,No,No,Healthy,23.8,66.2,Apple Scab
Apple,Green,Black,Small,No,No,Healthy,13.3,91.8,Apple Scab
Apple,Green,Brown,Small,No,No,Healthy,21.2,66.7,Apple Scab
Apple,Green,Brown,Small,No,No,Healthy,19.5,85.8,Apple Scab
Apple,Green,Brown,None,No,Yes,Healthy,12.5,67.8,Apple Scab
Apple,Green,Brown,Small,No,No,Healthy,26.4,87.6,Apple Scab
Apple,Green,Brown,Small,No,No,Healthy,20.3,96.6,Apple Scab
Apple,Green,Brown,Small,No,No,Healthy,22.2,102.7,Apple Scab
Apple,Green,Brown,Small,No,No,Healthy,16.9,101.5,Apple Scab
Apple,Green,Brown,Small,No,No,Healthy,24.5,74.0,Apple Scab
Apple,Brown,Brown,Small,No,No,Healthy,18.9,78.2,Apple Scab
Apple,Green,Brown,Small,No,No,Healthy,20.7,75.3,Apple Scab
Apple,Green,Brown,Small,No,No,Healthy,25.8,98.2,Apple Scab
Apple,Green,None,None,No,No,Healthy,21.4,26.8,Apple Scab
Apple,Green,Brown,Large,No,No,Healthy,21.5,94.1,Apple Scab
Apple,Green,Brown,Small,No,No,Healthy,17.3,103.3,Apple Scab
Apple,Green,Brown,Small,No,No,Healthy,17.6,102.5,Apple Scab
Apple,Green,Brown,Large,No,No,Healthy,17.6,79.6,Apple Scab
Apple,Green,Brown,Small,No,No,Healthy,20.3,68.2,Apple Scab
Apple,Green,Brown,Small,No,Yes,Healthy,19.5,91.3,Apple Scab
Apple,Green,Brown,Small,No,No,Dry,21.5,88.1,Apple Scab
Apple,Green,Brown,Small,No,No,Healthy,14.7,97.3,Apple Scab
Apple,Black,Brown,Small,No,No,Healthy,25.7,92.9,Apple Scab
Apple,Green,Brown,Small,No,No,Healthy,18.8,78.5,Apple Scab
Apple,Green,Brown,Small,No,No,Healthy,25.9,81.1,Apple Scab
Apple,Green,White,Small,No,No,Healthy,14.4,66.0,Apple Scab
Apple,White,Brown,Small,No,No,Healthy,25.9,99.1,Apple Scab
Apple,Green,Brown,Small,No,No,Healthy,25.6,68.4,Apple Scab
Apple,Black,Brown,Small,No,No,Healthy,17.2,68.9,Apple Scab
Apple,Yellow,Brown,Small,No,No,Healthy,20.8,81.4,Apple Scab
Apple,Green,Brown,Small,No,No,Healthy,40.0,69.4,Apple Scab
Apple,Green,Brown,Small,Yes,No,Healthy,22.8,102.8,Apple Scab
Apple,White,Yellow,Small,No,No,Healthy,15.5,85.3,Apple Scab
Apple,Green,Brown,Small,No,No,Healthy,15.5,84.2,Apple Scab
Apple,Black,Brown,Small,No,No,Healthy,15.1,95.3,Apple Scab
Apple,Green,Brown,Small,No,No,Healthy,17.7,89.2,Apple Scab
Apple,Green,Brown,Small,No,Yes,Healthy,24.9,94.8,Apple Scab
Apple,Green,Brown,None,No,Yes,Rotten,13.6,99.6,Apple Scab
Apple,Green,Brown,Small,No,No,Healthy,18.2,70.4,Apple Scab
Apple,Green,Brown,Small,No,No,Healthy,26.0,97.4,Apple Scab
Apple,Green,Brown,Small,No,No,Healthy,16.9,75.3,Apple Scab
Apple,Green,Brown,Small,No,No,Cracked,20.2,91.1,Apple Scab
Apple,Green,Brown,Small,No,Yes,Rotten,19.7,73.2,Apple Scab
Apple,Green,Brown,Small,No,No,Rotten,21.7,81.6,Apple Scab
Apple,Green,Brown,Small,No,No,Healthy,24.9,66.3,Apple Scab
Apple,Green,Brown,Small,No,No,Healthy,16.1,74.2,Apple Scab
Apple,Green,Brown,Small,No,No,Healthy,18.9,83.5,Apple Scab
Apple,Black,Brown,Small,No,No,Healthy,26.2,71.0,Apple Scab
Apple,Green,Brown,Small,No,No,Healthy,16.9,98.5,Apple Scab
Apple,Green,Brown,Small,No,No,Healthy,22.4,76.4,Apple Scab
Apple,Green,Brown,Small,No,No,Healthy,14.5,40.6,Apple Scab
Apple,Green,Brown,Small,No,No,Healthy,22.6,88.7,Apple Scab
Apple,Green,Brown,Small,No,No,Cracked,18.1,69.3,Apple Scab
Apple,Green,Brown,Small,No,No,Healthy,18.6,66.4,Apple Scab
Apple,White,Brown,Large,No,No,Healthy,20.9,84.6,Apple Scab
Apple,Green,Brown,Small,No,Yes,Healthy,20.8,90.6,Apple Scab
Apple,Green,None,Small,No,No,Healthy,22.7,82.1,Apple Scab
Apple,Green,None,Small,No,No,Dry,15.6,73.6,Apple Scab
Apple,Yellow,Brown,Small,No,No,Healthy,26.4,87.3,Apple Scab
Apple,Green,Yellow,Small,No,No,Healthy,14.6,90.3,Apple Scab
Apple,Green,None,Small,No,No,Healthy,21.5,98.5,Apple Scab
Apple,Green,Brown,Small,No,No,Healthy,23.4,73.7,Apple Scab
Apple,Green,Brown,Small,No,No,Healthy,18.2,68.6,Apple Scab
Apple,Green,Brown,Small,No,No,Healthy,24.5,73.7,Apple Scab
Apple,Brown,Brown,Small,No,No,Healthy,17.0,71.1,Apple Scab
Apple,Green,White,Small,No,No,Healthy,24.7,69.9,Apple Scab
Apple,Green,Brown,Small,No,No,Healthy,22.0,73.5,Apple Scab
Apple,Green,Brown,Small,No,No,Healthy,22.4,76.7,Apple Scab
Apple,Green,Brown,Small,No,No,Cracked,18.9,92.5,Apple Scab
Apple,Green,Brown,Medium,No,No,Healthy,21.5,103.7,Apple Scab
Apple,Green,White,Small,No,No,Dry,15.2,60.3,Apple Scab
Apple,Green,Brown,Small,No,No,Healthy,20.0,81.3,Apple Scab
Apple,Green,Brown,Small,No,No,Healthy,15.6,78.2,Apple Scab
Apple,Green,Black,Small,No,No,Healthy,26.3,76.3,Apple Scab
Apple,Green,Black,Small,No,No,Healthy,23.4,83.9,Apple Scab
Apple,Green,None,Small,No,No,Healthy,22.6,102.9,Apple Scab
Apple,Green,Brown,Small,No,No,Healthy,19.3,88.9,Apple Scab
Apple,Green,Brown,Small,No,Yes,Cracked,18.9,71.1,Apple Scab
Apple,Green,Brown,Small,No,No,Healthy,25.4,67.0,Apple Scab
Apple,Green,Brown,Small,No,No,Rotten,23.6,67.9,Apple Scab
Apple,Green,Brown,Small,No,No,Healthy,13.6,104.0,Apple Scab
Apple,Green,White,Small,No,No,Healthy,21.0,99.1,Apple Scab
Apple,Green,Brown,Large,No,No,Healthy,25.0,91.9,Apple Scab
Apple,Green,Brown,None,No,No,Healthy,16.9,74.7,Apple Scab
Apple,Green,Black,Small,No,No,Healthy,17.2,88.2,Apple Scab
Apple,Yellow,Brown,Small,No,Yes,Healthy,23.9,52.2,Apple Scab
Apple,Green,Brown,Small,No,No,Healthy,17.4,83.1,Apple Scab
Apple,Green,None,Small,No,No,Dry,20.2,101.4,Apple Scab
Apple,Green,Brown,Small,No,No,Healthy,20.1,77.8,Apple Scab
Apple,Green,Brown,Small,No,No,Healthy,17.5,97.6,Apple Scab
Apple,Green,Black,Small,No,No,Healthy,24.4,83.7,Apple Scab
Apple,Green,Brown,Small,Yes,No,Healthy,16.3,88.3,Apple Scab
Apple,Green,Brown,Large,No,No,Healthy,15.2,35.0,Apple Scab
Apple,Green,Brown,Small,No,No,Healthy,22.5,93.2,Apple Scab
Apple,Green,Brown,Small,No,No,Healthy,19.8,76.9,Apple Scab
Apple,Green,Black,Medium,No,No,Healthy,13.6,71.3,Apple Scab
Apple,Green,Brown,Small,No,No,Healthy,14.9,71.7,Apple Scab
Apple,Yellow,Yellow,Small,No,No,Healthy,24.5,78.2,Apple Scab
Apple,Green,Brown,Small,No,No,Healthy,17.3,81.9,Apple Scab
Apple,Green,Brown,Small,No,No,Healthy,15.1,81.4,Apple Scab
Apple,Green,Brown,Small,No,No,Healthy,16.5,70.8,Apple Scab
Apple,Green,Brown,Small,No,No,Healthy,22.5,97.7,Apple Scab
Apple,Green,Brown,Small,No,No,Healthy,15.4,87.5,Apple Scab
Apple,Green,Brown,Medium,No,No,Healthy,25.4,68.1,Apple Scab
Apple,Green,Brown,Small,No,No,Healthy,19.7,71.9,Apple Scab
Apple,White,Brown,Small,No,No,Healthy,21.8,98.2,Apple Scab
Apple,Green,Brown,Small,No,No,Healthy,15.8,81.8,Apple Scab
Apple,Green,Brown,Small,No,No,Healthy,23.6,77.8,Apple Scab
Apple,Green,Brown,Small,No,No,Healthy,18.7,71.4,Apple Scab
Apple,Green,Brown,Small,No,No,Healthy,17.3,81.7,Apple Scab
Apple,Green,Brown,Small,Yes,No,Healthy,22.5,66.3,Apple Scab
Apple,Brown,Brown,Small,No,No,Healthy,19.4,83.7,Apple Scab
Apple,Green,Yellow,Small,No,Yes,Healthy,19.7,83.4,Apple Scab
Apple,Green,Brown,Small,No,No,Healthy,20.3,96.5,Apple Scab
Apple,Green,None,Small,No,No,Healthy,19.2,65.6,Apple Scab
Apple,Green,Yellow,None,No,No,Healthy,23.8,68.4,Apple Scab
Apple,Green,Brown,Medium,No,No,Healthy,15.1,72.3,Apple Scab
Apple,Green,Brown,Small,No,No,Healthy,21.0,68.8,Apple Scab
Apple,Green,Brown,Small,No,Yes,Healthy,23.6,92.2,Apple Scab
Apple,Green,Brown,Small,No,No,Healthy,14.3,74.3,Apple Scab
Apple,White,None,Small,No,No,Healthy,14.6,67.6,Apple Scab
Apple,Green,Brown,Small,No,No,Healthy,11.5,93.8,Apple Scab
Apple,Brown,Yellow,Small,No,No,Healthy,13.9,66.0,Apple Scab
Apple,Green,White,Small,No,No,Healthy,24.7,78.5,Apple Scab
Apple,Green,Brown,Small,No,No,Healthy,18.5,91.9,Apple Scab
Apple,Green,Brown,Small,No,No,Healthy,16.2,76.9,Apple Scab
Apple,Green,Brown,Small,No,No,Dry,23.9,80.9,Apple Scab
Apple,Green,Brown,Small,No,No,Healthy,18.0,95.4,Apple Scab
Apple,Green,Brown,Small,No,No,Healthy,14.5,76.1,Apple Scab
Apple,Green,Brown,Small,No,No,Healthy,18.1,75.5,Apple Scab
Apple,Green,Brown,Small,No,No,Healthy,19.2,88.6,Apple Scab
Apple,Green,Black,Small,No,No,Healthy,20.4,81.5,Apple Scab
Apple,Green,Brown,Small,No,No,Healthy,21.0,72.7,Apple Scab
Apple,Green,Brown,Small,No,No,Healthy,15.5,91.1,Apple Scab
Apple,Green,Yellow,Small,No,No,Healthy,24.2,85.7,Apple Scab
Apple,Green,Brown,Small,No,No,Healthy,26.1,75.5,Apple Scab
Apple,Green,Brown,Small,No,No,Healthy,22.9,101.3,Apple Scab
Apple,Green,White,Small,No,No,Healthy,17.0,96.7,Apple Scab
Apple,Green,Brown,Medium,No,No,Healthy,26.4,86.0,Apple Scab
Apple,Green,Brown,None,No,Yes,Healthy,21.4,104.3,Apple Scab
Apple,Green,Brown,Small,No,No,Healthy,19.4,91.4,Apple Scab
Apple,Green,Brown,Small,No,No,Cracked,24.4,86.1,Apple Scab
Apple,Green,White,Small,No,No,Healthy,20.7,81.2,Apple Scab
Apple,Green,Brown,Small,No,No,Healthy,24.8,76.5,Apple Scab
Apple,Green,Brown,Small,No,No,Cracked,24.0,101.1,Apple Scab
Apple,Green,Brown,Small,No,No,Healthy,15.9,67.9,Apple Scab
Apple,Green,Black,Small,No,No,Healthy,25.3,81.7,Apple Scab
Apple,White,Brown,Small,Yes,No,Healthy,24.3,68.6,Apple Scab
Apple,White,Brown,Small,No,Yes,Healthy,25.5,98.0,Apple Scab
Apple,Yellow,Brown,Small,No,No,Healthy,14.0,71.5,Apple Scab
Apple,Green,Brown,Small,No,No,Healthy,23.3,72.0,Apple Scab
Apple,Brown,Brown,Small,No,No,Healthy,25.6,94.7,Apple Scab
Apple,Green,White,None,No,No,Healthy,16.7,65.7,Apple Scab
Apple,Green,Black,Small,No,No,Healthy,16.4,90.4,Apple Scab
Apple,Green,Brown,Small,No,No,Healthy,22.0,99.0,Apple Scab
Apple,Green,Brown,Small,No,No,Healthy,21.1,74.0,Apple Scab
Apple,Green,Brown,Small,No,No,Healthy,25.5,66.4,Apple Scab
Apple,Green,White,Small,No,No,Healthy,21.3,96.3,Apple Scab
Apple,Green,Brown,Small,No,No,Healthy,20.8,98.8,Apple Scab
Apple,Green,Yellow,Small,Yes,No,Healthy,24.4,104.0,Apple Scab
Apple,Green,Brown,Small,No,Yes,Healthy,15.9,72.5,Apple Scab
Apple,Green,Brown,Medium,Yes,No,Healthy,22.1,82.0,Apple Scab
Apple,Green,Brown,None,No,No,Cracked,13.8,30.3,Apple Scab
Apple,Green,Brown,Small,No,No,Healthy,14.7,95.1,Apple Scab
Apple,Yellow,Brown,Small,No,No,Healthy,25.8,79.8,Apple Scab
Apple,Green,Brown,Small,No,Yes,Healthy,20.1,83.5,Apple Scab
Apple,Green,Black,Small,No,No,Healthy,19.9,87.7,Apple Scab
Apple,Brown,Yellow,Small,No,No,Healthy,21.7,82.8,Apple Scab
Apple,Green,Brown,Small,No,No,Healthy,23.1,91.3,Apple Scab
Apple,Green,Brown,Small,Yes,No,Healthy,14.5,90.9,Apple Scab
Apple,Green,Brown,Large,No,No,Healthy,35.8,96.8,Apple Scab
Apple,Green,Brown,Small,No,No,Dry,15.3,102.6,Apple Scab
Apple,Green,Brown,None,No,No,Healthy,13.6,92.9,Apple Scab
Apple,Green,Brown,Small,No,No,Cracked,33.0,87.0,Apple Scab
Apple,Green,Brown,Small,No,No,Healthy,21.4,75.4,Apple Scab
Apple,Yellow,Brown,Small,No,No,Healthy,25.9,96.0,Apple Scab
Apple,Green,Brown,Small,No,No,Healthy,23.5,89.8,Apple Scab
Apple,Green,Brown,Small,No,No,Healthy,15.0,66.5,Apple Scab
Apple,Green,Brown,Small,No,No,Healthy,17.5,66.8,Apple Scab
Apple,Green,None,Small,No,No,Healthy,24.0,71.7,Apple Scab
Apple,Yellow,Brown,Large,No,No,Healthy,26.0,93.9,Apple Scab
Apple,Green,Brown,Small,No,No,Healthy,13.6,91.1,Apple Scab
Apple,Green,Brown,Small,No,No,Healthy,24.8,69.9,Apple Scab
Apple,Green,Brown,Small,No,No,Healthy,26.0,68.5,Apple Scab
Apple,Green,Brown,Small,No,No,Healthy,22.7,91.0,Apple Scab
Apple,Green,None,Small,Yes,No,Cracked,21.9,93.9,Apple Scab
Apple,Green,Brown,Small,No,No,Healthy,24.7,73.5,Apple Scab
Apple,Yellow,Brown,Small,No,No,Healthy,18.7,92.3,Apple Scab
Apple,Green,Brown,Small,No,No,Healthy,25.9,65.8,Apple Scab
Apple,Green,Brown,Small,No,No,Healthy,13.9,94.9,Apple Scab
Apple,Black,Brown,Small,No,No,Healthy,22.0,75.0,Apple Scab
Apple,Green,Brown,Large,No,Yes,Healthy,17.9,76.2,Apple Scab
Apple,White,Brown,Small,No,No,Healthy,15.6,94.8,Apple Scab
Apple,Green,Brown,Small,Yes,No,Healthy,32.2,86.2,Apple Scab
Apple,Green,Brown,Small,No,No,Healthy,25.8,75.9,Apple Scab
Apple,Green,Brown,Small,No,No,Healthy,19.2,81.1,Apple Scab
Apple,Green,None,Small,No,No,Healthy,19.2,86.7,Apple Scab
Apple,Green,Brown,Small,No,No,Healthy,13.9,73.2,Apple Scab
Apple,Green,White,Small,No,No,Healthy,17.0,103.4,Apple Scab
Apple,Green,Brown,Medium,No,No,Dry,24.5,74.5,Apple Scab
Apple,Green,Brown,Small,No,No,Healthy,17.4,26.9,Apple Scab
Apple,Green,Brown,Large,No,No,Healthy,20.3,96.7,Apple Scab
Apple,Brown,White,Small,No,No,Healthy,20.4,86.4,Apple Scab
Apple,Green,Brown,Small,No,No,Healthy,22.8,87.9,Apple Scab
Apple,Green,Brown,Large,No,No,Healthy,18.8,95.7,Apple Scab
Apple,Green,None,Small,No,Yes,Healthy,15.7,84.5,Apple Scab
Apple,Green,Brown,Small,No,No,Healthy,23.2,82.2,Apple Scab
Apple,Green,None,Small,No,No,Healthy,19.2,21.0,Apple Scab
Apple,Green,Brown,Small,No,No,Healthy,22.1,76.6,Apple Scab
Apple,Green,None,Small,No,No,Healthy,19.0,101.0,Apple Scab
Apple,Green,Brown,Small,No,Yes,Healthy,15.1,93.3,Apple Scab
Apple,Yellow,Brown,Small,No,No,Healthy,14.7,101.4,Apple Scab
Apple,Black,Brown,Small,No,No,Healthy,19.8,91.8,Apple Scab
Apple,Green,Black,Small,No,No,Cracked,25.0,80.3,Apple Scab
Apple,Green,Brown,Small,No,No,Healthy,26.0,91.8,Apple Scab
Apple,Green,Yellow,Small,No,No,Healthy,14.5,101.9,Apple Scab
Apple,Green,Brown,Small,No,No,Healthy,17.4,94.0,Apple Scab
Apple,Green,Yellow,Small,Yes,No,Healthy,17.9,93.2,Apple Scab
Apple,Green,Brown,Small,No,No,Healthy,20.8,100.1,Apple Scab
Apple,Green,Brown,Small,No,No,Healthy,20.7,71.9,Apple Scab
Apple,Brown,Brown,Small,No,No,Healthy,18.2,93.5,Apple Scab
Apple,Green,Brown,Small,No,Yes,Healthy,10.4,95.5,Apple Scab
Apple,Green,Brown,Small,No,No,Rotten,16.7,85.8,Apple Scab
Apple,Green,Yellow,Small,No,No,Healthy,15.6,84.9,Apple Scab
Apple,Green,Brown,Small,No,No,Healthy,22.5,84.7,Apple Scab
Apple,Green,Brown,Small,No,No,Healthy,22.3,76.0,Apple Scab
Apple,Green,Brown,None,No,No,Healthy,20.0,82.9,Apple Scab
Apple,Yellow,Brown,Small,No,No,Dry,15.4,72.8,Apple Scab
Apple,Green,None,Large,No,No,Healthy,15.7,101.6,Apple Scab
Apple,Green,Brown,Small,No,No,Healthy,14.0,80.4,Apple Scab
Apple,Green,Brown,Small,No,No,Healthy,18.0,87.3,Apple Scab
Apple,Green,Brown,Small,No,No,Cracked,22.9,95.4,Apple Scab
Apple,Yellow,Brown,Small,No,No,Healthy,15.6,102.4,Apple Scab
Apple,Green,None,Small,No,No,Healthy,16.5,74.4,Apple Scab
Apple,Green,Brown,Small,No,No,Healthy,25.7,35.8,Apple Scab
Apple,Green,Brown,Small,No,Yes,Healthy,16.2,76.5,Apple Scab
Apple,Green,None,Small,No,No,Healthy,19.2,88.6,Apple Scab
Apple,Green,Brown,Small,No,No,Healthy,25.1,90.9,Apple Scab
Apple,Green,Brown,Small,No,No,Healthy,22.6,96.4,Apple Scab
Apple,Green,Brown,Small,No,No,Healthy,26.1,103.3,Apple Scab
Apple,Green,Brown,Small,No,No,Healthy,19.4,101.0,Apple Scab
Apple,Green,Brown,Small,No,No,Healthy,20.1,95.0,Apple Scab
Apple,Green,Brown,Small,No,No,Healthy,18.6,82.4,Apple Scab
Apple,Green,Brown,Small,No,No,Healthy,18.9,69.2,Apple Scab
Apple,Black,Brown,Small,No,No,Healthy,23.0,74.5,Apple Scab
Apple,Green,Brown,Small,Yes,No,Healthy,22.3,77.0,Apple Scab
Apple,Green,Brown,Small,No,No,Healthy,18.0,96.2,Apple Scab
Apple,Green,Brown,Small,No,No,Dry,14.2,94.3,Apple Scab
Apple,Yellow,Brown,Small,No,No,Healthy,23.1,91.1,Apple Scab
Apple,Green,Brown,Small,No,No,Healthy,26.2,82.1,Apple Scab
Apple,Green,Brown,Large,No,No,Healthy,23.0,94.7,Apple Scab
Apple,Green,Brown,Small,No,No,Healthy,22.5,91.4,Apple Scab
Apple,Green,Black,Small,No,No,Healthy,22.2,88.9,Apple Scab
Apple,Green,Brown,Small,No,Yes,Healthy,19.9,75.1,Apple Scab
Apple,Green,Brown,Small,No,No,Healthy,25.0,94.5,Apple Scab
Apple,Green,Brown,Small,No,No,Healthy,26.3,87.1,Apple Scab
Apple,Green,Brown,Small,No,No,Healthy,26.2,76.2,Apple Scab
Apple,Black,Brown,Small,No,No,Healthy,37.5,71.3,Apple Scab
Apple,Green,Brown,Medium,No,No,Healthy,23.6,74.6,Apple Scab
Apple,Green,Brown,Small,No,No,Healthy,20.6,85.8,Apple Scab
Apple,Green,Brown,Large,No,No,Healthy,18.7,82.7,Apple Scab
Apple,Green,Brown,Small,No,No,Healthy,14.1,94.9,Apple Scab
Apple,Green,Brown,Small,No,No,Healthy,22.6,83.0,Apple Scab
Apple,Green,Brown,Small,No,No,Healthy,18.9,93.4,Apple Scab
Apple,Green,Brown,Small,No,No,Healthy,23.7,99.3,Apple Scab
Apple,Green,Brown,Small,No,No,Dry,25.3,87.3,Apple Scab
Apple,Green,Brown,Small,Yes,No,Healthy,14.0,79.4,Apple Scab
Apple,Green,Yellow,Small,No,Yes,Healthy,19.1,20.9,Apple Scab
Apple,Yellow,Brown,Small,No,No,Healthy,25.4,92.9,Apple Scab
Apple,Green,Brown,Small,No,No,Healthy,26.0,67.1,Apple Scab
Apple,Green,Brown,Small,No,No,Healthy,25.7,83.9,Apple Scab
Apple,Yellow,Brown,Small,Yes,No,Healthy,25.4,102.4,Apple Scab
Apple,Green,Brown,Small,No,No,Rotten,25.8,82.2,Apple Scab
Apple,Green,Brown,Small,No,No,Healthy,24.7,93.2,Apple Scab
Apple,Green,Brown,Small,No,No,Healthy,23.2,95.5,Apple Scab
Apple,Green,Yellow,Small,No,No,Healthy,19.1,91.2,Apple Scab
Apple,Green,Brown,Small,No,No,Healthy,20.6,103.2,Apple Scab
Apple,Green,Brown,Small,No,No,Healthy,18.8,76.2,Apple Scab
Apple,Green,Brown,Small,No,No,Healthy,20.5,68.4,Apple Scab
Apple,Green,Brown,None,No,No,Dry,22.9,99.6,Apple Scab
Apple,Green,Black,Small,No,No,Healthy,17.9,82.4,Apple Scab
Apple,Green,Brown,Large,No,No,Healthy,17.1,77.4,Apple Scab
Apple,Green,Black,Small,No,Yes,Healthy,23.4,86.3,Apple Scab
Apple,Green,Brown,Small,No,No,Cracked,20.3,90.1,Apple Scab
Apple,Green,Brown,Small,No,No,Healthy,15.2,97.0,Apple Scab
Apple,White,White,Small,No,No,Healthy,17.5,85.9,Apple Scab
Apple,Green,White,Small,No,Yes,Healthy,24.4,94.6,Apple Scab
Apple,Green,Brown,Small,No,No,Healthy,15.8,73.4,Apple Scab
Apple,Green,Brown,Small,No,No,Healthy,21.3,99.8,Apple Scab
Apple,Green,Brown,Small,No,No,Healthy,23.5,72.8,Apple Scab
Apple,Brown,Brown,Small,No,No,Healthy,12.7,93.2,Apple Scab
Apple,Green,Brown,Small,No,No,Healthy,38.9,76.5,Apple Scab
Apple,Green,Brown,Small,No,No,Rotten,19.6,98.0,Apple Scab
Apple,Green,Brown,Small,No,No,Healthy,16.5,74.0,Apple Scab
Apple,Green,Yellow,Small,No,No,Healthy,22.4,80.4,Apple Scab
Apple,Brown,White,Small,No,No,Rotten,17.8,85.2,Apple Scab
Apple,Green,Brown,Small,No,No,Healthy,16.0,95.0,Apple Scab
Apple,Green,Brown,Medium,No,No,Healthy,25.2,103.3,Apple Scab
Apple,Green,Brown,Small,No,No,Healthy,15.9,103.0,Apple Scab
Apple,Green,Brown,Small,No,No,Healthy,20.6,84.8,Apple Scab
Apple,Green,Brown,Small,No,No,Healthy,22.4,97.5,Apple Scab
Apple,Brown,Brown,Small,No,No,Healthy,22.0,66.8,Apple Scab
Apple,Green,Brown,Medium,No,No,Rotten,18.5,76.3,Apple Scab
Apple,Green,Brown,Small,No,No,Healthy,14.4,96.5,Apple Scab
Apple,Green,Brown,Small,No,No,Healthy,19.4,89.8,Apple Scab
Apple,Green,Brown,Small,No,No,Healthy,21.3,84.9,Apple Scab
Apple,Yellow,Brown,Small,No,No,Healthy,24.4,84.1,Apple Scab
Apple,Green,Brown,Small,No,No,Dry,19.2,101.3,Apple Scab
Apple,Green,Yellow,Small,No,No,Healthy,16.9,56.0,Apple Scab
Apple,Green,Black,Small,No,Yes,Rotten,10.6,84.9,Apple Scab
Apple,White,Brown,Small,Yes,No,Healthy,15.6,104.2,Apple Scab
Apple,Green,Brown,Small,No,No,Healthy,19.7,96.3,Apple Scab
Apple,Green,Brown,Large,No,No,Dry,23.6,90.6,Apple Scab
Apple,Green,Yellow,Small,No,No,Healthy,26.4,69.2,Apple Scab
Apple,Green,Brown,Small,No,No,Healthy,15.0,85.8,Apple Scab
Apple,Green,Brown,Large,No,No,Healthy,19.6,92.1,Apple Scab
Apple,White,Brown,Small,No,No,Healthy,18.8,78.7,Apple Scab
Apple,Green,Brown,Large,No,No,Healthy,16.7,87.9,Apple Scab
Apple,Green,Brown,Small,No,No,Healthy,19.5,85.8,Apple Scab
Apple,Green,Brown,Medium,No,No,Rotten,16.8,88.7,Apple Scab
Apple,Green,Brown,Small,No,No,Healthy,16.1,89.2,Apple Scab
Apple,Green,Brown,Small,No,No,Healthy,19.1,86.0,Apple Scab
Apple,Green,Black,None,No,No,Healthy,13.7,65.6,Apple Scab
Apple,Green,Brown,Small,No,Yes,Healthy,21.3,102.8,Apple Scab
Apple,Green,Brown,Small,No,No,Healthy,16.5,83.1,Apple Scab
Apple,Green,Black,Large,No,No,Healthy,22.3,67.7,Apple Scab
Apple,Black,Brown,Small,No,No,Healthy,18.2,92.1,Apple Scab
Apple,Green,None,Small,No,No,Healthy,26.0,91.9,Apple Scab
Apple,Green,Brown,Small,No,No,Healthy,20.7,86.4,Apple Scab
Apple,Green,Black,Small,Yes,No,Healthy,18.0,80.3,Apple Scab
Apple,Green,Black,Small,No,No,Healthy,15.7,73.3,Apple Scab
Apple,Green,Brown,None,No,No,Healthy,20.2,91.1,Apple Scab
Apple,Green,Brown,Small,No,No,Healthy,16.6,98.8,Apple Scab
Apple,White,Brown,Small,No,No,Healthy,15.7,90.8,Apple Scab
Apple,Green,Brown,Small,No,No,Healthy,13.9,82.7,Apple Scab
Apple,Green,Brown,Small,No,No,Healthy,23.0,80.0,Apple Scab
Apple,Green,Brown,Small,No,No,Healthy,17.1,96.0,Apple Scab
Apple,Green,White,Small,No,No,Healthy,15.8,28.3,Apple Scab
Apple,Green,Brown,Small,Yes,No,Healthy,19.1,73.4,Apple Scab
Apple,Green,Brown,Small,No,No,Healthy,16.7,98.7,Apple Scab
Apple,Green,None,Small,No,No,Healthy,14.2,102.7,Apple Scab
Apple,Brown,Brown,Small,No,No,Healthy,14.9,99.6,Apple Scab
Apple,Black,Black,Small,No,No,Healthy,12.8,99.2,Apple Scab
Apple,Green,Brown,Small,No,No,Healthy,24.0,78.9,Apple Scab
Apple,White,Brown,Small,No,No,Cracked,17.8,95.0,Apple Scab
Apple,Green,Brown,Small,No,No,Healthy,25.5,99.1,Apple Scab
Apple,Green,Brown,None,No,No,Healthy,26.1,101.0,Apple Scab
Wheat,Yellow,Brown,Small,No,No,Healthy,23.9,71.3,Rust
Wheat,Yellow,Brown,Small,No,No,Healthy,20.5,80.7,Rust
Wheat,Yellow,Black,Small,No,No,Healthy,16.3,91.8,Rust
Wheat,Yellow,Brown,Small,No,No,Healthy,16.0,89.3,Rust
Wheat,Yellow,Brown,Small,No,No,Healthy,19.9,75.8,Rust
Wheat,Yellow,Brown,Small,Yes,No,Healthy,17.6,84.5,Rust
Wheat,Yellow,None,Large,No,No,Rotten,17.9,79.5,Rust
Wheat,Yellow,Brown,Small,No,No,Healthy,25.3,69.5,Rust
Wheat,Green,Brown,Medium,No,No,Healthy,23.8,57.8,Rust
Wheat,Yellow,Brown,Large,No,No,Healthy,13.8,60.5,Rust
Wheat,Green,Black,Small,No,No,Dry,20.4,60.4,Rust
Wheat,Yellow,Brown,Small,No,No,Healthy,19.3,87.7,Rust
Wheat,Yellow,Brown,Small,No,No,Healthy,17.8,76.0,Rust
Wheat,Yellow,Brown,Small,No,No,Healthy,17.1,60.6,Rust
Wheat,Yellow,Brown,None,No,No,Dry,23.7,81.3,Rust
Wheat,Yellow,Brown,Medium,No,No,Healthy,24.5,65.7,Rust
Wheat,Yellow,Brown,Small,No,No,Healthy,25.0,88.5,Rust
Wheat,Yellow,Brown,Small,Yes,No,Healthy,19.3,88.7,Rust
Wheat,Yellow,Brown,Small,No,No,Healthy,14.5,57.9,Rust
Wheat,Yellow,Brown,Small,No,No,Healthy,25.6,66.1,Rust
Wheat,Yellow,Brown,Small,No,Yes,Healthy,21.1,87.1,Rust
Wheat,Green,Brown,Small,No,No,Healthy,17.5,82.3,Rust
Wheat,Yellow,Brown,Small,No,No,Healthy,24.5,60.1,Rust
Wheat,Yellow,Brown,Small,No,No,Healthy,23.8,70.1,Rust
Wheat,Yellow,Brown,None,No,No,Healthy,25.7,87.4,Rust
Wheat,Yellow,White,Small,Yes,No,Healthy,20.7,86.3,Rust
Wheat,Yellow,Brown,Small,No,No,Healthy,23.8,91.7,Rust
Wheat,Yellow,Brown,Small,No,Yes,Healthy,17.4,53.4,Rust
Wheat,Yellow,Brown,Small,No,No,Cracked,23.5,59.1,Rust
Wheat,Yellow,Brown,Small,No,No,Healthy,14.0,78.0,Rust
Wheat,Yellow,Brown,Small,No,No,Healthy,20.7,78.8,Rust
Wheat,Yellow,Brown,Small,No,No,Healthy,22.3,64.8,Rust
Wheat,White,Brown,Small,No,Yes,Healthy,20.8,73.0,Rust
Wheat,Yellow,Brown,Small,No,No,Healthy,23.3,71.6,Rust
Wheat,Yellow,Brown,Small,No,No,Healthy,22.6,62.7,Rust
Wheat,Yellow,Brown,Large,No,No,Healthy,16.8,80.8,Rust
Wheat,Brown,Brown,Small,No,No,Healthy,20.2,82.1,Rust
Wheat,Yellow,Brown,Small,No,No,Healthy,25.6,65.5,Rust
Wheat,Black,Brown,Small,No,No,Healthy,18.7,81.0,Rust
Wheat,Yellow,Brown,Small,No,No,Healthy,18.4,85.4,Rust
Wheat,Yellow,Brown,Small,No,No,Healthy,23.8,65.0,Rust
Wheat,Yellow,Brown,Small,Yes,No,Healthy,16.5,50.9,Rust
Wheat,Yellow,White,Small,No,No,Healthy,25.6,86.2,Rust
Wheat,Yellow,Black,Small,No,Yes,Healthy,18.3,86.7,Rust
Wheat,Yellow,Brown,Small,No,No,Dry,16.9,65.5,Rust
Wheat,Yellow,Brown,Small,No,No,Rotten,16.0,43.3,Rust
Wheat,Brown,Brown,Small,No,No,Healthy,14.2,68.2,Rust
Wheat,Yellow,Brown,Small,No,No,Healthy,16.6,67.8,Rust
Wheat,Yellow,Brown,Small,No,No,Healthy,25.6,90.6,Rust
Wheat,Yellow,Brown,Large,No,No,Healthy,16.2,59.2,Rust
Wheat,Yellow,Yellow,Large,No,No,Healthy,14.6,65.9,Rust
Wheat,Yellow,Black,Small,No,No,Healthy,15.2,56.2,Rust
Wheat,Yellow,Brown,Small,No,No,Rotten,21.7,74.2,Rust
Wheat,Black,Brown,Small,No,No,Healthy,14.9,76.9,Rust
Wheat,Yellow,Brown,Small,No,No,Healthy,21.4,72.8,Rust
Wheat,Yellow,Brown,Small,No,No,Healthy,25.3,81.0,Rust
Wheat,Yellow,Brown,Small,Yes,No,Healthy,18.8,90.3,Rust
Wheat,Green,Brown,Small,No,No,Healthy,21.0,67.9,Rust
Wheat,Yellow,Brown,Small,No,No,Healthy,24.0,93.4,Rust
Wheat,Black,Brown,Small,Yes,No,Rotten,20.4,84.1,Rust
Wheat,Yellow,Brown,Small,No,No,Healthy,13.9,66.1,Rust
Wheat,Brown,Brown,Small,No,No,Healthy,15.4,56.8,Rust
Wheat,Yellow,Brown,Small,No,No,Healthy,16.4,66.6,Rust
Wheat,Yellow,Brown,Small,No,No,Healthy,22.6,66.2,Rust
Wheat,Yellow,Brown,Small,No,No,Healthy,21.8,97.3,Rust
Wheat,White,Brown,Small,No,No,Healthy,20.7,82.0,Rust
Wheat,Yellow,Brown,Small,No,No,Healthy,20.4,73.2,Rust
Wheat,Yellow,Brown,Small,No,No,Healthy,26.3,82.2,Rust
Wheat,Yellow,Brown,Small,No,No,Healthy,19.8,63.8,Rust
Wheat,Yellow,Brown,Small,No,Yes,Healthy,22.7,86.8,Rust
Wheat,Yellow,Brown,Small,No,No,Healthy,22.1,88.7,Rust
Wheat,Yellow,Brown,Small,No,Yes,Healthy,19.0,80.9,Rust
Wheat,Green,Brown,Small,No,No,Healthy,24.1,58.0,Rust
Wheat,Yellow,Brown,Small,No,No,Healthy,21.9,64.5,Rust
Wheat,Yellow,Brown,Small,No,No,Healthy,13.8,91.7,Rust
Wheat,Green,Brown,Small,No,No,Dry,21.2,60.7,Rust
Wheat,Brown,Brown,Small,No,No,Healthy,19.1,93.1,Rust
Wheat,Yellow,Brown,Large,No,No,Healthy,18.1,87.3,Rust
Wheat,Yellow,Yellow,Small,No,No,Healthy,21.4,69.2,Rust
Wheat,Yellow,White,Small,No,No,Healthy,15.2,59.9,Rust
Wheat,Yellow,Brown,Small,No,No,Healthy,21.6,81.9,Rust
Wheat,Yellow,Brown,Small,No,No,Healthy,18.1,85.6,Rust
Wheat,Yellow,Brown,Small,No,No,Healthy,19.9,78.0,Rust
Wheat,Yellow,Brown,Small,No,No,Healthy,30.5,77.2,Rust
Wheat,Yellow,Brown,Small,No,No,Healthy,29.1,82.4,Rust
Wheat,Yellow,Brown,Small,No,No,Healthy,21.2,81.4,Rust
Wheat,Yellow,Brown,Small,No,No,Healthy,19.5,39.5,Rust
Wheat,Yellow,Brown,Small,No,No,Dry,14.2,68.2,Rust
Wheat,Green,Brown,Small,No,No,Healthy,16.3,80.5,Rust
Wheat,Yellow,Brown,Small,No,No,Healthy,26.1,61.7,Rust
Wheat,Yellow,Brown,Large,Yes,No,Healthy,18.9,89.9,Rust
Wheat,Yellow,Brown,Small,No,No,Healthy,23.4,64.4,Rust
Wheat,Yellow,Brown,Small,No,No,Healthy,19.8,84.7,Rust
Wheat,Green,Brown,Small,No,No,Healthy,20.1,89.7,Rust
Wheat,Yellow,Brown,Small,No,No,Dry,19.3,92.7,Rust
Wheat,Brown,Brown,Small,No,Yes,Healthy,19.5,70.9,Rust
Wheat,Yellow,Brown,Small,No,No,Healthy,26.4,55.6,Rust
Wheat,Yellow,Brown,Small,No,No,Healthy,16.7,66.6,Rust
Wheat,Yellow,Brown,Small,No,No,Healthy,25.9,79.8,Rust
Wheat,Brown,Brown,Small,No,No,Healthy,20.9,88.8,Rust
Wheat,Yellow,Brown,Small,No,No,Healthy,14.6,62.4,Rust
Wheat,Brown,Brown,Small,No,No,Healthy,19.2,81.4,Rust
Wheat,Brown,Black,Small,No,No,Healthy,13.7,75.7,Rust
Wheat,Yellow,Brown,Small,No,No,Healthy,23.0,76.9,Rust
Wheat,Yellow,Brown,Small,No,No,Healthy,22.0,61.7,Rust
Wheat,Yellow,Brown,Small,No,No,Healthy,18.2,82.9,Rust
Wheat,Yellow,Brown,Medium,No,No,Cracked,15.6,83.2,Rust
Wheat,Yellow,Brown,Small,No,No,Healthy,18.7,79.8,Rust
Wheat,Yellow,Brown,Small,No,Yes,Healthy,22.2,92.5,Rust
Wheat,Yellow,Brown,Small,No,No,Healthy,15.4,59.9,Rust
Wheat,Yellow,Brown,Small,No,No,Dry,24.9,85.4,Rust
Wheat,Yellow,Brown,Small,No,No,Healthy,18.6,92.3,Rust
Wheat,Yellow,Brown,Small,No,No,Healthy,23.3,65.4,Rust
Wheat,Yellow,Brown,Small,Yes,No,Dry,23.0,80.9,Rust
Wheat,Yellow,Brown,Small,No,No,Healthy,14.2,76.5,Rust
Wheat,Brown,None,Small,No,No,Healthy,22.4,56.3,Rust
Wheat,Brown,Brown,Small,No,No,Healthy,19.9,91.3,Rust
Wheat,Yellow,Brown,Small,No,No,Healthy,22.2,76.2,Rust
Wheat,Yellow,Brown,Small,No,No,Healthy,14.8,77.0,Rust
Wheat,Yellow,Brown,Medium,Yes,No,Healthy,38.3,72.1,Rust
Wheat,Yellow,Brown,Small,No,No,Healthy,20.3,79.0,Rust
Wheat,Yellow,None,Small,No,No,Healthy,16.7,83.1,Rust
Wheat,Yellow,Brown,Small,No,No,Healthy,23.6,67.1,Rust
Wheat,Yellow,Black,Small,No,No,Healthy,18.9,85.5,Rust
Wheat,Yellow,Brown,Small,No,No,Healthy,18.2,84.7,Rust
Wheat,Yellow,Brown,None,No,No,Healthy,21.5,69.2,Rust
Wheat,Yellow,Brown,Small,No,No,Healthy,14.9,64.5,Rust
Wheat,Yellow,Brown,Small,No,No,Healthy,16.8,74.7,Rust
Wheat,Yellow,Brown,Small,No,No,Healthy,24.0,89.4,Rust
Wheat,Yellow,Brown,Small,Yes,No,Healthy,19.2,90.1,Rust
Wheat,Yellow,Brown,Small,Yes,No,Rotten,24.6,68.0,Rust
Wheat,Green,Yellow,Small,No,No,Healthy,14.4,67.4,Rust
Wheat,Yellow,Brown,Small,No,No,Healthy,23.0,68.5,Rust
Wheat,Yellow,Brown,Small,No,No,Healthy,22.7,67.1,Rust
Wheat,Yellow,Brown,Small,No,No,Healthy,20.6,73.0,Rust
Wheat,Green,Brown,Small,No,No,Healthy,15.9,58.0,Rust
Wheat,Yellow,Brown,Small,No,No,Healthy,19.9,63.8,Rust
Wheat,Yellow,Brown,Large,No,No,Healthy,13.5,56.0,Rust
Wheat,Yellow,White,Small,Yes,No,Healthy,23.4,94.4,Rust
Wheat,Yellow,Brown,Large,No,Yes,Healthy,18.4,86.0,Rust
Wheat,Yellow,Brown,Small,No,No,Healthy,19.7,72.6,Rust
Wheat,Yellow,Brown,Small,No,No,Healthy,26.1,64.2,Rust
Wheat,Black,Brown,Small,No,No,Healthy,17.6,84.3,Rust
Wheat,Yellow,Brown,Small,No,No,Healthy,26.2,81.1,Rust
Wheat,Yellow,Brown,Small,No,No,Dry,17.8,63.0,Rust
Wheat,Yellow,Brown,Small,No,No,Healthy,21.3,85.4,Rust
Wheat,Green,Brown,Small,No,No,Healthy,25.2,55.8,Rust
Wheat,Yellow,Brown,Small,No,No,Cracked,25.1,69.5,Rust
Wheat,White,Brown,Small,No,No,Healthy,19.4,82.7,Rust
Wheat,Yellow,Brown,Small,No,No,Healthy,13.9,57.0,Rust
Wheat,Yellow,Brown,Small,No,No,Dry,23.7,67.0,Rust
Wheat,Yellow,Brown,Small,No,Yes,Healthy,20.7,71.4,Rust
Wheat,Yellow,Brown,Small,No,No,Healthy,16.9,76.9,Rust
Wheat,Yellow,Brown,Small,No,No,Healthy,19.5,57.3,Rust
Wheat,Yellow,Brown,Small,No,No,Healthy,20.4,94.2,Rust
Wheat,Yellow,Brown,Small,No,No,Healthy,23.9,64.4,Rust
Wheat,Yellow,Brown,Small,No,No,Healthy,15.6,73.7,Rust
Wheat,Yellow,Brown,Small,No,No,Healthy,15.3,58.8,Rust
Wheat,Yellow,Brown,Medium,Yes,No,Dry,18.7,74.0,Rust
Wheat,Yellow,Brown,Medium,No,No,Healthy,16.2,60.9,Rust
Wheat,Yellow,Brown,Small,No,No,Healthy,25.5,56.6,Rust
Wheat,Yellow,White,Small,Yes,No,Healthy,24.8,62.4,Rust
Wheat,Yellow,Black,Small,No,No,Healthy,22.2,67.8,Rust
Wheat,Brown,Brown,Small,No,No,Healthy,23.0,71.6,Rust
Wheat,Yellow,Brown,Medium,No,No,Healthy,15.5,76.2,Rust
Wheat,Yellow,Brown,Small,Yes,No,Healthy,18.0,69.9,Rust
Wheat,Yellow,Brown,Small,No,No,Cracked,20.2,68.6,Rust
Wheat,Brown,Brown,Small,No,No,Healthy,24.0,69.6,Rust
Wheat,Yellow,Brown,Small,No,No,Healthy,23.6,66.2,Rust
Wheat,Yellow,White,Small,No,No,Healthy,20.4,75.4,Rust
Wheat,Yellow,Brown,Small,No,No,Healthy,16.5,90.1,Rust
Wheat,Yellow,Brown,Small,No,No,Healthy,25.0,65.4,Rust
Wheat,Brown,Brown,Small,No,Yes,Healthy,24.3,79.5,Rust
Wheat,Yellow,Brown,Small,No,No,Healthy,25.1,59.6,Rust
Wheat,Yellow,Brown,Small,No,No,Healthy,22.3,82.5,Rust
Wheat,Yellow,Yellow,Small,No,Yes,Healthy,15.5,91.6,Rust
Wheat,Yellow,Brown,Small,No,No,Healthy,23.2,69.3,Rust
Wheat,Yellow,Brown,Small,No,No,Rotten,17.2,83.9,Rust
Wheat,Yellow,Brown,Small,Yes,No,Healthy,16.3,93.1,Rust
Wheat,Yellow,Brown,Small,No,No,Healthy,17.1,57.1,Rust
Wheat,Yellow,Brown,Small,No,No,Healthy,18.1,92.1,Rust
Wheat,Yellow,Brown,Small,Yes,No,Healthy,21.1,62.1,Rust
Wheat,Yellow,Brown,Large,No,No,Healthy,16.2,63.7,Rust
Wheat,Yellow,Black,Small,No,No,Healthy,20.3,63.9,Rust
Wheat,Yellow,Yellow,Small,No,No,Healthy,23.3,58.1,Rust
Wheat,Yellow,Brown,Small,Yes,No,Healthy,23.8,87.9,Rust
Wheat,Green,Brown,Small,No,No,Healthy,20.8,84.8,Rust
Wheat,Brown,Black,Small,No,No,Healthy,16.5,93.8,Rust
Wheat,Green,Brown,Small,No,No,Healthy,19.4,91.1,Rust
Wheat,Green,Brown,Medium,No,No,Dry,15.5,56.6,Rust
Wheat,Yellow,Brown,Large,No,No,Healthy,20.9,85.6,Rust
Wheat,Yellow,Brown,Small,No,Yes,Cracked,21.6,63.2,Rust
Wheat,Green,Brown,Small,No,No,Healthy,17.9,62.1,Rust
Wheat,Green,Brown,Small,No,No,Healthy,22.6,74.4,Rust
Wheat,Yellow,Brown,Small,No,No,Healthy,24.3,72.6,Rust
Wheat,Yellow,Brown,Small,No,No,Dry,20.5,60.4,Rust
Wheat,Yellow,Yellow,Medium,No,No,Cracked,25.3,61.2,Rust
Wheat,Yellow,White,Small,No,No,Healthy,19.3,93.3,Rust
Wheat,Yellow,Brown,Small,No,Yes,Healthy,24.4,69.5,Rust
Wheat,Yellow,Brown,Small,No,No,Healthy,26.2,66.8,Rust
Wheat,Yellow,Brown,Small,No,Yes,Cracked,26.1,66.4,Rust
Wheat,Yellow,Brown,Small,No,No,Healthy,11.3,66.0,Rust
Wheat,Yellow,Brown,Small,No,No,Healthy,15.8,72.4,Rust
Wheat,Yellow,Brown,Small,No,No,Healthy,17.9,74.9,Rust
Wheat,Yellow,Brown,Small,No,No,Healthy,17.9,81.2,Rust
Wheat,Brown,Yellow,Small,No,No,Healthy,13.8,78.1,Rust
Wheat,Yellow,Brown,Small,No,No,Healthy,16.1,91.0,Rust
Wheat,Black,White,Small,No,No,Healthy,23.0,76.4,Rust
Wheat,Yellow,Brown,None,Yes,No,Healthy,14.1,75.0,Rust
Wheat,Yellow,Brown,Small,No,No,Rotten,24.8,74.5,Rust
Wheat,Black,Brown,Small,No,No,Healthy,20.0,82.9,Rust
Wheat,Yellow,Brown,Small,No,No,Healthy,18.4,75.1,Rust
Wheat,Yellow,Brown,Small,No,No,Healthy,25.0,80.0,Rust
Wheat,White,Brown,Small,No,No,Healthy,14.6,61.8,Rust
Wheat,Yellow,Brown,Medium,Yes,No,Cracked,24.2,63.8,Rust
Wheat,Black,Brown,Small,No,No,Healthy,14.4,87.9,Rust
Wheat,Yellow,Brown,Small,No,No,Healthy,14.6,59.4,Rust
Wheat,Yellow,White,None,No,No,Healthy,24.1,91.9,Rust
Wheat,Yellow,Brown,Small,No,No,Healthy,23.1,68.8,Rust
Wheat,Black,Brown,Small,No,No,Healthy,20.3,76.1,Rust
Wheat,Black,Brown,Small,No,No,Healthy,38.5,69.6,Rust
Wheat,Yellow,Brown,Small,No,No,Healthy,14.3,86.7,Rust
Wheat,Yellow,None,Small,No,No,Healthy,16.0,76.7,Rust
Wheat,Yellow,Brown,Small,No,No,Healthy,13.8,69.3,Rust
Wheat,Yellow,Brown,Small,No,No,Healthy,18.0,66.3,Rust
Wheat,Black,White,Small,No,No,Healthy,19.4,91.6,Rust
Wheat,Yellow,Brown,Small,No,No,Cracked,22.8,77.9,Rust
Wheat,Black,Brown,Medium,No,No,Rotten,25.3,82.5,Rust
Wheat,Yellow,None,Small,No,No,Healthy,18.6,90.0,Rust
Wheat,Yellow,Brown,Large,No,No,Healthy,22.9,79.1,Rust
Wheat,Green,Brown,Large,No,No,Healthy,23.7,79.7,Rust
Wheat,Black,Brown,Small,Yes,No,Healthy,23.9,80.3,Rust
Wheat,Yellow,Brown,Medium,No,No,Healthy,14.0,70.7,Rust
Wheat,Green,Brown,Small,No,Yes,Healthy,15.2,60.5,Rust
Wheat,Yellow,Brown,Small,No,No,Healthy,17.1,61.7,Rust
Wheat,Yellow,Yellow,Small,No,No,Healthy,23.2,63.8,Rust
Wheat,Yellow,Brown,Small,No,No,Healthy,17.4,86.2,Rust
Wheat,Yellow,Brown,Small,No,No,Healthy,16.6,91.7,Rust
Wheat,Yellow,Black,Small,No,Yes,Healthy,15.2,69.4,Rust
Wheat,Yellow,Yellow,Small,No,No,Healthy,17.9,82.2,Rust
Wheat,Yellow,Brown,Small,No,No,Dry,14.4,57.8,Rust
Wheat,Yellow,Yellow,Small,No,No,Rotten,20.1,90.3,Rust
Wheat,Yellow,Brown,Small,No,No,Healthy,19.3,59.9,Rust
Wheat,Yellow,Brown,None,No,No,Dry,14.6,66.7,Rust
Wheat,Yellow,Brown,Small,No,No,Healthy,21.3,57.3,Rust
Wheat,Yellow,Brown,Small,No,No,Healthy,23.2,77.5,Rust
Wheat,Yellow,Brown,Small,No,No,Cracked,15.5,91.4,Rust
Wheat,Yellow,Brown,Small,No,No,Cracked,25.5,93.3,Rust
Wheat,Yellow,White,Medium,No,No,Healthy,16.3,93.5,Rust
Wheat,Yellow,Brown,Small,No,No,Healthy,15.7,81.2,Rust
Wheat,White,Brown,None,No,No,Healthy,18.4,80.8,Rust
Wheat,Green,Brown,Small,No,No,Cracked,17.8,73.7,Rust
Wheat,Black,Brown,Small,No,No,Healthy,20.9,70.6,Rust
Wheat,Yellow,Brown,Small,No,No,Healthy,19.3,67.8,Rust
Wheat,Yellow,Brown,Small,No,No,Healthy,25.0,68.2,Rust
Wheat,Brown,Brown,Small,No,No,Healthy,19.8,71.6,Rust
Wheat,Yellow,Brown,Small,No,No,Rotten,23.8,61.6,Rust
Wheat,Yellow,Black,Small,Yes,No,Healthy,21.4,77.3,Rust
Wheat,Yellow,Brown,Small,No,Yes,Healthy,22.3,81.5,Rust
Wheat,Yellow,Brown,Small,No,No,Healthy,40.4,82.3,Rust
Wheat,Yellow,Brown,Small,No,No,Healthy,16.4,91.7,Rust
Wheat,Yellow,Brown,Small,No,No,Healthy,25.3,56.1,Rust
Wheat,Yellow,Brown,Small,No,Yes,Rotten,23.3,61.2,Rust
Wheat,Yellow,Brown,Small,No,No,Cracked,19.7,57.6,Rust
Wheat,Yellow,Brown,Small,No,No,Healthy,18.7,57.3,Rust
Wheat,Yellow,Brown,Small,No,No,Healthy,15.7,87.2,Rust
Wheat,Yellow,Brown,Small,No,Yes,Healthy,17.9,65.4,Rust
Wheat,Yellow,Brown,Small,No,No,Healthy,14.6,81.5,Rust
Wheat,Yellow,Brown,Small,No,No,Rotten,18.6,84.4,Rust
Wheat,Yellow,Brown,None,No,No,Healthy,21.7,79.3,Rust
Wheat,Yellow,Brown,Small,No,No,Healthy,18.3,56.7,Rust
Wheat,Yellow,Brown,Small,No,No,Healthy,23.4,64.0,Rust
Wheat,Yellow,Brown,Small,No,No,Healthy,13.6,74.4,Rust
Wheat,Yellow,Brown,Small,No,No,Rotten,32.4,82.7,Rust
Wheat,Yellow,Yellow,Large,No,Yes,Healthy,24.2,62.3,Rust
Wheat,Yellow,Yellow,Small,No,No,Healthy,19.9,72.5,Rust
Wheat,Yellow,Brown,Small,No,No,Healthy,24.5,57.6,Rust
Wheat,Yellow,Brown,Small,No,No,Healthy,15.8,63.5,Rust
Wheat,Yellow,Brown,Small,No,No,Healthy,20.6,60.9,Rust
Wheat,Yellow,Brown,Small,No,No,Healthy,16.4,59.4,Rust
Wheat,Yellow,Brown,Large,No,No,Healthy,14.8,85.0,Rust
Wheat,Yellow,Brown,Small,No,No,Healthy,14.7,62.9,Rust
Wheat,Yellow,Brown,None,No,No,Healthy,14.6,82.2,Rust
Wheat,Yellow,Brown,Small,No,No,Cracked,17.2,45.8,Rust
Wheat,Yellow,Brown,Small,No,No,Healthy,14.3,86.0,Rust
Wheat,Yellow,Brown,None,No,No,Healthy,19.3,94.7,Rust
Wheat,Yellow,Brown,Small,No,No,Healthy,21.8,93.8,Rust
Wheat,Yellow,White,Small,No,No,Healthy,14.9,84.8,Rust
Wheat,Yellow,Brown,Large,No,No,Healthy,13.9,67.3,Rust
Wheat,Yellow,Brown,Small,No,No,Healthy,22.2,66.1,Rust
Wheat,Yellow,Brown,Small,No,No,Healthy,15.6,92.8,Rust
Wheat,Green,Black,Medium,No,No,Healthy,16.7,93.8,Rust
Wheat,Yellow,Brown,Small,No,No,Healthy,19.5,71.7,Rust
Wheat,Yellow,None,Small,No,No,Healthy,14.7,72.0,Rust
Wheat,Black,Brown,Small,No,No,Healthy,22.7,69.2,Rust
Wheat,Yellow,Brown,Small,No,No,Healthy,25.4,80.3,Rust
Wheat,Yellow,Brown,Small,No,No,Healthy,26.2,92.8,Rust
Wheat,Yellow,Brown,Small,No,No,Healthy,22.6,65.4,Rust
Wheat,Yellow,Brown,Small,No,No,Healthy,18.5,76.3,Rust
Wheat,Yellow,Brown,Small,No,No,Rotten,22.7,79.0,Rust
Wheat,Yellow,Brown,Small,No,No,Healthy,24.3,88.9,Rust
Wheat,Yellow,Brown,Small,No,Yes,Healthy,15.0,82.5,Rust
Wheat,Yellow,Brown,Small,No,No,Healthy,15.7,89.4,Rust
Wheat,Yellow,Brown,Small,No,No,Healthy,15.0,90.9,Rust
Wheat,Yellow,Brown,Small,No,No,Healthy,21.0,66.9,Rust
Wheat,Yellow,Brown,Small,Yes,No,Healthy,21.6,67.2,Rust
Wheat,Yellow,White,Small,No,No,Healthy,21.4,90.7,Rust
Wheat,Yellow,Brown,Small,No,No,Healthy,25.3,79.6,Rust
Wheat,Yellow,White,Small,No,No,Rotten,15.0,69.9,Rust
Wheat,Yellow,Brown,Small,Yes,No,Healthy,16.9,60.3,Rust
Wheat,Green,White,Small,No,No,Healthy,26.2,92.2,Rust
Wheat,Yellow,Brown,Small,No,No,Healthy,22.9,70.2,Rust
Wheat,Yellow,Brown,Small,No,No,Healthy,23.8,75.7,Rust
Wheat,Yellow,Brown,Small,No,No,Healthy,18.0,55.9,Rust
Wheat,Yellow,Brown,Small,No,No,Healthy,14.2,91.0,Rust
Wheat,Yellow,Brown,Small,No,No,Healthy,15.7,77.1,Rust
Wheat,Yellow,Brown,Small,No,No,Healthy,18.4,79.1,Rust
Wheat,Yellow,Brown,Small,No,No,Healthy,24.4,60.8,Rust
Wheat,Yellow,Brown,Medium,No,No,Healthy,18.1,69.9,Rust
Wheat,Yellow,Brown,Small,No,No,Healthy,19.2,90.4,Rust
Wheat,Yellow,Brown,Small,No,No,Healthy,22.1,78.9,Rust
Wheat,Yellow,Brown,None,Yes,Yes,Healthy,16.3,66.1,Rust
Wheat,Yellow,White,Small,No,No,Healthy,24.9,76.2,Rust
Wheat,Yellow,Brown,Small,No,No,Healthy,22.3,90.9,Rust
Wheat,White,Brown,Small,No,No,Healthy,15.6,60.8,Rust
Wheat,Yellow,Brown,Small,No,No,Healthy,20.0,93.8,Rust
Wheat,Yellow,Brown,Small,No,No,Healthy,23.4,92.4,Rust
Wheat,Yellow,Brown,Small,No,No,Dry,16.4,89.6,Rust
Wheat,Yellow,Brown,Large,No,No,Healthy,19.0,72.8,Rust
Wheat,Yellow,Brown,Small,No,No,Healthy,17.1,82.2,Rust
Wheat,Yellow,Brown,Small,No,No,Healthy,15.3,87.5,Rust
Wheat,Yellow,Brown,Medium,No,Yes,Healthy,25.7,66.5,Rust
Wheat,Yellow,Brown,Small,No,No,Healthy,16.7,61.8,Rust
Wheat,Yellow,Brown,Small,No,No,Healthy,18.7,65.1,Rust
Wheat,Yellow,Brown,Small,No,No,Healthy,18.5,69.1,Rust
Wheat,Yellow,Brown,Small,No,No,Healthy,17.8,86.9,Rust
Wheat,Yellow,Brown,Small,No,No,Healthy,22.0,65.2,Rust
Wheat,Yellow,Brown,Large,No,No,Healthy,25.3,76.6,Rust
Wheat,Yellow,White,Small,No,No,Rotten,25.7,86.0,Rust
Wheat,Brown,Brown,Small,No,No,Healthy,16.8,93.0,Rust
Wheat,White,Brown,Small,No,No,Healthy,18.5,63.5,Rust
Wheat,Yellow,Brown,Small,No,No,Healthy,24.9,63.5,Rust
Wheat,Yellow,Brown,Small,No,Yes,Healthy,18.4,56.2,Rust
Wheat,Brown,Brown,Small,No,No,Cracked,20.1,72.5,Rust
Wheat,Yellow,Brown,Small,No,No,Healthy,16.7,62.3,Rust
Wheat,Yellow,Brown,Small,No,No,Healthy,23.9,92.9,Rust
Wheat,Yellow,Brown,Large,No,No,Healthy,21.2,90.2,Rust
Wheat,Yellow,Black,Small,No,No,Healthy,23.2,82.8,Rust
Wheat,White,Brown,Small,No,No,Healthy,13.6,65.6,Rust
Wheat,Yellow,Brown,Medium,No,No,Healthy,14.4,78.4,Rust
Wheat,Yellow,Brown,Small,No,No,Healthy,15.4,30.3,Rust
Wheat,Green,Brown,Small,No,No,Healthy,22.7,87.8,Rust
Wheat,Yellow,Brown,Small,No,No,Healthy,19.8,79.6,Rust
Wheat,White,Brown,Small,Yes,Yes,Healthy,15.8,75.1,Rust
Wheat,Yellow,Brown,Small,No,No,Healthy,19.0,90.0,Rust
Wheat,Yellow,Brown,Small,No,No,Healthy,14.6,71.9,Rust
Wheat,Yellow,None,Small,No,No,Healthy,13.7,77.7,Rust
Wheat,Yellow,Brown,Small,No,Yes,Cracked,15.2,90.8,Rust
Wheat,White,Brown,Small,No,No,Healthy,24.5,90.3,Rust
Wheat,Green,Brown,Small,No,No,Healthy,21.4,71.4,Rust
Wheat,Yellow,Brown,Small,No,No,Healthy,24.9,94.1,Rust
Wheat,Yellow,Yellow,Small,No,No,Healthy,18.8,91.3,Rust
Wheat,Yellow,Brown,Small,No,No,Healthy,26.5,80.9,Rust
Wheat,Yellow,Brown,Small,No,No,Healthy,16.0,71.8,Rust
Wheat,Yellow,Brown,Small,No,No,Healthy,23.9,97.9,Rust
Wheat,Yellow,Brown,Small,No,No,Healthy,20.3,83.2,Rust
Wheat,Yellow,Brown,None,No,No,Healthy,18.9,60.0,Rust
Wheat,Green,Brown,Small,No,No,Healthy,22.6,78.2,Rust
Wheat,Yellow,Brown,Small,Yes,No,Healthy,14.8,81.1,Rust
Wheat,Yellow,Brown,Small,Yes,No,Healthy,18.6,83.6,Rust
Wheat,Yellow,Brown,Small,No,No,Healthy,13.6,63.3,Rust
Wheat,Yellow,Brown,Small,No,No,Healthy,16.3,80.2,Rust
Wheat,Yellow,Brown,Small,No,No,Healthy,22.5,71.7,Rust
Wheat,Yellow,Brown,Medium,No,No,Healthy,14.3,86.3,Rust
Wheat,Yellow,Brown,Small,No,No,Healthy,15.6,83.7,Rust
Wheat,Yellow,Brown,Large,No,No,Healthy,19.6,74.9,Rust
Wheat,Yellow,Black,Small,No,No,Healthy,26.4,92.9,Rust
Wheat,Yellow,Brown,Small,No,No,Healthy,25.1,92.8,Rust
Wheat,Yellow,Brown,Small,No,No,Healthy,17.7,74.2,Rust
Wheat,Yellow,Brown,Small,No,No,Healthy,17.9,85.8,Rust
Wheat,Yellow,Brown,Small,No,No,Healthy,19.3,62.8,Rust
Wheat,Yellow,Brown,Small,No,No,Healthy,15.0,85.9,Rust
Wheat,Yellow,Brown,Small,No,No,Healthy,20.4,76.4,Rust
Wheat,Yellow,White,Large,No,No,Healthy,25.8,61.7,Rust
Wheat,Yellow,Brown,Small,No,No,Healthy,16.4,85.7,Rust
Wheat,Yellow,Brown,Small,No,No,Healthy,18.0,81.2,Rust
Wheat,Yellow,Black,Small,No,No,Healthy,16.1,65.0,Rust
Wheat,Yellow,Brown,Small,No,No,Healthy,23.2,64.9,Rust
Wheat,Yellow,Brown,None,No,No,Healthy,14.7,93.2,Rust
Wheat,White,Brown,Small,No,No,Healthy,17.5,88.6,Rust
Wheat,Brown,Brown,Small,No,No,Healthy,26.1,91.6,Rust
Wheat,White,Brown,Small,No,No,Cracked,24.5,84.9,Rust
Wheat,Yellow,Brown,Medium,No,No,Healthy,20.0,75.9,Rust
Wheat,Yellow,Brown,Small,No,No,Healthy,14.4,58.9,Rust
Wheat,Yellow,Brown,Small,No,No,Healthy,21.0,58.0,Rust
Wheat,Yellow,None,Large,No,No,Healthy,16.7,76.6,Rust
Wheat,Yellow,None,Small,No,No,Healthy,25.7,90.5,Rust
Wheat,Yellow,Brown,Small,No,No,Healthy,16.3,73.5,Rust
Wheat,Yellow,Brown,Small,No,No,Healthy,22.1,80.2,Rust
Wheat,Yellow,Brown,None,No,No,Healthy,15.1,91.9,Rust
Grapes,Green,Yellow,Small,No,Yes,Healthy,24.2,53.0,Powdery Mildew
Grapes,Green,White,Small,No,No,Healthy,30.5,56.2,Powdery Mildew
Grapes,Green,White,Small,No,Yes,Healthy,18.7,51.8,Powdery Mildew
Grapes,Green,White,Small,No,Yes,Healthy,20.8,48.1,Powdery Mildew
Grapes,Green,White,Medium,No,No,Dry,28.2,47.8,Powdery Mildew
Grapes,Green,White,Small,No,No,Healthy,20.3,51.9,Powdery Mildew
Grapes,Green,White,Small,No,Yes,Healthy,24.1,70.3,Powdery Mildew
Grapes,Green,Yellow,Small,No,No,Healthy,23.3,61.3,Powdery Mildew
Grapes,Green,White,Small,No,Yes,Healthy,22.7,37.9,Powdery Mildew
Grapes,Green,Black,Small,No,Yes,Healthy,21.6,43.6,Powdery Mildew
Grapes,Green,Brown,Small,No,Yes,Healthy,22.6,69.8,Powdery Mildew
Grapes,Black,White,Small,No,Yes,Healthy,29.0,73.0,Powdery Mildew
Grapes,Brown,White,Small,No,No,Healthy,27.8,62.3,Powdery Mildew
Grapes,Green,White,Small,No,Yes,Healthy,18.8,62.2,Powdery Mildew
Grapes,Green,White,Small,No,Yes,Healthy,31.4,42.9,Powdery Mildew
Grapes,Black,White,Small,No,Yes,Healthy,31.0,44.2,Powdery Mildew
Grapes,Green,White,Small,No,No,Healthy,25.0,46.2,Powdery Mildew
Grapes,Green,Brown,Small,No,Yes,Healthy,28.5,37.5,Powdery Mildew
Grapes,Green,Black,Small,No,Yes,Healthy,29.8,35.9,Powdery Mildew
Grapes,Green,White,Small,No,Yes,Healthy,24.2,40.9,Powdery Mildew
Grapes,Green,White,Small,No,Yes,Cracked,23.5,73.0,Powdery Mildew
Grapes,Green,Brown,Small,No,Yes,Healthy,20.8,58.8,Powdery Mildew
Grapes,Green,Yellow,Small,No,Yes,Dry,25.7,50.6,Powdery Mildew
Grapes,Green,White,Small,No,Yes,Healthy,26.4,55.6,Powdery Mildew
Grapes,Green,White,Small,No,Yes,Healthy,29.6,63.1,Powdery Mildew
Grapes,Green,Black,Small,No,Yes,Healthy,23.4,42.5,Powdery Mildew
Grapes,Brown,White,None,No,Yes,Healthy,26.5,71.6,Powdery Mildew
Grapes,Green,None,Small,No,Yes,Healthy,23.5,72.8,Powdery Mildew
Grapes,Green,White,Small,Yes,Yes,Healthy,26.5,48.6,Powdery Mildew
Grapes,Green,Brown,Large,No,Yes,Dry,23.6,54.7,Powdery Mildew
Grapes,Green,White,Large,No,Yes,Cracked,20.5,43.7,Powdery Mildew
Grapes,Green,White,Small,No,Yes,Healthy,28.3,59.5,Powdery Mildew
Grapes,Green,White,Small,No,Yes,Healthy,19.7,56.6,Powdery Mildew
Grapes,Yellow,White,Small,No,Yes,Healthy,21.8,67.1,Powdery Mildew
Grapes,Green,White,Small,Yes,Yes,Healthy,25.1,61.7,Powdery Mildew
Grapes,Green,White,Small,No,Yes,Healthy,29.8,56.9,Powdery Mildew
Grapes,Green,White,Small,No,Yes,Rotten,28.1,74.0,Powdery Mildew
Grapes,Green,White,Small,No,Yes,Healthy,23.2,64.4,Powdery Mildew
Grapes,Green,White,Small,No,Yes,Healthy,30.4,72.5,Powdery Mildew
Grapes,Green,White,Small,No,Yes,Healthy,28.0,38.0,Powdery Mildew
Grapes,Green,White,Small,No,Yes,Healthy,20.2,98.0,Powdery Mildew
Grapes,Green,White,Small,No,Yes,Healthy,18.9,47.8,Powdery Mildew
Grapes,Green,None,Small,No,Yes,Healthy,25.9,44.5,Powdery Mildew
Grapes,Green,Brown,Small,No,Yes,Healthy,30.1,62.3,Powdery Mildew
Grapes,Green,White,Large,No,Yes,Healthy,30.8,52.8,Powdery Mildew
Grapes,Green,White,Medium,No,Yes,Healthy,25.6,43.0,Powdery Mildew
Grapes,Green,White,Small,No,Yes,Healthy,23.2,51.2,Powdery Mildew
Grapes,Green,White,Small,No,Yes,Healthy,30.8,72.0,Powdery Mildew
Grapes,Green,White,Small,No,Yes,Healthy,25.7,45.2,Powdery Mildew
Grapes,Green,White,Small,No,No,Healthy,26.6,73.6,Powdery Mildew
Grapes,Green,White,Small,No,Yes,Healthy,29.0,68.1,Powdery Mildew
Grapes,Green,None,Small,No,Yes,Healthy,31.2,46.1,Powdery Mildew
Grapes,Green,Black,Small,No,Yes,Healthy,23.9,56.3,Powdery Mildew
Grapes,Green,White,None,No,Yes,Healthy,30.6,61.4,Powdery Mildew
Grapes,Green,White,Small,No,Yes,Healthy,27.3,73.2,Powdery Mildew
Grapes,Green,White,Small,No,Yes,Healthy,27.4,61.2,Powdery Mildew
Grapes,Green,White,Small,Yes,Yes,Rotten,20.9,51.5,Powdery Mildew
Grapes,Green,Yellow,Small,No,Yes,Healthy,23.5,67.1,Powdery Mildew
Grapes,Green,White,Small,No,Yes,Healthy,29.5,55.3,Powdery Mildew
Grapes,Green,White,Small,No,Yes,Healthy,19.8,62.6,Powdery Mildew
Grapes,Green,None,Small,No,Yes,Healthy,24.4,51.7,Powdery Mildew
Grapes,Green,White,Small,No,Yes,Healthy,21.8,63.2,Powdery Mildew
Grapes,Green,White,Small,No,Yes,Healthy,19.1,44.8,Powdery Mildew
Grapes,Green,White,Small,No,Yes,Healthy,23.8,64.4,Powdery Mildew
Grapes,Brown,White,Large,No,Yes,Healthy,26.2,54.4,Powdery Mildew
Grapes,Green,White,Small,Yes,No,Healthy,29.2,48.0,Powdery Mildew
Grapes,Green,White,Small,No,Yes,Healthy,22.7,73.5,Powdery Mildew
Grapes,Green,White,Small,No,No,Healthy,30.3,63.4,Powdery Mildew
Grapes,Green,White,Small,Yes,Yes,Healthy,20.1,70.6,Powdery Mildew
Grapes,Green,White,None,No,Yes,Healthy,24.3,74.2,Powdery Mildew
Grapes,Green,White,Small,No,Yes,Healthy,31.5,53.4,Powdery Mildew
Grapes,Green,White,Small,No,Yes,Healthy,24.5,40.8,Powdery Mildew
Grapes,Green,Brown,Small,No,Yes,Healthy,31.4,57.9,Powdery Mildew
Grapes,Green,White,Medium,No,Yes,Healthy,31.4,36.3,Powdery Mildew
Grapes,Green,White,Small,No,Yes,Healthy,29.1,50.8,Powdery Mildew
Grapes,Green,White,Small,No,Yes,Healthy,19.2,67.2,Powdery Mildew
Grapes,Brown,White,Small,No,Yes,Cracked,20.5,73.4,Powdery Mildew
Grapes,White,White,Small,No,Yes,Healthy,25.7,36.0,Powdery Mildew
Grapes,Green,White,Small,No,Yes,Healthy,29.0,68.9,Powdery Mildew
Grapes,Green,White,Medium,No,Yes,Healthy,18.9,35.9,Powdery Mildew
Grapes,White,White,Large,No,Yes,Healthy,28.9,46.8,Powdery Mildew
Grapes,Green,White,Small,No,Yes,Healthy,26.3,69.6,Powdery Mildew
Grapes,Green,Brown,Small,No,Yes,Healthy,28.4,58.4,Powdery Mildew
Grapes,Brown,White,Small,No,Yes,Healthy,29.4,42.2,Powdery Mildew
Grapes,Green,White,Small,Yes,Yes,Healthy,20.0,72.1,Powdery Mildew
Grapes,Black,White,Small,No,No,Healthy,29.1,40.5,Powdery Mildew
Grapes,Green,White,Small,No,Yes,Healthy,27.5,42.0,Powdery Mildew
Grapes,Green,None,Small,No,Yes,Rotten,21.7,65.5,Powdery Mildew
Grapes,Green,White,Medium,No,No,Healthy,18.6,36.1,Powdery Mildew
Grapes,Green,White,None,No,Yes,Healthy,22.0,43.0,Powdery Mildew
Grapes,Black,White,Small,No,Yes,Healthy,30.8,44.1,Powdery Mildew
Grapes,Green,White,Small,No,Yes,Dry,21.6,38.2,Powdery Mildew
Grapes,Green,White,Small,No,Yes,Healthy,30.3,73.0,Powdery Mildew
Grapes,Green,White,Medium,No,Yes,Healthy,36.2,65.8,Powdery Mildew
Grapes,Black,White,Medium,No,No,Healthy,29.7,41.3,Powdery Mildew
Grapes,Green,White,Medium,No,Yes,Cracked,23.6,54.6,Powdery Mildew
Grapes,White,Brown,Small,No,Yes,Healthy,22.3,50.8,Powdery Mildew
Grapes,Black,White,Small,No,Yes,Healthy,24.6,41.3,Powdery Mildew
Grapes,Green,White,Small,No,Yes,Healthy,29.8,49.7,Powdery Mildew
Grapes,Green,White,Small,No,Yes,Healthy,25.1,58.0,Powdery Mildew
Grapes,Green,White,Small,No,Yes,Healthy,25.4,57.5,Powdery Mildew
Grapes,Green,White,Small,No,Yes,Healthy,30.4,51.7,Powdery Mildew
Grapes,Green,White,Small,No,No,Healthy,21.5,45.4,Powdery Mildew
Grapes,Green,White,Small,No,Yes,Healthy,31.0,71.7,Powdery Mildew
Grapes,Green,White,Small,No,Yes,Healthy,34.0,69.3,Powdery Mildew
Grapes,Green,White,None,No,Yes,Healthy,29.9,60.6,Powdery Mildew
Grapes,Green,Black,Small,No,Yes,Healthy,24.1,54.0,Powdery Mildew
Grapes,Green,White,Small,No,Yes,Healthy,30.5,38.6,Powdery Mildew
Grapes,Green,White,Small,No,Yes,Healthy,28.8,60.6,Powdery Mildew
Grapes,Green,White,Small,No,Yes,Healthy,22.7,58.6,Powdery Mildew
Grapes,Green,White,Small,No,Yes,Dry,21.8,52.9,Powdery Mildew
Grapes,Green,Yellow,Small,No,Yes,Healthy,32.8,52.3,Powdery Mildew
Grapes,Green,White,Small,No,Yes,Healthy,28.7,65.1,Powdery Mildew
Grapes,White,White,Small,No,Yes,Healthy,25.0,58.7,Powdery Mildew
Grapes,Green,White,Small,No,Yes,Healthy,41.7,60.7,Powdery Mildew
Grapes,Green,White,Large,No,Yes,Rotten,22.3,64.6,Powdery Mildew
Grapes,Green,White,Small,No,Yes,Healthy,29.8,48.2,Powdery Mildew
Grapes,Green,White,Small,No,Yes,Healthy,24.2,44.5,Powdery Mildew
Grapes,Brown,White,Small,No,Yes,Healthy,27.3,55.2,Powdery Mildew
Grapes,Yellow,White,Small,No,Yes,Healthy,19.6,54.2,Powdery Mildew
Grapes,Green,White,Small,No,Yes,Healthy,28.2,42.4,Powdery Mildew
Grapes,Green,White,Small,No,Yes,Healthy,21.8,75.9,Powdery Mildew
Grapes,Brown,White,Small,No,Yes,Cracked,27.8,60.1,Powdery Mildew
Grapes,Green,Black,Small,No,Yes,Healthy,24.0,62.9,Powdery Mildew
Grapes,Green,White,Small,No,Yes,Healthy,19.3,60.9,Powdery Mildew
Grapes,Black,White,Small,No,Yes,Healthy,24.8,52.8,Powdery Mildew
Grapes,Green,White,Small,No,Yes,Healthy,27.2,35.9,Powdery Mildew
Grapes,White,White,Small,No,Yes,Cracked,20.9,55.4,Powdery Mildew
Grapes,Green,None,Small,No,Yes,Healthy,26.4,54.9,Powdery Mildew
Grapes,Green,White,Small,No,Yes,Healthy,23.3,52.0,Powdery Mildew
Grapes,Green,White,Small,No,Yes,Healthy,30.0,48.2,Powdery Mildew
Grapes,Green,White,Medium,Yes,Yes,Healthy,19.2,55.0,Powdery Mildew
Grapes,Green,White,Small,No,Yes,Healthy,20.9,50.3,Powdery Mildew
Grapes,Green,White,Small,No,Yes,Healthy,29.7,71.2,Powdery Mildew
Grapes,Green,White,Small,No,Yes,Dry,22.9,70.2,Powdery Mildew
Grapes,Green,Yellow,Small,No,Yes,Healthy,26.3,50.7,Powdery Mildew
Grapes,Green,Brown,Small,No,Yes,Rotten,30.1,43.1,Powdery Mildew
Grapes,Green,White,Small,No,Yes,Healthy,28.5,58.7,Powdery Mildew
Grapes,Black,White,Small,No,Yes,Healthy,28.5,54.0,Powdery Mildew
Grapes,Green,White,Small,Yes,Yes,Healthy,31.0,72.2,Powdery Mildew
Grapes,Green,Black,Small,No,Yes,Healthy,29.1,51.9,Powdery Mildew
Grapes,Green,White,Small,No,Yes,Healthy,26.4,38.1,Powdery Mildew
Grapes,Green,White,Small,No,Yes,Healthy,27.2,70.9,Powdery Mildew
Grapes,Green,White,Small,No,Yes,Healthy,27.2,69.4,Powdery Mildew
Grapes,Green,White,Small,No,Yes,Healthy,21.4,44.7,Powdery Mildew
Grapes,Green,White,Small,No,Yes,Healthy,26.3,51.5,Powdery Mildew
Grapes,Green,None,Medium,No,Yes,Healthy,18.9,62.2,Powdery Mildew
Grapes,Brown,White,Small,No,Yes,Healthy,30.7,54.2,Powdery Mildew
Grapes,Black,White,Small,Yes,Yes,Healthy,25.4,39.7,Powdery Mildew
Grapes,Green,White,Small,No,Yes,Healthy,21.3,56.2,Powdery Mildew
Grapes,Green,White,Small,No,Yes,Cracked,30.7,44.6,Powdery Mildew
Grapes,Green,White,Small,No,Yes,Healthy,30.5,42.1,Powdery Mildew
Grapes,Green,White,Small,No,Yes,Healthy,31.3,37.5,Powdery Mildew
Grapes,Green,White,Large,No,Yes,Healthy,26.6,69.2,Powdery Mildew
Grapes,Green,White,Small,No,Yes,Healthy,25.9,64.8,Powdery Mildew
Grapes,Green,White,Small,No,Yes,Dry,23.2,59.4,Powdery Mildew
Grapes,Green,White,Large,No,Yes,Healthy,24.4,45.0,Powdery Mildew
Grapes,Green,White,Small,No,Yes,Healthy,22.7,48.7,Powdery Mildew
Grapes,Green,Yellow,Large,No,Yes,Rotten,24.3,50.5,Powdery Mildew
Grapes,Green,White,Small,No,Yes,Healthy,20.1,42.8,Powdery Mildew
Grapes,Green,White,Small,No,Yes,Cracked,21.5,78.3,Powdery Mildew
Grapes,Green,White,Small,No,Yes,Rotten,19.8,40.8,Powdery Mildew
Grapes,White,White,Small,No,Yes,Healthy,29.9,49.9,Powdery Mildew
Grapes,Green,White,Small,No,Yes,Healthy,28.0,59.2,Powdery Mildew
Grapes,Green,White,Large,No,Yes,Healthy,27.6,54.1,Powdery Mildew
Grapes,Green,White,Small,No,Yes,Healthy,21.7,60.0,Powdery Mildew
Grapes,Green,White,Small,No,Yes,Healthy,27.4,46.9,Powdery Mildew
Grapes,Green,White,Small,No,Yes,Healthy,24.2,44.5,Powdery Mildew
Grapes,Green,White,Small,No,Yes,Cracked,26.6,61.7,Powdery Mildew
Grapes,White,White,Small,No,Yes,Healthy,20.6,66.8,Powdery Mildew
Grapes,Green,White,Small,No,Yes,Healthy,22.8,47.8,Powdery Mildew
Grapes,Green,Black,Small,No,Yes,Healthy,21.3,59.6,Powdery Mildew
Grapes,Green,White,Small,No,Yes,Dry,24.3,38.0,Powdery Mildew
Grapes,Green,Yellow,Small,No,Yes,Healthy,21.4,57.7,Powdery Mildew
Grapes,White,White,Small,No,Yes,Rotten,18.5,70.1,Powdery Mildew
Grapes,Green,White,Small,No,Yes,Healthy,31.2,52.1,Powdery Mildew
Grapes,Green,White,Small,Yes,Yes,Healthy,30.6,54.0,Powdery Mildew
Grapes,Green,White,Small,No,Yes,Healthy,22.6,64.6,Powdery Mildew
Grapes,Green,White,Small,No,Yes,Healthy,29.2,64.7,Powdery Mildew
Grapes,Green,White,Small,No,No,Healthy,21.2,54.4,Powdery Mildew
Grapes,Green,White,Small,No,Yes,Healthy,19.6,37.8,Powdery Mildew
Grapes,Green,None,Small,No,Yes,Healthy,28.5,67.6,Powdery Mildew
Grapes,Green,Yellow,Small,No,Yes,Healthy,36.5,37.3,Powdery Mildew
Grapes,Green,White,Small,No,Yes,Healthy,30.8,59.8,Powdery Mildew
Grapes,Green,White,Small,No,Yes,Healthy,30.5,44.3,Powdery Mildew
Grapes,Green,White,Small,No,Yes,Healthy,33.3,39.3,Powdery Mildew
Grapes,Green,White,Small,No,Yes,Healthy,26.8,66.1,Powdery Mildew
Grapes,White,Yellow,Small,No,Yes,Healthy,21.3,76.1,Powdery Mildew
Grapes,Green,White,Small,No,Yes,Healthy,19.9,35.9,Powdery Mildew
Grapes,Green,White,Small,No,Yes,Dry,30.9,55.0,Powdery Mildew
Grapes,Green,White,Small,Yes,Yes,Healthy,23.4,39.7,Powdery Mildew
Grapes,Green,White,Small,No,Yes,Healthy,20.0,69.3,Powdery Mildew
Grapes,Green,White,Small,No,Yes,Healthy,30.8,58.3,Powdery Mildew
Grapes,Green,White,Small,No,No,Rotten,25.1,66.1,Powdery Mildew
Grapes,Green,White,Medium,No,Yes,Healthy,23.5,72.3,Powdery Mildew
Grapes,Green,White,Small,Yes,Yes,Healthy,23.3,52.3,Powdery Mildew
Grapes,Green,White,Small,No,Yes,Healthy,31.3,45.5,Powdery Mildew
Grapes,Green,White,Small,No,Yes,Healthy,26.2,35.1,Powdery Mildew
Grapes,Green,White,Small,No,Yes,Healthy,30.2,84.1,Powdery Mildew
Grapes,Green,White,Small,No,Yes,Healthy,28.9,52.5,Powdery Mildew
Grapes,Brown,White,Medium,No,Yes,Dry,24.1,41.4,Powdery Mildew
Grapes,White,White,Small,No,Yes,Healthy,28.5,69.3,Powdery Mildew
Grapes,Green,White,Small,No,Yes,Rotten,24.2,53.9,Powdery Mildew
Grapes,Yellow,White,Large,No,Yes,Healthy,20.5,53.8,Powdery Mildew
Grapes,Black,White,Small,No,Yes,Healthy,30.3,66.4,Powdery Mildew
Grapes,Green,White,Small,No,Yes,Cracked,20.5,57.9,Powdery Mildew
Grapes,Green,White,Small,No,No,Healthy,23.8,45.7,Powdery Mildew
Grapes,Green,White,Small,No,Yes,Healthy,18.9,38.5,Powdery Mildew
Grapes,Green,White,Small,No,Yes,Healthy,21.2,62.0,Powdery Mildew
Grapes,Green,White,Small,No,Yes,Healthy,18.0,56.6,Powdery Mildew
Grapes,Green,White,Small,No,Yes,Dry,26.5,69.6,Powdery Mildew
Grapes,Green,White,Small,No,Yes,Healthy,24.8,45.6,Powdery Mildew
Grapes,Green,Brown,Small,No,No,Healthy,22.7,50.3,Powdery Mildew
Grapes,Green,White,None,No,Yes,Rotten,30.5,48.6,Powdery Mildew
Grapes,Green,White,None,No,Yes,Healthy,20.3,56.1,Powdery Mildew
Grapes,Black,White,Small,No,No,Healthy,19.0,74.5,Powdery Mildew
Grapes,Green,White,Small,No,No,Healthy,19.7,50.8,Powdery Mildew
Grapes,Green,White,Small,No,Yes,Healthy,31.2,38.7,Powdery Mildew
Grapes,Green,White,Small,No,Yes,Cracked,28.1,20.6,Powdery Mildew
Grapes,Green,White,Small,No,Yes,Healthy,26.6,63.4,Powdery Mildew
Grapes,Green,White,Small,No,Yes,Healthy,26.2,67.7,Powdery Mildew
Grapes,Green,White,Small,No,Yes,Healthy,29.6,45.2,Powdery Mildew
Grapes,Green,White,Small,No,Yes,Healthy,28.7,49.6,Powdery Mildew
Grapes,Brown,Black,Small,No,No,Healthy,23.7,74.0,Powdery Mildew
Grapes,White,White,Small,No,Yes,Healthy,23.2,36.0,Powdery Mildew
Grapes,Green,White,Small,No,Yes,Healthy,29.9,66.5,Powdery Mildew
Grapes,Green,Brown,Small,No,Yes,Rotten,11.6,51.9,Powdery Mildew
Grapes,Green,Black,Small,No,Yes,Healthy,31.3,67.1,Powdery Mildew
Grapes,Green,White,Small,No,Yes,Healthy,27.6,39.2,Powdery Mildew
Grapes,Green,White,Small,No,Yes,Healthy,22.6,71.4,Powdery Mildew
Grapes,Green,White,Small,No,Yes,Healthy,18.6,67.9,Powdery Mildew
Grapes,Green,White,Small,No,Yes,Healthy,26.3,38.9,Powdery Mildew
Grapes,Green,White,Small,No,Yes,Healthy,31.1,66.1,Powdery Mildew
Grapes,Green,White,Small,No,Yes,Healthy,21.0,70.0,Powdery Mildew
Grapes,Brown,White,Medium,No,No,Healthy,27.8,69.2,Powdery Mildew
Grapes,Green,None,Small,No,Yes,Healthy,28.0,69.1,Powdery Mildew
Grapes,Black,White,Small,No,Yes,Dry,27.6,55.0,Powdery Mildew
Grapes,Green,None,Small,No,Yes,Healthy,23.1,70.3,Powdery Mildew
Grapes,Green,None,Small,No,Yes,Healthy,18.6,40.3,Powdery Mildew
Grapes,Green,None,Small,No,Yes,Healthy,19.8,40.4,Powdery Mildew
Grapes,Green,White,Small,No,Yes,Healthy,26.1,49.4,Powdery Mildew
Grapes,Green,White,Small,No,Yes,Healthy,38.6,51.1,Powdery Mildew
Grapes,Green,White,Medium,No,Yes,Rotten,28.4,42.2,Powdery Mildew
Grapes,Black,Black,Small,No,Yes,Dry,22.1,64.9,Powdery Mildew
Grapes,Green,White,Small,No,Yes,Cracked,23.7,44.2,Powdery Mildew
Grapes,Green,White,Small,No,Yes,Healthy,23.6,41.2,Powdery Mildew
Grapes,Green,White,Large,No,Yes,Healthy,22.6,52.3,Powdery Mildew
Grapes,Green,White,Small,No,Yes,Healthy,28.2,66.3,Powdery Mildew
Grapes,Green,White,Small,No,Yes,Healthy,26.0,62.2,Powdery Mildew
Grapes,Green,Brown,Small,No,Yes,Healthy,27.3,60.2,Powdery Mildew
Grapes,Green,White,Small,No,Yes,Rotten,27.0,59.2,Powdery Mildew
Grapes,Green,White,Small,No,Yes,Healthy,19.5,67.0,Powdery Mildew
Grapes,Green,White,Small,No,Yes,Healthy,28.2,55.7,Powdery Mildew
Grapes,Green,White,Small,No,Yes,Healthy,27.9,61.1,Powdery Mildew
Grapes,Green,White,Small,No,No,Healthy,23.7,37.4,Powdery Mildew
Grapes,Black,White,Small,No,No,Healthy,23.0,46.0,Powdery Mildew
Grapes,Green,White,Small,No,Yes,Healthy,25.4,64.2,Powdery Mildew
Grapes,Green,White,Small,No,Yes,Healthy,26.3,69.7,Powdery Mildew
Grapes,Green,White,Small,No,Yes,Healthy,18.5,62.4,Powdery Mildew
Grapes,Green,White,Small,No,Yes,Healthy,31.0,45.7,Powdery Mildew
Grapes,Yellow,White,Small,No,Yes,Dry,24.9,45.4,Powdery Mildew
Grapes,Green,White,Small,No,Yes,Healthy,20.0,60.8,Powdery Mildew
Grapes,Green,Yellow,Small,No,Yes,Healthy,27.1,68.5,Powdery Mildew
Grapes,Green,White,Small,No,Yes,Healthy,24.9,66.7,Powdery Mildew
Grapes,Yellow,White,Small,No,Yes,Healthy,25.3,59.9,Powdery Mildew
Grapes,Green,None,Small,No,Yes,Dry,21.6,43.6,Powdery Mildew
Grapes,Green,White,None,No,Yes,Healthy,27.7,69.7,Powdery Mildew
Grapes,Green,White,Small,No,Yes,Healthy,22.7,81.5,Powdery Mildew
Grapes,Green,White,Small,No,Yes,Healthy,31.3,73.5,Powdery Mildew
Grapes,White,White,Small,No,Yes,Dry,28.1,20.5,Powdery Mildew
Grapes,Green,White,Small,No,Yes,Rotten,22.0,58.8,Powdery Mildew
Grapes,Green,White,Small,No,Yes,Healthy,25.6,39.2,Powdery Mildew
Grapes,Brown,White,Small,No,Yes,Healthy,24.2,93.1,Powdery Mildew
Grapes,Green,White,Small,No,Yes,Healthy,27.9,64.4,Powdery Mildew
Grapes,Green,Yellow,Small,No,Yes,Cracked,30.3,46.4,Powdery Mildew
Grapes,Green,White,Small,No,Yes,Healthy,28.5,39.4,Powdery Mildew
Grapes,Green,White,Small,No,Yes,Healthy,24.9,60.6,Powdery Mildew
Grapes,Green,White,Small,No,Yes,Healthy,19.7,39.6,Powdery Mildew
Grapes,Green,White,Small,No,Yes,Healthy,27.4,44.5,Powdery Mildew
Grapes,Brown,White,Small,No,Yes,Healthy,19.8,21.2,Powdery Mildew
Grapes,Green,Brown,Small,No,No,Healthy,22.0,73.5,Powdery Mildew
Grapes,Green,White,Small,No,Yes,Healthy,30.8,68.0,Powdery Mildew
Grapes,Green,White,Small,No,Yes,Dry,31.3,47.6,Powdery Mildew
Grapes,Green,White,Small,No,Yes,Healthy,18.6,73.7,Powdery Mildew
Grapes,Green,White,Small,No,Yes,Healthy,24.2,72.6,Powdery Mildew
Grapes,Brown,Black,Small,No,Yes,Healthy,31.1,45.7,Powdery Mildew
Grapes,Green,White,Small,No,No,Healthy,20.8,40.1,Powdery Mildew
Grapes,Green,White,Small,No,Yes,Healthy,21.8,79.0,Powdery Mildew
Grapes,Green,White,Small,No,Yes,Healthy,22.0,52.4,Powdery Mildew
Grapes,Green,White,Small,No,Yes,Rotten,23.2,59.8,Powdery Mildew
Grapes,Green,Yellow,Small,No,Yes,Healthy,29.7,51.0,Powdery Mildew
Grapes,Green,White,Small,No,Yes,Healthy,31.3,39.9,Powdery Mildew
Grapes,Black,None,Small,No,Yes,Healthy,25.9,59.0,Powdery Mildew
Grapes,Green,None,Small,No,No,Healthy,24.8,66.9,Powdery Mildew
Grapes,Green,White,Small,No,Yes,Healthy,20.1,53.4,Powdery Mildew
Grapes,Yellow,White,Small,No,Yes,Healthy,24.0,49.8,Powdery Mildew
Grapes,Green,White,Small,No,Yes,Rotten,29.8,68.9,Powdery Mildew
Grapes,Green,Black,Medium,No,Yes,Healthy,28.7,53.3,Powdery Mildew
Grapes,Green,Yellow,Small,No,Yes,Healthy,23.5,68.7,Powdery Mildew
Grapes,Green,White,Small,No,Yes,Healthy,25.0,57.3,Powdery Mildew
Grapes,Brown,White,Small,No,Yes,Healthy,25.9,39.9,Powdery Mildew
Grapes,Green,White,Small,No,Yes,Healthy,25.5,52.9,Powdery Mildew
Grapes,Green,White,Small,No,Yes,Cracked,26.3,70.4,Powdery Mildew
Grapes,Green,White,Small,No,Yes,Healthy,29.5,68.5,Powdery Mildew
Grapes,Green,White,Small,No,Yes,Healthy,28.0,43.8,Powdery Mildew
Grapes,Green,White,None,No,Yes,Healthy,31.1,71.3,Powdery Mildew
Grapes,Green,White,Small,No,Yes,Healthy,27.6,49.5,Powdery Mildew
Grapes,Green,Black,Medium,No,Yes,Healthy,29.1,40.7,Powdery Mildew
Grapes,Green,White,Small,No,Yes,Healthy,27.0,50.7,Powdery Mildew
Grapes,Green,White,Small,No,Yes,Healthy,31.3,36.5,Powdery Mildew
Grapes,Green,White,Small,No,Yes,Healthy,26.6,62.6,Powdery Mildew
Grapes,Black,White,Small,No,Yes,Healthy,22.0,72.1,Powdery Mildew
Grapes,Green,White,Medium,No,Yes,Healthy,26.8,65.8,Powdery Mildew
Grapes,Green,White,Small,No,Yes,Healthy,24.8,67.9,Powdery Mildew
Grapes,Green,White,Small,No,Yes,Healthy,19.9,74.3,Powdery Mildew
Grapes,Green,White,Small,No,Yes,Healthy,24.6,42.3,Powdery Mildew
Grapes,Green,White,Small,No,Yes,Healthy,25.1,61.9,Powdery Mildew
Grapes,Green,Brown,Small,No,Yes,Healthy,30.8,54.2,Powdery Mildew
Grapes,Green,White,Small,No,Yes,Healthy,19.7,50.3,Powdery Mildew
Grapes,Green,None,Small,Yes,Yes,Healthy,21.9,45.1,Powdery Mildew
Grapes,Green,Yellow,Large,No,Yes,Healthy,20.4,67.1,Powdery Mildew
Grapes,Green,White,Small,No,Yes,Rotten,21.3,72.5,Powdery Mildew
Grapes,Green,White,Small,No,Yes,Healthy,25.4,47.2,Powdery Mildew
Grapes,Green,White,Small,No,Yes,Healthy,31.3,42.5,Powdery Mildew
Grapes,Green,White,Small,No,Yes,Healthy,19.1,68.3,Powdery Mildew
Grapes,Green,White,Small,No,Yes,Healthy,27.6,45.1,Powdery Mildew
Grapes,Green,White,Small,No,Yes,Healthy,27.2,57.7,Powdery Mildew
Grapes,Green,White,Small,No,Yes,Cracked,25.5,71.4,Powdery Mildew
Grapes,Green,White,Small,No,Yes,Healthy,22.6,68.1,Powdery Mildew
Grapes,Green,White,Small,No,Yes,Healthy,27.7,35.8,Powdery Mildew
Grapes,Green,White,Small,No,Yes,Healthy,30.5,52.0,Powdery Mildew
Grapes,Green,White,Small,No,Yes,Rotten,21.2,38.0,Powdery Mildew
Grapes,Black,White,Small,Yes,Yes,Cracked,24.7,62.6,Powdery Mildew
Grapes,Green,White,Small,No,Yes,Healthy,31.5,35.8,Powdery Mildew
Grapes,Green,Black,Small,No,Yes,Healthy,26.7,37.2,Powdery Mildew
Grapes,Green,None,Large,No,Yes,Healthy,25.7,68.8,Powdery Mildew
Grapes,Green,White,Small,No,Yes,Healthy,29.5,93.2,Powdery Mildew
Grapes,Green,White,Medium,No,No,Healthy,29.3,38.8,Powdery Mildew
Grapes,Black,White,Large,No,Yes,Healthy,25.9,48.3,Powdery Mildew
Grapes,White,White,Small,No,Yes,Healthy,27.6,46.2,Powdery Mildew
Grapes,Green,None,Small,No,Yes,Healthy,22.6,49.1,Powdery Mildew
Grapes,Green,White,Small,No,Yes,Healthy,23.9,39.8,Powdery Mildew
Grapes,Green,White,Small,No,Yes,Healthy,25.8,97.2,Powdery Mildew
Grapes,Green,White,Small,No,Yes,Rotten,25.7,51.2,Powdery Mildew
Grapes,Green,White,Small,No,Yes,Healthy,26.6,71.6,Powdery Mildew
Grapes,Green,White,Small,No,Yes,Cracked,22.8,40.3,Powdery Mildew
Grapes,Green,White,Small,No,Yes,Healthy,19.1,41.1,Powdery Mildew
Grapes,Green,White,Small,No,Yes,Healthy,23.7,52.6,Powdery Mildew
Grapes,Green,White,Small,No,Yes,Healthy,28.1,62.1,Powdery Mildew
Grapes,Green,None,Large,No,Yes,Healthy,29.3,53.3,Powdery Mildew
Grapes,Black,White,Small,No,Yes,Healthy,23.3,53.3,Powdery Mildew
Grapes,Green,White,Small,No,Yes,Healthy,20.6,67.8,Powdery Mildew
Grapes,Green,White,Medium,No,Yes,Healthy,30.9,64.6,Powdery Mildew
Grapes,Green,White,Small,No,Yes,Healthy,26.0,42.2,Powdery Mildew
Grapes,Green,White,Small,No,Yes,Healthy,28.0,34.1,Powdery Mildew
Grapes,Green,White,Small,No,Yes,Healthy,28.2,69.0,Powdery Mildew
Grapes,Green,White,Small,No,No,Healthy,19.1,61.0,Powdery Mildew
Grapes,Green,White,Medium,No,Yes,Rotten,23.6,70.6,Powdery Mildew
Grapes,Black,White,Small,No,Yes,Healthy,23.5,74.0,Powdery Mildew
Grapes,Green,White,Small,No,Yes,Healthy,27.6,46.3,Powdery Mildew
Grapes,White,Black,None,No,Yes,Healthy,21.2,72.9,Powdery Mildew
Grapes,White,White,Small,No,Yes,Healthy,22.3,46.7,Powdery Mildew
Grapes,Green,White,Large,No,Yes,Healthy,29.1,62.7,Powdery Mildew
Grapes,Brown,White,None,No,Yes,Healthy,19.0,59.8,Powdery Mildew
Grapes,Green,None,Small,No,Yes,Healthy,25.4,36.4,Powdery Mildew
Grapes,Black,White,Small,No,Yes,Healthy,19.1,68.8,Powdery Mildew
Grapes,Green,White,Small,No,Yes,Healthy,22.5,50.4,Powdery Mildew
Grapes,Green,White,Small,No,Yes,Healthy,31.0,49.6,Powdery Mildew
Grapes,Green,White,None,No,Yes,Healthy,25.1,61.7,Powdery Mildew
Grapes,Green,White,Large,No,Yes,Healthy,18.8,64.7,Powdery Mildew
Grapes,Green,White,Small,No,Yes,Healthy,23.4,48.4,Powdery Mildew
Grapes,Green,White,Small,No,Yes,Healthy,23.5,57.8,Powdery Mildew
Grapes,Green,White,Small,No,Yes,Healthy,21.1,37.4,Powdery Mildew
Grapes,Green,White,None,No,Yes,Healthy,21.1,43.5,Powdery Mildew
Grapes,Green,White,Small,Yes,Yes,Healthy,29.8,52.3,Powdery Mildew
Grapes,Green,White,Small,Yes,Yes,Healthy,28.8,50.0,Powdery Mildew
Grapes,Green,Brown,Small,No,Yes,Healthy,27.0,73.7,Powdery Mildew
Grapes,Green,White,Small,No,Yes,Healthy,22.2,67.1,Powdery Mildew
Grapes,Green,White,Small,No,Yes,Healthy,20.4,36.6,Powdery Mildew
Grapes,Green,White,Small,No,Yes,Healthy,24.2,50.3,Powdery Mildew
Grapes,Green,White,Small,No,Yes,Healthy,25.1,51.8,Powdery Mildew
Grapes,Green,White,Small,No,Yes,Healthy,31.2,41.2,Powdery Mildew
Grapes,Green,White,Small,No,Yes,Healthy,26.7,53.7,Powdery Mildew
Grapes,Yellow,White,Small,No,Yes,Healthy,30.2,68.2,Powdery Mildew
Grapes,Green,White,Small,No,Yes,Healthy,18.6,50.3,Powdery Mildew
Grapes,Green,White,Large,No,Yes,Healthy,22.6,69.3,Powdery Mildew
Grapes,Green,White,Small,No,Yes,Healthy,20.2,60.1,Powdery Mildew
Grapes,Green,White,Small,No,Yes,Healthy,21.9,63.8,Powdery Mildew
Grapes,Green,White,Medium,No,Yes,Rotten,30.8,66.6,Powdery Mildew
Grapes,Green,White,Small,No,Yes,Healthy,23.5,42.6,Powdery Mildew
Grapes,Green,White,Small,No,Yes,Healthy,30.5,59.1,Powdery Mildew
Grapes,Green,White,Small,No,Yes,Healthy,24.3,42.2,Powdery Mildew
Grapes,Black,White,Small,No,Yes,Healthy,25.0,46.7,Powdery Mildew
Grapes,Green,White,Medium,No,Yes,Dry,19.5,67.4,Powdery Mildew
Grapes,Green,White,Small,No,Yes,Healthy,21.7,68.1,Powdery Mildew
Grapes,Green,White,Medium,No,Yes,Healthy,20.3,56.1,Powdery Mildew
Grapes,Green,White,Medium,No,Yes,Healthy,23.8,50.6,Powdery Mildew
Grapes,Green,White,Small,No,No,Healthy,29.6,41.3,Powdery Mildew
Grapes,Green,White,Small,No,Yes,Healthy,27.8,53.9,Powdery Mildew
Grapes,Green,White,Small,No,Yes,Healthy,30.5,44.6,Powdery Mildew
Chilli,Yellow,None,None,Yes,No,Healthy,31.9,40.9,Leaf Curl
Chilli,Yellow,None,None,Yes,No,Healthy,29.1,50.0,Leaf Curl
Chilli,Yellow,None,Large,Yes,No,Healthy,30.0,51.9,Leaf Curl
Chilli,Yellow,None,None,Yes,No,Healthy,23.7,66.7,Leaf Curl
Chilli,Yellow,None,None,Yes,No,Healthy,34.3,69.5,Leaf Curl
Chilli,Yellow,None,None,Yes,No,Healthy,35.5,54.6,Leaf Curl
Chilli,Yellow,Brown,None,Yes,No,Healthy,28.8,61.8,Leaf Curl
Chilli,Green,None,None,Yes,No,Healthy,39.8,50.1,Leaf Curl
Chilli,Green,None,None,Yes,No,Healthy,24.2,40.1,Leaf Curl
Chilli,Brown,None,None,Yes,No,Healthy,30.8,51.9,Leaf Curl
Chilli,Brown,None,None,Yes,No,Healthy,29.1,68.5,Leaf Curl
Chilli,Yellow,None,None,Yes,No,Rotten,29.0,63.5,Leaf Curl
Chilli,Yellow,None,None,Yes,No,Healthy,24.1,63.7,Leaf Curl
Chilli,Yellow,None,None,Yes,No,Healthy,37.6,51.1,Leaf Curl
Chilli,Yellow,None,None,Yes,No,Cracked,33.9,46.7,Leaf Curl
Chilli,Black,None,None,Yes,No,Cracked,34.8,99.8,Leaf Curl
Chilli,Yellow,None,None,Yes,No,Healthy,25.6,69.3,Leaf Curl
Chilli,White,None,None,Yes,No,Healthy,23.4,58.8,Leaf Curl
Chilli,Black,None,Small,Yes,No,Healthy,25.1,55.1,Leaf Curl
Chilli,Yellow,Black,None,Yes,No,Healthy,33.9,53.8,Leaf Curl
Chilli,Yellow,None,None,Yes,No,Healthy,39.3,60.9,Leaf Curl
Chilli,Yellow,None,None,Yes,Yes,Healthy,23.4,68.8,Leaf Curl
Chilli,Yellow,None,None,Yes,No,Healthy,35.6,43.7,Leaf Curl
Chilli,Yellow,None,None,Yes,No,Healthy,25.6,73.4,Leaf Curl
Chilli,Yellow,None,None,Yes,No,Healthy,30.8,22.0,Leaf Curl
Chilli,Yellow,None,None,Yes,Yes,Healthy,26.2,51.3,Leaf Curl
Chilli,Yellow,None,None,Yes,No,Healthy,26.4,64.3,Leaf Curl
Chilli,Yellow,None,None,Yes,No,Healthy,34.9,60.9,Leaf Curl
Chilli,Brown,None,None,Yes,No,Healthy,24.9,62.0,Leaf Curl
Chilli,Yellow,None,None,Yes,No,Healthy,25.5,59.1,Leaf Curl
Chilli,Yellow,None,None,Yes,No,Cracked,37.5,56.7,Leaf Curl
Chilli,Yellow,None,None,Yes,No,Healthy,32.8,65.7,Leaf Curl
Chilli,Yellow,None,None,Yes,No,Healthy,35.7,69.0,Leaf Curl
Chilli,Black,None,None,Yes,No,Healthy,28.2,59.3,Leaf Curl
Chilli,Yellow,None,None,Yes,No,Healthy,31.7,60.9,Leaf Curl
Chilli,Yellow,None,Large,Yes,No,Healthy,33.2,42.2,Leaf Curl
Chilli,Yellow,None,None,Yes,No,Healthy,26.2,50.9,Leaf Curl
Chilli,Yellow,None,None,Yes,No,Healthy,26.5,46.0,Leaf Curl
Chilli,Yellow,None,None,Yes,No,Healthy,36.7,66.7,Leaf Curl
Chilli,Yellow,None,None,No,No,Healthy,26.5,46.3,Leaf Curl
Chilli,Yellow,None,None,No,No,Healthy,38.7,61.5,Leaf Curl
Chilli,Yellow,None,None,Yes,No,Healthy,25.1,36.7,Leaf Curl
Chilli,Yellow,None,None,Yes,No,Healthy,35.6,51.7,Leaf Curl
Chilli,Yellow,None,None,Yes,No,Healthy,28.7,63.4,Leaf Curl
Chilli,Black,None,None,Yes,No,Healthy,28.2,49.9,Leaf Curl
Chilli,Yellow,None,None,Yes,No,Healthy,31.2,47.2,Leaf Curl
Chilli,Yellow,None,None,Yes,No,Healthy,24.0,66.1,Leaf Curl
Chilli,Yellow,None,None,Yes,No,Healthy,37.2,72.6,Leaf Curl
Chilli,Black,None,None,Yes,No,Cracked,33.1,72.6,Leaf Curl
Chilli,Yellow,None,Large,Yes,No,Healthy,24.9,68.3,Leaf Curl
Chilli,Yellow,None,None,Yes,No,Healthy,25.1,61.1,Leaf Curl
Chilli,Yellow,None,None,Yes,No,Healthy,30.5,57.6,Leaf Curl
Chilli,Yellow,None,None,Yes,No,Rotten,38.8,44.0,Leaf Curl
Chilli,Yellow,None,None,Yes,No,Rotten,27.4,44.0,Leaf Curl
Chilli,Yellow,None,None,No,No,Rotten,32.8,65.9,Leaf Curl
Chilli,Black,None,None,Yes,No,Healthy,29.6,69.0,Leaf Curl
Chilli,Green,None,None,Yes,No,Healthy,32.1,72.5,Leaf Curl
Chilli,Yellow,White,None,Yes,No,Healthy,34.4,42.0,Leaf Curl
Chilli,Yellow,None,None,Yes,No,Healthy,25.0,61.0,Leaf Curl
Chilli,Yellow,None,None,Yes,No,Healthy,38.3,58.7,Leaf Curl
Chilli,Yellow,None,None,Yes,No,Healthy,33.3,44.2,Leaf Curl
Chilli,Green,None,None,Yes,No,Healthy,33.1,36.3,Leaf Curl
Chilli,Yellow,None,None,Yes,No,Healthy,38.2,52.1,Leaf Curl
Chilli,Yellow,None,None,No,No,Healthy,38.1,79.2,Leaf Curl
Chilli,Yellow,None,None,Yes,No,Healthy,31.2,62.2,Leaf Curl
Chilli,Yellow,None,None,Yes,No,Healthy,35.7,55.8,Leaf Curl
Chilli,Yellow,Black,Small,Yes,No,Healthy,38.8,51.9,Leaf Curl
Chilli,Yellow,None,None,Yes,No,Cracked,23.7,35.9,Leaf Curl
Chilli,Yellow,None,None,Yes,No,Healthy,34.8,54.0,Leaf Curl
Chilli,Yellow,None,None,Yes,No,Healthy,27.5,62.6,Leaf Curl
Chilli,Green,None,None,Yes,No,Healthy,29.9,46.3,Leaf Curl
Chilli,Yellow,None,None,Yes,No,Healthy,38.4,43.5,Leaf Curl
Chilli,Yellow,None,None,Yes,No,Healthy,34.6,63.5,Leaf Curl
Chilli,Yellow,Black,None,Yes,No,Healthy,38.0,48.2,Leaf Curl
Chilli,Yellow,None,None,Yes,No,Healthy,38.6,63.6,Leaf Curl
Chilli,Yellow,None,None,Yes,No,Healthy,29.2,49.0,Leaf Curl
Chilli,Yellow,None,None,Yes,No,Healthy,33.9,69.4,Leaf Curl
Chilli,Yellow,None,None,Yes,No,Healthy,25.5,43.4,Leaf Curl
Chilli,Yellow,None,Medium,Yes,No,Healthy,39.0,64.6,Leaf Curl
Chilli,Yellow,None,None,Yes,No,Healthy,29.5,62.7,Leaf Curl
Chilli,Yellow,None,None,Yes,No,Healthy,23.2,36.7,Leaf Curl
Chilli,Yellow,None,None,Yes,No,Healthy,26.0,41.4,Leaf Curl
Chilli,Yellow,None,None,Yes,No,Rotten,26.3,60.7,Leaf Curl
Chilli,Yellow,Black,None,Yes,No,Healthy,23.3,73.1,Leaf Curl
Chilli,Black,None,None,Yes,No,Healthy,25.1,55.7,Leaf Curl
Chilli,Yellow,None,None,Yes,No,Healthy,22.3,48.8,Leaf Curl
Chilli,Yellow,None,None,Yes,No,Healthy,39.9,50.2,Leaf Curl
Chilli,Black,Black,None,Yes,No,Healthy,26.3,36.0,Leaf Curl
Chilli,Yellow,None,None,Yes,No,Healthy,25.4,47.9,Leaf Curl
Chilli,Yellow,Brown,None,Yes,No,Healthy,24.6,70.4,Leaf Curl
Chilli,Yellow,None,None,Yes,No,Healthy,23.5,60.9,Leaf Curl
Chilli,Yellow,None,None,Yes,No,Healthy,37.3,42.3,Leaf Curl
Chilli,Yellow,None,None,Yes,No,Healthy,39.0,63.4,Leaf Curl
Chilli,Yellow,None,None,Yes,No,Healthy,39.7,57.7,Leaf Curl
Chilli,Yellow,None,None,Yes,No,Healthy,23.6,67.1,Leaf Curl
Chilli,Yellow,None,None,Yes,No,Healthy,39.4,49.4,Leaf Curl
Chilli,Black,Yellow,None,Yes,No,Healthy,30.6,64.8,Leaf Curl
Chilli,Yellow,None,Small,Yes,No,Healthy,36.8,36.4,Leaf Curl
Chilli,Black,None,Medium,Yes,No,Healthy,23.2,97.9,Leaf Curl
Chilli,Yellow,None,None,No,No,Healthy,16.9,56.7,Leaf Curl
Chilli,Yellow,None,None,Yes,No,Healthy,24.3,71.2,Leaf Curl
Chilli,Yellow,None,None,Yes,No,Healthy,31.3,36.9,Leaf Curl
Chilli,Yellow,None,None,Yes,No,Healthy,34.6,70.0,Leaf Curl
Chilli,Yellow,None,None,Yes,No,Healthy,28.3,68.0,Leaf Curl
Chilli,White,Brown,None,Yes,No,Healthy,34.2,36.6,Leaf Curl
Chilli,Yellow,None,None,Yes,No,Healthy,26.5,57.6,Leaf Curl
Chilli,Yellow,None,None,Yes,No,Healthy,39.2,54.2,Leaf Curl
Chilli,Yellow,None,None,Yes,No,Healthy,25.4,50.2,Leaf Curl
Chilli,Brown,None,None,Yes,No,Dry,26.9,45.5,Leaf Curl
Chilli,Green,None,None,Yes,No,Healthy,33.9,37.8,Leaf Curl
Chilli,Brown,None,None,No,No,Cracked,32.3,67.5,Leaf Curl
Chilli,Yellow,None,None,Yes,No,Rotten,33.8,66.8,Leaf Curl
Chilli,Yellow,None,Large,Yes,No,Healthy,35.4,61.8,Leaf Curl
Chilli,Yellow,None,None,Yes,No,Healthy,23.1,68.5,Leaf Curl
Chilli,Yellow,None,None,Yes,Yes,Dry,29.4,47.0,Leaf Curl
Chilli,Yellow,None,None,Yes,No,Healthy,26.7,69.2,Leaf Curl
Chilli,Yellow,Black,None,Yes,No,Healthy,30.3,58.2,Leaf Curl
Chilli,Yellow,Black,None,Yes,No,Healthy,30.0,39.1,Leaf Curl
Chilli,Yellow,None,None,Yes,No,Healthy,34.3,52.7,Leaf Curl
Chilli,Yellow,None,None,Yes,No,Dry,25.9,48.1,Leaf Curl
Chilli,Yellow,None,None,Yes,No,Healthy,28.1,38.2,Leaf Curl
Chilli,Black,None,None,Yes,No,Healthy,32.4,52.9,Leaf Curl
Chilli,Yellow,None,Large,Yes,No,Healthy,30.2,61.3,Leaf Curl
Chilli,Yellow,None,Medium,No,No,Healthy,39.0,54.2,Leaf Curl
Chilli,White,None,None,Yes,No,Healthy,37.7,70.0,Leaf Curl
Chilli,Yellow,None,Medium,Yes,No,Healthy,38.0,55.6,Leaf Curl
Chilli,Yellow,None,None,Yes,No,Healthy,34.6,41.0,Leaf Curl
Chilli,Yellow,None,None,Yes,No,Healthy,39.4,69.1,Leaf Curl
Chilli,Yellow,None,None,Yes,No,Healthy,23.9,48.7,Leaf Curl
Chilli,Yellow,None,None,Yes,No,Healthy,23.4,64.3,Leaf Curl
Chilli,Yellow,None,Medium,Yes,No,Healthy,23.3,36.0,Leaf Curl
Chilli,Yellow,None,None,Yes,No,Healthy,23.5,52.5,Leaf Curl
Chilli,Yellow,None,None,Yes,No,Healthy,25.0,62.5,Leaf Curl
Chilli,Yellow,Brown,None,Yes,No,Healthy,29.4,64.2,Leaf Curl
Chilli,Yellow,Black,None,Yes,No,Cracked,23.1,61.5,Leaf Curl
Chilli,Yellow,None,None,Yes,No,Healthy,31.8,68.9,Leaf Curl
Chilli,Yellow,None,None,Yes,No,Healthy,38.8,67.1,Leaf Curl
Chilli,Yellow,None,None,No,No,Healthy,30.5,63.9,Leaf Curl
Chilli,Yellow,None,None,Yes,No,Healthy,37.6,54.3,Leaf Curl
Chilli,Yellow,None,None,Yes,No,Healthy,38.2,36.5,Leaf Curl
Chilli,Yellow,Brown,None,Yes,No,Healthy,28.5,49.1,Leaf Curl
Chilli,Yellow,None,None,Yes,No,Healthy,33.1,51.3,Leaf Curl
Chilli,Green,None,None,Yes,Yes,Healthy,25.2,56.8,Leaf Curl
Chilli,Yellow,None,None,Yes,No,Healthy,35.7,61.7,Leaf Curl
Chilli,Yellow,None,None,Yes,No,Healthy,34.8,36.8,Leaf Curl
Chilli,Yellow,None,Medium,Yes,No,Healthy,24.5,53.1,Leaf Curl
Chilli,Yellow,None,None,Yes,No,Healthy,38.2,56.0,Leaf Curl
Chilli,Yellow,None,None,Yes,No,Healthy,26.4,62.4,Leaf Curl
Chilli,Yellow,None,None,Yes,No,Healthy,36.7,66.0,Leaf Curl
Chilli,Yellow,None,None,Yes,No,Healthy,38.8,38.9,Leaf Curl
Chilli,Black,None,Medium,Yes,No,Healthy,30.7,36.0,Leaf Curl
Chilli,Yellow,None,None,Yes,No,Healthy,23.6,58.4,Leaf Curl
Chilli,Yellow,None,None,No,No,Healthy,28.6,60.2,Leaf Curl
Chilli,Yellow,White,None,Yes,No,Rotten,31.8,46.2,Leaf Curl
Chilli,Yellow,None,None,Yes,No,Healthy,23.8,42.0,Leaf Curl
Chilli,Yellow,None,None,Yes,Yes,Healthy,32.2,44.5,Leaf Curl
Chilli,Yellow,Brown,None,Yes,No,Healthy,24.4,43.6,Leaf Curl
Chilli,Yellow,None,Large,Yes,No,Healthy,32.3,47.5,Leaf Curl
Chilli,Yellow,Brown,None,Yes,No,Healthy,36.6,66.6,Leaf Curl
Chilli,Yellow,None,None,Yes,No,Cracked,27.1,48.8,Leaf Curl
Chilli,Brown,None,None,Yes,No,Healthy,29.9,63.1,Leaf Curl
Chilli,Yellow,None,None,Yes,No,Healthy,31.2,54.3,Leaf Curl
Chilli,Yellow,None,Small,Yes,No,Healthy,39.5,71.7,Leaf Curl
Chilli,Black,None,None,Yes,No,Healthy,27.8,46.0,Leaf Curl
Chilli,Yellow,None,None,Yes,No,Healthy,33.5,66.3,Leaf Curl
Chilli,Yellow,None,None,Yes,No,Healthy,26.6,41.8,Leaf Curl
Chilli,Yellow,None,None,Yes,No,Healthy,33.4,67.6,Leaf Curl
Chilli,White,None,None,Yes,No,Healthy,37.0,53.5,Leaf Curl
Chilli,Yellow,None,Large,Yes,No,Healthy,23.6,61.9,Leaf Curl
Chilli,Black,None,None,Yes,No,Dry,28.1,50.2,Leaf Curl
Chilli,Brown,None,None,Yes,No,Healthy,39.8,54.2,Leaf Curl
Chilli,Brown,None,None,Yes,No,Healthy,29.5,40.0,Leaf Curl
Chilli,Yellow,None,None,Yes,No,Cracked,28.0,62.6,Leaf Curl
Chilli,Yellow,None,None,Yes,No,Healthy,37.7,73.5,Leaf Curl
Chilli,Yellow,None,None,Yes,Yes,Healthy,26.1,36.3,Leaf Curl
Chilli,Yellow,None,None,Yes,No,Healthy,23.9,63.0,Leaf Curl
Chilli,Yellow,None,None,Yes,No,Rotten,33.9,43.0,Leaf Curl
Chilli,Yellow,None,Medium,Yes,No,Healthy,37.7,59.4,Leaf Curl
Chilli,Yellow,None,None,Yes,No,Healthy,24.5,43.2,Leaf Curl
Chilli,Yellow,None,None,Yes,No,Healthy,29.8,66.0,Leaf Curl
Chilli,Yellow,None,None,Yes,No,Healthy,32.0,43.2,Leaf Curl
Chilli,Yellow,None,None,Yes,No,Healthy,29.5,54.5,Leaf Curl
Chilli,Yellow,None,None,Yes,No,Healthy,26.7,38.6,Leaf Curl
Chilli,Brown,Brown,None,Yes,No,Healthy,27.5,36.4,Leaf Curl
Chilli,Yellow,None,None,Yes,No,Healthy,30.6,57.8,Leaf Curl
Chilli,Yellow,Black,None,Yes,No,Healthy,34.5,59.0,Leaf Curl
Chilli,Yellow,None,None,Yes,No,Healthy,35.3,59.8,Leaf Curl
Chilli,Yellow,None,None,Yes,No,Healthy,27.7,63.8,Leaf Curl
Chilli,Yellow,White,None,Yes,No,Healthy,24.0,47.9,Leaf Curl
Chilli,Yellow,Yellow,None,Yes,No,Healthy,26.9,51.6,Leaf Curl
Chilli,Yellow,Yellow,None,Yes,Yes,Healthy,16.1,53.8,Leaf Curl
Chilli,Yellow,None,None,Yes,Yes,Healthy,38.8,74.5,Leaf Curl
Chilli,Black,None,Small,Yes,No,Healthy,29.9,51.3,Leaf Curl
Chilli,Yellow,None,None,Yes,No,Healthy,25.1,35.9,Leaf Curl
Chilli,Yellow,None,None,Yes,No,Healthy,29.9,49.8,Leaf Curl
Chilli,Yellow,None,None,Yes,No,Healthy,39.4,60.8,Leaf Curl
Chilli,Yellow,None,Small,Yes,No,Dry,26.0,56.2,Leaf Curl
Chilli,Yellow,None,Small,Yes,No,Healthy,23.5,60.2,Leaf Curl
Chilli,Black,None,None,Yes,No,Healthy,18.7,66.9,Leaf Curl
Chilli,Yellow,Yellow,None,Yes,No,Healthy,30.1,68.5,Leaf Curl
Chilli,Yellow,None,None,Yes,No,Healthy,28.6,72.1,Leaf Curl
Chilli,Yellow,Black,None,Yes,No,Healthy,30.0,67.7,Leaf Curl
Chilli,Yellow,None,None,Yes,No,Healthy,32.1,38.0,Leaf Curl
Chilli,Yellow,None,None,Yes,No,Healthy,33.8,52.2,Leaf Curl
Chilli,Yellow,None,None,Yes,No,Healthy,32.2,64.3,Leaf Curl
Chilli,Yellow,None,None,Yes,No,Healthy,31.7,59.0,Leaf Curl
Chilli,Green,None,None,Yes,No,Dry,39.3,52.3,Leaf Curl
Chilli,Yellow,None,None,Yes,No,Healthy,39.4,53.2,Leaf Curl
Chilli,Brown,None,None,Yes,No,Healthy,35.5,36.2,Leaf Curl
Chilli,Yellow,Black,None,Yes,No,Healthy,30.1,51.2,Leaf Curl
Chilli,Yellow,None,None,Yes,No,Healthy,27.1,35.5,Leaf Curl
Chilli,Yellow,Brown,None,Yes,Yes,Healthy,25.2,36.1,Leaf Curl
Chilli,Yellow,None,None,Yes,No,Healthy,27.2,69.8,Leaf Curl
Chilli,Brown,None,None,Yes,Yes,Healthy,26.2,59.8,Leaf Curl
Chilli,Yellow,Yellow,None,Yes,No,Healthy,38.1,47.3,Leaf Curl
Chilli,Yellow,None,None,Yes,No,Healthy,33.2,74.6,Leaf Curl
Chilli,Yellow,None,Small,Yes,No,Healthy,26.2,87.7,Leaf Curl
Chilli,Yellow,None,None,Yes,No,Healthy,37.5,57.4,Leaf Curl
Chilli,Yellow,None,None,Yes,No,Rotten,34.7,36.2,Leaf Curl
Chilli,Yellow,None,None,Yes,No,Healthy,30.6,72.1,Leaf Curl
Chilli,Yellow,None,None,Yes,No,Healthy,25.3,54.4,Leaf Curl
Chilli,Brown,None,None,Yes,No,Healthy,27.9,58.2,Leaf Curl
Chilli,Yellow,None,None,Yes,No,Healthy,36.5,58.2,Leaf Curl
Chilli,Yellow,None,None,Yes,No,Healthy,25.1,42.6,Leaf Curl
Chilli,Yellow,White,None,Yes,No,Healthy,33.7,71.7,Leaf Curl
Chilli,Yellow,None,None,Yes,No,Rotten,34.8,44.1,Leaf Curl
Chilli,Yellow,None,None,No,No,Dry,23.2,35.7,Leaf Curl
Chilli,Yellow,Yellow,None,Yes,No,Rotten,24.2,64.3,Leaf Curl
Chilli,Yellow,Black,Large,Yes,No,Healthy,24.7,54.6,Leaf Curl
Chilli,Yellow,None,None,Yes,No,Healthy,24.1,53.2,Leaf Curl
Chilli,Yellow,None,None,Yes,No,Healthy,24.1,41.8,Leaf Curl
Chilli,Yellow,None,None,Yes,No,Healthy,35.5,65.4,Leaf Curl
Chilli,Yellow,None,None,Yes,Yes,Healthy,23.4,44.3,Leaf Curl
Chilli,Yellow,Brown,None,Yes,No,Dry,37.1,36.3,Leaf Curl
Chilli,Yellow,None,None,Yes,No,Healthy,25.8,65.6,Leaf Curl
Chilli,Yellow,None,None,Yes,No,Healthy,14.9,68.6,Leaf Curl
Chilli,Yellow,None,None,Yes,No,Rotten,36.7,66.3,Leaf Curl
Chilli,Yellow,White,Small,Yes,No,Dry,23.9,68.4,Leaf Curl
Chilli,Yellow,Yellow,None,No,No,Healthy,32.4,73.5,Leaf Curl
Chilli,Yellow,None,Large,No,No,Healthy,31.5,47.3,Leaf Curl
Chilli,Black,White,Medium,Yes,No,Cracked,24.9,51.3,Leaf Curl
Chilli,White,None,None,Yes,Yes,Healthy,26.5,81.2,Leaf Curl
Chilli,Yellow,None,None,Yes,Yes,Healthy,31.0,44.7,Leaf Curl
Chilli,Yellow,None,None,Yes,No,Healthy,30.8,71.6,Leaf Curl
Chilli,Yellow,None,None,Yes,No,Healthy,24.5,59.9,Leaf Curl
Chilli,Black,None,None,Yes,No,Healthy,34.5,36.2,Leaf Curl
Chilli,Yellow,None,None,Yes,No,Healthy,39.0,63.9,Leaf Curl
Chilli,Brown,None,None,Yes,No,Healthy,24.3,39.1,Leaf Curl
Chilli,Yellow,None,None,Yes,No,Healthy,28.0,50.8,Leaf Curl
Chilli,Yellow,None,None,No,No,Healthy,24.5,63.6,Leaf Curl
Chilli,Yellow,None,None,Yes,Yes,Healthy,31.9,45.8,Leaf Curl
Chilli,Yellow,Black,None,Yes,No,Healthy,33.7,65.0,Leaf Curl
Chilli,Yellow,None,None,Yes,No,Healthy,32.1,64.6,Leaf Curl
Chilli,Yellow,None,None,Yes,No,Healthy,28.2,54.3,Leaf Curl
Chilli,Yellow,Brown,None,Yes,No,Healthy,28.3,45.8,Leaf Curl
Chilli,Yellow,None,None,Yes,No,Dry,36.0,68.3,Leaf Curl
Chilli,Yellow,None,Large,Yes,No,Healthy,27.5,74.0,Leaf Curl
Chilli,Yellow,None,None,Yes,No,Healthy,30.0,42.4,Leaf Curl
Chilli,Yellow,None,None,Yes,Yes,Healthy,30.7,21.8,Leaf Curl
Chilli,Yellow,None,None,Yes,No,Healthy,28.3,53.4,Leaf Curl
Chilli,Yellow,Black,None,Yes,No,Healthy,29.0,46.7,Leaf Curl
Chilli,Yellow,None,None,Yes,No,Healthy,25.1,69.5,Leaf Curl
Chilli,Yellow,None,None,Yes,No,Healthy,36.7,39.3,Leaf Curl
Chilli,Yellow,None,Medium,Yes,No,Healthy,34.2,70.1,Leaf Curl
Chilli,Yellow,None,None,Yes,No,Rotten,34.4,40.8,Leaf Curl
Chilli,Yellow,None,None,No,No,Healthy,37.0,59.0,Leaf Curl
Chilli,Yellow,None,None,Yes,No,Healthy,23.5,66.8,Leaf Curl
Chilli,Yellow,None,None,Yes,No,Healthy,33.5,50.7,Leaf Curl
Chilli,Yellow,None,None,No,No,Healthy,28.4,33.5,Leaf Curl
Chilli,Yellow,None,None,Yes,No,Healthy,32.2,61.6,Leaf Curl
Chilli,Yellow,None,None,Yes,No,Rotten,32.1,56.8,Leaf Curl
Chilli,Black,None,None,Yes,No,Healthy,23.2,38.3,Leaf Curl
Chilli,Yellow,None,None,Yes,No,Healthy,29.4,60.8,Leaf Curl
Chilli,White,None,Small,Yes,No,Healthy,25.2,64.1,Leaf Curl
Chilli,Yellow,None,None,Yes,No,Healthy,36.0,44.8,Leaf Curl
Chilli,Yellow,None,None,Yes,No,Healthy,27.6,31.3,Leaf Curl
Chilli,Yellow,None,None,Yes,No,Healthy,37.3,41.3,Leaf Curl
Chilli,Yellow,None,None,Yes,No,Healthy,23.5,48.0,Leaf Curl
Chilli,White,None,None,Yes,No,Healthy,34.4,37.7,Leaf Curl
Chilli,Yellow,None,None,Yes,No,Healthy,23.8,53.6,Leaf Curl
Chilli,Yellow,None,None,Yes,No,Healthy,32.6,59.5,Leaf Curl
Chilli,Yellow,None,Medium,Yes,No,Cracked,23.8,37.2,Leaf Curl
Chilli,Yellow,None,None,Yes,Yes,Dry,34.1,74.0,Leaf Curl
Chilli,Yellow,Black,Large,Yes,No,Healthy,30.6,62.2,Leaf Curl
Chilli,Yellow,None,None,Yes,No,Healthy,13.3,58.9,Leaf Curl
Chilli,Yellow,None,None,Yes,No,Cracked,33.5,73.8,Leaf Curl
Chilli,Yellow,None,Large,Yes,No,Healthy,38.3,47.5,Leaf Curl
Chilli,Yellow,None,None,Yes,No,Healthy,30.8,74.9,Leaf Curl
Chilli,Yellow,None,None,Yes,No,Rotten,23.7,62.4,Leaf Curl
Chilli,Black,White,None,Yes,No,Cracked,23.8,41.5,Leaf Curl
Chilli,Yellow,None,None,Yes,No,Cracked,29.4,72.8,Leaf Curl
Chilli,Yellow,Yellow,None,Yes,No,Healthy,27.6,73.2,Leaf Curl
Chilli,Yellow,None,None,Yes,No,Healthy,29.0,51.3,Leaf Curl
Chilli,Yellow,None,None,Yes,No,Healthy,36.2,46.7,Leaf Curl
Chilli,Yellow,None,None,Yes,No,Dry,30.3,71.0,Leaf Curl
Chilli,Yellow,Brown,None,No,No,Healthy,34.1,49.1,Leaf Curl
Chilli,Yellow,None,None,Yes,No,Healthy,33.4,68.5,Leaf Curl
Chilli,Yellow,Yellow,None,Yes,No,Rotten,28.0,67.4,Leaf Curl
Chilli,Yellow,Black,None,Yes,No,Healthy,34.6,57.9,Leaf Curl
Chilli,Yellow,None,None,Yes,No,Healthy,30.1,50.7,Leaf Curl
Chilli,Yellow,None,None,Yes,No,Healthy,24.0,46.9,Leaf Curl
Chilli,Yellow,None,None,Yes,No,Healthy,33.9,36.6,Leaf Curl
Chilli,White,None,None,Yes,No,Healthy,38.4,74.3,Leaf Curl
Chilli,Yellow,None,None,Yes,No,Healthy,37.8,39.2,Leaf Curl
Chilli,Yellow,None,Medium,Yes,No,Healthy,34.7,49.1,Leaf Curl
Chilli,Yellow,None,Large,Yes,No,Healthy,29.3,55.6,Leaf Curl
Chilli,Yellow,None,None,Yes,No,Healthy,24.8,66.0,Leaf Curl
Chilli,Green,None,Large,Yes,No,Healthy,38.3,36.8,Leaf Curl
Chilli,Black,Brown,None,Yes,No,Healthy,27.8,51.7,Leaf Curl
Chilli,Yellow,None,None,Yes,No,Healthy,33.8,58.6,Leaf Curl
Chilli,Black,None,None,Yes,No,Healthy,34.5,72.8,Leaf Curl
Chilli,Yellow,None,None,Yes,Yes,Healthy,35.4,66.5,Leaf Curl
Chilli,Brown,None,None,Yes,No,Healthy,31.0,69.7,Leaf Curl
Chilli,Yellow,Brown,None,Yes,No,Healthy,23.1,49.8,Leaf Curl
Chilli,Yellow,None,None,Yes,No,Healthy,30.1,66.5,Leaf Curl
Chilli,Yellow,None,None,Yes,No,Healthy,31.9,41.5,Leaf Curl
Chilli,Yellow,None,None,No,No,Healthy,28.9,49.5,Leaf Curl
Chilli,Green,None,None,Yes,No,Healthy,32.8,46.8,Leaf Curl
Chilli,Green,None,None,Yes,No,Healthy,28.9,48.1,Leaf Curl
Chilli,Yellow,None,None,Yes,No,Cracked,35.1,41.9,Leaf Curl
Chilli,Yellow,None,None,Yes,No,Healthy,37.5,53.8,Leaf Curl
Chilli,Yellow,None,None,Yes,No,Healthy,37.3,86.9,Leaf Curl
Chilli,Yellow,None,None,Yes,No,Healthy,38.5,65.1,Leaf Curl
Chilli,Yellow,None,None,Yes,No,Rotten,25.9,44.9,Leaf Curl
Chilli,Yellow,None,None,Yes,Yes,Healthy,32.3,61.7,Leaf Curl
Chilli,Yellow,None,None,Yes,No,Healthy,25.8,48.1,Leaf Curl
Chilli,White,White,None,Yes,No,Healthy,29.4,37.7,Leaf Curl
Chilli,Yellow,Brown,None,Yes,No,Healthy,32.4,35.5,Leaf Curl
Chilli,Yellow,Brown,None,Yes,No,Healthy,28.7,53.8,Leaf Curl
Chilli,Yellow,None,None,Yes,No,Healthy,34.3,57.8,Leaf Curl
Chilli,Yellow,None,None,Yes,No,Rotten,30.4,58.7,Leaf Curl
Chilli,Yellow,None,Medium,No,No,Healthy,35.2,31.6,Leaf Curl
Chilli,Yellow,None,None,Yes,No,Healthy,39.9,47.2,Leaf Curl
Chilli,Yellow,Black,None,Yes,No,Rotten,31.9,67.6,Leaf Curl
Chilli,Yellow,None,None,Yes,No,Healthy,26.4,72.7,Leaf Curl
Chilli,Yellow,None,None,Yes,No,Healthy,31.9,55.3,Leaf Curl
Chilli,Yellow,None,None,Yes,No,Healthy,32.8,64.5,Leaf Curl
Chilli,Yellow,None,None,Yes,No,Healthy,26.9,58.6,Leaf Curl
Chilli,Yellow,None,None,Yes,No,Cracked,29.7,53.3,Leaf Curl
Chilli,Yellow,White,None,Yes,No,Healthy,37.7,37.1,Leaf Curl
Chilli,Green,None,None,Yes,No,Healthy,34.6,66.8,Leaf Curl
Chilli,Yellow,None,None,Yes,No,Healthy,35.5,42.4,Leaf Curl
Chilli,Yellow,None,None,Yes,No,Healthy,20.0,45.8,Leaf Curl
Chilli,Yellow,None,None,Yes,Yes,Rotten,28.5,45.6,Leaf Curl
Chilli,Yellow,None,None,Yes,No,Healthy,31.1,49.0,Leaf Curl
Chilli,Yellow,None,Small,Yes,No,Healthy,27.2,71.0,Leaf Curl
Chilli,Yellow,None,None,Yes,No,Healthy,36.1,46.2,Leaf Curl
Chilli,Yellow,None,None,Yes,No,Healthy,30.0,72.0,Leaf Curl
Chilli,Yellow,None,None,Yes,No,Healthy,24.9,47.0,Leaf Curl
Chilli,Yellow,None,None,Yes,No,Healthy,31.7,42.4,Leaf Curl
Chilli,Yellow,None,None,Yes,No,Healthy,36.7,65.5,Leaf Curl
Chilli,Yellow,None,None,Yes,No,Healthy,24.0,37.1,Leaf Curl
Chilli,Yellow,None,Medium,Yes,No,Healthy,31.9,53.3,Leaf Curl
Chilli,Yellow,None,None,Yes,No,Healthy,26.9,48.1,Leaf Curl
Chilli,Yellow,White,None,Yes,No,Healthy,26.9,50.6,Leaf Curl
Chilli,Brown,None,None,Yes,No,Dry,35.7,28.4,Leaf Curl
Chilli,Yellow,None,None,Yes,No,Dry,16.4,68.6,Leaf Curl
Chilli,Yellow,None,None,Yes,No,Healthy,36.8,61.4,Leaf Curl
Chilli,Yellow,None,None,Yes,No,Healthy,31.5,44.7,Leaf Curl
Chilli,Yellow,None,None,Yes,No,Cracked,24.7,65.6,Leaf Curl
Chilli,Yellow,None,None,Yes,No,Healthy,39.0,39.8,Leaf Curl
Chilli,Yellow,None,None,Yes,No,Healthy,24.3,63.2,Leaf Curl
Chilli,Black,None,Large,No,No,Healthy,29.9,45.7,Leaf Curl
Chilli,Yellow,None,None,Yes,No,Healthy,24.2,65.4,Leaf Curl
Chilli,Yellow,None,None,Yes,No,Rotten,31.5,55.6,Leaf Curl
Chilli,Yellow,None,Large,Yes,No,Healthy,33.7,38.7,Leaf Curl
Chilli,Yellow,None,None,No,No,Healthy,27.3,52.4,Leaf Curl
Chilli,White,White,Large,Yes,No,Healthy,34.5,50.4,Leaf Curl
Chilli,Yellow,White,Small,Yes,No,Healthy,28.2,44.8,Leaf Curl
Chilli,Yellow,None,None,Yes,No,Healthy,26.9,66.9,Leaf Curl
Chilli,Yellow,None,None,Yes,No,Healthy,23.2,63.4,Leaf Curl
Chilli,Yellow,None,None,Yes,Yes,Healthy,30.1,59.8,Leaf Curl
Chilli,Yellow,None,None,Yes,No,Healthy,24.4,57.9,Leaf Curl
Chilli,Yellow,None,None,Yes,No,Healthy,33.8,51.9,Leaf Curl
Chilli,Yellow,None,None,No,Yes,Healthy,31.9,59.3,Leaf Curl
Chilli,Yellow,None,None,Yes,No,Dry,28.7,36.4,Leaf Curl
Chilli,White,None,None,Yes,No,Healthy,36.9,49.3,Leaf Curl
Chilli,Yellow,None,None,Yes,No,Healthy,26.4,58.2,Leaf Curl
Chilli,Yellow,Black,None,Yes,No,Healthy,28.5,38.4,Leaf Curl
Chilli,Yellow,None,None,Yes,No,Healthy,24.0,56.8,Leaf Curl
Chilli,Yellow,None,None,Yes,No,Healthy,23.1,41.4,Leaf Curl
Chilli,Yellow,None,None,Yes,No,Healthy,35.0,56.4,Leaf Curl
Chilli,Black,None,None,Yes,No,Healthy,27.8,66.1,Leaf Curl
Chilli,Yellow,None,None,Yes,No,Healthy,30.9,68.3,Leaf Curl
Chilli,Yellow,None,None,Yes,No,Healthy,23.4,68.6,Leaf Curl
Chilli,White,None,None,Yes,No,Dry,28.4,56.6,Leaf Curl
Chilli,Yellow,None,None,Yes,No,Healthy,26.3,38.7,Leaf Curl
Chilli,Yellow,None,None,Yes,No,Healthy,35.2,44.3,Leaf Curl
Chilli,Yellow,None,None,Yes,No,Healthy,30.5,44.2,Leaf Curl
Chilli,Yellow,None,None,Yes,No,Healthy,32.7,36.0,Leaf Curl
Chilli,Green,None,None,Yes,No,Healthy,39.1,38.6,Leaf Curl
Chilli,Yellow,White,None,Yes,No,Healthy,40.3,37.2,Leaf Curl
Chilli,Yellow,None,None,Yes,No,Healthy,37.4,49.6,Leaf Curl
Chilli,Yellow,Black,None,Yes,No,Healthy,23.4,44.6,Leaf Curl
Chilli,Yellow,None,None,Yes,No,Healthy,25.1,45.5,Leaf Curl
Chilli,Yellow,None,None,Yes,No,Healthy,35.0,44.2,Leaf Curl
Chilli,Yellow,None,None,Yes,No,Dry,35.0,62.6,Leaf Curl
Chilli,Brown,None,None,Yes,No,Healthy,36.7,38.2,Leaf Curl
Chilli,Yellow,None,None,No,No,Healthy,31.9,47.4,Leaf Curl
Chilli,Yellow,None,None,Yes,No,Healthy,36.9,76.9,Leaf Curl
General,Black,None,None,No,No,Healthy,20.3,96.8,Healthy
General,Green,None,Large,No,No,Healthy,22.1,42.0,Healthy
General,Green,None,Medium,No,No,Healthy,22.8,26.0,Healthy
General,Green,None,None,No,No,Healthy,14.0,62.1,Healthy
General,Green,None,None,No,No,Healthy,14.1,73.2,Healthy
General,Green,Brown,None,No,No,Healthy,25.3,36.8,Healthy
General,Green,None,None,No,No,Healthy,24.4,50.8,Healthy
General,Green,None,None,No,No,Healthy,34.8,81.8,Healthy
General,Green,None,None,No,No,Healthy,35.7,50.4,Healthy
General,Green,None,None,No,No,Healthy,28.5,60.8,Healthy
General,Green,None,None,No,No,Rotten,16.4,74.5,Healthy
General,Green,None,None,No,No,Healthy,27.9,97.3,Healthy
General,Green,None,Large,No,No,Healthy,33.7,25.9,Healthy
General,Green,None,None,No,No,Healthy,25.5,42.2,Healthy
General,Green,None,Medium,No,No,Healthy,26.3,45.2,Healthy
General,Green,None,None,No,No,Healthy,30.2,61.2,Healthy
General,Green,None,None,No,No,Healthy,17.2,91.0,Healthy
General,Green,White,None,No,No,Healthy,17.0,82.0,Healthy
General,Green,None,None,No,No,Healthy,18.1,62.1,Healthy
General,Green,None,None,No,No,Healthy,23.1,88.6,Healthy
General,Green,None,None,No,No,Healthy,31.0,58.4,Healthy
General,Green,White,None,No,No,Healthy,24.8,71.9,Healthy
General,Green,None,None,No,No,Healthy,29.3,49.0,Healthy
General,Green,None,None,No,No,Healthy,37.5,23.0,Healthy
General,White,Brown,None,No,No,Healthy,33.6,84.8,Healthy
General,Green,Yellow,None,No,No,Healthy,32.3,56.5,Healthy
General,Green,Brown,None,No,No,Healthy,22.2,88.4,Healthy
General,Green,None,None,No,No,Healthy,35.9,79.3,Healthy
General,Green,None,Large,No,No,Healthy,34.3,26.4,Healthy
General,Green,None,None,No,No,Healthy,24.5,49.1,Healthy
General,Green,None,None,Yes,No,Healthy,32.9,88.4,Healthy
General,Green,None,None,No,No,Healthy,28.5,85.9,Healthy
General,Green,None,None,No,No,Dry,32.4,88.0,Healthy
General,Green,None,None,Yes,No,Healthy,15.8,68.6,Healthy
General,Green,None,None,No,No,Healthy,28.5,91.2,Healthy
General,Green,None,Medium,No,Yes,Healthy,28.0,36.0,Healthy
General,Green,None,None,No,No,Healthy,23.3,98.0,Healthy
General,Green,None,None,No,No,Rotten,37.3,74.2,Healthy
General,Green,None,None,Yes,No,Healthy,35.9,53.5,Healthy
General,Green,None,None,No,No,Healthy,28.4,72.1,Healthy
General,Green,None,None,No,Yes,Dry,27.7,26.2,Healthy
General,Green,None,None,No,No,Rotten,26.1,36.9,Healthy
General,Green,None,Small,No,Yes,Healthy,37.7,53.5,Healthy
General,Green,None,None,No,No,Healthy,13.5,87.3,Healthy
General,Green,Yellow,None,No,No,Dry,32.0,96.3,Healthy
General,Brown,None,None,No,No,Healthy,37.9,59.6,Healthy
General,Brown,None,Small,No,No,Healthy,30.7,23.5,Healthy
General,Green,None,None,No,No,Rotten,18.1,71.2,Healthy
General,Black,None,None,No,Yes,Healthy,13.9,60.6,Healthy
General,Green,None,None,No,No,Healthy,12.4,98.7,Healthy
General,Green,None,None,No,No,Healthy,25.4,36.6,Healthy
General,Green,None,None,No,No,Healthy,21.6,64.0,Healthy
General,Green,None,None,No,No,Healthy,26.3,67.4,Healthy
General,Green,None,None,No,No,Healthy,18.3,86.9,Healthy
General,Green,None,None,No,No,Healthy,30.8,81.1,Healthy
General,Green,White,None,No,Yes,Healthy,16.3,46.5,Healthy
General,Green,None,None,No,No,Healthy,35.7,25.6,Healthy
General,Green,None,None,No,Yes,Healthy,34.1,61.2,Healthy
General,Green,None,None,No,No,Healthy,15.4,51.3,Healthy
General,Brown,White,None,No,No,Healthy,17.7,75.3,Healthy
General,Green,None,None,No,No,Healthy,32.8,97.8,Healthy
General,Green,None,None,No,No,Healthy,24.7,72.7,Healthy
General,Green,None,None,No,Yes,Healthy,31.8,92.8,Healthy
General,Green,Black,None,Yes,No,Healthy,12.7,60.2,Healthy
General,Green,None,None,No,No,Healthy,21.7,47.2,Healthy
General,Green,None,Small,No,No,Healthy,15.6,58.7,Healthy
General,Green,None,None,No,No,Healthy,35.2,69.1,Healthy
General,Yellow,None,None,No,No,Healthy,20.1,47.2,Healthy
General,Green,None,None,No,No,Healthy,17.9,38.1,Healthy
General,Green,None,Medium,No,No,Healthy,20.0,27.5,Healthy
General,Green,None,None,Yes,No,Healthy,31.1,96.3,Healthy
General,Green,None,None,No,No,Cracked,25.5,56.1,Healthy
General,Green,None,None,No,No,Healthy,32.4,69.2,Healthy
General,Green,Black,None,No,No,Healthy,14.9,29.3,Healthy
General,Green,None,Medium,No,No,Healthy,33.9,85.9,Healthy
General,Green,None,None,No,No,Cracked,15.6,80.6,Healthy
General,Green,None,None,No,No,Healthy,20.0,45.0,Healthy
General,Green,None,None,No,No,Healthy,13.8,29.6,Healthy
General,Green,None,Medium,No,No,Cracked,22.9,61.2,Healthy
General,Green,None,None,No,No,Healthy,31.3,87.4,Healthy
General,White,None,None,No,No,Healthy,30.0,69.9,Healthy
General,Black,None,None,No,Yes,Healthy,18.8,60.7,Healthy
General,Green,None,None,No,No,Healthy,31.7,82.3,Healthy
General,Green,None,None,No,No,Healthy,17.7,85.2,Healthy
General,White,None,None,No,No,Healthy,37.7,71.1,Healthy
General,Green,None,None,No,No,Healthy,32.6,42.6,Healthy
General,Green,None,None,No,No,Healthy,30.7,44.7,Healthy
General,Green,None,None,No,No,Healthy,36.1,29.1,Healthy
General,Yellow,None,Large,No,No,Healthy,15.3,25.1,Healthy
General,Green,None,None,No,No,Healthy,20.3,93.0,Healthy
General,Black,None,None,No,No,Healthy,12.3,35.4,Healthy
General,Green,None,None,No,No,Healthy,30.8,61.1,Healthy
General,Green,None,None,No,No,Healthy,31.1,47.7,Healthy
General,Green,None,None,No,No,Healthy,35.2,51.3,Healthy
General,Green,None,None,No,No,Healthy,22.3,66.3,Healthy
General,Green,None,None,No,No,Cracked,24.8,79.2,Healthy
General,Black,None,None,No,No,Healthy,20.2,68.0,Healthy
General,Yellow,None,None,Yes,No,Healthy,32.7,86.1,Healthy
General,White,None,None,No,No,Healthy,24.1,69.2,Healthy
General,Green,White,None,No,No,Healthy,14.1,81.4,Healthy
General,Green,None,Small,No,No,Healthy,29.0,34.4,Healthy
General,Green,None,None,No,No,Healthy,19.0,83.1,Healthy
General,Green,None,None,No,No,Healthy,12.9,86.9,Healthy
General,Black,None,None,No,No,Healthy,18.4,29.7,Healthy
General,Green,None,None,No,No,Healthy,29.4,26.7,Healthy
General,Green,None,None,No,No,Healthy,13.2,83.1,Healthy
General,Green,Black,None,No,No,Cracked,22.8,85.5,Healthy
General,Green,None,None,No,No,Healthy,12.2,62.9,Healthy
General,Green,None,None,No,No,Healthy,16.6,35.5,Healthy
General,Green,None,None,No,No,Rotten,16.5,56.4,Healthy
General,Green,None,None,No,No,Healthy,26.2,26.5,Healthy
General,Green,Brown,None,No,No,Healthy,18.7,92.3,Healthy
General,Green,None,None,No,No,Healthy,37.9,43.0,Healthy
General,Green,None,Large,No,No,Healthy,27.0,87.4,Healthy
General,Green,None,None,No,No,Rotten,12.7,35.5,Healthy
General,Green,None,None,No,No,Healthy,26.6,39.3,Healthy
General,Green,None,None,No,No,Healthy,33.5,38.8,Healthy
General,Green,None,Small,No,No,Healthy,25.0,53.5,Healthy
General,White,None,None,No,No,Healthy,16.5,92.5,Healthy
General,Green,None,None,No,No,Healthy,25.2,79.6,Healthy
General,Green,None,None,No,No,Healthy,19.0,44.6,Healthy
General,Green,None,None,No,No,Healthy,30.4,35.0,Healthy
General,Green,None,None,No,No,Healthy,27.0,81.6,Healthy
General,Green,None,None,No,No,Healthy,22.8,26.3,Healthy
General,Green,Yellow,None,No,Yes,Healthy,33.1,21.4,Healthy
General,Green,None,None,No,No,Healthy,29.7,60.9,Healthy
General,Green,White,None,No,No,Healthy,18.8,52.2,Healthy
General,Brown,None,None,Yes,Yes,Healthy,37.2,56.7,Healthy
General,White,None,None,No,No,Healthy,22.6,78.8,Healthy
General,Green,None,None,No,No,Healthy,23.7,21.4,Healthy
General,Green,None,Medium,No,No,Healthy,24.9,57.6,Healthy
General,Green,Yellow,None,No,No,Healthy,32.6,86.6,Healthy
General,Green,None,None,No,No,Healthy,20.5,23.4,Healthy
General,Green,None,None,No,Yes,Healthy,14.6,44.3,Healthy
General,Black,None,None,No,No,Healthy,30.1,96.1,Healthy
General,White,Brown,None,No,No,Healthy,30.2,89.0,Healthy
General,Green,None,None,Yes,No,Healthy,37.1,74.8,Healthy
General,Green,None,None,No,No,Healthy,13.1,93.5,Healthy
General,White,None,None,No,No,Healthy,28.8,96.8,Healthy
General,Green,None,None,No,No,Healthy,14.6,37.9,Healthy
General,Green,None,None,No,No,Healthy,33.5,45.9,Healthy
General,Green,None,None,No,No,Healthy,29.4,41.3,Healthy
General,Green,None,None,No,No,Healthy,27.5,87.8,Healthy
General,Green,None,None,No,Yes,Healthy,14.3,54.5,Healthy
General,Green,None,None,No,No,Healthy,29.9,64.5,Healthy
General,Green,None,None,No,No,Healthy,15.1,51.3,Healthy
General,Green,None,None,No,No,Healthy,17.9,89.1,Healthy
General,Green,None,None,No,No,Healthy,18.7,48.8,Healthy
General,Green,None,Large,No,Yes,Healthy,16.2,79.9,Healthy
General,Green,None,Large,No,No,Healthy,21.3,75.5,Healthy
General,Green,None,None,No,No,Healthy,22.2,83.5,Healthy
General,Black,None,None,No,No,Healthy,16.6,59.8,Healthy
General,Green,None,None,No,No,Healthy,37.4,68.2,Healthy
General,Green,None,None,No,No,Healthy,26.0,39.4,Healthy
General,Green,None,None,No,No,Healthy,27.1,75.7,Healthy
General,Yellow,None,None,Yes,No,Healthy,18.6,52.1,Healthy
General,Green,None,None,No,No,Healthy,12.6,81.7,Healthy
General,Black,None,None,No,No,Healthy,21.9,56.2,Healthy
General,White,None,None,No,Yes,Cracked,12.7,75.9,Healthy
General,Green,None,None,No,No,Healthy,14.7,77.7,Healthy
General,Green,None,None,No,No,Cracked,20.3,34.3,Healthy
General,Green,None,None,No,No,Healthy,16.6,65.6,Healthy
General,Green,None,None,No,No,Healthy,35.8,47.9,Healthy
General,Black,None,None,No,No,Healthy,36.5,81.6,Healthy
General,Green,None,None,No,No,Dry,32.6,64.6,Healthy
General,Green,None,Large,No,No,Healthy,32.9,24.2,Healthy
General,Green,White,None,No,No,Rotten,19.4,74.6,Healthy
General,Green,None,None,No,No,Healthy,23.9,50.9,Healthy
General,Green,Brown,Small,Yes,No,Healthy,29.2,85.3,Healthy
General,Green,None,None,No,No,Healthy,29.4,48.8,Healthy
General,Green,None,Large,No,No,Healthy,16.9,43.8,Healthy
General,Green,None,None,No,No,Healthy,18.0,75.8,Healthy
General,Green,None,Small,No,No,Healthy,27.6,22.8,Healthy
General,Yellow,None,Medium,No,Yes,Healthy,12.6,87.3,Healthy
General,Green,None,None,Yes,No,Healthy,13.4,34.9,Healthy
General,Green,Black,None,No,No,Healthy,39.5,23.1,Healthy
General,Green,None,Large,No,No,Healthy,24.8,28.4,Healthy
General,Green,None,None,No,No,Healthy,14.7,71.8,Healthy
General,Green,None,None,No,No,Healthy,37.6,34.7,Healthy
General,Brown,None,None,No,No,Healthy,31.6,67.6,Healthy
General,Green,None,None,No,No,Healthy,31.8,54.3,Healthy
General,Green,None,None,No,No,Healthy,23.4,62.5,Healthy
General,Green,None,None,No,No,Healthy,35.2,48.1,Healthy
General,Green,None,None,No,No,Cracked,36.3,46.4,Healthy
General,Green,Black,Medium,No,No,Healthy,23.1,36.3,Healthy
General,Green,None,None,No,No,Healthy,20.1,59.8,Healthy
General,Green,None,None,No,No,Healthy,21.5,85.9,Healthy
General,Green,None,None,No,No,Cracked,12.1,69.1,Healthy
General,Green,None,None,Yes,No,Healthy,28.1,82.1,Healthy
General,Green,None,None,No,No,Healthy,33.3,35.3,Healthy
General,Green,None,None,No,No,Healthy,12.7,68.9,Healthy
General,Black,None,None,No,Yes,Healthy,19.3,75.6,Healthy
General,Green,None,Medium,No,No,Healthy,18.9,87.5,Healthy
General,Brown,None,None,No,No,Healthy,31.0,63.6,Healthy
General,White,None,None,No,No,Healthy,28.0,79.7,Healthy
General,Green,None,None,No,No,Healthy,14.1,63.9,Healthy
General,Green,None,None,No,No,Healthy,35.2,54.0,Healthy
General,White,None,Medium,No,No,Healthy,29.5,79.6,Healthy
General,Brown,None,None,No,No,Healthy,24.8,81.6,Healthy
General,Green,None,Medium,No,No,Healthy,29.6,91.6,Healthy
General,Green,None,None,No,No,Healthy,21.9,46.3,Healthy
General,Green,None,Large,No,No,Healthy,37.5,97.6,Healthy
General,Green,None,None,No,No,Dry,14.9,80.3,Healthy
General,Green,None,None,No,Yes,Healthy,27.3,49.4,Healthy
General,White,None,Small,No,No,Healthy,29.1,85.0,Healthy
General,Brown,None,None,No,No,Healthy,30.5,48.6,Healthy
General,Green,None,None,No,No,Healthy,32.3,37.0,Healthy
General,Green,None,None,No,No,Healthy,34.5,75.2,Healthy
General,Green,None,None,No,No,Healthy,26.6,27.9,Healthy
General,Green,None,None,No,No,Healthy,29.4,33.5,Healthy
General,Green,None,None,No,No,Healthy,15.8,60.3,Healthy
General,Yellow,None,None,No,No,Healthy,13.8,73.7,Healthy
General,White,None,Medium,No,No,Healthy,18.2,45.8,Healthy
General,Green,None,None,No,No,Healthy,19.6,32.0,Healthy
General,Green,Brown,None,No,No,Healthy,14.0,28.6,Healthy
General,Green,None,None,No,No,Healthy,18.7,47.3,Healthy
General,Green,None,None,No,No,Healthy,18.4,48.1,Healthy
General,Green,None,None,No,No,Healthy,36.1,58.9,Healthy
General,Green,White,None,No,No,Healthy,13.1,31.7,Healthy
General,Green,Black,None,No,No,Healthy,17.5,32.9,Healthy
General,White,None,None,No,No,Healthy,36.0,50.4,Healthy
General,Green,Yellow,None,No,No,Healthy,19.4,94.4,Healthy
General,Green,Brown,None,No,No,Healthy,33.9,72.4,Healthy
General,Green,None,None,No,No,Healthy,18.7,21.1,Healthy
General,Green,Yellow,None,No,No,Healthy,25.4,83.3,Healthy
General,Green,Black,None,No,No,Healthy,12.4,39.1,Healthy
General,Green,None,None,No,Yes,Healthy,23.4,68.5,Healthy
General,Green,None,None,No,No,Rotten,38.0,40.6,Healthy
General,Green,White,None,No,Yes,Healthy,19.2,28.6,Healthy
General,Green,None,Large,No,No,Healthy,33.4,24.8,Healthy
General,Black,None,None,No,No,Healthy,14.5,21.1,Healthy
General,Green,Black,None,No,No,Healthy,22.8,38.7,Healthy
General,Green,Yellow,None,No,No,Healthy,30.4,66.1,Healthy
General,Green,None,None,No,No,Dry,30.5,39.3,Healthy
General,Green,None,None,No,No,Healthy,16.9,45.1,Healthy
General,Green,None,None,No,No,Healthy,36.1,65.1,Healthy
General,Green,None,None,No,No,Healthy,31.3,80.5,Healthy
General,Green,None,None,No,No,Healthy,31.9,34.3,Healthy
General,Green,None,None,No,No,Healthy,26.0,66.9,Healthy
General,Green,None,None,No,No,Rotten,19.3,71.8,Healthy
General,Green,None,None,No,No,Healthy,14.2,93.9,Healthy
General,Green,None,None,No,No,Healthy,25.9,25.1,Healthy
General,Green,None,Medium,No,No,Healthy,22.1,47.5,Healthy
General,Black,None,None,No,No,Healthy,36.2,58.0,Healthy
General,Green,None,None,No,No,Cracked,13.9,51.3,Healthy
General,Green,Brown,None,No,No,Healthy,37.3,46.8,Healthy
General,Green,Black,None,No,No,Healthy,12.6,23.9,Healthy
General,Green,None,None,No,No,Healthy,32.8,47.3,Healthy
General,Brown,None,Large,No,Yes,Healthy,22.3,95.3,Healthy
General,Green,None,None,No,No,Healthy,34.5,79.1,Healthy
General,Green,None,None,No,No,Healthy,21.2,79.6,Healthy
General,Green,None,None,No,Yes,Healthy,37.7,49.6,Healthy
General,Green,None,None,No,No,Healthy,28.8,43.6,Healthy
General,Green,None,None,Yes,No,Healthy,18.1,90.0,Healthy
General,Black,None,None,No,No,Healthy,12.1,48.1,Healthy
General,Green,None,None,No,No,Healthy,25.8,60.9,Healthy
General,Green,None,None,No,No,Healthy,28.5,56.0,Healthy
General,Green,None,None,No,No,Healthy,31.0,87.2,Healthy
General,Black,White,Medium,No,No,Healthy,20.5,83.9,Healthy
General,Green,Yellow,None,No,No,Rotten,25.8,63.4,Healthy
General,Green,None,None,No,No,Healthy,29.7,87.8,Healthy
General,Green,None,None,No,No,Healthy,23.4,29.2,Healthy
General,Green,None,None,No,No,Healthy,13.9,80.8,Healthy
General,Green,Yellow,Small,No,No,Healthy,29.8,22.6,Healthy
General,Black,None,None,No,No,Healthy,13.8,25.5,Healthy
General,Green,None,Large,No,No,Healthy,40.7,67.1,Healthy
General,Green,None,None,No,No,Healthy,24.9,56.8,Healthy
General,Green,White,None,No,No,Healthy,11.4,53.3,Healthy
General,Green,None,None,No,No,Rotten,13.6,37.8,Healthy
General,Green,Brown,None,No,No,Healthy,33.1,24.2,Healthy
General,Green,None,None,No,No,Healthy,17.7,97.3,Healthy
General,Green,White,None,No,No,Dry,26.7,82.6,Healthy
General,Yellow,Yellow,None,No,No,Healthy,28.0,27.2,Healthy
General,Green,None,None,No,No,Healthy,32.1,92.1,Healthy
General,Green,None,None,No,No,Healthy,34.6,33.2,Healthy
General,Yellow,Black,None,No,No,Dry,31.2,91.3,Healthy
General,Green,None,None,No,No,Healthy,12.1,89.7,Healthy
General,Yellow,None,None,No,No,Healthy,28.4,43.4,Healthy
General,Green,White,None,No,No,Healthy,28.6,22.1,Healthy
General,Green,Black,None,No,No,Cracked,24.7,21.8,Healthy
General,Green,None,Large,Yes,No,Healthy,22.2,56.0,Healthy
General,Green,None,Medium,No,Yes,Healthy,35.6,70.7,Healthy
General,Green,Brown,None,Yes,No,Healthy,34.1,78.2,Healthy
General,Green,White,None,No,No,Healthy,16.4,60.2,Healthy
General,Green,None,None,No,No,Healthy,24.2,50.5,Healthy
General,Green,None,None,No,No,Healthy,19.5,54.4,Healthy
General,Brown,None,Small,No,No,Healthy,19.8,51.0,Healthy
General,Green,None,Large,No,No,Healthy,32.5,47.0,Healthy
General,Green,None,None,No,No,Healthy,19.9,83.0,Healthy
General,Green,None,None,No,No,Healthy,28.6,26.7,Healthy
General,Green,None,None,No,No,Healthy,31.5,62.2,Healthy
General,Green,White,Medium,No,No,Healthy,24.0,82.1,Healthy
General,Green,None,None,No,No,Healthy,32.9,26.0,Healthy
General,Green,None,None,No,No,Healthy,23.9,38.6,Healthy
General,Green,None,None,No,No,Healthy,33.7,62.0,Healthy
General,White,White,Medium,No,No,Cracked,20.0,27.2,Healthy
General,Brown,None,Medium,No,No,Healthy,30.8,50.1,Healthy
General,Green,None,None,No,No,Healthy,34.7,25.9,Healthy
General,Green,None,None,No,Yes,Healthy,25.8,72.2,Healthy
General,Green,Yellow,None,Yes,No,Healthy,16.2,44.8,Healthy
General,Green,None,None,No,No,Healthy,12.7,71.8,Healthy
General,Green,None,None,No,No,Healthy,24.3,62.1,Healthy
General,Green,None,None,No,No,Healthy,36.3,97.2,Healthy
General,White,None,None,No,No,Healthy,29.5,90.8,Healthy
General,Green,None,None,No,No,Healthy,23.8,85.1,Healthy
General,Green,None,None,No,No,Healthy,15.2,99.0,Healthy
General,Green,None,None,No,No,Healthy,35.2,85.9,Healthy
General,Yellow,None,None,No,No,Dry,13.8,93.7,Healthy
General,Green,None,None,No,No,Healthy,32.4,42.7,Healthy
General,Green,None,None,No,No,Healthy,17.2,81.7,Healthy
General,Green,None,None,No,No,Healthy,29.2,75.9,Healthy
General,Green,White,None,No,No,Dry,13.2,67.0,Healthy
General,Green,None,None,No,No,Healthy,37.1,78.6,Healthy
General,Green,Brown,None,No,No,Healthy,14.2,45.9,Healthy
General,Green,None,None,No,No,Healthy,17.9,72.2,Healthy
General,Green,White,None,No,No,Healthy,27.5,27.9,Healthy
General,Green,Brown,None,No,No,Healthy,28.8,43.7,Healthy
General,Green,None,None,No,No,Healthy,29.6,91.0,Healthy
General,Green,None,None,No,No,Healthy,21.0,28.8,Healthy
General,Green,None,Large,No,No,Healthy,17.1,46.9,Healthy
General,Green,None,None,No,No,Healthy,23.9,50.9,Healthy
General,Yellow,None,None,No,No,Healthy,13.2,61.0,Healthy
General,Green,None,None,No,No,Healthy,30.4,80.2,Healthy
General,Green,White,None,No,No,Healthy,12.2,24.9,Healthy
General,Green,None,None,No,No,Healthy,27.4,76.5,Healthy
General,Green,None,None,No,No,Healthy,14.8,68.6,Healthy
General,Green,None,None,No,No,Healthy,23.9,61.6,Healthy
General,Green,None,None,No,No,Healthy,32.3,47.0,Healthy
General,Green,None,None,No,No,Healthy,31.5,59.0,Healthy
General,Green,None,None,No,Yes,Healthy,30.5,82.9,Healthy
General,Green,None,None,No,No,Healthy,13.6,88.2,Healthy
General,Green,None,None,No,Yes,Healthy,16.4,28.5,Healthy
General,Green,None,None,No,Yes,Healthy,32.4,22.8,Healthy
General,Green,None,None,No,No,Healthy,19.8,79.1,Healthy
General,Brown,None,Large,No,No,Healthy,28.0,64.5,Healthy
General,Green,None,None,No,No,Healthy,13.5,81.0,Healthy
General,Green,None,None,No,No,Healthy,28.1,92.7,Healthy
General,Yellow,None,None,No,No,Healthy,20.8,39.6,Healthy
General,Green,Black,None,No,No,Healthy,15.5,78.0,Healthy
General,Green,None,Large,No,No,Healthy,17.6,59.9,Healthy
General,Green,None,None,No,No,Healthy,34.4,90.9,Healthy
General,Green,None,None,No,No,Healthy,35.8,23.7,Healthy
General,Green,None,None,Yes,No,Dry,35.9,84.6,Healthy
General,Green,None,None,No,No,Healthy,24.3,82.7,Healthy
General,Green,None,None,No,No,Dry,30.9,69.3,Healthy
General,Green,Brown,None,No,No,Healthy,22.8,71.5,Healthy
General,Green,None,None,No,No,Healthy,12.5,88.1,Healthy
General,Green,None,None,No,Yes,Healthy,25.5,54.2,Healthy
General,Green,None,None,No,Yes,Healthy,17.9,24.9,Healthy
General,Green,None,None,No,Yes,Healthy,38.0,38.4,Healthy
General,Green,None,None,No,No,Healthy,37.8,63.1,Healthy
General,Green,None,None,No,No,Healthy,25.6,54.1,Healthy
General,Green,None,None,No,No,Healthy,34.3,47.2,Healthy
General,Green,Yellow,Medium,No,No,Healthy,29.3,60.9,Healthy
General,Green,Black,None,No,No,Healthy,12.8,23.8,Healthy
General,Green,None,None,No,No,Cracked,18.5,90.0,Healthy
General,Green,White,None,No,No,Healthy,15.2,61.0,Healthy
General,Green,None,None,No,No,Rotten,31.1,94.9,Healthy
General,Green,None,Large,No,No,Healthy,14.1,47.6,Healthy
General,Green,None,None,No,No,Healthy,13.6,88.6,Healthy
General,Green,None,Large,No,No,Healthy,22.3,34.4,Healthy
General,Green,None,Large,No,No,Healthy,36.0,37.7,Healthy
General,Green,None,None,No,No,Healthy,37.2,87.6,Healthy
General,Green,None,None,No,No,Healthy,12.0,34.4,Healthy
General,Green,None,None,No,No,Healthy,36.7,21.0,Healthy
General,Green,None,None,No,No,Healthy,35.4,47.6,Healthy
General,Green,None,None,No,No,Healthy,27.6,60.9,Healthy
General,Green,White,None,No,No,Healthy,31.9,60.1,Healthy
General,Green,None,None,No,No,Healthy,30.0,31.5,Healthy
General,Green,None,None,No,No,Healthy,12.4,56.9,Healthy
General,Green,None,None,No,Yes,Healthy,33.8,45.6,Healthy
General,Green,None,None,No,No,Healthy,33.0,98.4,Healthy
General,Green,None,None,No,No,Healthy,18.6,62.0,Healthy
General,Green,None,None,No,No,Healthy,22.1,58.3,Healthy
General,Green,None,None,No,No,Healthy,30.8,62.1,Healthy
General,Green,White,None,No,No,Healthy,15.2,55.9,Healthy
General,Green,None,None,No,No,Healthy,33.0,70.5,Healthy
General,Black,None,None,No,No,Healthy,27.7,23.0,Healthy
General,Green,Brown,None,No,No,Healthy,33.8,69.1,Healthy
General,Green,None,None,No,No,Healthy,13.5,52.5,Healthy
General,Green,None,None,No,No,Healthy,24.5,62.6,Healthy
General,Green,None,None,No,No,Healthy,21.4,75.0,Healthy
General,Green,None,None,No,No,Healthy,37.6,75.0,Healthy
General,Green,None,None,No,No,Healthy,22.2,39.1,Healthy
General,Green,None,None,Yes,No,Healthy,24.4,32.5,Healthy
General,Green,None,None,No,No,Healthy,30.5,48.7,Healthy
General,Green,None,None,No,No,Healthy,30.2,33.6,Healthy
General,Green,None,None,No,No,Healthy,31.6,79.3,Healthy
General,Green,Yellow,None,No,No,Healthy,19.6,65.1,Healthy
General,Green,None,None,No,No,Healthy,23.2,88.9,Healthy
General,Green,Yellow,None,Yes,No,Healthy,37.1,49.3,Healthy
General,Green,None,None,No,No,Healthy,26.0,24.0,Healthy
General,Green,None,None,No,No,Healthy,35.2,26.5,Healthy
General,Yellow,Brown,Medium,No,No,Healthy,14.1,48.1,Healthy
General,Green,None,None,No,No,Healthy,16.8,35.2,Healthy
General,Green,None,None,No,No,Healthy,26.9,72.2,Healthy
General,Green,None,None,No,No,Healthy,33.6,24.2,Healthy
General,Brown,None,None,No,No,Healthy,35.5,71.8,Healthy
General,Yellow,None,None,No,Yes,Healthy,37.5,74.6,Healthy
General,Green,None,None,No,No,Healthy,30.5,94.3,Healthy
